
****** Vivado v2024.1 (64-bit)
  **** SW Build 5076996 on Wed May 22 18:36:09 MDT 2024
  **** IP Build 5075265 on Wed May 22 21:45:21 MDT 2024
  **** SharedData Build 5076995 on Wed May 22 18:29:18 MDT 2024
  **** Start of session at: Wed Sep  2 03:13:32 2026
    ** Copyright 1986-2022 Xilinx, Inc. All Rights Reserved.
    ** Copyright 2022-2024 Advanced Micro Devices, Inc. All Rights Reserved.

source Analyze_Build.tcl
# read_vhdl [glob ./SampleNeuralNet_prj/solution1/syn/vhdl/*.vhd]
read_vhdl: Time (s): cpu = 00:00:16 ; elapsed = 00:00:20 . Memory (MB): peak = 1683.555 ; gain = 281.945 ; free physical = 84734 ; free virtual = 124452
# synth_design \
#     -top SampleNeuralNet \
#     -part xc7z010clg400-1 \
#     -mode out_of_context
Command: synth_design -top SampleNeuralNet -part xc7z010clg400-1 -mode out_of_context
Starting synth_design
Attempting to get a license for feature 'Synthesis' and/or device 'xc7z010'
INFO: [Common 17-349] Got license for feature 'Synthesis' and/or device 'xc7z010'
INFO: [Synth 8-7079] Multithreading enabled for synth_design using a maximum of 4 processes.
INFO: [Synth 8-7078] Launching helper process for spawning children vivado processes
INFO: [Synth 8-7075] Helper process launched with PID 1297407
---------------------------------------------------------------------------------
Starting Synthesize : Time (s): cpu = 00:00:03 ; elapsed = 00:00:03 . Memory (MB): peak = 2116.965 ; gain = 427.453 ; free physical = 83973 ; free virtual = 123691
---------------------------------------------------------------------------------
INFO: [Synth 8-638] synthesizing module 'SampleNeuralNet' [/home/eim32828/Desktop/Vitis_HLS_Gens/SampleNeuralNets_30_8/Basic/SampleNeuralNet_prj/solution1/syn/vhdl/SampleNeuralNet.vhd:40]
INFO: [Synth 8-3491] module 'SampleNeuralNet_dense_latency_ap_fixed_16_6_5_3_0_ap_fixed_36_16_5_3_0_config2_s' declared at '/home/eim32828/Desktop/Vitis_HLS_Gens/SampleNeuralNets_30_8/Basic/SampleNeuralNet_prj/solution1/syn/vhdl/SampleNeuralNet_dense_latency_ap_fixed_16_6_5_3_0_ap_fixed_36_16_5_3_0_config2_s.vhd:11' bound to instance 'grp_dense_latency_ap_fixed_16_6_5_3_0_ap_fixed_36_16_5_3_0_config2_s_fu_114' of component 'SampleNeuralNet_dense_latency_ap_fixed_16_6_5_3_0_ap_fixed_36_16_5_3_0_config2_s' [/home/eim32828/Desktop/Vitis_HLS_Gens/SampleNeuralNets_30_8/Basic/SampleNeuralNet_prj/solution1/syn/vhdl/SampleNeuralNet.vhd:364]
INFO: [Synth 8-638] synthesizing module 'SampleNeuralNet_dense_latency_ap_fixed_16_6_5_3_0_ap_fixed_36_16_5_3_0_config2_s' [/home/eim32828/Desktop/Vitis_HLS_Gens/SampleNeuralNets_30_8/Basic/SampleNeuralNet_prj/solution1/syn/vhdl/SampleNeuralNet_dense_latency_ap_fixed_16_6_5_3_0_ap_fixed_36_16_5_3_0_config2_s.vhd:28]
	Parameter ID bound to: 1 - type: integer 
	Parameter NUM_STAGE bound to: 4 - type: integer 
	Parameter din0_WIDTH bound to: 16 - type: integer 
	Parameter din1_WIDTH bound to: 15 - type: integer 
	Parameter dout_WIDTH bound to: 31 - type: integer 
INFO: [Synth 8-3491] module 'SampleNeuralNet_mul_16s_15ns_31_4_0' declared at '/home/eim32828/Desktop/Vitis_HLS_Gens/SampleNeuralNets_30_8/Basic/SampleNeuralNet_prj/solution1/syn/vhdl/SampleNeuralNet_mul_16s_15ns_31_4_0.vhd:7' bound to instance 'mul_16s_15ns_31_4_0_U1' of component 'SampleNeuralNet_mul_16s_15ns_31_4_0' [/home/eim32828/Desktop/Vitis_HLS_Gens/SampleNeuralNets_30_8/Basic/SampleNeuralNet_prj/solution1/syn/vhdl/SampleNeuralNet_dense_latency_ap_fixed_16_6_5_3_0_ap_fixed_36_16_5_3_0_config2_s.vhd:479]
INFO: [Synth 8-638] synthesizing module 'SampleNeuralNet_mul_16s_15ns_31_4_0' [/home/eim32828/Desktop/Vitis_HLS_Gens/SampleNeuralNets_30_8/Basic/SampleNeuralNet_prj/solution1/syn/vhdl/SampleNeuralNet_mul_16s_15ns_31_4_0.vhd:27]
	Parameter ID bound to: 1 - type: integer 
	Parameter NUM_STAGE bound to: 4 - type: integer 
	Parameter din0_WIDTH bound to: 16 - type: integer 
	Parameter din1_WIDTH bound to: 15 - type: integer 
	Parameter dout_WIDTH bound to: 31 - type: integer 
INFO: [Synth 8-256] done synthesizing module 'SampleNeuralNet_mul_16s_15ns_31_4_0' (0#1) [/home/eim32828/Desktop/Vitis_HLS_Gens/SampleNeuralNets_30_8/Basic/SampleNeuralNet_prj/solution1/syn/vhdl/SampleNeuralNet_mul_16s_15ns_31_4_0.vhd:27]
	Parameter ID bound to: 1 - type: integer 
	Parameter NUM_STAGE bound to: 4 - type: integer 
	Parameter din0_WIDTH bound to: 16 - type: integer 
	Parameter din1_WIDTH bound to: 15 - type: integer 
	Parameter dout_WIDTH bound to: 31 - type: integer 
INFO: [Synth 8-3491] module 'SampleNeuralNet_mul_16s_15s_31_4_0' declared at '/home/eim32828/Desktop/Vitis_HLS_Gens/SampleNeuralNets_30_8/Basic/SampleNeuralNet_prj/solution1/syn/vhdl/SampleNeuralNet_mul_16s_15s_31_4_0.vhd:7' bound to instance 'mul_16s_15s_31_4_0_U2' of component 'SampleNeuralNet_mul_16s_15s_31_4_0' [/home/eim32828/Desktop/Vitis_HLS_Gens/SampleNeuralNets_30_8/Basic/SampleNeuralNet_prj/solution1/syn/vhdl/SampleNeuralNet_dense_latency_ap_fixed_16_6_5_3_0_ap_fixed_36_16_5_3_0_config2_s.vhd:494]
INFO: [Synth 8-638] synthesizing module 'SampleNeuralNet_mul_16s_15s_31_4_0' [/home/eim32828/Desktop/Vitis_HLS_Gens/SampleNeuralNets_30_8/Basic/SampleNeuralNet_prj/solution1/syn/vhdl/SampleNeuralNet_mul_16s_15s_31_4_0.vhd:27]
	Parameter ID bound to: 1 - type: integer 
	Parameter NUM_STAGE bound to: 4 - type: integer 
	Parameter din0_WIDTH bound to: 16 - type: integer 
	Parameter din1_WIDTH bound to: 15 - type: integer 
	Parameter dout_WIDTH bound to: 31 - type: integer 
INFO: [Synth 8-256] done synthesizing module 'SampleNeuralNet_mul_16s_15s_31_4_0' (0#1) [/home/eim32828/Desktop/Vitis_HLS_Gens/SampleNeuralNets_30_8/Basic/SampleNeuralNet_prj/solution1/syn/vhdl/SampleNeuralNet_mul_16s_15s_31_4_0.vhd:27]
	Parameter ID bound to: 1 - type: integer 
	Parameter NUM_STAGE bound to: 4 - type: integer 
	Parameter din0_WIDTH bound to: 16 - type: integer 
	Parameter din1_WIDTH bound to: 15 - type: integer 
	Parameter dout_WIDTH bound to: 30 - type: integer 
INFO: [Synth 8-3491] module 'SampleNeuralNet_mul_16s_15s_30_4_0' declared at '/home/eim32828/Desktop/Vitis_HLS_Gens/SampleNeuralNets_30_8/Basic/SampleNeuralNet_prj/solution1/syn/vhdl/SampleNeuralNet_mul_16s_15s_30_4_0.vhd:7' bound to instance 'mul_16s_15s_30_4_0_U3' of component 'SampleNeuralNet_mul_16s_15s_30_4_0' [/home/eim32828/Desktop/Vitis_HLS_Gens/SampleNeuralNets_30_8/Basic/SampleNeuralNet_prj/solution1/syn/vhdl/SampleNeuralNet_dense_latency_ap_fixed_16_6_5_3_0_ap_fixed_36_16_5_3_0_config2_s.vhd:509]
INFO: [Synth 8-638] synthesizing module 'SampleNeuralNet_mul_16s_15s_30_4_0' [/home/eim32828/Desktop/Vitis_HLS_Gens/SampleNeuralNets_30_8/Basic/SampleNeuralNet_prj/solution1/syn/vhdl/SampleNeuralNet_mul_16s_15s_30_4_0.vhd:27]
	Parameter ID bound to: 1 - type: integer 
	Parameter NUM_STAGE bound to: 4 - type: integer 
	Parameter din0_WIDTH bound to: 16 - type: integer 
	Parameter din1_WIDTH bound to: 15 - type: integer 
	Parameter dout_WIDTH bound to: 30 - type: integer 
INFO: [Synth 8-256] done synthesizing module 'SampleNeuralNet_mul_16s_15s_30_4_0' (0#1) [/home/eim32828/Desktop/Vitis_HLS_Gens/SampleNeuralNets_30_8/Basic/SampleNeuralNet_prj/solution1/syn/vhdl/SampleNeuralNet_mul_16s_15s_30_4_0.vhd:27]
	Parameter ID bound to: 1 - type: integer 
	Parameter NUM_STAGE bound to: 4 - type: integer 
	Parameter din0_WIDTH bound to: 16 - type: integer 
	Parameter din1_WIDTH bound to: 15 - type: integer 
	Parameter dout_WIDTH bound to: 31 - type: integer 
INFO: [Synth 8-3491] module 'SampleNeuralNet_mul_16s_15s_31_4_0' declared at '/home/eim32828/Desktop/Vitis_HLS_Gens/SampleNeuralNets_30_8/Basic/SampleNeuralNet_prj/solution1/syn/vhdl/SampleNeuralNet_mul_16s_15s_31_4_0.vhd:7' bound to instance 'mul_16s_15s_31_4_0_U4' of component 'SampleNeuralNet_mul_16s_15s_31_4_0' [/home/eim32828/Desktop/Vitis_HLS_Gens/SampleNeuralNets_30_8/Basic/SampleNeuralNet_prj/solution1/syn/vhdl/SampleNeuralNet_dense_latency_ap_fixed_16_6_5_3_0_ap_fixed_36_16_5_3_0_config2_s.vhd:524]
INFO: [Synth 8-256] done synthesizing module 'SampleNeuralNet_dense_latency_ap_fixed_16_6_5_3_0_ap_fixed_36_16_5_3_0_config2_s' (0#1) [/home/eim32828/Desktop/Vitis_HLS_Gens/SampleNeuralNets_30_8/Basic/SampleNeuralNet_prj/solution1/syn/vhdl/SampleNeuralNet_dense_latency_ap_fixed_16_6_5_3_0_ap_fixed_36_16_5_3_0_config2_s.vhd:28]
INFO: [Synth 8-3491] module 'SampleNeuralNet_thresholded_relu_ap_fixed_ap_fixed_ap_fixed_thresholdedrelu_config3_s' declared at '/home/eim32828/Desktop/Vitis_HLS_Gens/SampleNeuralNets_30_8/Basic/SampleNeuralNet_prj/solution1/syn/vhdl/SampleNeuralNet_thresholded_relu_ap_fixed_ap_fixed_ap_fixed_thresholdedrelu_config3_s.vhd:11' bound to instance 'grp_thresholded_relu_ap_fixed_ap_fixed_ap_fixed_thresholdedrelu_config3_s_fu_120' of component 'SampleNeuralNet_thresholded_relu_ap_fixed_ap_fixed_ap_fixed_thresholdedrelu_config3_s' [/home/eim32828/Desktop/Vitis_HLS_Gens/SampleNeuralNets_30_8/Basic/SampleNeuralNet_prj/solution1/syn/vhdl/SampleNeuralNet.vhd:379]
INFO: [Synth 8-638] synthesizing module 'SampleNeuralNet_thresholded_relu_ap_fixed_ap_fixed_ap_fixed_thresholdedrelu_config3_s' [/home/eim32828/Desktop/Vitis_HLS_Gens/SampleNeuralNets_30_8/Basic/SampleNeuralNet_prj/solution1/syn/vhdl/SampleNeuralNet_thresholded_relu_ap_fixed_ap_fixed_ap_fixed_thresholdedrelu_config3_s.vhd:39]
INFO: [Synth 8-256] done synthesizing module 'SampleNeuralNet_thresholded_relu_ap_fixed_ap_fixed_ap_fixed_thresholdedrelu_config3_s' (0#1) [/home/eim32828/Desktop/Vitis_HLS_Gens/SampleNeuralNets_30_8/Basic/SampleNeuralNet_prj/solution1/syn/vhdl/SampleNeuralNet_thresholded_relu_ap_fixed_ap_fixed_ap_fixed_thresholdedrelu_config3_s.vhd:39]
INFO: [Synth 8-3491] module 'SampleNeuralNet_dense_latency_ap_fixed_16_6_5_3_0_ap_fixed_36_16_5_3_0_config4_s' declared at '/home/eim32828/Desktop/Vitis_HLS_Gens/SampleNeuralNets_30_8/Basic/SampleNeuralNet_prj/solution1/syn/vhdl/SampleNeuralNet_dense_latency_ap_fixed_16_6_5_3_0_ap_fixed_36_16_5_3_0_config4_s.vhd:11' bound to instance 'grp_dense_latency_ap_fixed_16_6_5_3_0_ap_fixed_36_16_5_3_0_config4_s_fu_132' of component 'SampleNeuralNet_dense_latency_ap_fixed_16_6_5_3_0_ap_fixed_36_16_5_3_0_config4_s' [/home/eim32828/Desktop/Vitis_HLS_Gens/SampleNeuralNets_30_8/Basic/SampleNeuralNet_prj/solution1/syn/vhdl/SampleNeuralNet.vhd:405]
INFO: [Synth 8-638] synthesizing module 'SampleNeuralNet_dense_latency_ap_fixed_16_6_5_3_0_ap_fixed_36_16_5_3_0_config4_s' [/home/eim32828/Desktop/Vitis_HLS_Gens/SampleNeuralNets_30_8/Basic/SampleNeuralNet_prj/solution1/syn/vhdl/SampleNeuralNet_dense_latency_ap_fixed_16_6_5_3_0_ap_fixed_36_16_5_3_0_config4_s.vhd:35]
	Parameter ID bound to: 1 - type: integer 
	Parameter NUM_STAGE bound to: 4 - type: integer 
	Parameter din0_WIDTH bound to: 16 - type: integer 
	Parameter din1_WIDTH bound to: 15 - type: integer 
	Parameter dout_WIDTH bound to: 30 - type: integer 
INFO: [Synth 8-3491] module 'SampleNeuralNet_mul_16s_15s_30_4_0' declared at '/home/eim32828/Desktop/Vitis_HLS_Gens/SampleNeuralNets_30_8/Basic/SampleNeuralNet_prj/solution1/syn/vhdl/SampleNeuralNet_mul_16s_15s_30_4_0.vhd:7' bound to instance 'mul_16s_15s_30_4_0_U17' of component 'SampleNeuralNet_mul_16s_15s_30_4_0' [/home/eim32828/Desktop/Vitis_HLS_Gens/SampleNeuralNets_30_8/Basic/SampleNeuralNet_prj/solution1/syn/vhdl/SampleNeuralNet_dense_latency_ap_fixed_16_6_5_3_0_ap_fixed_36_16_5_3_0_config4_s.vhd:485]
	Parameter ID bound to: 1 - type: integer 
	Parameter NUM_STAGE bound to: 4 - type: integer 
	Parameter din0_WIDTH bound to: 16 - type: integer 
	Parameter din1_WIDTH bound to: 15 - type: integer 
	Parameter dout_WIDTH bound to: 31 - type: integer 
INFO: [Synth 8-3491] module 'SampleNeuralNet_mul_16s_15s_31_4_0' declared at '/home/eim32828/Desktop/Vitis_HLS_Gens/SampleNeuralNets_30_8/Basic/SampleNeuralNet_prj/solution1/syn/vhdl/SampleNeuralNet_mul_16s_15s_31_4_0.vhd:7' bound to instance 'mul_16s_15s_31_4_0_U18' of component 'SampleNeuralNet_mul_16s_15s_31_4_0' [/home/eim32828/Desktop/Vitis_HLS_Gens/SampleNeuralNets_30_8/Basic/SampleNeuralNet_prj/solution1/syn/vhdl/SampleNeuralNet_dense_latency_ap_fixed_16_6_5_3_0_ap_fixed_36_16_5_3_0_config4_s.vhd:500]
	Parameter ID bound to: 1 - type: integer 
	Parameter NUM_STAGE bound to: 4 - type: integer 
	Parameter din0_WIDTH bound to: 16 - type: integer 
	Parameter din1_WIDTH bound to: 15 - type: integer 
	Parameter dout_WIDTH bound to: 30 - type: integer 
INFO: [Synth 8-3491] module 'SampleNeuralNet_mul_16s_15ns_30_4_0' declared at '/home/eim32828/Desktop/Vitis_HLS_Gens/SampleNeuralNets_30_8/Basic/SampleNeuralNet_prj/solution1/syn/vhdl/SampleNeuralNet_mul_16s_15ns_30_4_0.vhd:7' bound to instance 'mul_16s_15ns_30_4_0_U19' of component 'SampleNeuralNet_mul_16s_15ns_30_4_0' [/home/eim32828/Desktop/Vitis_HLS_Gens/SampleNeuralNets_30_8/Basic/SampleNeuralNet_prj/solution1/syn/vhdl/SampleNeuralNet_dense_latency_ap_fixed_16_6_5_3_0_ap_fixed_36_16_5_3_0_config4_s.vhd:515]
INFO: [Synth 8-638] synthesizing module 'SampleNeuralNet_mul_16s_15ns_30_4_0' [/home/eim32828/Desktop/Vitis_HLS_Gens/SampleNeuralNets_30_8/Basic/SampleNeuralNet_prj/solution1/syn/vhdl/SampleNeuralNet_mul_16s_15ns_30_4_0.vhd:27]
	Parameter ID bound to: 1 - type: integer 
	Parameter NUM_STAGE bound to: 4 - type: integer 
	Parameter din0_WIDTH bound to: 16 - type: integer 
	Parameter din1_WIDTH bound to: 15 - type: integer 
	Parameter dout_WIDTH bound to: 30 - type: integer 
INFO: [Synth 8-256] done synthesizing module 'SampleNeuralNet_mul_16s_15ns_30_4_0' (0#1) [/home/eim32828/Desktop/Vitis_HLS_Gens/SampleNeuralNets_30_8/Basic/SampleNeuralNet_prj/solution1/syn/vhdl/SampleNeuralNet_mul_16s_15ns_30_4_0.vhd:27]
	Parameter ID bound to: 1 - type: integer 
	Parameter NUM_STAGE bound to: 4 - type: integer 
	Parameter din0_WIDTH bound to: 16 - type: integer 
	Parameter din1_WIDTH bound to: 15 - type: integer 
	Parameter dout_WIDTH bound to: 30 - type: integer 
INFO: [Synth 8-3491] module 'SampleNeuralNet_mul_16s_15s_30_4_0' declared at '/home/eim32828/Desktop/Vitis_HLS_Gens/SampleNeuralNets_30_8/Basic/SampleNeuralNet_prj/solution1/syn/vhdl/SampleNeuralNet_mul_16s_15s_30_4_0.vhd:7' bound to instance 'mul_16s_15s_30_4_0_U20' of component 'SampleNeuralNet_mul_16s_15s_30_4_0' [/home/eim32828/Desktop/Vitis_HLS_Gens/SampleNeuralNets_30_8/Basic/SampleNeuralNet_prj/solution1/syn/vhdl/SampleNeuralNet_dense_latency_ap_fixed_16_6_5_3_0_ap_fixed_36_16_5_3_0_config4_s.vhd:530]
INFO: [Synth 8-256] done synthesizing module 'SampleNeuralNet_dense_latency_ap_fixed_16_6_5_3_0_ap_fixed_36_16_5_3_0_config4_s' (0#1) [/home/eim32828/Desktop/Vitis_HLS_Gens/SampleNeuralNets_30_8/Basic/SampleNeuralNet_prj/solution1/syn/vhdl/SampleNeuralNet_dense_latency_ap_fixed_16_6_5_3_0_ap_fixed_36_16_5_3_0_config4_s.vhd:35]
INFO: [Synth 8-3491] module 'SampleNeuralNet_thresholded_relu_ap_fixed_ap_fixed_ap_fixed_thresholdedrelu_config5_s' declared at '/home/eim32828/Desktop/Vitis_HLS_Gens/SampleNeuralNets_30_8/Basic/SampleNeuralNet_prj/solution1/syn/vhdl/SampleNeuralNet_thresholded_relu_ap_fixed_ap_fixed_ap_fixed_thresholdedrelu_config5_s.vhd:11' bound to instance 'grp_thresholded_relu_ap_fixed_ap_fixed_ap_fixed_thresholdedrelu_config5_s_fu_144' of component 'SampleNeuralNet_thresholded_relu_ap_fixed_ap_fixed_ap_fixed_thresholdedrelu_config5_s' [/home/eim32828/Desktop/Vitis_HLS_Gens/SampleNeuralNets_30_8/Basic/SampleNeuralNet_prj/solution1/syn/vhdl/SampleNeuralNet.vhd:427]
INFO: [Synth 8-638] synthesizing module 'SampleNeuralNet_thresholded_relu_ap_fixed_ap_fixed_ap_fixed_thresholdedrelu_config5_s' [/home/eim32828/Desktop/Vitis_HLS_Gens/SampleNeuralNets_30_8/Basic/SampleNeuralNet_prj/solution1/syn/vhdl/SampleNeuralNet_thresholded_relu_ap_fixed_ap_fixed_ap_fixed_thresholdedrelu_config5_s.vhd:39]
INFO: [Synth 8-256] done synthesizing module 'SampleNeuralNet_thresholded_relu_ap_fixed_ap_fixed_ap_fixed_thresholdedrelu_config5_s' (0#1) [/home/eim32828/Desktop/Vitis_HLS_Gens/SampleNeuralNets_30_8/Basic/SampleNeuralNet_prj/solution1/syn/vhdl/SampleNeuralNet_thresholded_relu_ap_fixed_ap_fixed_ap_fixed_thresholdedrelu_config5_s.vhd:39]
INFO: [Synth 8-3491] module 'SampleNeuralNet_dense_latency_ap_fixed_16_6_5_3_0_ap_fixed_36_16_5_3_0_config6_s' declared at '/home/eim32828/Desktop/Vitis_HLS_Gens/SampleNeuralNets_30_8/Basic/SampleNeuralNet_prj/solution1/syn/vhdl/SampleNeuralNet_dense_latency_ap_fixed_16_6_5_3_0_ap_fixed_36_16_5_3_0_config6_s.vhd:11' bound to instance 'grp_dense_latency_ap_fixed_16_6_5_3_0_ap_fixed_36_16_5_3_0_config6_s_fu_156' of component 'SampleNeuralNet_dense_latency_ap_fixed_16_6_5_3_0_ap_fixed_36_16_5_3_0_config6_s' [/home/eim32828/Desktop/Vitis_HLS_Gens/SampleNeuralNets_30_8/Basic/SampleNeuralNet_prj/solution1/syn/vhdl/SampleNeuralNet.vhd:453]
INFO: [Synth 8-638] synthesizing module 'SampleNeuralNet_dense_latency_ap_fixed_16_6_5_3_0_ap_fixed_36_16_5_3_0_config6_s' [/home/eim32828/Desktop/Vitis_HLS_Gens/SampleNeuralNets_30_8/Basic/SampleNeuralNet_prj/solution1/syn/vhdl/SampleNeuralNet_dense_latency_ap_fixed_16_6_5_3_0_ap_fixed_36_16_5_3_0_config6_s.vhd:35]
	Parameter ID bound to: 1 - type: integer 
	Parameter NUM_STAGE bound to: 4 - type: integer 
	Parameter din0_WIDTH bound to: 16 - type: integer 
	Parameter din1_WIDTH bound to: 15 - type: integer 
	Parameter dout_WIDTH bound to: 31 - type: integer 
INFO: [Synth 8-3491] module 'SampleNeuralNet_mul_16s_15ns_31_4_0' declared at '/home/eim32828/Desktop/Vitis_HLS_Gens/SampleNeuralNets_30_8/Basic/SampleNeuralNet_prj/solution1/syn/vhdl/SampleNeuralNet_mul_16s_15ns_31_4_0.vhd:7' bound to instance 'mul_16s_15ns_31_4_0_U38' of component 'SampleNeuralNet_mul_16s_15ns_31_4_0' [/home/eim32828/Desktop/Vitis_HLS_Gens/SampleNeuralNets_30_8/Basic/SampleNeuralNet_prj/solution1/syn/vhdl/SampleNeuralNet_dense_latency_ap_fixed_16_6_5_3_0_ap_fixed_36_16_5_3_0_config6_s.vhd:485]
	Parameter ID bound to: 1 - type: integer 
	Parameter NUM_STAGE bound to: 4 - type: integer 
	Parameter din0_WIDTH bound to: 16 - type: integer 
	Parameter din1_WIDTH bound to: 15 - type: integer 
	Parameter dout_WIDTH bound to: 30 - type: integer 
INFO: [Synth 8-3491] module 'SampleNeuralNet_mul_16s_15s_30_4_0' declared at '/home/eim32828/Desktop/Vitis_HLS_Gens/SampleNeuralNets_30_8/Basic/SampleNeuralNet_prj/solution1/syn/vhdl/SampleNeuralNet_mul_16s_15s_30_4_0.vhd:7' bound to instance 'mul_16s_15s_30_4_0_U39' of component 'SampleNeuralNet_mul_16s_15s_30_4_0' [/home/eim32828/Desktop/Vitis_HLS_Gens/SampleNeuralNets_30_8/Basic/SampleNeuralNet_prj/solution1/syn/vhdl/SampleNeuralNet_dense_latency_ap_fixed_16_6_5_3_0_ap_fixed_36_16_5_3_0_config6_s.vhd:500]
	Parameter ID bound to: 1 - type: integer 
	Parameter NUM_STAGE bound to: 4 - type: integer 
	Parameter din0_WIDTH bound to: 16 - type: integer 
	Parameter din1_WIDTH bound to: 15 - type: integer 
	Parameter dout_WIDTH bound to: 31 - type: integer 
INFO: [Synth 8-3491] module 'SampleNeuralNet_mul_16s_15s_31_4_0' declared at '/home/eim32828/Desktop/Vitis_HLS_Gens/SampleNeuralNets_30_8/Basic/SampleNeuralNet_prj/solution1/syn/vhdl/SampleNeuralNet_mul_16s_15s_31_4_0.vhd:7' bound to instance 'mul_16s_15s_31_4_0_U40' of component 'SampleNeuralNet_mul_16s_15s_31_4_0' [/home/eim32828/Desktop/Vitis_HLS_Gens/SampleNeuralNets_30_8/Basic/SampleNeuralNet_prj/solution1/syn/vhdl/SampleNeuralNet_dense_latency_ap_fixed_16_6_5_3_0_ap_fixed_36_16_5_3_0_config6_s.vhd:515]
	Parameter ID bound to: 1 - type: integer 
	Parameter NUM_STAGE bound to: 4 - type: integer 
	Parameter din0_WIDTH bound to: 16 - type: integer 
	Parameter din1_WIDTH bound to: 15 - type: integer 
	Parameter dout_WIDTH bound to: 30 - type: integer 
INFO: [Synth 8-3491] module 'SampleNeuralNet_mul_16s_15s_30_4_0' declared at '/home/eim32828/Desktop/Vitis_HLS_Gens/SampleNeuralNets_30_8/Basic/SampleNeuralNet_prj/solution1/syn/vhdl/SampleNeuralNet_mul_16s_15s_30_4_0.vhd:7' bound to instance 'mul_16s_15s_30_4_0_U41' of component 'SampleNeuralNet_mul_16s_15s_30_4_0' [/home/eim32828/Desktop/Vitis_HLS_Gens/SampleNeuralNets_30_8/Basic/SampleNeuralNet_prj/solution1/syn/vhdl/SampleNeuralNet_dense_latency_ap_fixed_16_6_5_3_0_ap_fixed_36_16_5_3_0_config6_s.vhd:530]
INFO: [Synth 8-256] done synthesizing module 'SampleNeuralNet_dense_latency_ap_fixed_16_6_5_3_0_ap_fixed_36_16_5_3_0_config6_s' (0#1) [/home/eim32828/Desktop/Vitis_HLS_Gens/SampleNeuralNets_30_8/Basic/SampleNeuralNet_prj/solution1/syn/vhdl/SampleNeuralNet_dense_latency_ap_fixed_16_6_5_3_0_ap_fixed_36_16_5_3_0_config6_s.vhd:35]
INFO: [Synth 8-3491] module 'SampleNeuralNet_thresholded_relu_ap_fixed_ap_fixed_ap_fixed_thresholdedrelu_config7_s' declared at '/home/eim32828/Desktop/Vitis_HLS_Gens/SampleNeuralNets_30_8/Basic/SampleNeuralNet_prj/solution1/syn/vhdl/SampleNeuralNet_thresholded_relu_ap_fixed_ap_fixed_ap_fixed_thresholdedrelu_config7_s.vhd:11' bound to instance 'grp_thresholded_relu_ap_fixed_ap_fixed_ap_fixed_thresholdedrelu_config7_s_fu_168' of component 'SampleNeuralNet_thresholded_relu_ap_fixed_ap_fixed_ap_fixed_thresholdedrelu_config7_s' [/home/eim32828/Desktop/Vitis_HLS_Gens/SampleNeuralNets_30_8/Basic/SampleNeuralNet_prj/solution1/syn/vhdl/SampleNeuralNet.vhd:475]
INFO: [Synth 8-638] synthesizing module 'SampleNeuralNet_thresholded_relu_ap_fixed_ap_fixed_ap_fixed_thresholdedrelu_config7_s' [/home/eim32828/Desktop/Vitis_HLS_Gens/SampleNeuralNets_30_8/Basic/SampleNeuralNet_prj/solution1/syn/vhdl/SampleNeuralNet_thresholded_relu_ap_fixed_ap_fixed_ap_fixed_thresholdedrelu_config7_s.vhd:39]
INFO: [Synth 8-256] done synthesizing module 'SampleNeuralNet_thresholded_relu_ap_fixed_ap_fixed_ap_fixed_thresholdedrelu_config7_s' (0#1) [/home/eim32828/Desktop/Vitis_HLS_Gens/SampleNeuralNets_30_8/Basic/SampleNeuralNet_prj/solution1/syn/vhdl/SampleNeuralNet_thresholded_relu_ap_fixed_ap_fixed_ap_fixed_thresholdedrelu_config7_s.vhd:39]
INFO: [Synth 8-256] done synthesizing module 'SampleNeuralNet' (0#1) [/home/eim32828/Desktop/Vitis_HLS_Gens/SampleNeuralNets_30_8/Basic/SampleNeuralNet_prj/solution1/syn/vhdl/SampleNeuralNet.vhd:40]
WARNING: [Synth 8-7129] Port reset in module SampleNeuralNet_mul_16s_15s_30_4_0 is either unconnected or has no load
WARNING: [Synth 8-7129] Port reset in module SampleNeuralNet_mul_16s_15s_31_4_0 is either unconnected or has no load
WARNING: [Synth 8-7129] Port reset in module SampleNeuralNet_mul_16s_15ns_31_4_0 is either unconnected or has no load
WARNING: [Synth 8-7129] Port reset in module SampleNeuralNet_mul_16s_15ns_30_4_0 is either unconnected or has no load
---------------------------------------------------------------------------------
Finished Synthesize : Time (s): cpu = 00:00:05 ; elapsed = 00:00:05 . Memory (MB): peak = 2225.934 ; gain = 536.422 ; free physical = 83846 ; free virtual = 123573
---------------------------------------------------------------------------------
---------------------------------------------------------------------------------
Finished Constraint Validation : Time (s): cpu = 00:00:05 ; elapsed = 00:00:06 . Memory (MB): peak = 2243.746 ; gain = 554.234 ; free physical = 83844 ; free virtual = 123578
---------------------------------------------------------------------------------
---------------------------------------------------------------------------------
Start Loading Part and Timing Information
---------------------------------------------------------------------------------
Loading part: xc7z010clg400-1
---------------------------------------------------------------------------------
INFO: [Device 21-403] Loading part xc7z010clg400-1
Finished Loading Part and Timing Information : Time (s): cpu = 00:00:05 ; elapsed = 00:00:06 . Memory (MB): peak = 2251.750 ; gain = 562.238 ; free physical = 83844 ; free virtual = 123578
---------------------------------------------------------------------------------
INFO: [Device 21-9227] Part: xc7z010clg400-1 does not have CEAM library.
---------------------------------------------------------------------------------
Finished RTL Optimization Phase 2 : Time (s): cpu = 00:00:09 ; elapsed = 00:00:08 . Memory (MB): peak = 2267.766 ; gain = 578.254 ; free physical = 83802 ; free virtual = 123545
---------------------------------------------------------------------------------
No constraint files found.
---------------------------------------------------------------------------------
Start RTL Component Statistics 
---------------------------------------------------------------------------------
Detailed RTL Component Info : 
+---Adders : 
	   2 Input   32 Bit       Adders := 14    
	   2 Input   31 Bit       Adders := 49    
	   3 Input   31 Bit       Adders := 4     
	   2 Input   30 Bit       Adders := 66    
	   3 Input   30 Bit       Adders := 20    
	   3 Input   29 Bit       Adders := 36    
	   2 Input   29 Bit       Adders := 28    
	   2 Input   28 Bit       Adders := 10    
	   3 Input   28 Bit       Adders := 3     
	   2 Input   19 Bit       Adders := 3     
	   2 Input   18 Bit       Adders := 3     
	   2 Input   17 Bit       Adders := 11    
+---Registers : 
	              128 Bit    Registers := 2     
	               36 Bit    Registers := 45    
	               32 Bit    Registers := 5     
	               31 Bit    Registers := 51    
	               30 Bit    Registers := 98    
	               29 Bit    Registers := 72    
	               28 Bit    Registers := 22    
	               26 Bit    Registers := 2     
	               19 Bit    Registers := 3     
	               18 Bit    Registers := 3     
	               17 Bit    Registers := 15    
	               16 Bit    Registers := 115   
	               15 Bit    Registers := 9     
	                1 Bit    Registers := 62    
+---Muxes : 
	   2 Input  128 Bit        Muxes := 1     
	   2 Input   36 Bit        Muxes := 24    
	   2 Input   16 Bit        Muxes := 24    
	   2 Input    1 Bit        Muxes := 5     
---------------------------------------------------------------------------------
Finished RTL Component Statistics 
---------------------------------------------------------------------------------
---------------------------------------------------------------------------------
Start Part Resource Summary
---------------------------------------------------------------------------------
Part Resources:
DSPs: 80 (col length:40)
BRAMs: 120 (col length: RAMB18 40 RAMB36 20)
---------------------------------------------------------------------------------
Finished Part Resource Summary
---------------------------------------------------------------------------------
No constraint files found.
---------------------------------------------------------------------------------
Start Cross Boundary and Area Optimization
---------------------------------------------------------------------------------
WARNING: [Synth 8-7080] Parallel synthesis criteria is not met
WARNING: [Synth 8-6014] Unused sequential element mul_16s_15s_31_4_0_U4/buff0_reg was removed.  [/home/eim32828/Desktop/Vitis_HLS_Gens/SampleNeuralNets_30_8/Basic/SampleNeuralNet_prj/solution1/syn/vhdl/SampleNeuralNet_mul_16s_15s_31_4_0.vhd:69]
WARNING: [Synth 8-6014] Unused sequential element mul_16s_15s_30_4_0_U3/buff0_reg was removed.  [/home/eim32828/Desktop/Vitis_HLS_Gens/SampleNeuralNets_30_8/Basic/SampleNeuralNet_prj/solution1/syn/vhdl/SampleNeuralNet_mul_16s_15s_31_4_0.vhd:69]
DSP Report: Generating DSP mul_ln73_reg_2448_reg, operation Mode is: (A''*(B:0x5400)'')'.
DSP Report: register mul_16s_15s_31_4_0_U2/b_reg_reg is absorbed into DSP mul_ln73_reg_2448_reg.
DSP Report: register mul_16s_15s_31_4_0_U2/buff0_reg is absorbed into DSP mul_ln73_reg_2448_reg.
DSP Report: register a_2_reg_2291_reg is absorbed into DSP mul_ln73_reg_2448_reg.
DSP Report: register mul_16s_15s_31_4_0_U2/buff0_reg is absorbed into DSP mul_ln73_reg_2448_reg.
DSP Report: register mul_ln73_reg_2448_reg is absorbed into DSP mul_ln73_reg_2448_reg.
DSP Report: register mul_16s_15s_31_4_0_U2/buff1_reg is absorbed into DSP mul_ln73_reg_2448_reg.
DSP Report: operator mul_16s_15s_31_4_0_U2/tmp_product is absorbed into DSP mul_ln73_reg_2448_reg.
DSP Report: Generating DSP mul_ln73_8_reg_2478_reg, operation Mode is: (A''*(B:0x2c00)'')'.
DSP Report: register mul_16s_15ns_31_4_0_U1/buff1_reg is absorbed into DSP mul_ln73_8_reg_2478_reg.
DSP Report: register mul_16s_15ns_31_4_0_U1/buff0_reg is absorbed into DSP mul_ln73_8_reg_2478_reg.
DSP Report: register a_4_reg_2317_reg is absorbed into DSP mul_ln73_8_reg_2478_reg.
DSP Report: register mul_16s_15ns_31_4_0_U1/buff0_reg is absorbed into DSP mul_ln73_8_reg_2478_reg.
DSP Report: register mul_ln73_8_reg_2478_reg is absorbed into DSP mul_ln73_8_reg_2478_reg.
DSP Report: register mul_16s_15ns_31_4_0_U1/buff1_reg is absorbed into DSP mul_ln73_8_reg_2478_reg.
DSP Report: operator mul_16s_15ns_31_4_0_U1/tmp_product is absorbed into DSP mul_ln73_8_reg_2478_reg.
DSP Report: Generating DSP mul_ln73_7_reg_2458_reg, operation Mode is: (A''*(B:0x5400)'')'.
DSP Report: register mul_16s_15s_31_4_0_U2/b_reg_reg is absorbed into DSP mul_ln73_7_reg_2458_reg.
DSP Report: register a_3_reg_2305_reg is absorbed into DSP mul_ln73_7_reg_2458_reg.
DSP Report: register mul_16s_15s_31_4_0_U4/buff0_reg is absorbed into DSP mul_ln73_7_reg_2458_reg.
DSP Report: register mul_16s_15s_31_4_0_U2/buff0_reg is absorbed into DSP mul_ln73_7_reg_2458_reg.
DSP Report: register mul_ln73_7_reg_2458_reg is absorbed into DSP mul_ln73_7_reg_2458_reg.
DSP Report: register mul_16s_15s_31_4_0_U4/buff1_reg is absorbed into DSP mul_ln73_7_reg_2458_reg.
DSP Report: operator mul_16s_15s_31_4_0_U4/tmp_product is absorbed into DSP mul_ln73_7_reg_2458_reg.
DSP Report: Generating DSP mul_ln73_9_reg_2532_reg, operation Mode is: (A''*(B:0x5400)'')'.
DSP Report: register a_7_reg_2347_reg is absorbed into DSP mul_ln73_9_reg_2532_reg.
DSP Report: register mul_16s_15s_30_4_0_U3/buff0_reg is absorbed into DSP mul_ln73_9_reg_2532_reg.
DSP Report: register mul_16s_15s_31_4_0_U2/b_reg_reg is absorbed into DSP mul_ln73_9_reg_2532_reg.
DSP Report: register mul_16s_15s_31_4_0_U2/buff0_reg is absorbed into DSP mul_ln73_9_reg_2532_reg.
DSP Report: register mul_ln73_9_reg_2532_reg is absorbed into DSP mul_ln73_9_reg_2532_reg.
DSP Report: register mul_16s_15s_30_4_0_U3/buff1_reg is absorbed into DSP mul_ln73_9_reg_2532_reg.
DSP Report: operator mul_16s_15s_30_4_0_U3/tmp_product is absorbed into DSP mul_ln73_9_reg_2532_reg.
DSP Report: Generating DSP mul_16s_15s_31_4_0_U18/buff1_reg, operation Mode is: (A''*(B:0x5400)')'.
DSP Report: register mul_16s_15s_30_4_0_U17/b_reg_reg is absorbed into DSP mul_16s_15s_31_4_0_U18/buff1_reg.
DSP Report: register data_1_val_int_reg_reg is absorbed into DSP mul_16s_15s_31_4_0_U18/buff1_reg.
DSP Report: register data_1_val_read_reg_2314_reg is absorbed into DSP mul_16s_15s_31_4_0_U18/buff1_reg.
DSP Report: register mul_16s_15s_31_4_0_U18/buff1_reg is absorbed into DSP mul_16s_15s_31_4_0_U18/buff1_reg.
DSP Report: register mul_16s_15s_31_4_0_U18/buff0_reg is absorbed into DSP mul_16s_15s_31_4_0_U18/buff1_reg.
DSP Report: operator mul_16s_15s_31_4_0_U18/tmp_product is absorbed into DSP mul_16s_15s_31_4_0_U18/buff1_reg.
DSP Report: Generating DSP mul_16s_15s_30_4_0_U20/buff1_reg, operation Mode is: (A''*(B:0x5400)')'.
DSP Report: register mul_16s_15s_30_4_0_U17/b_reg_reg is absorbed into DSP mul_16s_15s_30_4_0_U20/buff1_reg.
DSP Report: register data_3_val_int_reg_reg is absorbed into DSP mul_16s_15s_30_4_0_U20/buff1_reg.
DSP Report: register data_3_val_read_reg_2298_reg is absorbed into DSP mul_16s_15s_30_4_0_U20/buff1_reg.
DSP Report: register mul_16s_15s_30_4_0_U20/buff1_reg is absorbed into DSP mul_16s_15s_30_4_0_U20/buff1_reg.
DSP Report: register mul_16s_15s_30_4_0_U20/buff0_reg is absorbed into DSP mul_16s_15s_30_4_0_U20/buff1_reg.
DSP Report: operator mul_16s_15s_30_4_0_U20/tmp_product is absorbed into DSP mul_16s_15s_30_4_0_U20/buff1_reg.
DSP Report: Generating DSP mul_16s_15s_30_4_0_U17/buff1_reg, operation Mode is: (A''*(B:0x5400)')'.
DSP Report: register data_6_val_int_reg_reg is absorbed into DSP mul_16s_15s_30_4_0_U17/buff1_reg.
DSP Report: register data_6_val_read_reg_2273_reg is absorbed into DSP mul_16s_15s_30_4_0_U17/buff1_reg.
DSP Report: register mul_16s_15s_30_4_0_U17/b_reg_reg is absorbed into DSP mul_16s_15s_30_4_0_U17/buff1_reg.
DSP Report: register mul_16s_15s_30_4_0_U17/buff1_reg is absorbed into DSP mul_16s_15s_30_4_0_U17/buff1_reg.
DSP Report: register mul_16s_15s_30_4_0_U17/buff0_reg is absorbed into DSP mul_16s_15s_30_4_0_U17/buff1_reg.
DSP Report: operator mul_16s_15s_30_4_0_U17/tmp_product is absorbed into DSP mul_16s_15s_30_4_0_U17/buff1_reg.
DSP Report: Generating DSP mul_16s_15ns_30_4_0_U19/buff1_reg, operation Mode is: (A''*(B:0x2c00)')'.
DSP Report: register mul_16s_15ns_30_4_0_U19/buff1_reg is absorbed into DSP mul_16s_15ns_30_4_0_U19/buff1_reg.
DSP Report: register data_7_val_int_reg_reg is absorbed into DSP mul_16s_15ns_30_4_0_U19/buff1_reg.
DSP Report: register data_7_val_read_reg_2265_reg is absorbed into DSP mul_16s_15ns_30_4_0_U19/buff1_reg.
DSP Report: register mul_16s_15ns_30_4_0_U19/buff1_reg is absorbed into DSP mul_16s_15ns_30_4_0_U19/buff1_reg.
DSP Report: register mul_16s_15ns_30_4_0_U19/buff0_reg is absorbed into DSP mul_16s_15ns_30_4_0_U19/buff1_reg.
DSP Report: operator mul_16s_15ns_30_4_0_U19/tmp_product is absorbed into DSP mul_16s_15ns_30_4_0_U19/buff1_reg.
DSP Report: Generating DSP mul_16s_15s_30_4_0_U39/buff1_reg, operation Mode is: (A''*(B:0x5400)')'.
DSP Report: register mul_16s_15s_30_4_0_U39/b_reg_reg is absorbed into DSP mul_16s_15s_30_4_0_U39/buff1_reg.
DSP Report: register data_0_val_int_reg_reg is absorbed into DSP mul_16s_15s_30_4_0_U39/buff1_reg.
DSP Report: register data_0_val_read_reg_2315_reg is absorbed into DSP mul_16s_15s_30_4_0_U39/buff1_reg.
DSP Report: register mul_16s_15s_30_4_0_U39/buff1_reg is absorbed into DSP mul_16s_15s_30_4_0_U39/buff1_reg.
DSP Report: register mul_16s_15s_30_4_0_U39/buff0_reg is absorbed into DSP mul_16s_15s_30_4_0_U39/buff1_reg.
DSP Report: operator mul_16s_15s_30_4_0_U39/tmp_product is absorbed into DSP mul_16s_15s_30_4_0_U39/buff1_reg.
DSP Report: Generating DSP mul_16s_15s_30_4_0_U41/buff1_reg, operation Mode is: (A''*(B:0x5400)')'.
DSP Report: register mul_16s_15s_30_4_0_U39/b_reg_reg is absorbed into DSP mul_16s_15s_30_4_0_U41/buff1_reg.
DSP Report: register data_3_val_int_reg_reg is absorbed into DSP mul_16s_15s_30_4_0_U41/buff1_reg.
DSP Report: register data_3_val_read_reg_2290_reg is absorbed into DSP mul_16s_15s_30_4_0_U41/buff1_reg.
DSP Report: register mul_16s_15s_30_4_0_U41/buff1_reg is absorbed into DSP mul_16s_15s_30_4_0_U41/buff1_reg.
DSP Report: register mul_16s_15s_30_4_0_U41/buff0_reg is absorbed into DSP mul_16s_15s_30_4_0_U41/buff1_reg.
DSP Report: operator mul_16s_15s_30_4_0_U41/tmp_product is absorbed into DSP mul_16s_15s_30_4_0_U41/buff1_reg.
DSP Report: Generating DSP mul_16s_15s_31_4_0_U40/buff1_reg, operation Mode is: (A''*(B:0x5400)')'.
DSP Report: register data_5_val_int_reg_reg is absorbed into DSP mul_16s_15s_31_4_0_U40/buff1_reg.
DSP Report: register data_5_val_read_reg_2274_reg is absorbed into DSP mul_16s_15s_31_4_0_U40/buff1_reg.
DSP Report: register mul_16s_15s_30_4_0_U39/b_reg_reg is absorbed into DSP mul_16s_15s_31_4_0_U40/buff1_reg.
DSP Report: register mul_16s_15s_31_4_0_U40/buff1_reg is absorbed into DSP mul_16s_15s_31_4_0_U40/buff1_reg.
DSP Report: register mul_16s_15s_31_4_0_U40/buff0_reg is absorbed into DSP mul_16s_15s_31_4_0_U40/buff1_reg.
DSP Report: operator mul_16s_15s_31_4_0_U40/tmp_product is absorbed into DSP mul_16s_15s_31_4_0_U40/buff1_reg.
DSP Report: Generating DSP mul_16s_15ns_31_4_0_U38/buff1_reg, operation Mode is: (A''*(B:0x2c00)')'.
DSP Report: register mul_16s_15ns_31_4_0_U38/buff1_reg is absorbed into DSP mul_16s_15ns_31_4_0_U38/buff1_reg.
DSP Report: register data_4_val_int_reg_reg is absorbed into DSP mul_16s_15ns_31_4_0_U38/buff1_reg.
DSP Report: register data_4_val_read_reg_2282_reg is absorbed into DSP mul_16s_15ns_31_4_0_U38/buff1_reg.
DSP Report: register mul_16s_15ns_31_4_0_U38/buff1_reg is absorbed into DSP mul_16s_15ns_31_4_0_U38/buff1_reg.
DSP Report: register mul_16s_15ns_31_4_0_U38/buff0_reg is absorbed into DSP mul_16s_15ns_31_4_0_U38/buff1_reg.
DSP Report: operator mul_16s_15ns_31_4_0_U38/tmp_product is absorbed into DSP mul_16s_15ns_31_4_0_U38/buff1_reg.
WARNING: [Synth 8-7129] Port ap_rst in module SampleNeuralNet_dense_latency_ap_fixed_16_6_5_3_0_ap_fixed_36_16_5_3_0_config6_s is either unconnected or has no load
WARNING: [Synth 8-7129] Port ap_rst in module SampleNeuralNet_dense_latency_ap_fixed_16_6_5_3_0_ap_fixed_36_16_5_3_0_config4_s is either unconnected or has no load
WARNING: [Synth 8-7129] Port ap_rst in module SampleNeuralNet_dense_latency_ap_fixed_16_6_5_3_0_ap_fixed_36_16_5_3_0_config2_s is either unconnected or has no load
---------------------------------------------------------------------------------
Finished Cross Boundary and Area Optimization : Time (s): cpu = 00:00:14 ; elapsed = 00:00:14 . Memory (MB): peak = 2388.312 ; gain = 698.801 ; free physical = 83656 ; free virtual = 123409
---------------------------------------------------------------------------------
 Sort Area is  mul_ln73_8_reg_2478_reg_3 : 0 0 : 2063 2063 : Used 1 time 0
 Sort Area is  mul_16s_15ns_30_4_0_U19/buff1_reg_6 : 0 0 : 2045 2045 : Used 1 time 0
 Sort Area is  mul_16s_15ns_31_4_0_U38/buff1_reg_c : 0 0 : 2045 2045 : Used 1 time 0
 Sort Area is  mul_ln73_7_reg_2458_reg_2 : 0 0 : 1925 1925 : Used 1 time 0
 Sort Area is  mul_ln73_9_reg_2532_reg_0 : 0 0 : 1925 1925 : Used 1 time 0
 Sort Area is  mul_ln73_reg_2448_reg_5 : 0 0 : 1925 1925 : Used 1 time 0
 Sort Area is  mul_16s_15s_30_4_0_U17/buff1_reg_8 : 0 0 : 1910 1910 : Used 1 time 0
 Sort Area is  mul_16s_15s_30_4_0_U20/buff1_reg_a : 0 0 : 1910 1910 : Used 1 time 0
 Sort Area is  mul_16s_15s_30_4_0_U39/buff1_reg_f : 0 0 : 1910 1910 : Used 1 time 0
 Sort Area is  mul_16s_15s_30_4_0_U41/buff1_reg_e : 0 0 : 1910 1910 : Used 1 time 0
 Sort Area is  mul_16s_15s_31_4_0_U18/buff1_reg_b : 0 0 : 1910 1910 : Used 1 time 0
 Sort Area is  mul_16s_15s_31_4_0_U40/buff1_reg_d : 0 0 : 1910 1910 : Used 1 time 0
---------------------------------------------------------------------------------
Start ROM, RAM, DSP, Shift Register and Retiming Reporting
---------------------------------------------------------------------------------

DSP: Preliminary Mapping Report (see note below. The ' indicates corresponding REG is set)
+---------------------------------------------------------------------------------+---------------------+--------+--------+--------+--------+--------+------+------+------+------+-------+------+------+
|Module Name                                                                      | DSP Mapping         | A Size | B Size | C Size | D Size | P Size | AREG | BREG | CREG | DREG | ADREG | MREG | PREG | 
+---------------------------------------------------------------------------------+---------------------+--------+--------+--------+--------+--------+------+------+------+------+-------+------+------+
|SampleNeuralNet_mul_16s_15s_31_4_0                                               | (A''*(B:0x5400)'')' | 16     | 15     | -      | -      | 31     | 2    | 2    | -    | -    | -     | 1    | 1    | 
|SampleNeuralNet_mul_16s_15ns_31_4_0                                              | (A''*(B:0x2c00)'')' | 16     | 16     | -      | -      | 31     | 2    | 2    | -    | -    | -     | 1    | 1    | 
|SampleNeuralNet_mul_16s_15s_31_4_0                                               | (A''*(B:0x5400)'')' | 16     | 15     | -      | -      | 31     | 2    | 2    | -    | -    | -     | 1    | 1    | 
|SampleNeuralNet_dense_latency_ap_fixed_16_6_5_3_0_ap_fixed_36_16_5_3_0_config2_s | (A''*(B:0x5400)'')' | 16     | 15     | -      | -      | 30     | 2    | 2    | -    | -    | -     | 1    | 1    | 
|SampleNeuralNet_mul_16s_15s_30_4_0                                               | (A''*(B:0x5400)')'  | 16     | 15     | -      | -      | 31     | 2    | 1    | -    | -    | -     | 1    | 1    | 
|SampleNeuralNet_mul_16s_15s_30_4_0                                               | (A''*(B:0x5400)')'  | 16     | 15     | -      | -      | 31     | 2    | 1    | -    | -    | -     | 1    | 1    | 
|SampleNeuralNet_dense_latency_ap_fixed_16_6_5_3_0_ap_fixed_36_16_5_3_0_config4_s | (A''*(B:0x5400)')'  | 16     | 15     | -      | -      | 31     | 2    | 1    | -    | -    | -     | 1    | 1    | 
|SampleNeuralNet_mul_16s_15ns_30_4_0                                              | (A''*(B:0x2c00)')'  | 16     | 16     | -      | -      | 32     | 2    | 1    | -    | -    | -     | 1    | 1    | 
|SampleNeuralNet_mul_16s_15s_30_4_0                                               | (A''*(B:0x5400)')'  | 16     | 15     | -      | -      | 31     | 2    | 1    | -    | -    | -     | 1    | 1    | 
|SampleNeuralNet_mul_16s_15s_30_4_0                                               | (A''*(B:0x5400)')'  | 16     | 15     | -      | -      | 31     | 2    | 1    | -    | -    | -     | 1    | 1    | 
|SampleNeuralNet_dense_latency_ap_fixed_16_6_5_3_0_ap_fixed_36_16_5_3_0_config6_s | (A''*(B:0x5400)')'  | 16     | 15     | -      | -      | 31     | 2    | 1    | -    | -    | -     | 1    | 1    | 
|SampleNeuralNet_mul_16s_15ns_31_4_0                                              | (A''*(B:0x2c00)')'  | 16     | 16     | -      | -      | 32     | 2    | 1    | -    | -    | -     | 1    | 1    | 
+---------------------------------------------------------------------------------+---------------------+--------+--------+--------+--------+--------+------+------+------+------+-------+------+------+

Note: The table above is a preliminary report that shows the DSPs inferred at the current stage of the synthesis flow. Some DSP may be reimplemented as non DSP primitives later in the synthesis flow. Multiple instantiated DSPs are reported only once.
---------------------------------------------------------------------------------
Finished ROM, RAM, DSP, Shift Register and Retiming Reporting
---------------------------------------------------------------------------------
No constraint files found.
---------------------------------------------------------------------------------
Start Timing Optimization
---------------------------------------------------------------------------------
---------------------------------------------------------------------------------
Finished Timing Optimization : Time (s): cpu = 00:00:14 ; elapsed = 00:00:14 . Memory (MB): peak = 2394.250 ; gain = 704.738 ; free physical = 83652 ; free virtual = 123405
---------------------------------------------------------------------------------
---------------------------------------------------------------------------------
Start Technology Mapping
---------------------------------------------------------------------------------
---------------------------------------------------------------------------------
Finished Technology Mapping : Time (s): cpu = 00:00:15 ; elapsed = 00:00:16 . Memory (MB): peak = 2394.250 ; gain = 704.738 ; free physical = 83652 ; free virtual = 123405
---------------------------------------------------------------------------------
---------------------------------------------------------------------------------
Start IO Insertion
---------------------------------------------------------------------------------
---------------------------------------------------------------------------------
Start Flattening Before IO Insertion
---------------------------------------------------------------------------------
---------------------------------------------------------------------------------
Finished Flattening Before IO Insertion
---------------------------------------------------------------------------------
---------------------------------------------------------------------------------
Start Final Netlist Cleanup
---------------------------------------------------------------------------------
---------------------------------------------------------------------------------
Finished Final Netlist Cleanup
---------------------------------------------------------------------------------
---------------------------------------------------------------------------------
Finished IO Insertion : Time (s): cpu = 00:00:18 ; elapsed = 00:00:19 . Memory (MB): peak = 2397.219 ; gain = 707.707 ; free physical = 83651 ; free virtual = 123405
---------------------------------------------------------------------------------
---------------------------------------------------------------------------------
Start Renaming Generated Instances
---------------------------------------------------------------------------------
---------------------------------------------------------------------------------
Finished Renaming Generated Instances : Time (s): cpu = 00:00:18 ; elapsed = 00:00:19 . Memory (MB): peak = 2397.219 ; gain = 707.707 ; free physical = 83651 ; free virtual = 123405
---------------------------------------------------------------------------------
---------------------------------------------------------------------------------
Start Rebuilding User Hierarchy
---------------------------------------------------------------------------------
---------------------------------------------------------------------------------
Finished Rebuilding User Hierarchy : Time (s): cpu = 00:00:18 ; elapsed = 00:00:19 . Memory (MB): peak = 2397.219 ; gain = 707.707 ; free physical = 83651 ; free virtual = 123405
---------------------------------------------------------------------------------
---------------------------------------------------------------------------------
Start Renaming Generated Ports
---------------------------------------------------------------------------------
---------------------------------------------------------------------------------
Finished Renaming Generated Ports : Time (s): cpu = 00:00:18 ; elapsed = 00:00:19 . Memory (MB): peak = 2397.219 ; gain = 707.707 ; free physical = 83651 ; free virtual = 123405
---------------------------------------------------------------------------------
---------------------------------------------------------------------------------
Start Handling Custom Attributes
---------------------------------------------------------------------------------
---------------------------------------------------------------------------------
Finished Handling Custom Attributes : Time (s): cpu = 00:00:19 ; elapsed = 00:00:19 . Memory (MB): peak = 2397.219 ; gain = 707.707 ; free physical = 83651 ; free virtual = 123405
---------------------------------------------------------------------------------
---------------------------------------------------------------------------------
Start Renaming Generated Nets
---------------------------------------------------------------------------------
---------------------------------------------------------------------------------
Finished Renaming Generated Nets : Time (s): cpu = 00:00:19 ; elapsed = 00:00:19 . Memory (MB): peak = 2397.219 ; gain = 707.707 ; free physical = 83651 ; free virtual = 123405
---------------------------------------------------------------------------------
---------------------------------------------------------------------------------
Start ROM, RAM, DSP, Shift Register and Retiming Reporting
---------------------------------------------------------------------------------

Static Shift Register Report:
+----------------+----------------------------------------------------------------------------------------------------------------------------+--------+-------+--------------+--------------------+-------------------+--------+---------+
|Module Name     | RTL Name                                                                                                                   | Length | Width | Reset Signal | Pull out first Reg | Pull out last Reg | SRL16E | SRLC32E | 
+----------------+----------------------------------------------------------------------------------------------------------------------------+--------+-------+--------------+--------------------+-------------------+--------+---------+
|SampleNeuralNet | grp_dense_latency_ap_fixed_16_6_5_3_0_ap_fixed_36_16_5_3_0_config2_s_fu_114/add_ln58_99_reg_2578_pp0_iter5_reg_reg[10]     | 4      | 1     | NO           | YES                | YES               | 1      | 0       | 
|SampleNeuralNet | grp_dense_latency_ap_fixed_16_6_5_3_0_ap_fixed_36_16_5_3_0_config2_s_fu_114/a_reg_2275_pp0_iter2_reg_reg[15]               | 3      | 16    | NO           | NO                 | YES               | 16     | 0       | 
|SampleNeuralNet | grp_dense_latency_ap_fixed_16_6_5_3_0_ap_fixed_36_16_5_3_0_config2_s_fu_114/a_1_reg_2283_pp0_iter2_reg_reg[15]             | 3      | 16    | NO           | NO                 | YES               | 16     | 0       | 
|SampleNeuralNet | grp_dense_latency_ap_fixed_16_6_5_3_0_ap_fixed_36_16_5_3_0_config2_s_fu_114/a_7_reg_2347_pp0_iter2_reg_reg[15]             | 3      | 16    | NO           | NO                 | YES               | 16     | 0       | 
|SampleNeuralNet | grp_dense_latency_ap_fixed_16_6_5_3_0_ap_fixed_36_16_5_3_0_config4_s_fu_132/add_ln58_61_reg_2608_pp0_iter5_reg_reg[10]     | 4      | 1     | NO           | YES                | YES               | 1      | 0       | 
|SampleNeuralNet | grp_dense_latency_ap_fixed_16_6_5_3_0_ap_fixed_36_16_5_3_0_config4_s_fu_132/data_0_val_read_reg_2322_pp0_iter2_reg_reg[15] | 3      | 15    | NO           | NO                 | YES               | 15     | 0       | 
|SampleNeuralNet | grp_dense_latency_ap_fixed_16_6_5_3_0_ap_fixed_36_16_5_3_0_config4_s_fu_132/data_2_val_read_reg_2306_pp0_iter2_reg_reg[15] | 3      | 16    | NO           | NO                 | YES               | 16     | 0       | 
|SampleNeuralNet | grp_dense_latency_ap_fixed_16_6_5_3_0_ap_fixed_36_16_5_3_0_config4_s_fu_132/data_7_val_read_reg_2265_pp0_iter2_reg_reg[15] | 3      | 16    | NO           | NO                 | YES               | 16     | 0       | 
|SampleNeuralNet | grp_dense_latency_ap_fixed_16_6_5_3_0_ap_fixed_36_16_5_3_0_config4_s_fu_132/data_6_val_read_reg_2273_pp0_iter2_reg_reg[15] | 3      | 16    | NO           | NO                 | YES               | 16     | 0       | 
|SampleNeuralNet | grp_dense_latency_ap_fixed_16_6_5_3_0_ap_fixed_36_16_5_3_0_config6_s_fu_156/data_0_val_read_reg_2315_pp0_iter2_reg_reg[15] | 3      | 15    | NO           | NO                 | YES               | 15     | 0       | 
|SampleNeuralNet | grp_dense_latency_ap_fixed_16_6_5_3_0_ap_fixed_36_16_5_3_0_config6_s_fu_156/data_3_val_read_reg_2290_pp0_iter2_reg_reg[15] | 3      | 16    | NO           | NO                 | YES               | 16     | 0       | 
|SampleNeuralNet | grp_dense_latency_ap_fixed_16_6_5_3_0_ap_fixed_36_16_5_3_0_config6_s_fu_156/data_7_val_read_reg_2258_pp0_iter2_reg_reg[15] | 3      | 16    | NO           | NO                 | YES               | 16     | 0       | 
|SampleNeuralNet | grp_dense_latency_ap_fixed_16_6_5_3_0_ap_fixed_36_16_5_3_0_config6_s_fu_156/data_6_val_read_reg_2266_pp0_iter2_reg_reg[15] | 3      | 16    | NO           | NO                 | YES               | 16     | 0       | 
+----------------+----------------------------------------------------------------------------------------------------------------------------+--------+-------+--------------+--------------------+-------------------+--------+---------+

---------------------------------------------------------------------------------
Finished ROM, RAM, DSP, Shift Register and Retiming Reporting
---------------------------------------------------------------------------------
---------------------------------------------------------------------------------
Start Writing Synthesis Report
---------------------------------------------------------------------------------

DSP Final Report (the ' indicates corresponding REG is set)
+---------------------------------------------------------------------------------+---------------+--------+--------+--------+--------+--------+------+------+------+------+-------+------+------+
|Module Name                                                                      | DSP Mapping   | A Size | B Size | C Size | D Size | P Size | AREG | BREG | CREG | DREG | ADREG | MREG | PREG | 
+---------------------------------------------------------------------------------+---------------+--------+--------+--------+--------+--------+------+------+------+------+-------+------+------+
|SampleNeuralNet_mul_16s_15s_31_4_0                                               | ((A''*B'')')' | 30     | 18     | -      | -      | 31     | 2    | 2    | -    | -    | -     | 1    | 1    | 
|SampleNeuralNet_mul_16s_15ns_31_4_0                                              | ((A''*B'')')' | 30     | 14     | -      | -      | 31     | 2    | 2    | -    | -    | -     | 1    | 1    | 
|SampleNeuralNet_mul_16s_15s_31_4_0                                               | ((A''*B'')')' | 30     | 18     | -      | -      | 31     | 2    | 2    | -    | -    | -     | 1    | 1    | 
|SampleNeuralNet_dense_latency_ap_fixed_16_6_5_3_0_ap_fixed_36_16_5_3_0_config2_s | ((A''*B'')')' | 30     | 18     | -      | -      | 30     | 2    | 2    | -    | -    | -     | 1    | 1    | 
|SampleNeuralNet_mul_16s_15ns_30_4_0                                              | ((A''*B')')'  | 30     | 14     | -      | -      | 30     | 2    | 1    | -    | -    | -     | 1    | 1    | 
|SampleNeuralNet_dense_latency_ap_fixed_16_6_5_3_0_ap_fixed_36_16_5_3_0_config4_s | ((A''*B')')'  | 30     | 18     | -      | -      | 30     | 2    | 1    | -    | -    | -     | 1    | 1    | 
|SampleNeuralNet_mul_16s_15s_30_4_0                                               | ((A''*B')')'  | 30     | 18     | -      | -      | 30     | 2    | 1    | -    | -    | -     | 1    | 1    | 
|SampleNeuralNet_mul_16s_15s_30_4_0                                               | ((A''*B')')'  | 30     | 18     | -      | -      | 31     | 2    | 1    | -    | -    | -     | 1    | 1    | 
|SampleNeuralNet_mul_16s_15ns_31_4_0                                              | ((A''*B')')'  | 30     | 14     | -      | -      | 31     | 2    | 1    | -    | -    | -     | 1    | 1    | 
|SampleNeuralNet_mul_16s_15s_30_4_0                                               | ((A''*B')')'  | 30     | 18     | -      | -      | 30     | 2    | 1    | -    | -    | -     | 1    | 1    | 
|SampleNeuralNet_mul_16s_15s_30_4_0                                               | ((A''*B')')'  | 30     | 18     | -      | -      | 30     | 2    | 1    | -    | -    | -     | 1    | 1    | 
|SampleNeuralNet_dense_latency_ap_fixed_16_6_5_3_0_ap_fixed_36_16_5_3_0_config6_s | ((A''*B')')'  | 30     | 18     | -      | -      | 31     | 2    | 1    | -    | -    | -     | 1    | 1    | 
+---------------------------------------------------------------------------------+---------------+--------+--------+--------+--------+--------+------+------+------+------+-------+------+------+


Report BlackBoxes: 
+-+--------------+----------+
| |BlackBox name |Instances |
+-+--------------+----------+
+-+--------------+----------+

Report Cell Usage: 
+------+--------+------+
|      |Cell    |Count |
+------+--------+------+
|1     |CARRY4  |  1428|
|2     |DSP48E1 |    12|
|3     |LUT1    |   470|
|4     |LUT2    |  4885|
|5     |LUT3    |   693|
|6     |LUT4    |   270|
|7     |LUT5    |     1|
|8     |LUT6    |     4|
|9     |SRL16E  |   176|
|10    |FDRE    |  7879|
+------+--------+------+

Report Instance Areas: 
+------+-----------------------------------------------------------------------------------+--------------------------------------------------------------------------------------+------+
|      |Instance                                                                           |Module                                                                                |Cells |
+------+-----------------------------------------------------------------------------------+--------------------------------------------------------------------------------------+------+
|1     |top                                                                                |                                                                                      | 15818|
|2     |  grp_dense_latency_ap_fixed_16_6_5_3_0_ap_fixed_36_16_5_3_0_config2_s_fu_114      |SampleNeuralNet_dense_latency_ap_fixed_16_6_5_3_0_ap_fixed_36_16_5_3_0_config2_s      |  4558|
|3     |  grp_dense_latency_ap_fixed_16_6_5_3_0_ap_fixed_36_16_5_3_0_config4_s_fu_132      |SampleNeuralNet_dense_latency_ap_fixed_16_6_5_3_0_ap_fixed_36_16_5_3_0_config4_s      |  4567|
|4     |    mul_16s_15ns_30_4_0_U19                                                        |SampleNeuralNet_mul_16s_15ns_30_4_0                                                   |     1|
|5     |    mul_16s_15s_30_4_0_U17                                                         |SampleNeuralNet_mul_16s_15s_30_4_0_1                                                  |     1|
|6     |    mul_16s_15s_30_4_0_U20                                                         |SampleNeuralNet_mul_16s_15s_30_4_0_2                                                  |     1|
|7     |    mul_16s_15s_31_4_0_U18                                                         |SampleNeuralNet_mul_16s_15s_31_4_0_3                                                  |     1|
|8     |  grp_dense_latency_ap_fixed_16_6_5_3_0_ap_fixed_36_16_5_3_0_config6_s_fu_156      |SampleNeuralNet_dense_latency_ap_fixed_16_6_5_3_0_ap_fixed_36_16_5_3_0_config6_s      |  4624|
|9     |    mul_16s_15ns_31_4_0_U38                                                        |SampleNeuralNet_mul_16s_15ns_31_4_0                                                   |     1|
|10    |    mul_16s_15s_30_4_0_U39                                                         |SampleNeuralNet_mul_16s_15s_30_4_0                                                    |     1|
|11    |    mul_16s_15s_30_4_0_U41                                                         |SampleNeuralNet_mul_16s_15s_30_4_0_0                                                  |     1|
|12    |    mul_16s_15s_31_4_0_U40                                                         |SampleNeuralNet_mul_16s_15s_31_4_0                                                    |     1|
|13    |  grp_thresholded_relu_ap_fixed_ap_fixed_ap_fixed_thresholdedrelu_config3_s_fu_120 |SampleNeuralNet_thresholded_relu_ap_fixed_ap_fixed_ap_fixed_thresholdedrelu_config3_s |   435|
|14    |  grp_thresholded_relu_ap_fixed_ap_fixed_ap_fixed_thresholdedrelu_config5_s_fu_144 |SampleNeuralNet_thresholded_relu_ap_fixed_ap_fixed_ap_fixed_thresholdedrelu_config5_s |   434|
|15    |  grp_thresholded_relu_ap_fixed_ap_fixed_ap_fixed_thresholdedrelu_config7_s_fu_168 |SampleNeuralNet_thresholded_relu_ap_fixed_ap_fixed_ap_fixed_thresholdedrelu_config7_s |   491|
+------+-----------------------------------------------------------------------------------+--------------------------------------------------------------------------------------+------+
---------------------------------------------------------------------------------
Finished Writing Synthesis Report : Time (s): cpu = 00:00:19 ; elapsed = 00:00:19 . Memory (MB): peak = 2397.219 ; gain = 707.707 ; free physical = 83651 ; free virtual = 123405
---------------------------------------------------------------------------------
Synthesis finished with 0 errors, 0 critical warnings and 10 warnings.
Synthesis Optimization Runtime : Time (s): cpu = 00:00:19 ; elapsed = 00:00:19 . Memory (MB): peak = 2397.219 ; gain = 707.707 ; free physical = 83651 ; free virtual = 123404
Synthesis Optimization Complete : Time (s): cpu = 00:00:19 ; elapsed = 00:00:19 . Memory (MB): peak = 2397.227 ; gain = 707.707 ; free physical = 83651 ; free virtual = 123404
INFO: [Project 1-571] Translating synthesized netlist
Netlist sorting complete. Time (s): cpu = 00:00:00.07 ; elapsed = 00:00:00.06 . Memory (MB): peak = 2409.125 ; gain = 0.000 ; free physical = 83970 ; free virtual = 123724
INFO: [Netlist 29-17] Analyzing 1440 Unisim elements for replacement
INFO: [Netlist 29-28] Unisim Transformation completed in 0 CPU seconds
INFO: [Project 1-570] Preparing netlist for logic optimization
INFO: [Opt 31-138] Pushed 0 inverter(s) to 0 load pin(s).
Netlist sorting complete. Time (s): cpu = 00:00:00 ; elapsed = 00:00:00 . Memory (MB): peak = 2546.777 ; gain = 0.000 ; free physical = 83900 ; free virtual = 123653
INFO: [Project 1-111] Unisim Transformation Summary:
No Unisim elements were transformed.

Synth Design complete | Checksum: 85a8c612
INFO: [Common 17-83] Releasing license: Synthesis
53 Infos, 10 Warnings, 0 Critical Warnings and 0 Errors encountered.
synth_design completed successfully
synth_design: Time (s): cpu = 00:00:25 ; elapsed = 00:00:23 . Memory (MB): peak = 2546.777 ; gain = 863.223 ; free physical = 83900 ; free virtual = 123653
INFO: [Common 17-2834] synth_design peak Physical Memory [PSS] (MB): overall = 2250.708; main = 2020.230; forked = 500.364
INFO: [Common 17-2834] synth_design peak Virtual Memory [VSS] (MB): overall = 3468.512; main = 2546.777; forked = 1089.215
# create_clock -name ap_clk -period 4.000 [get_ports ap_clk]
# file mkdir ./Analysis
# report_timing_summary -file ./Analysis/Timing_Report_Synthesis.rpt
INFO: [Timing 38-35] Done setting XDC timing constraints.
INFO: [Timing 38-91] UpdateTimingParams: Speed grade: -1, Delay Type: min_max.
INFO: [Timing 38-191] Multithreading enabled for timing update using a maximum of 8 CPUs
WARNING: [Timing 38-242] The property HD.CLK_SRC of clock port "ap_clk" is not set. In out-of-context mode, this prevents timing estimation for clock delay/skew
Resolution: Set the HD.CLK_SRC property of the out-of-context port to the location of the clock buffer instance in the top-level design
report_timing_summary: Time (s): cpu = 00:00:07 ; elapsed = 00:00:06 . Memory (MB): peak = 2841.762 ; gain = 294.984 ; free physical = 83688 ; free virtual = 123441
# report_timing -max_paths 20 -file ./Analysis/Timing_Paths_Synthesis.rpt
INFO: [Timing 38-91] UpdateTimingParams: Speed grade: -1, Delay Type: max.
INFO: [Timing 38-191] Multithreading enabled for timing update using a maximum of 8 CPUs
INFO: [Timing 38-78] ReportTimingParams: -max_paths 20 -nworst 1 -delay_type max -sort_by slack.
# report_utilization -hierarchical -file ./Analysis/Utilization_Report_Synthesis.rpt
# set dsps [get_cells -hierarchical -filter {REF_NAME == DSP48E1}]
# set fh [open "./Analysis/DSP_Properties.rpt" w]
# puts $fh "DSP48E1 count: [llength $dsps]"
# puts $fh ""
# foreach dsp $dsps {
#     puts $fh "--------------------------------------------------"
#     puts $fh "DSP: $dsp"
# 
#     foreach prop {
#         AREG
#         BREG
#         MREG
#         PREG
#         CREG
#         OPMODEREG
#         ALUMODEREG
#         USE_MULT
#         PRIMITIVE_TYPE
#     } {
#         puts $fh "$prop = [get_property $prop $dsp]"
#     }
# 
#     puts $fh ""
# }
# close $fh
# write_checkpoint -force ./Analysis/Post_Synthesis.dcp
INFO: [Timing 38-480] Writing timing data to binary archive.
Write ShapeDB Complete: Time (s): cpu = 00:00:00.08 ; elapsed = 00:00:00.02 . Memory (MB): peak = 2894.559 ; gain = 0.000 ; free physical = 83661 ; free virtual = 123417
INFO: [Common 17-1381] The checkpoint '/home/eim32828/Desktop/Vitis_HLS_Gens/SampleNeuralNets_30_8/Basic/Analysis/Post_Synthesis.dcp' has been generated.
# opt_design
Command: opt_design
Attempting to get a license for feature 'Implementation' and/or device 'xc7z010'
INFO: [Common 17-349] Got license for feature 'Implementation' and/or device 'xc7z010'
Running DRC as a precondition to command opt_design

Starting DRC Task
INFO: [DRC 23-27] Running DRC with 8 threads
INFO: [Project 1-461] DRC finished with 0 Errors
INFO: [Project 1-462] Please refer to the DRC report (report_drc) for more information.

Time (s): cpu = 00:00:00.93 ; elapsed = 00:00:00.57 . Memory (MB): peak = 2946.387 ; gain = 51.828 ; free physical = 83613 ; free virtual = 123387

Starting Cache Timing Information Task
Ending Cache Timing Information Task | Checksum: 18421a2d8

Time (s): cpu = 00:00:00 ; elapsed = 00:00:00.01 . Memory (MB): peak = 2946.387 ; gain = 0.000 ; free physical = 83613 ; free virtual = 123387

Starting Logic Optimization Task

Phase 1 Initialization

Phase 1.1 Core Generation And Design Setup
Phase 1.1 Core Generation And Design Setup | Checksum: 18421a2d8

Time (s): cpu = 00:00:00 ; elapsed = 00:00:00.01 . Memory (MB): peak = 3152.309 ; gain = 0.000 ; free physical = 83374 ; free virtual = 123149

Phase 1.2 Setup Constraints And Sort Netlist
Phase 1.2 Setup Constraints And Sort Netlist | Checksum: 18421a2d8

Time (s): cpu = 00:00:00.01 ; elapsed = 00:00:00.01 . Memory (MB): peak = 3152.309 ; gain = 0.000 ; free physical = 83374 ; free virtual = 123149
Phase 1 Initialization | Checksum: 18421a2d8

Time (s): cpu = 00:00:00.01 ; elapsed = 00:00:00.01 . Memory (MB): peak = 3152.309 ; gain = 0.000 ; free physical = 83374 ; free virtual = 123149

Phase 2 Timer Update And Timing Data Collection

Phase 2.1 Timer Update
Phase 2.1 Timer Update | Checksum: 18421a2d8

Time (s): cpu = 00:00:00.32 ; elapsed = 00:00:00.11 . Memory (MB): peak = 3152.309 ; gain = 0.000 ; free physical = 83373 ; free virtual = 123148

Phase 2.2 Timing Data Collection
Phase 2.2 Timing Data Collection | Checksum: 18421a2d8

Time (s): cpu = 00:00:00.33 ; elapsed = 00:00:00.12 . Memory (MB): peak = 3152.309 ; gain = 0.000 ; free physical = 83373 ; free virtual = 123148
Phase 2 Timer Update And Timing Data Collection | Checksum: 18421a2d8

Time (s): cpu = 00:00:00.33 ; elapsed = 00:00:00.13 . Memory (MB): peak = 3152.309 ; gain = 0.000 ; free physical = 83373 ; free virtual = 123148

Phase 3 Retarget
INFO: [Opt 31-1834] Total Chains To Be Transformed Were: 0 AND Number of Transformed insts Created are: 0
INFO: [Opt 31-138] Pushed 0 inverter(s) to 0 load pin(s).
INFO: [Opt 31-49] Retargeted 0 cell(s).
Phase 3 Retarget | Checksum: 18421a2d8

Time (s): cpu = 00:00:00.44 ; elapsed = 00:00:00.23 . Memory (MB): peak = 3152.309 ; gain = 0.000 ; free physical = 83373 ; free virtual = 123148
Retarget | Checksum: 18421a2d8
INFO: [Opt 31-389] Phase Retarget created 0 cells and removed 0 cells

Phase 4 Constant propagation
INFO: [Opt 31-138] Pushed 0 inverter(s) to 0 load pin(s).
Phase 4 Constant propagation | Checksum: 1b98c52d1

Time (s): cpu = 00:00:00.52 ; elapsed = 00:00:00.31 . Memory (MB): peak = 3152.309 ; gain = 0.000 ; free physical = 83373 ; free virtual = 123148
Constant propagation | Checksum: 1b98c52d1
INFO: [Opt 31-389] Phase Constant propagation created 0 cells and removed 0 cells

Phase 5 Sweep
Phase 5 Sweep | Checksum: 1edacc664

Time (s): cpu = 00:00:00.64 ; elapsed = 00:00:00.43 . Memory (MB): peak = 3152.309 ; gain = 0.000 ; free physical = 83373 ; free virtual = 123147
Sweep | Checksum: 1edacc664
INFO: [Opt 31-389] Phase Sweep created 0 cells and removed 0 cells

Phase 6 BUFG optimization
Phase 6 BUFG optimization | Checksum: 1edacc664

Time (s): cpu = 00:00:00.67 ; elapsed = 00:00:00.47 . Memory (MB): peak = 3152.309 ; gain = 0.000 ; free physical = 83373 ; free virtual = 123147
BUFG optimization | Checksum: 1edacc664
INFO: [Opt 31-662] Phase BUFG optimization created 0 cells of which 0 are BUFGs and removed 0 cells.

Phase 7 Shift Register Optimization
INFO: [Opt 31-1064] SRL Remap converted 0 SRLs to 0 registers and converted 0 registers of register chains to 0 SRLs
Phase 7 Shift Register Optimization | Checksum: 1edacc664

Time (s): cpu = 00:00:00.68 ; elapsed = 00:00:00.48 . Memory (MB): peak = 3152.309 ; gain = 0.000 ; free physical = 83373 ; free virtual = 123147
Shift Register Optimization | Checksum: 1edacc664
INFO: [Opt 31-389] Phase Shift Register Optimization created 0 cells and removed 0 cells

Phase 8 Post Processing Netlist
Phase 8 Post Processing Netlist | Checksum: 1edacc664

Time (s): cpu = 00:00:00.71 ; elapsed = 00:00:00.51 . Memory (MB): peak = 3152.309 ; gain = 0.000 ; free physical = 83373 ; free virtual = 123147
Post Processing Netlist | Checksum: 1edacc664
INFO: [Opt 31-389] Phase Post Processing Netlist created 0 cells and removed 0 cells

Phase 9 Finalization

Phase 9.1 Finalizing Design Cores and Updating Shapes
Phase 9.1 Finalizing Design Cores and Updating Shapes | Checksum: 20cfeb1e4

Time (s): cpu = 00:00:01 ; elapsed = 00:00:00.94 . Memory (MB): peak = 3152.309 ; gain = 0.000 ; free physical = 83372 ; free virtual = 123147

Phase 9.2 Verifying Netlist Connectivity

Starting Connectivity Check Task

Time (s): cpu = 00:00:00.01 ; elapsed = 00:00:00.01 . Memory (MB): peak = 3152.309 ; gain = 0.000 ; free physical = 83372 ; free virtual = 123147
Phase 9.2 Verifying Netlist Connectivity | Checksum: 20cfeb1e4

Time (s): cpu = 00:00:01 ; elapsed = 00:00:00.95 . Memory (MB): peak = 3152.309 ; gain = 0.000 ; free physical = 83372 ; free virtual = 123147
Phase 9 Finalization | Checksum: 20cfeb1e4

Time (s): cpu = 00:00:01 ; elapsed = 00:00:00.95 . Memory (MB): peak = 3152.309 ; gain = 0.000 ; free physical = 83372 ; free virtual = 123147
Opt_design Change Summary
=========================


-------------------------------------------------------------------------------------------------------------------------
|  Phase                        |  #Cells created  |  #Cells Removed  |  #Constrained objects preventing optimizations  |
-------------------------------------------------------------------------------------------------------------------------
|  Retarget                     |               0  |               0  |                                              0  |
|  Constant propagation         |               0  |               0  |                                              0  |
|  Sweep                        |               0  |               0  |                                              0  |
|  BUFG optimization            |               0  |               0  |                                              0  |
|  Shift Register Optimization  |               0  |               0  |                                              0  |
|  Post Processing Netlist      |               0  |               0  |                                              0  |
-------------------------------------------------------------------------------------------------------------------------


Ending Logic Optimization Task | Checksum: 20cfeb1e4

Time (s): cpu = 00:00:01 ; elapsed = 00:00:00.96 . Memory (MB): peak = 3152.309 ; gain = 0.000 ; free physical = 83372 ; free virtual = 123147

Starting Power Optimization Task
INFO: [Pwropt 34-132] Skipping clock gating for clocks with a period < 2.00 ns.
Ending Power Optimization Task | Checksum: 20cfeb1e4

Time (s): cpu = 00:00:00.01 ; elapsed = 00:00:00.01 . Memory (MB): peak = 3152.309 ; gain = 0.000 ; free physical = 83372 ; free virtual = 123146

Starting Final Cleanup Task
Ending Final Cleanup Task | Checksum: 20cfeb1e4

Time (s): cpu = 00:00:00 ; elapsed = 00:00:00 . Memory (MB): peak = 3152.309 ; gain = 0.000 ; free physical = 83372 ; free virtual = 123146

Starting Netlist Obfuscation Task
Netlist sorting complete. Time (s): cpu = 00:00:00.01 ; elapsed = 00:00:00 . Memory (MB): peak = 3152.309 ; gain = 0.000 ; free physical = 83372 ; free virtual = 123146
Ending Netlist Obfuscation Task | Checksum: 20cfeb1e4

Time (s): cpu = 00:00:00.01 ; elapsed = 00:00:00 . Memory (MB): peak = 3152.309 ; gain = 0.000 ; free physical = 83372 ; free virtual = 123146
INFO: [Common 17-83] Releasing license: Implementation
17 Infos, 0 Warnings, 0 Critical Warnings and 0 Errors encountered.
opt_design completed successfully
# place_design
Command: place_design
Attempting to get a license for feature 'Implementation' and/or device 'xc7z010'
INFO: [Common 17-349] Got license for feature 'Implementation' and/or device 'xc7z010'
INFO: [Common 17-83] Releasing license: Implementation
INFO: [DRC 23-27] Running DRC with 8 threads
INFO: [Vivado_Tcl 4-198] DRC finished with 0 Errors
INFO: [Vivado_Tcl 4-199] Please refer to the DRC report (report_drc) for more information.
Running DRC as a precondition to command place_design
INFO: [DRC 23-27] Running DRC with 8 threads
INFO: [Vivado_Tcl 4-198] DRC finished with 0 Errors
INFO: [Vivado_Tcl 4-199] Please refer to the DRC report (report_drc) for more information.
INFO: [Place 30-611] Multithreading enabled for place_design using a maximum of 8 CPUs

Starting Placer Task

Phase 1 Placer Initialization

Phase 1.1 Placer Initialization Netlist Sorting
Netlist sorting complete. Time (s): cpu = 00:00:00.01 ; elapsed = 00:00:00 . Memory (MB): peak = 3184.324 ; gain = 0.000 ; free physical = 83384 ; free virtual = 123159
Phase 1.1 Placer Initialization Netlist Sorting | Checksum: 11668dd21

Time (s): cpu = 00:00:00.01 ; elapsed = 00:00:00.02 . Memory (MB): peak = 3184.324 ; gain = 0.000 ; free physical = 83384 ; free virtual = 123159
Netlist sorting complete. Time (s): cpu = 00:00:00 ; elapsed = 00:00:00 . Memory (MB): peak = 3184.324 ; gain = 0.000 ; free physical = 83384 ; free virtual = 123159

Phase 1.2 IO Placement/ Clock Placement/ Build Placer Device
INFO: [Timing 38-35] Done setting XDC timing constraints.
Phase 1.2 IO Placement/ Clock Placement/ Build Placer Device | Checksum: 13403a507

Time (s): cpu = 00:00:01 ; elapsed = 00:00:00.52 . Memory (MB): peak = 3184.324 ; gain = 0.000 ; free physical = 83384 ; free virtual = 123158

Phase 1.3 Build Placer Netlist Model
Phase 1.3 Build Placer Netlist Model | Checksum: 19fa7b205

Time (s): cpu = 00:00:04 ; elapsed = 00:00:02 . Memory (MB): peak = 3191.352 ; gain = 7.027 ; free physical = 83376 ; free virtual = 123150

Phase 1.4 Constrain Clocks/Macros
Phase 1.4 Constrain Clocks/Macros | Checksum: 19fa7b205

Time (s): cpu = 00:00:04 ; elapsed = 00:00:02 . Memory (MB): peak = 3191.352 ; gain = 7.027 ; free physical = 83376 ; free virtual = 123150
Phase 1 Placer Initialization | Checksum: 19fa7b205

Time (s): cpu = 00:00:04 ; elapsed = 00:00:02 . Memory (MB): peak = 3191.352 ; gain = 7.027 ; free physical = 83376 ; free virtual = 123150

Phase 2 Global Placement

Phase 2.1 Floorplanning
Phase 2.1 Floorplanning | Checksum: 15ef851b5

Time (s): cpu = 00:00:05 ; elapsed = 00:00:02 . Memory (MB): peak = 3191.352 ; gain = 7.027 ; free physical = 83374 ; free virtual = 123149

Phase 2.2 Update Timing before SLR Path Opt
Phase 2.2 Update Timing before SLR Path Opt | Checksum: 22a03ce7a

Time (s): cpu = 00:00:05 ; elapsed = 00:00:02 . Memory (MB): peak = 3191.352 ; gain = 7.027 ; free physical = 83373 ; free virtual = 123148

Phase 2.3 Post-Processing in Floorplanning
Phase 2.3 Post-Processing in Floorplanning | Checksum: 22a03ce7a

Time (s): cpu = 00:00:05 ; elapsed = 00:00:02 . Memory (MB): peak = 3191.352 ; gain = 7.027 ; free physical = 83373 ; free virtual = 123148

Phase 2.4 Global Placement Core

Phase 2.4.1 UpdateTiming Before Physical Synthesis
Phase 2.4.1 UpdateTiming Before Physical Synthesis | Checksum: 2767848ce

Time (s): cpu = 00:00:14 ; elapsed = 00:00:04 . Memory (MB): peak = 3191.352 ; gain = 7.027 ; free physical = 83395 ; free virtual = 123170

Phase 2.4.2 Physical Synthesis In Placer
INFO: [Physopt 32-1035] Found 0 LUTNM shape to break, 129 LUT instances to create LUTNM shape
INFO: [Physopt 32-1044] Break lutnm for timing: one critical 0, two critical 0, total 0, new lutff created 0
INFO: [Physopt 32-1138] End 1 Pass. Optimized 64 nets or LUTs. Breaked 0 LUT, combined 64 existing LUTs and moved 0 existing LUT
INFO: [Physopt 32-1408] Pass 1. Identified 3 candidate nets for high-fanout optimization.
INFO: [Physopt 32-81] Processed net grp_dense_latency_ap_fixed_16_6_5_3_0_ap_fixed_36_16_5_3_0_config6_s_fu_156/ce. Replicated 14 times.
INFO: [Physopt 32-81] Processed net grp_dense_latency_ap_fixed_16_6_5_3_0_ap_fixed_36_16_5_3_0_config4_s_fu_132/ce. Replicated 14 times.
INFO: [Physopt 32-81] Processed net grp_dense_latency_ap_fixed_16_6_5_3_0_ap_fixed_36_16_5_3_0_config2_s_fu_114/ce. Replicated 14 times.
INFO: [Physopt 32-232] Optimized 3 nets. Created 42 new instances.
INFO: [Physopt 32-775] End 1 Pass. Optimized 3 nets or cells. Created 42 new cells, deleted 0 existing cell and moved 0 existing cell
Netlist sorting complete. Time (s): cpu = 00:00:00.05 ; elapsed = 00:00:00.06 . Memory (MB): peak = 3191.352 ; gain = 0.000 ; free physical = 83391 ; free virtual = 123165
INFO: [Physopt 32-456] No candidate cells for DSP register optimization found in the design.
INFO: [Physopt 32-775] End 2 Pass. Optimized 0 net or cell. Created 0 new cell, deleted 0 existing cell and moved 0 existing cell
INFO: [Physopt 32-1123] No candidate cells found for Shift Register to Pipeline optimization
INFO: [Physopt 32-775] End 2 Pass. Optimized 0 net or cell. Created 0 new cell, deleted 0 existing cell and moved 0 existing cell
INFO: [Physopt 32-1402] Pass 1: Identified 2 candidate cells for Shift Register optimization.
INFO: [Physopt 32-775] End 1 Pass. Optimized 2 nets or cells. Created 3 new cells, deleted 0 existing cell and moved 0 existing cell
Netlist sorting complete. Time (s): cpu = 00:00:00.04 ; elapsed = 00:00:00.04 . Memory (MB): peak = 3191.352 ; gain = 0.000 ; free physical = 83391 ; free virtual = 123165
INFO: [Physopt 32-526] No candidate cells for BRAM register optimization found in the design
INFO: [Physopt 32-775] End 1 Pass. Optimized 0 net or cell. Created 0 new cell, deleted 0 existing cell and moved 0 existing cell
INFO: [Physopt 32-846] No candidate cells for URAM register optimization found in the design
INFO: [Physopt 32-775] End 1 Pass. Optimized 0 net or cell. Created 0 new cell, deleted 0 existing cell and moved 0 existing cell
INFO: [Physopt 32-846] No candidate cells for URAM register optimization found in the design
INFO: [Physopt 32-775] End 1 Pass. Optimized 0 net or cell. Created 0 new cell, deleted 0 existing cell and moved 0 existing cell
INFO: [Physopt 32-949] No candidate nets found for dynamic/static region interface net replication
INFO: [Physopt 32-775] End 1 Pass. Optimized 0 net or cell. Created 0 new cell, deleted 0 existing cell and moved 0 existing cell
Netlist sorting complete. Time (s): cpu = 00:00:00.01 ; elapsed = 00:00:00 . Memory (MB): peak = 3191.352 ; gain = 0.000 ; free physical = 83391 ; free virtual = 123165

Summary of Physical Synthesis Optimizations
============================================


-----------------------------------------------------------------------------------------------------------------------------------------------------------
|  Optimization                                     |  Added Cells  |  Removed Cells  |  Optimized Cells/Nets  |  Dont Touch  |  Iterations  |  Elapsed   |
-----------------------------------------------------------------------------------------------------------------------------------------------------------
|  LUT Combining                                    |            0  |             64  |                    64  |           0  |           1  |  00:00:00  |
|  Retime                                           |            0  |              0  |                     0  |           0  |           1  |  00:00:00  |
|  Very High Fanout                                 |           42  |              0  |                     3  |           0  |           1  |  00:00:01  |
|  DSP Register                                     |            0  |              0  |                     0  |           0  |           1  |  00:00:00  |
|  Shift Register to Pipeline                       |            0  |              0  |                     0  |           0  |           1  |  00:00:00  |
|  Shift Register                                   |            3  |              0  |                     2  |           0  |           1  |  00:00:00  |
|  BRAM Register                                    |            0  |              0  |                     0  |           0  |           1  |  00:00:00  |
|  URAM Register                                    |            0  |              0  |                     0  |           0  |           1  |  00:00:00  |
|  Dynamic/Static Region Interface Net Replication  |            0  |              0  |                     0  |           0  |           1  |  00:00:00  |
|  Total                                            |           45  |             64  |                    69  |           0  |           9  |  00:00:01  |
-----------------------------------------------------------------------------------------------------------------------------------------------------------


Phase 2.4.2 Physical Synthesis In Placer | Checksum: 2f3d9aadf

Time (s): cpu = 00:00:16 ; elapsed = 00:00:06 . Memory (MB): peak = 3191.352 ; gain = 7.027 ; free physical = 83391 ; free virtual = 123165
Phase 2.4 Global Placement Core | Checksum: 1f0096ebb

Time (s): cpu = 00:00:16 ; elapsed = 00:00:06 . Memory (MB): peak = 3191.352 ; gain = 7.027 ; free physical = 83391 ; free virtual = 123165
Phase 2 Global Placement | Checksum: 1f0096ebb

Time (s): cpu = 00:00:16 ; elapsed = 00:00:06 . Memory (MB): peak = 3191.352 ; gain = 7.027 ; free physical = 83391 ; free virtual = 123165

Phase 3 Detail Placement

Phase 3.1 Commit Multi Column Macros
Phase 3.1 Commit Multi Column Macros | Checksum: 213d07b3a

Time (s): cpu = 00:00:17 ; elapsed = 00:00:06 . Memory (MB): peak = 3191.352 ; gain = 7.027 ; free physical = 83391 ; free virtual = 123165

Phase 3.2 Commit Most Macros & LUTRAMs
Phase 3.2 Commit Most Macros & LUTRAMs | Checksum: 30afbd804

Time (s): cpu = 00:00:19 ; elapsed = 00:00:07 . Memory (MB): peak = 3191.352 ; gain = 7.027 ; free physical = 83391 ; free virtual = 123165

Phase 3.3 Area Swap Optimization
Phase 3.3 Area Swap Optimization | Checksum: 24b633e76

Time (s): cpu = 00:00:19 ; elapsed = 00:00:07 . Memory (MB): peak = 3191.352 ; gain = 7.027 ; free physical = 83391 ; free virtual = 123165

Phase 3.4 Pipeline Register Optimization
Phase 3.4 Pipeline Register Optimization | Checksum: 255295403

Time (s): cpu = 00:00:19 ; elapsed = 00:00:07 . Memory (MB): peak = 3191.352 ; gain = 7.027 ; free physical = 83391 ; free virtual = 123165

Phase 3.5 Small Shape Detail Placement
Phase 3.5 Small Shape Detail Placement | Checksum: 1c639b9c7

Time (s): cpu = 00:00:20 ; elapsed = 00:00:08 . Memory (MB): peak = 3191.352 ; gain = 7.027 ; free physical = 83390 ; free virtual = 123165

Phase 3.6 Re-assign LUT pins
Phase 3.6 Re-assign LUT pins | Checksum: 2596df978

Time (s): cpu = 00:00:20 ; elapsed = 00:00:08 . Memory (MB): peak = 3191.352 ; gain = 7.027 ; free physical = 83390 ; free virtual = 123165

Phase 3.7 Pipeline Register Optimization
Phase 3.7 Pipeline Register Optimization | Checksum: 222fb9319

Time (s): cpu = 00:00:20 ; elapsed = 00:00:08 . Memory (MB): peak = 3191.352 ; gain = 7.027 ; free physical = 83390 ; free virtual = 123165
Phase 3 Detail Placement | Checksum: 222fb9319

Time (s): cpu = 00:00:20 ; elapsed = 00:00:08 . Memory (MB): peak = 3191.352 ; gain = 7.027 ; free physical = 83390 ; free virtual = 123165

Phase 4 Post Placement Optimization and Clean-Up

Phase 4.1 Post Commit Optimization
INFO: [Timing 38-35] Done setting XDC timing constraints.

Phase 4.1.1 Post Placement Optimization
Post Placement Optimization Initialization | Checksum: 91cad2ce

Phase 4.1.1.1 BUFG Insertion

Starting Physical Synthesis Task

Phase 1 Physical Synthesis Initialization
INFO: [Physopt 32-721] Multithreading enabled for phys_opt_design using a maximum of 8 CPUs
INFO: [Physopt 32-619] Estimated Timing Summary | WNS=-0.386 | TNS=-3.771 |
Phase 1 Physical Synthesis Initialization | Checksum: 42949cd8

Time (s): cpu = 00:00:01 ; elapsed = 00:00:00.56 . Memory (MB): peak = 3191.352 ; gain = 0.000 ; free physical = 83390 ; free virtual = 123165
INFO: [Place 46-56] BUFG insertion identified 0 candidate nets. Inserted BUFG: 0, Replicated BUFG Driver: 0, Skipped due to Placement/Routing Conflicts: 0, Skipped due to Timing Degradation: 0, Skipped due to netlist editing failed: 0.
Ending Physical Synthesis Task | Checksum: b0e78bcc

Time (s): cpu = 00:00:01 ; elapsed = 00:00:00.63 . Memory (MB): peak = 3191.352 ; gain = 0.000 ; free physical = 83390 ; free virtual = 123165
Phase 4.1.1.1 BUFG Insertion | Checksum: 91cad2ce

Time (s): cpu = 00:00:25 ; elapsed = 00:00:10 . Memory (MB): peak = 3191.352 ; gain = 7.027 ; free physical = 83390 ; free virtual = 123165

Phase 4.1.1.2 Post Placement Timing Optimization
INFO: [Place 30-746] Post Placement Timing Summary WNS=-0.254. For the most accurate timing information please run report_timing.
Phase 4.1.1.2 Post Placement Timing Optimization | Checksum: 22f3f471e

Time (s): cpu = 00:00:46 ; elapsed = 00:00:30 . Memory (MB): peak = 3191.352 ; gain = 7.027 ; free physical = 83373 ; free virtual = 123147

Time (s): cpu = 00:00:46 ; elapsed = 00:00:30 . Memory (MB): peak = 3191.352 ; gain = 7.027 ; free physical = 83373 ; free virtual = 123147
Phase 4.1 Post Commit Optimization | Checksum: 22f3f471e

Time (s): cpu = 00:00:46 ; elapsed = 00:00:30 . Memory (MB): peak = 3191.352 ; gain = 7.027 ; free physical = 83373 ; free virtual = 123147

Phase 4.2 Post Placement Cleanup
Phase 4.2 Post Placement Cleanup | Checksum: 22f3f471e

Time (s): cpu = 00:00:46 ; elapsed = 00:00:30 . Memory (MB): peak = 3191.352 ; gain = 7.027 ; free physical = 83373 ; free virtual = 123147

Phase 4.3 Placer Reporting

Phase 4.3.1 Print Estimated Congestion
INFO: [Place 30-612] Post-Placement Estimated Congestion 
 ____________________________________________________
|           | Global Congestion | Short Congestion  |
| Direction | Region Size       | Region Size       |
|___________|___________________|___________________|
|      North|                1x1|                2x2|
|___________|___________________|___________________|
|      South|                1x1|                1x1|
|___________|___________________|___________________|
|       East|                1x1|                1x1|
|___________|___________________|___________________|
|       West|                1x1|                1x1|
|___________|___________________|___________________|

Phase 4.3.1 Print Estimated Congestion | Checksum: 22f3f471e

Time (s): cpu = 00:00:46 ; elapsed = 00:00:30 . Memory (MB): peak = 3191.352 ; gain = 7.027 ; free physical = 83373 ; free virtual = 123147
Phase 4.3 Placer Reporting | Checksum: 22f3f471e

Time (s): cpu = 00:00:46 ; elapsed = 00:00:30 . Memory (MB): peak = 3191.352 ; gain = 7.027 ; free physical = 83373 ; free virtual = 123147

Phase 4.4 Final Placement Cleanup
Netlist sorting complete. Time (s): cpu = 00:00:00.01 ; elapsed = 00:00:00 . Memory (MB): peak = 3191.352 ; gain = 0.000 ; free physical = 83373 ; free virtual = 123147

Time (s): cpu = 00:00:46 ; elapsed = 00:00:30 . Memory (MB): peak = 3191.352 ; gain = 7.027 ; free physical = 83373 ; free virtual = 123147
Phase 4 Post Placement Optimization and Clean-Up | Checksum: 27f15fc10

Time (s): cpu = 00:00:46 ; elapsed = 00:00:30 . Memory (MB): peak = 3191.352 ; gain = 7.027 ; free physical = 83373 ; free virtual = 123147
Ending Placer Task | Checksum: 1c0b63e10

Time (s): cpu = 00:00:46 ; elapsed = 00:00:30 . Memory (MB): peak = 3191.352 ; gain = 7.027 ; free physical = 83372 ; free virtual = 123147
39 Infos, 0 Warnings, 0 Critical Warnings and 0 Errors encountered.
place_design completed successfully
place_design: Time (s): cpu = 00:00:48 ; elapsed = 00:00:31 . Memory (MB): peak = 3191.352 ; gain = 39.043 ; free physical = 83372 ; free virtual = 123147
# route_design
Command: route_design
Attempting to get a license for feature 'Implementation' and/or device 'xc7z010'
INFO: [Common 17-349] Got license for feature 'Implementation' and/or device 'xc7z010'
Running DRC as a precondition to command route_design
INFO: [DRC 23-27] Running DRC with 8 threads
INFO: [Vivado_Tcl 4-198] DRC finished with 0 Errors
INFO: [Vivado_Tcl 4-199] Please refer to the DRC report (report_drc) for more information.


Starting Routing Task
INFO: [Route 35-254] Multithreading enabled for route_design using a maximum of 8 CPUs

Phase 1 Build RT Design
Checksum: PlaceDB: f87c0703 ConstDB: 0 ShapeSum: 5ea1dfe2 RouteDB: 6998572b
WARNING: [Route 35-197] Clock port "ap_clk" does not have an associated HD.CLK_SRC. Without this constraint, timing analysis may not be accurate and upstream checks cannot be done to ensure correct clock placement.
WARNING: [Route 35-198] Port "ap_start" does not have an associated HD.PARTPIN_LOCS, which will prevent the partial routing of the signal "ap_start". Without this partial route, timing analysis to/from this port will not be accurate, and no routing information for this port can be exported.
WARNING: [Route 35-198] Port "ap_rst" does not have an associated HD.PARTPIN_LOCS, which will prevent the partial routing of the signal "ap_rst". Without this partial route, timing analysis to/from this port will not be accurate, and no routing information for this port can be exported.
WARNING: [Route 35-198] Port "input_layer_ap_vld" does not have an associated HD.PARTPIN_LOCS, which will prevent the partial routing of the signal "input_layer_ap_vld". Without this partial route, timing analysis to/from this port will not be accurate, and no routing information for this port can be exported.
WARNING: [Route 35-198] Port "input_layer[111]" does not have an associated HD.PARTPIN_LOCS, which will prevent the partial routing of the signal "input_layer[111]". Without this partial route, timing analysis to/from this port will not be accurate, and no routing information for this port can be exported.
WARNING: [Route 35-198] Port "input_layer[110]" does not have an associated HD.PARTPIN_LOCS, which will prevent the partial routing of the signal "input_layer[110]". Without this partial route, timing analysis to/from this port will not be accurate, and no routing information for this port can be exported.
WARNING: [Route 35-198] Port "input_layer[95]" does not have an associated HD.PARTPIN_LOCS, which will prevent the partial routing of the signal "input_layer[95]". Without this partial route, timing analysis to/from this port will not be accurate, and no routing information for this port can be exported.
WARNING: [Route 35-198] Port "input_layer[94]" does not have an associated HD.PARTPIN_LOCS, which will prevent the partial routing of the signal "input_layer[94]". Without this partial route, timing analysis to/from this port will not be accurate, and no routing information for this port can be exported.
WARNING: [Route 35-198] Port "input_layer[91]" does not have an associated HD.PARTPIN_LOCS, which will prevent the partial routing of the signal "input_layer[91]". Without this partial route, timing analysis to/from this port will not be accurate, and no routing information for this port can be exported.
WARNING: [Route 35-198] Port "input_layer[90]" does not have an associated HD.PARTPIN_LOCS, which will prevent the partial routing of the signal "input_layer[90]". Without this partial route, timing analysis to/from this port will not be accurate, and no routing information for this port can be exported.
WARNING: [Route 35-198] Port "input_layer[101]" does not have an associated HD.PARTPIN_LOCS, which will prevent the partial routing of the signal "input_layer[101]". Without this partial route, timing analysis to/from this port will not be accurate, and no routing information for this port can be exported.
WARNING: [Route 35-198] Port "input_layer[100]" does not have an associated HD.PARTPIN_LOCS, which will prevent the partial routing of the signal "input_layer[100]". Without this partial route, timing analysis to/from this port will not be accurate, and no routing information for this port can be exported.
WARNING: [Route 35-198] Port "input_layer[93]" does not have an associated HD.PARTPIN_LOCS, which will prevent the partial routing of the signal "input_layer[93]". Without this partial route, timing analysis to/from this port will not be accurate, and no routing information for this port can be exported.
WARNING: [Route 35-198] Port "input_layer[92]" does not have an associated HD.PARTPIN_LOCS, which will prevent the partial routing of the signal "input_layer[92]". Without this partial route, timing analysis to/from this port will not be accurate, and no routing information for this port can be exported.
WARNING: [Route 35-198] Port "input_layer[15]" does not have an associated HD.PARTPIN_LOCS, which will prevent the partial routing of the signal "input_layer[15]". Without this partial route, timing analysis to/from this port will not be accurate, and no routing information for this port can be exported.
WARNING: [Route 35-198] Port "input_layer[14]" does not have an associated HD.PARTPIN_LOCS, which will prevent the partial routing of the signal "input_layer[14]". Without this partial route, timing analysis to/from this port will not be accurate, and no routing information for this port can be exported.
WARNING: [Route 35-198] Port "input_layer[11]" does not have an associated HD.PARTPIN_LOCS, which will prevent the partial routing of the signal "input_layer[11]". Without this partial route, timing analysis to/from this port will not be accurate, and no routing information for this port can be exported.
WARNING: [Route 35-198] Port "input_layer[10]" does not have an associated HD.PARTPIN_LOCS, which will prevent the partial routing of the signal "input_layer[10]". Without this partial route, timing analysis to/from this port will not be accurate, and no routing information for this port can be exported.
WARNING: [Route 35-198] Port "input_layer[23]" does not have an associated HD.PARTPIN_LOCS, which will prevent the partial routing of the signal "input_layer[23]". Without this partial route, timing analysis to/from this port will not be accurate, and no routing information for this port can be exported.
WARNING: [Route 35-198] Port "input_layer[22]" does not have an associated HD.PARTPIN_LOCS, which will prevent the partial routing of the signal "input_layer[22]". Without this partial route, timing analysis to/from this port will not be accurate, and no routing information for this port can be exported.
WARNING: [Route 35-198] Port "input_layer[17]" does not have an associated HD.PARTPIN_LOCS, which will prevent the partial routing of the signal "input_layer[17]". Without this partial route, timing analysis to/from this port will not be accurate, and no routing information for this port can be exported.
WARNING: [Route 35-198] Port "input_layer[16]" does not have an associated HD.PARTPIN_LOCS, which will prevent the partial routing of the signal "input_layer[16]". Without this partial route, timing analysis to/from this port will not be accurate, and no routing information for this port can be exported.
WARNING: [Route 35-198] Port "input_layer[109]" does not have an associated HD.PARTPIN_LOCS, which will prevent the partial routing of the signal "input_layer[109]". Without this partial route, timing analysis to/from this port will not be accurate, and no routing information for this port can be exported.
WARNING: [Route 35-198] Port "input_layer[108]" does not have an associated HD.PARTPIN_LOCS, which will prevent the partial routing of the signal "input_layer[108]". Without this partial route, timing analysis to/from this port will not be accurate, and no routing information for this port can be exported.
WARNING: [Route 35-198] Port "input_layer[107]" does not have an associated HD.PARTPIN_LOCS, which will prevent the partial routing of the signal "input_layer[107]". Without this partial route, timing analysis to/from this port will not be accurate, and no routing information for this port can be exported.
WARNING: [Route 35-198] Port "input_layer[106]" does not have an associated HD.PARTPIN_LOCS, which will prevent the partial routing of the signal "input_layer[106]". Without this partial route, timing analysis to/from this port will not be accurate, and no routing information for this port can be exported.
WARNING: [Route 35-198] Port "input_layer[85]" does not have an associated HD.PARTPIN_LOCS, which will prevent the partial routing of the signal "input_layer[85]". Without this partial route, timing analysis to/from this port will not be accurate, and no routing information for this port can be exported.
WARNING: [Route 35-198] Port "input_layer[84]" does not have an associated HD.PARTPIN_LOCS, which will prevent the partial routing of the signal "input_layer[84]". Without this partial route, timing analysis to/from this port will not be accurate, and no routing information for this port can be exported.
WARNING: [Route 35-198] Port "input_layer[13]" does not have an associated HD.PARTPIN_LOCS, which will prevent the partial routing of the signal "input_layer[13]". Without this partial route, timing analysis to/from this port will not be accurate, and no routing information for this port can be exported.
WARNING: [Route 35-198] Port "input_layer[12]" does not have an associated HD.PARTPIN_LOCS, which will prevent the partial routing of the signal "input_layer[12]". Without this partial route, timing analysis to/from this port will not be accurate, and no routing information for this port can be exported.
WARNING: [Route 35-198] Port "input_layer[89]" does not have an associated HD.PARTPIN_LOCS, which will prevent the partial routing of the signal "input_layer[89]". Without this partial route, timing analysis to/from this port will not be accurate, and no routing information for this port can be exported.
WARNING: [Route 35-198] Port "input_layer[88]" does not have an associated HD.PARTPIN_LOCS, which will prevent the partial routing of the signal "input_layer[88]". Without this partial route, timing analysis to/from this port will not be accurate, and no routing information for this port can be exported.
WARNING: [Route 35-198] Port "input_layer[21]" does not have an associated HD.PARTPIN_LOCS, which will prevent the partial routing of the signal "input_layer[21]". Without this partial route, timing analysis to/from this port will not be accurate, and no routing information for this port can be exported.
WARNING: [Route 35-198] Port "input_layer[20]" does not have an associated HD.PARTPIN_LOCS, which will prevent the partial routing of the signal "input_layer[20]". Without this partial route, timing analysis to/from this port will not be accurate, and no routing information for this port can be exported.
WARNING: [Route 35-198] Port "input_layer[9]" does not have an associated HD.PARTPIN_LOCS, which will prevent the partial routing of the signal "input_layer[9]". Without this partial route, timing analysis to/from this port will not be accurate, and no routing information for this port can be exported.
WARNING: [Route 35-198] Port "input_layer[8]" does not have an associated HD.PARTPIN_LOCS, which will prevent the partial routing of the signal "input_layer[8]". Without this partial route, timing analysis to/from this port will not be accurate, and no routing information for this port can be exported.
WARNING: [Route 35-198] Port "input_layer[19]" does not have an associated HD.PARTPIN_LOCS, which will prevent the partial routing of the signal "input_layer[19]". Without this partial route, timing analysis to/from this port will not be accurate, and no routing information for this port can be exported.
WARNING: [Route 35-198] Port "input_layer[18]" does not have an associated HD.PARTPIN_LOCS, which will prevent the partial routing of the signal "input_layer[18]". Without this partial route, timing analysis to/from this port will not be accurate, and no routing information for this port can be exported.
WARNING: [Route 35-198] Port "input_layer[31]" does not have an associated HD.PARTPIN_LOCS, which will prevent the partial routing of the signal "input_layer[31]". Without this partial route, timing analysis to/from this port will not be accurate, and no routing information for this port can be exported.
WARNING: [Route 35-198] Port "input_layer[30]" does not have an associated HD.PARTPIN_LOCS, which will prevent the partial routing of the signal "input_layer[30]". Without this partial route, timing analysis to/from this port will not be accurate, and no routing information for this port can be exported.
WARNING: [Route 35-198] Port "input_layer[29]" does not have an associated HD.PARTPIN_LOCS, which will prevent the partial routing of the signal "input_layer[29]". Without this partial route, timing analysis to/from this port will not be accurate, and no routing information for this port can be exported.
WARNING: [Route 35-198] Port "input_layer[28]" does not have an associated HD.PARTPIN_LOCS, which will prevent the partial routing of the signal "input_layer[28]". Without this partial route, timing analysis to/from this port will not be accurate, and no routing information for this port can be exported.
WARNING: [Route 35-198] Port "input_layer[27]" does not have an associated HD.PARTPIN_LOCS, which will prevent the partial routing of the signal "input_layer[27]". Without this partial route, timing analysis to/from this port will not be accurate, and no routing information for this port can be exported.
WARNING: [Route 35-198] Port "input_layer[26]" does not have an associated HD.PARTPIN_LOCS, which will prevent the partial routing of the signal "input_layer[26]". Without this partial route, timing analysis to/from this port will not be accurate, and no routing information for this port can be exported.
WARNING: [Route 35-198] Port "input_layer[25]" does not have an associated HD.PARTPIN_LOCS, which will prevent the partial routing of the signal "input_layer[25]". Without this partial route, timing analysis to/from this port will not be accurate, and no routing information for this port can be exported.
WARNING: [Route 35-198] Port "input_layer[24]" does not have an associated HD.PARTPIN_LOCS, which will prevent the partial routing of the signal "input_layer[24]". Without this partial route, timing analysis to/from this port will not be accurate, and no routing information for this port can be exported.
WARNING: [Route 35-198] Port "input_layer[105]" does not have an associated HD.PARTPIN_LOCS, which will prevent the partial routing of the signal "input_layer[105]". Without this partial route, timing analysis to/from this port will not be accurate, and no routing information for this port can be exported.
WARNING: [Route 35-198] Port "input_layer[104]" does not have an associated HD.PARTPIN_LOCS, which will prevent the partial routing of the signal "input_layer[104]". Without this partial route, timing analysis to/from this port will not be accurate, and no routing information for this port can be exported.
WARNING: [Route 35-198] Port "input_layer[103]" does not have an associated HD.PARTPIN_LOCS, which will prevent the partial routing of the signal "input_layer[103]". Without this partial route, timing analysis to/from this port will not be accurate, and no routing information for this port can be exported.
WARNING: [Route 35-198] Port "input_layer[102]" does not have an associated HD.PARTPIN_LOCS, which will prevent the partial routing of the signal "input_layer[102]". Without this partial route, timing analysis to/from this port will not be accurate, and no routing information for this port can be exported.
WARNING: [Route 35-198] Port "input_layer[80]" does not have an associated HD.PARTPIN_LOCS, which will prevent the partial routing of the signal "input_layer[80]". Without this partial route, timing analysis to/from this port will not be accurate, and no routing information for this port can be exported.
WARNING: [Route 35-198] Port "input_layer[81]" does not have an associated HD.PARTPIN_LOCS, which will prevent the partial routing of the signal "input_layer[81]". Without this partial route, timing analysis to/from this port will not be accurate, and no routing information for this port can be exported.
WARNING: [Route 35-198] Port "input_layer[97]" does not have an associated HD.PARTPIN_LOCS, which will prevent the partial routing of the signal "input_layer[97]". Without this partial route, timing analysis to/from this port will not be accurate, and no routing information for this port can be exported.
WARNING: [Route 35-198] Port "input_layer[96]" does not have an associated HD.PARTPIN_LOCS, which will prevent the partial routing of the signal "input_layer[96]". Without this partial route, timing analysis to/from this port will not be accurate, and no routing information for this port can be exported.
WARNING: [Route 35-198] Port "input_layer[87]" does not have an associated HD.PARTPIN_LOCS, which will prevent the partial routing of the signal "input_layer[87]". Without this partial route, timing analysis to/from this port will not be accurate, and no routing information for this port can be exported.
WARNING: [Route 35-198] Port "input_layer[86]" does not have an associated HD.PARTPIN_LOCS, which will prevent the partial routing of the signal "input_layer[86]". Without this partial route, timing analysis to/from this port will not be accurate, and no routing information for this port can be exported.
WARNING: [Route 35-198] Port "input_layer[83]" does not have an associated HD.PARTPIN_LOCS, which will prevent the partial routing of the signal "input_layer[83]". Without this partial route, timing analysis to/from this port will not be accurate, and no routing information for this port can be exported.
WARNING: [Route 35-198] Port "input_layer[82]" does not have an associated HD.PARTPIN_LOCS, which will prevent the partial routing of the signal "input_layer[82]". Without this partial route, timing analysis to/from this port will not be accurate, and no routing information for this port can be exported.
WARNING: [Route 35-198] Port "input_layer[99]" does not have an associated HD.PARTPIN_LOCS, which will prevent the partial routing of the signal "input_layer[99]". Without this partial route, timing analysis to/from this port will not be accurate, and no routing information for this port can be exported.
WARNING: [Route 35-198] Port "input_layer[98]" does not have an associated HD.PARTPIN_LOCS, which will prevent the partial routing of the signal "input_layer[98]". Without this partial route, timing analysis to/from this port will not be accurate, and no routing information for this port can be exported.
WARNING: [Route 35-198] Port "input_layer[5]" does not have an associated HD.PARTPIN_LOCS, which will prevent the partial routing of the signal "input_layer[5]". Without this partial route, timing analysis to/from this port will not be accurate, and no routing information for this port can be exported.
WARNING: [Route 35-198] Port "input_layer[4]" does not have an associated HD.PARTPIN_LOCS, which will prevent the partial routing of the signal "input_layer[4]". Without this partial route, timing analysis to/from this port will not be accurate, and no routing information for this port can be exported.
WARNING: [Route 35-198] Port "input_layer[1]" does not have an associated HD.PARTPIN_LOCS, which will prevent the partial routing of the signal "input_layer[1]". Without this partial route, timing analysis to/from this port will not be accurate, and no routing information for this port can be exported.
WARNING: [Route 35-198] Port "input_layer[0]" does not have an associated HD.PARTPIN_LOCS, which will prevent the partial routing of the signal "input_layer[0]". Without this partial route, timing analysis to/from this port will not be accurate, and no routing information for this port can be exported.
WARNING: [Route 35-198] Port "input_layer[3]" does not have an associated HD.PARTPIN_LOCS, which will prevent the partial routing of the signal "input_layer[3]". Without this partial route, timing analysis to/from this port will not be accurate, and no routing information for this port can be exported.
WARNING: [Route 35-198] Port "input_layer[2]" does not have an associated HD.PARTPIN_LOCS, which will prevent the partial routing of the signal "input_layer[2]". Without this partial route, timing analysis to/from this port will not be accurate, and no routing information for this port can be exported.
WARNING: [Route 35-198] Port "input_layer[7]" does not have an associated HD.PARTPIN_LOCS, which will prevent the partial routing of the signal "input_layer[7]". Without this partial route, timing analysis to/from this port will not be accurate, and no routing information for this port can be exported.
WARNING: [Route 35-198] Port "input_layer[6]" does not have an associated HD.PARTPIN_LOCS, which will prevent the partial routing of the signal "input_layer[6]". Without this partial route, timing analysis to/from this port will not be accurate, and no routing information for this port can be exported.
WARNING: [Route 35-198] Port "input_layer[125]" does not have an associated HD.PARTPIN_LOCS, which will prevent the partial routing of the signal "input_layer[125]". Without this partial route, timing analysis to/from this port will not be accurate, and no routing information for this port can be exported.
WARNING: [Route 35-198] Port "input_layer[124]" does not have an associated HD.PARTPIN_LOCS, which will prevent the partial routing of the signal "input_layer[124]". Without this partial route, timing analysis to/from this port will not be accurate, and no routing information for this port can be exported.
WARNING: [Route 35-198] Port "input_layer[123]" does not have an associated HD.PARTPIN_LOCS, which will prevent the partial routing of the signal "input_layer[123]". Without this partial route, timing analysis to/from this port will not be accurate, and no routing information for this port can be exported.
WARNING: [Route 35-198] Port "input_layer[122]" does not have an associated HD.PARTPIN_LOCS, which will prevent the partial routing of the signal "input_layer[122]". Without this partial route, timing analysis to/from this port will not be accurate, and no routing information for this port can be exported.
WARNING: [Route 35-198] Port "input_layer[121]" does not have an associated HD.PARTPIN_LOCS, which will prevent the partial routing of the signal "input_layer[121]". Without this partial route, timing analysis to/from this port will not be accurate, and no routing information for this port can be exported.
WARNING: [Route 35-198] Port "input_layer[120]" does not have an associated HD.PARTPIN_LOCS, which will prevent the partial routing of the signal "input_layer[120]". Without this partial route, timing analysis to/from this port will not be accurate, and no routing information for this port can be exported.
WARNING: [Route 35-198] Port "input_layer[65]" does not have an associated HD.PARTPIN_LOCS, which will prevent the partial routing of the signal "input_layer[65]". Without this partial route, timing analysis to/from this port will not be accurate, and no routing information for this port can be exported.
WARNING: [Route 35-198] Port "input_layer[64]" does not have an associated HD.PARTPIN_LOCS, which will prevent the partial routing of the signal "input_layer[64]". Without this partial route, timing analysis to/from this port will not be accurate, and no routing information for this port can be exported.
WARNING: [Route 35-198] Port "input_layer[51]" does not have an associated HD.PARTPIN_LOCS, which will prevent the partial routing of the signal "input_layer[51]". Without this partial route, timing analysis to/from this port will not be accurate, and no routing information for this port can be exported.
WARNING: [Route 35-198] Port "input_layer[50]" does not have an associated HD.PARTPIN_LOCS, which will prevent the partial routing of the signal "input_layer[50]". Without this partial route, timing analysis to/from this port will not be accurate, and no routing information for this port can be exported.
WARNING: [Route 35-198] Port "input_layer[127]" does not have an associated HD.PARTPIN_LOCS, which will prevent the partial routing of the signal "input_layer[127]". Without this partial route, timing analysis to/from this port will not be accurate, and no routing information for this port can be exported.
WARNING: [Route 35-198] Port "input_layer[126]" does not have an associated HD.PARTPIN_LOCS, which will prevent the partial routing of the signal "input_layer[126]". Without this partial route, timing analysis to/from this port will not be accurate, and no routing information for this port can be exported.
WARNING: [Route 35-198] Port "input_layer[115]" does not have an associated HD.PARTPIN_LOCS, which will prevent the partial routing of the signal "input_layer[115]". Without this partial route, timing analysis to/from this port will not be accurate, and no routing information for this port can be exported.
WARNING: [Route 35-198] Port "input_layer[114]" does not have an associated HD.PARTPIN_LOCS, which will prevent the partial routing of the signal "input_layer[114]". Without this partial route, timing analysis to/from this port will not be accurate, and no routing information for this port can be exported.
WARNING: [Route 35-198] Port "input_layer[45]" does not have an associated HD.PARTPIN_LOCS, which will prevent the partial routing of the signal "input_layer[45]". Without this partial route, timing analysis to/from this port will not be accurate, and no routing information for this port can be exported.
WARNING: [Route 35-198] Port "input_layer[44]" does not have an associated HD.PARTPIN_LOCS, which will prevent the partial routing of the signal "input_layer[44]". Without this partial route, timing analysis to/from this port will not be accurate, and no routing information for this port can be exported.
WARNING: [Route 35-198] Port "input_layer[119]" does not have an associated HD.PARTPIN_LOCS, which will prevent the partial routing of the signal "input_layer[119]". Without this partial route, timing analysis to/from this port will not be accurate, and no routing information for this port can be exported.
WARNING: [Route 35-198] Port "input_layer[118]" does not have an associated HD.PARTPIN_LOCS, which will prevent the partial routing of the signal "input_layer[118]". Without this partial route, timing analysis to/from this port will not be accurate, and no routing information for this port can be exported.
WARNING: [Route 35-198] Port "input_layer[63]" does not have an associated HD.PARTPIN_LOCS, which will prevent the partial routing of the signal "input_layer[63]". Without this partial route, timing analysis to/from this port will not be accurate, and no routing information for this port can be exported.
WARNING: [Route 35-198] Port "input_layer[62]" does not have an associated HD.PARTPIN_LOCS, which will prevent the partial routing of the signal "input_layer[62]". Without this partial route, timing analysis to/from this port will not be accurate, and no routing information for this port can be exported.
WARNING: [Route 35-198] Port "input_layer[117]" does not have an associated HD.PARTPIN_LOCS, which will prevent the partial routing of the signal "input_layer[117]". Without this partial route, timing analysis to/from this port will not be accurate, and no routing information for this port can be exported.
WARNING: [Route 35-198] Port "input_layer[116]" does not have an associated HD.PARTPIN_LOCS, which will prevent the partial routing of the signal "input_layer[116]". Without this partial route, timing analysis to/from this port will not be accurate, and no routing information for this port can be exported.
WARNING: [Route 35-198] Port "input_layer[47]" does not have an associated HD.PARTPIN_LOCS, which will prevent the partial routing of the signal "input_layer[47]". Without this partial route, timing analysis to/from this port will not be accurate, and no routing information for this port can be exported.
WARNING: [Route 35-198] Port "input_layer[46]" does not have an associated HD.PARTPIN_LOCS, which will prevent the partial routing of the signal "input_layer[46]". Without this partial route, timing analysis to/from this port will not be accurate, and no routing information for this port can be exported.
WARNING: [Route 35-198] Port "input_layer[39]" does not have an associated HD.PARTPIN_LOCS, which will prevent the partial routing of the signal "input_layer[39]". Without this partial route, timing analysis to/from this port will not be accurate, and no routing information for this port can be exported.
WARNING: [Route 35-198] Port "input_layer[38]" does not have an associated HD.PARTPIN_LOCS, which will prevent the partial routing of the signal "input_layer[38]". Without this partial route, timing analysis to/from this port will not be accurate, and no routing information for this port can be exported.
WARNING: [Route 35-198] Port "input_layer[37]" does not have an associated HD.PARTPIN_LOCS, which will prevent the partial routing of the signal "input_layer[37]". Without this partial route, timing analysis to/from this port will not be accurate, and no routing information for this port can be exported.
WARNING: [Route 35-198] Port "input_layer[36]" does not have an associated HD.PARTPIN_LOCS, which will prevent the partial routing of the signal "input_layer[36]". Without this partial route, timing analysis to/from this port will not be accurate, and no routing information for this port can be exported.
WARNING: [Route 35-198] Port "input_layer[113]" does not have an associated HD.PARTPIN_LOCS, which will prevent the partial routing of the signal "input_layer[113]". Without this partial route, timing analysis to/from this port will not be accurate, and no routing information for this port can be exported.
WARNING: [Route 35-198] Port "input_layer[112]" does not have an associated HD.PARTPIN_LOCS, which will prevent the partial routing of the signal "input_layer[112]". Without this partial route, timing analysis to/from this port will not be accurate, and no routing information for this port can be exported.
WARNING: [Route 35-198] Port "input_layer[41]" does not have an associated HD.PARTPIN_LOCS, which will prevent the partial routing of the signal "input_layer[41]". Without this partial route, timing analysis to/from this port will not be accurate, and no routing information for this port can be exported.
WARNING: [Route 35-198] Port "input_layer[40]" does not have an associated HD.PARTPIN_LOCS, which will prevent the partial routing of the signal "input_layer[40]". Without this partial route, timing analysis to/from this port will not be accurate, and no routing information for this port can be exported.
WARNING: [Route 35-198] Port "input_layer[79]" does not have an associated HD.PARTPIN_LOCS, which will prevent the partial routing of the signal "input_layer[79]". Without this partial route, timing analysis to/from this port will not be accurate, and no routing information for this port can be exported.
INFO: [Common 17-14] Message 'Route 35-198' appears 100 times and further instances of the messages will be disabled. Use the Tcl command set_msg_config to change the current settings.
WARNING: [Constraints 18-8777] Unable to split tiles. All required files are not available.
Post Restoration Checksum: NetGraph: ab2f35f8 | NumContArr: 257e86e6 | Constraints: c2a8fa9d | Timing: c2a8fa9d
Phase 1 Build RT Design | Checksum: 255ffb218

Time (s): cpu = 00:00:09 ; elapsed = 00:00:06 . Memory (MB): peak = 3191.352 ; gain = 0.000 ; free physical = 83367 ; free virtual = 123142

Phase 2 Router Initialization

Phase 2.1 Fix Topology Constraints
Phase 2.1 Fix Topology Constraints | Checksum: 255ffb218

Time (s): cpu = 00:00:09 ; elapsed = 00:00:06 . Memory (MB): peak = 3191.352 ; gain = 0.000 ; free physical = 83367 ; free virtual = 123142

Phase 2.2 Pre Route Cleanup
Phase 2.2 Pre Route Cleanup | Checksum: 255ffb218

Time (s): cpu = 00:00:09 ; elapsed = 00:00:06 . Memory (MB): peak = 3191.352 ; gain = 0.000 ; free physical = 83367 ; free virtual = 123142
 Number of Nodes with overlaps = 0

Phase 2.3 Update Timing
Phase 2.3 Update Timing | Checksum: 2f5f0baa3

Time (s): cpu = 00:00:11 ; elapsed = 00:00:07 . Memory (MB): peak = 3191.352 ; gain = 0.000 ; free physical = 83367 ; free virtual = 123142
INFO: [Route 35-416] Intermediate Timing Summary | WNS=-0.243 | TNS=-1.384 | WHS=0.007  | THS=0.000  |


Router Utilization Summary
  Global Vertical Routing Utilization    = 0 %
  Global Horizontal Routing Utilization  = 0 %
  Routable Net Status*
  *Does not include unroutable nets such as driverless and loadless.
  Run report_route_status for detailed report.
  Number of Failed Nets               = 10136
    (Failed Nets is the sum of unrouted and partially routed nets)
  Number of Unrouted Nets             = 10136
  Number of Partially Routed Nets     = 0
  Number of Node Overlaps             = 0

Phase 2 Router Initialization | Checksum: 31a7b09ca

Time (s): cpu = 00:00:12 ; elapsed = 00:00:07 . Memory (MB): peak = 3191.352 ; gain = 0.000 ; free physical = 83366 ; free virtual = 123141

Phase 3 Global Routing
Phase 3 Global Routing | Checksum: 31a7b09ca

Time (s): cpu = 00:00:12 ; elapsed = 00:00:07 . Memory (MB): peak = 3191.352 ; gain = 0.000 ; free physical = 83366 ; free virtual = 123141

Phase 4 Initial Routing

Phase 4.1 Initial Net Routing Pass
Phase 4.1 Initial Net Routing Pass | Checksum: 1dfe54539

Time (s): cpu = 00:00:13 ; elapsed = 00:00:08 . Memory (MB): peak = 3191.352 ; gain = 0.000 ; free physical = 83366 ; free virtual = 123141
Phase 4 Initial Routing | Checksum: 1dfe54539

Time (s): cpu = 00:00:13 ; elapsed = 00:00:08 . Memory (MB): peak = 3191.352 ; gain = 0.000 ; free physical = 83366 ; free virtual = 123141

Phase 5 Rip-up And Reroute

Phase 5.1 Global Iteration 0
 Number of Nodes with overlaps = 307
 Number of Nodes with overlaps = 36
 Number of Nodes with overlaps = 8
 Number of Nodes with overlaps = 4
 Number of Nodes with overlaps = 3
 Number of Nodes with overlaps = 2
 Number of Nodes with overlaps = 1
 Number of Nodes with overlaps = 0
INFO: [Route 35-416] Intermediate Timing Summary | WNS=-0.029 | TNS=-0.029 | WHS=N/A    | THS=N/A    |

Phase 5.1 Global Iteration 0 | Checksum: 271217c47

Time (s): cpu = 00:00:17 ; elapsed = 00:00:09 . Memory (MB): peak = 3191.352 ; gain = 0.000 ; free physical = 83382 ; free virtual = 123157

Phase 5.2 Global Iteration 1
 Number of Nodes with overlaps = 24
 Number of Nodes with overlaps = 10
 Number of Nodes with overlaps = 1
 Number of Nodes with overlaps = 0
INFO: [Route 35-416] Intermediate Timing Summary | WNS=0.009  | TNS=0.000  | WHS=N/A    | THS=N/A    |

Phase 5.2 Global Iteration 1 | Checksum: 243b78765

Time (s): cpu = 00:00:18 ; elapsed = 00:00:10 . Memory (MB): peak = 3191.352 ; gain = 0.000 ; free physical = 83382 ; free virtual = 123157

Phase 5.3 Global Iteration 2
 Number of Nodes with overlaps = 20
 Number of Nodes with overlaps = 1
 Number of Nodes with overlaps = 1
 Number of Nodes with overlaps = 1
 Number of Nodes with overlaps = 1
 Number of Nodes with overlaps = 0
INFO: [Route 35-416] Intermediate Timing Summary | WNS=0.006  | TNS=0.000  | WHS=N/A    | THS=N/A    |

Phase 5.3 Global Iteration 2 | Checksum: 2a8b0762a

Time (s): cpu = 00:00:19 ; elapsed = 00:00:11 . Memory (MB): peak = 3191.352 ; gain = 0.000 ; free physical = 83382 ; free virtual = 123157
Phase 5 Rip-up And Reroute | Checksum: 2a8b0762a

Time (s): cpu = 00:00:19 ; elapsed = 00:00:11 . Memory (MB): peak = 3191.352 ; gain = 0.000 ; free physical = 83382 ; free virtual = 123157

Phase 6 Delay and Skew Optimization

Phase 6.1 Delay CleanUp

Phase 6.1.1 Update Timing
Phase 6.1.1 Update Timing | Checksum: 2a8b0762a

Time (s): cpu = 00:00:20 ; elapsed = 00:00:11 . Memory (MB): peak = 3191.352 ; gain = 0.000 ; free physical = 83382 ; free virtual = 123157
INFO: [Route 35-416] Intermediate Timing Summary | WNS=0.009  | TNS=0.000  | WHS=N/A    | THS=N/A    |

Phase 6.1 Delay CleanUp | Checksum: 2a8b0762a

Time (s): cpu = 00:00:20 ; elapsed = 00:00:11 . Memory (MB): peak = 3191.352 ; gain = 0.000 ; free physical = 83382 ; free virtual = 123157

Phase 6.2 Clock Skew Optimization
Phase 6.2 Clock Skew Optimization | Checksum: 2a8b0762a

Time (s): cpu = 00:00:20 ; elapsed = 00:00:11 . Memory (MB): peak = 3191.352 ; gain = 0.000 ; free physical = 83382 ; free virtual = 123157
Phase 6 Delay and Skew Optimization | Checksum: 2a8b0762a

Time (s): cpu = 00:00:20 ; elapsed = 00:00:11 . Memory (MB): peak = 3191.352 ; gain = 0.000 ; free physical = 83382 ; free virtual = 123157

Phase 7 Post Hold Fix

Phase 7.1 Hold Fix Iter
INFO: [Route 35-416] Intermediate Timing Summary | WNS=0.009  | TNS=0.000  | WHS=0.071  | THS=0.000  |

Phase 7.1 Hold Fix Iter | Checksum: 301d01696

Time (s): cpu = 00:00:22 ; elapsed = 00:00:12 . Memory (MB): peak = 3191.352 ; gain = 0.000 ; free physical = 83382 ; free virtual = 123157
Phase 7 Post Hold Fix | Checksum: 301d01696

Time (s): cpu = 00:00:22 ; elapsed = 00:00:12 . Memory (MB): peak = 3191.352 ; gain = 0.000 ; free physical = 83382 ; free virtual = 123157

Phase 8 Route finalize

Router Utilization Summary
  Global Vertical Routing Utilization    = 4.74606 %
  Global Horizontal Routing Utilization  = 7.3596 %
  Routable Net Status*
  *Does not include unroutable nets such as driverless and loadless.
  Run report_route_status for detailed report.
  Number of Failed Nets               = 0
    (Failed Nets is the sum of unrouted and partially routed nets)
  Number of Unrouted Nets             = 0
  Number of Partially Routed Nets     = 0
  Number of Node Overlaps             = 0

Phase 8 Route finalize | Checksum: 301d01696

Time (s): cpu = 00:00:22 ; elapsed = 00:00:12 . Memory (MB): peak = 3191.352 ; gain = 0.000 ; free physical = 83382 ; free virtual = 123157

Phase 9 Verifying routed nets

 Verification completed successfully
Phase 9 Verifying routed nets | Checksum: 301d01696

Time (s): cpu = 00:00:22 ; elapsed = 00:00:12 . Memory (MB): peak = 3191.352 ; gain = 0.000 ; free physical = 83382 ; free virtual = 123157

Phase 10 Depositing Routes
Phase 10 Depositing Routes | Checksum: 2a77ab92f

Time (s): cpu = 00:00:23 ; elapsed = 00:00:12 . Memory (MB): peak = 3191.352 ; gain = 0.000 ; free physical = 83382 ; free virtual = 123156

Phase 11 Post Process Routing
Phase 11 Post Process Routing | Checksum: 2a77ab92f

Time (s): cpu = 00:00:23 ; elapsed = 00:00:12 . Memory (MB): peak = 3191.352 ; gain = 0.000 ; free physical = 83382 ; free virtual = 123156

Phase 12 Post Router Timing
INFO: [Route 35-57] Estimated Timing Summary | WNS=0.009  | TNS=0.000  | WHS=0.071  | THS=0.000  |

INFO: [Route 35-327] The final timing numbers are based on the router estimated timing analysis. For a complete and accurate timing signoff, please run report_timing_summary.
Phase 12 Post Router Timing | Checksum: 2a77ab92f

Time (s): cpu = 00:00:23 ; elapsed = 00:00:12 . Memory (MB): peak = 3191.352 ; gain = 0.000 ; free physical = 83382 ; free virtual = 123156
Total Elapsed time in route_design: 12.19 secs

Phase 13 Post-Route Event Processing
Phase 13 Post-Route Event Processing | Checksum: 156b73db0

Time (s): cpu = 00:00:23 ; elapsed = 00:00:12 . Memory (MB): peak = 3191.352 ; gain = 0.000 ; free physical = 83381 ; free virtual = 123156
INFO: [Route 35-16] Router Completed Successfully
Ending Routing Task | Checksum: 156b73db0

Time (s): cpu = 00:00:23 ; elapsed = 00:00:12 . Memory (MB): peak = 3191.352 ; gain = 0.000 ; free physical = 83381 ; free virtual = 123156

Routing Is Done.
INFO: [Common 17-83] Releasing license: Implementation
16 Infos, 102 Warnings, 0 Critical Warnings and 0 Errors encountered.
route_design completed successfully
route_design: Time (s): cpu = 00:00:24 ; elapsed = 00:00:13 . Memory (MB): peak = 3191.352 ; gain = 0.000 ; free physical = 83381 ; free virtual = 123156
# report_timing_summary -file ./Analysis/Timing_Report_Implementation.rpt
INFO: [Timing 38-91] UpdateTimingParams: Speed grade: -1, Delay Type: min_max.
INFO: [Timing 38-191] Multithreading enabled for timing update using a maximum of 8 CPUs
WARNING: [Timing 38-242] The property HD.CLK_SRC of clock port "ap_clk" is not set. In out-of-context mode, this prevents timing estimation for clock delay/skew
Resolution: Set the HD.CLK_SRC property of the out-of-context port to the location of the clock buffer instance in the top-level design
# report_timing -max_paths 20 -file ./Analysis/Timing_Paths_Implementation.rpt
INFO: [Timing 38-91] UpdateTimingParams: Speed grade: -1, Delay Type: max.
INFO: [Timing 38-191] Multithreading enabled for timing update using a maximum of 8 CPUs
INFO: [Timing 38-78] ReportTimingParams: -max_paths 20 -nworst 1 -delay_type max -sort_by slack.
# report_utilization -hierarchical -file ./Analysis/Utilization_Report_Implementation.rpt
# write_checkpoint -force ./Analysis/Post_Implementation.dcp
INFO: [Timing 38-480] Writing timing data to binary archive.
Write ShapeDB Complete: Time (s): cpu = 00:00:00.1 ; elapsed = 00:00:00.02 . Memory (MB): peak = 3191.352 ; gain = 0.000 ; free physical = 83368 ; free virtual = 123145
Wrote PlaceDB: Time (s): cpu = 00:00:00.93 ; elapsed = 00:00:00.38 . Memory (MB): peak = 3191.352 ; gain = 0.000 ; free physical = 83352 ; free virtual = 123140
Wrote PulsedLatchDB: Time (s): cpu = 00:00:00 ; elapsed = 00:00:00.01 . Memory (MB): peak = 3191.352 ; gain = 0.000 ; free physical = 83352 ; free virtual = 123140
Writing XDEF routing.
Writing XDEF routing logical nets.
Writing XDEF routing special nets.
Wrote RouteStorage: Time (s): cpu = 00:00:00.12 ; elapsed = 00:00:00.12 . Memory (MB): peak = 3191.352 ; gain = 0.000 ; free physical = 83351 ; free virtual = 123140
Wrote Netlist Cache: Time (s): cpu = 00:00:00.02 ; elapsed = 00:00:00.01 . Memory (MB): peak = 3191.352 ; gain = 0.000 ; free physical = 83350 ; free virtual = 123140
Wrote Device Cache: Time (s): cpu = 00:00:00 ; elapsed = 00:00:00 . Memory (MB): peak = 3191.352 ; gain = 0.000 ; free physical = 83349 ; free virtual = 123140
Write Physdb Complete: Time (s): cpu = 00:00:01 ; elapsed = 00:00:00.64 . Memory (MB): peak = 3191.352 ; gain = 0.000 ; free physical = 83349 ; free virtual = 123140
INFO: [Common 17-1381] The checkpoint '/home/eim32828/Desktop/Vitis_HLS_Gens/SampleNeuralNets_30_8/Basic/Analysis/Post_Implementation.dcp' has been generated.
INFO: [Common 17-206] Exiting Vivado at Wed Sep  2 03:15:23 2026...
