
****** Vivado v2024.1 (64-bit)
  **** SW Build 5076996 on Wed May 22 18:36:09 MDT 2024
  **** IP Build 5075265 on Wed May 22 21:45:21 MDT 2024
  **** SharedData Build 5076995 on Wed May 22 18:29:18 MDT 2024
  **** Start of session at: Thu Sep  3 04:29:34 2026
    ** Copyright 1986-2022 Xilinx, Inc. All Rights Reserved.
    ** Copyright 2022-2024 Advanced Micro Devices, Inc. All Rights Reserved.

source Analyze_Build_Verilog.tcl
# read_verilog [glob ./SampleNeuralNet_prj/solution1/syn/verilog/*.v]
read_verilog: Time (s): cpu = 00:00:16 ; elapsed = 00:00:19 . Memory (MB): peak = 1683.633 ; gain = 279.930 ; free physical = 85321 ; free virtual = 125557
# read_xdc ./Analysis_Constraints.xdc
# file mkdir ./Analysis_Verilog
# synth_design \
#     -top SampleNeuralNet \
#     -part xc7z010clg400-1 \
#     -mode out_of_context
Command: synth_design -top SampleNeuralNet -part xc7z010clg400-1 -mode out_of_context
Starting synth_design
Attempting to get a license for feature 'Synthesis' and/or device 'xc7z010'
INFO: [Common 17-349] Got license for feature 'Synthesis' and/or device 'xc7z010'
INFO: [Device 21-403] Loading part xc7z010clg400-1
INFO: [Device 21-9227] Part: xc7z010clg400-1 does not have CEAM library.
INFO: [Synth 8-7079] Multithreading enabled for synth_design using a maximum of 4 processes.
INFO: [Synth 8-7078] Launching helper process for spawning children vivado processes
INFO: [Synth 8-7075] Helper process launched with PID 1476357
---------------------------------------------------------------------------------
Starting RTL Elaboration : Time (s): cpu = 00:00:03 ; elapsed = 00:00:03 . Memory (MB): peak = 2445.559 ; gain = 419.746 ; free physical = 84139 ; free virtual = 124385
---------------------------------------------------------------------------------
INFO: [Synth 8-6157] synthesizing module 'SampleNeuralNet' [/home/eim32828/Desktop/Vitis_HLS_Gens/SampleNeuralNets_1_9_v2_Custom/Custom/SampleNeuralNet_prj/solution1/syn/verilog/SampleNeuralNet.v:9]
INFO: [Synth 8-6157] synthesizing module 'SampleNeuralNet_custom_dsp_dense_implementation_ap_int_16_ap_int_48_config2_s' [/home/eim32828/Desktop/Vitis_HLS_Gens/SampleNeuralNets_1_9_v2_Custom/Custom/SampleNeuralNet_prj/solution1/syn/verilog/SampleNeuralNet_custom_dsp_dense_implementation_ap_int_16_ap_int_48_config2_s.v:9]
INFO: [Synth 8-6157] synthesizing module 'SampleNeuralNet_custom_dsp_dense_implementation_ap_int_16_ap_int_48_config2_s_w2_ROM_NP_BRAM_2R' [/home/eim32828/Desktop/Vitis_HLS_Gens/SampleNeuralNets_1_9_v2_Custom/Custom/SampleNeuralNet_prj/solution1/syn/verilog/SampleNeuralNet_custom_dsp_dense_implementation_ap_int_16_ap_int_48_config2_s_w2_ROM_NP_BRAM_2R.v:7]
	Parameter DataWidth bound to: 117 - type: integer 
	Parameter AddressWidth bound to: 3 - type: integer 
	Parameter AddressRange bound to: 8 - type: integer 
INFO: [Synth 8-3876] $readmem data file './SampleNeuralNet_custom_dsp_dense_implementation_ap_int_16_ap_int_48_config2_s_w2_ROM_NP_BRAM_2R.dat' is read successfully [/home/eim32828/Desktop/Vitis_HLS_Gens/SampleNeuralNets_1_9_v2_Custom/Custom/SampleNeuralNet_prj/solution1/syn/verilog/SampleNeuralNet_custom_dsp_dense_implementation_ap_int_16_ap_int_48_config2_s_w2_ROM_NP_BRAM_2R.v:32]
INFO: [Synth 8-6155] done synthesizing module 'SampleNeuralNet_custom_dsp_dense_implementation_ap_int_16_ap_int_48_config2_s_w2_ROM_NP_BRAM_2R' (0#1) [/home/eim32828/Desktop/Vitis_HLS_Gens/SampleNeuralNets_1_9_v2_Custom/Custom/SampleNeuralNet_prj/solution1/syn/verilog/SampleNeuralNet_custom_dsp_dense_implementation_ap_int_16_ap_int_48_config2_s_w2_ROM_NP_BRAM_2R.v:7]
INFO: [Synth 8-6157] synthesizing module 'SampleNeuralNet_dsp_48ns_32ns_64ns_25ns_30ns_18ns_48ns_1s_48_5_1' [/home/eim32828/Desktop/Vitis_HLS_Gens/SampleNeuralNets_1_9_v2_Custom/Custom/SampleNeuralNet_prj/solution1/syn/verilog/SampleNeuralNet_dsp_48ns_32ns_64ns_25ns_30ns_18ns_48ns_1s_48_5_1.v:156]
	Parameter ID bound to: 1 - type: integer 
	Parameter NUM_STAGE bound to: 5 - type: integer 
	Parameter din0_WIDTH bound to: 25 - type: integer 
	Parameter din1_WIDTH bound to: 30 - type: integer 
	Parameter din2_WIDTH bound to: 18 - type: integer 
	Parameter din3_WIDTH bound to: 48 - type: integer 
	Parameter din4_WIDTH bound to: 1 - type: integer 
	Parameter dout_WIDTH bound to: 48 - type: integer 
INFO: [Synth 8-6157] synthesizing module 'SampleNeuralNet_dsp_48ns_32ns_64ns_25ns_30ns_18ns_48ns_1s_48_5_1_DSP_Builtin' [/home/eim32828/Desktop/Vitis_HLS_Gens/SampleNeuralNets_1_9_v2_Custom/Custom/SampleNeuralNet_prj/solution1/syn/verilog/SampleNeuralNet_dsp_48ns_32ns_64ns_25ns_30ns_18ns_48ns_1s_48_5_1.v:9]
INFO: [Synth 8-6155] done synthesizing module 'SampleNeuralNet_dsp_48ns_32ns_64ns_25ns_30ns_18ns_48ns_1s_48_5_1_DSP_Builtin' (0#1) [/home/eim32828/Desktop/Vitis_HLS_Gens/SampleNeuralNets_1_9_v2_Custom/Custom/SampleNeuralNet_prj/solution1/syn/verilog/SampleNeuralNet_dsp_48ns_32ns_64ns_25ns_30ns_18ns_48ns_1s_48_5_1.v:9]
WARNING: [Synth 8-689] width (30) of port connection 'in1' does not match port width (25) of module 'SampleNeuralNet_dsp_48ns_32ns_64ns_25ns_30ns_18ns_48ns_1s_48_5_1_DSP_Builtin' [/home/eim32828/Desktop/Vitis_HLS_Gens/SampleNeuralNets_1_9_v2_Custom/Custom/SampleNeuralNet_prj/solution1/syn/verilog/SampleNeuralNet_dsp_48ns_32ns_64ns_25ns_30ns_18ns_48ns_1s_48_5_1.v:190]
INFO: [Synth 8-6155] done synthesizing module 'SampleNeuralNet_dsp_48ns_32ns_64ns_25ns_30ns_18ns_48ns_1s_48_5_1' (0#1) [/home/eim32828/Desktop/Vitis_HLS_Gens/SampleNeuralNets_1_9_v2_Custom/Custom/SampleNeuralNet_prj/solution1/syn/verilog/SampleNeuralNet_dsp_48ns_32ns_64ns_25ns_30ns_18ns_48ns_1s_48_5_1.v:156]
INFO: [Synth 8-6157] synthesizing module 'SampleNeuralNet_dsp_48ns_32ns_64ns_25ns_30s_18ns_48ns_1s_48_5_1' [/home/eim32828/Desktop/Vitis_HLS_Gens/SampleNeuralNets_1_9_v2_Custom/Custom/SampleNeuralNet_prj/solution1/syn/verilog/SampleNeuralNet_dsp_48ns_32ns_64ns_25ns_30s_18ns_48ns_1s_48_5_1.v:156]
	Parameter ID bound to: 1 - type: integer 
	Parameter NUM_STAGE bound to: 5 - type: integer 
	Parameter din0_WIDTH bound to: 25 - type: integer 
	Parameter din1_WIDTH bound to: 30 - type: integer 
	Parameter din2_WIDTH bound to: 18 - type: integer 
	Parameter din3_WIDTH bound to: 48 - type: integer 
	Parameter din4_WIDTH bound to: 1 - type: integer 
	Parameter dout_WIDTH bound to: 48 - type: integer 
INFO: [Synth 8-6157] synthesizing module 'SampleNeuralNet_dsp_48ns_32ns_64ns_25ns_30s_18ns_48ns_1s_48_5_1_DSP_Builtin' [/home/eim32828/Desktop/Vitis_HLS_Gens/SampleNeuralNets_1_9_v2_Custom/Custom/SampleNeuralNet_prj/solution1/syn/verilog/SampleNeuralNet_dsp_48ns_32ns_64ns_25ns_30s_18ns_48ns_1s_48_5_1.v:9]
INFO: [Synth 8-6155] done synthesizing module 'SampleNeuralNet_dsp_48ns_32ns_64ns_25ns_30s_18ns_48ns_1s_48_5_1_DSP_Builtin' (0#1) [/home/eim32828/Desktop/Vitis_HLS_Gens/SampleNeuralNets_1_9_v2_Custom/Custom/SampleNeuralNet_prj/solution1/syn/verilog/SampleNeuralNet_dsp_48ns_32ns_64ns_25ns_30s_18ns_48ns_1s_48_5_1.v:9]
WARNING: [Synth 8-689] width (30) of port connection 'in1' does not match port width (25) of module 'SampleNeuralNet_dsp_48ns_32ns_64ns_25ns_30s_18ns_48ns_1s_48_5_1_DSP_Builtin' [/home/eim32828/Desktop/Vitis_HLS_Gens/SampleNeuralNets_1_9_v2_Custom/Custom/SampleNeuralNet_prj/solution1/syn/verilog/SampleNeuralNet_dsp_48ns_32ns_64ns_25ns_30s_18ns_48ns_1s_48_5_1.v:190]
INFO: [Synth 8-6155] done synthesizing module 'SampleNeuralNet_dsp_48ns_32ns_64ns_25ns_30s_18ns_48ns_1s_48_5_1' (0#1) [/home/eim32828/Desktop/Vitis_HLS_Gens/SampleNeuralNets_1_9_v2_Custom/Custom/SampleNeuralNet_prj/solution1/syn/verilog/SampleNeuralNet_dsp_48ns_32ns_64ns_25ns_30s_18ns_48ns_1s_48_5_1.v:156]
INFO: [Synth 8-6157] synthesizing module 'SampleNeuralNet_lshr_128ns_7ns_128_7_1' [/home/eim32828/Desktop/Vitis_HLS_Gens/SampleNeuralNets_1_9_v2_Custom/Custom/SampleNeuralNet_prj/solution1/syn/verilog/SampleNeuralNet_lshr_128ns_7ns_128_7_1.v:9]
	Parameter ID bound to: 1 - type: integer 
	Parameter NUM_STAGE bound to: 7 - type: integer 
	Parameter din0_WIDTH bound to: 128 - type: integer 
	Parameter din1_WIDTH bound to: 7 - type: integer 
	Parameter dout_WIDTH bound to: 128 - type: integer 
	Parameter OP bound to: 1 - type: integer 
INFO: [Synth 8-6155] done synthesizing module 'SampleNeuralNet_lshr_128ns_7ns_128_7_1' (0#1) [/home/eim32828/Desktop/Vitis_HLS_Gens/SampleNeuralNets_1_9_v2_Custom/Custom/SampleNeuralNet_prj/solution1/syn/verilog/SampleNeuralNet_lshr_128ns_7ns_128_7_1.v:9]
INFO: [Synth 8-6157] synthesizing module 'SampleNeuralNet_dsp_48ns_32ns_64ns_25ns_30s_18s_48ns_1ns_48_5_1' [/home/eim32828/Desktop/Vitis_HLS_Gens/SampleNeuralNets_1_9_v2_Custom/Custom/SampleNeuralNet_prj/solution1/syn/verilog/SampleNeuralNet_dsp_48ns_32ns_64ns_25ns_30s_18s_48ns_1ns_48_5_1.v:156]
	Parameter ID bound to: 1 - type: integer 
	Parameter NUM_STAGE bound to: 5 - type: integer 
	Parameter din0_WIDTH bound to: 25 - type: integer 
	Parameter din1_WIDTH bound to: 30 - type: integer 
	Parameter din2_WIDTH bound to: 18 - type: integer 
	Parameter din3_WIDTH bound to: 48 - type: integer 
	Parameter din4_WIDTH bound to: 1 - type: integer 
	Parameter dout_WIDTH bound to: 48 - type: integer 
INFO: [Synth 8-6157] synthesizing module 'SampleNeuralNet_dsp_48ns_32ns_64ns_25ns_30s_18s_48ns_1ns_48_5_1_DSP_Builtin' [/home/eim32828/Desktop/Vitis_HLS_Gens/SampleNeuralNets_1_9_v2_Custom/Custom/SampleNeuralNet_prj/solution1/syn/verilog/SampleNeuralNet_dsp_48ns_32ns_64ns_25ns_30s_18s_48ns_1ns_48_5_1.v:9]
INFO: [Synth 8-6155] done synthesizing module 'SampleNeuralNet_dsp_48ns_32ns_64ns_25ns_30s_18s_48ns_1ns_48_5_1_DSP_Builtin' (0#1) [/home/eim32828/Desktop/Vitis_HLS_Gens/SampleNeuralNets_1_9_v2_Custom/Custom/SampleNeuralNet_prj/solution1/syn/verilog/SampleNeuralNet_dsp_48ns_32ns_64ns_25ns_30s_18s_48ns_1ns_48_5_1.v:9]
WARNING: [Synth 8-689] width (30) of port connection 'in1' does not match port width (25) of module 'SampleNeuralNet_dsp_48ns_32ns_64ns_25ns_30s_18s_48ns_1ns_48_5_1_DSP_Builtin' [/home/eim32828/Desktop/Vitis_HLS_Gens/SampleNeuralNets_1_9_v2_Custom/Custom/SampleNeuralNet_prj/solution1/syn/verilog/SampleNeuralNet_dsp_48ns_32ns_64ns_25ns_30s_18s_48ns_1ns_48_5_1.v:190]
INFO: [Synth 8-6155] done synthesizing module 'SampleNeuralNet_dsp_48ns_32ns_64ns_25ns_30s_18s_48ns_1ns_48_5_1' (0#1) [/home/eim32828/Desktop/Vitis_HLS_Gens/SampleNeuralNets_1_9_v2_Custom/Custom/SampleNeuralNet_prj/solution1/syn/verilog/SampleNeuralNet_dsp_48ns_32ns_64ns_25ns_30s_18s_48ns_1ns_48_5_1.v:156]
INFO: [Synth 8-6157] synthesizing module 'SampleNeuralNet_flow_control_loop_pipe' [/home/eim32828/Desktop/Vitis_HLS_Gens/SampleNeuralNets_1_9_v2_Custom/Custom/SampleNeuralNet_prj/solution1/syn/verilog/SampleNeuralNet_flow_control_loop_pipe.v:11]
INFO: [Synth 8-6155] done synthesizing module 'SampleNeuralNet_flow_control_loop_pipe' (0#1) [/home/eim32828/Desktop/Vitis_HLS_Gens/SampleNeuralNets_1_9_v2_Custom/Custom/SampleNeuralNet_prj/solution1/syn/verilog/SampleNeuralNet_flow_control_loop_pipe.v:11]
INFO: [Synth 8-6155] done synthesizing module 'SampleNeuralNet_custom_dsp_dense_implementation_ap_int_16_ap_int_48_config2_s' (0#1) [/home/eim32828/Desktop/Vitis_HLS_Gens/SampleNeuralNets_1_9_v2_Custom/Custom/SampleNeuralNet_prj/solution1/syn/verilog/SampleNeuralNet_custom_dsp_dense_implementation_ap_int_16_ap_int_48_config2_s.v:9]
INFO: [Synth 8-6157] synthesizing module 'SampleNeuralNet_thresholded_relu_ap_int_48_ap_int_48_ap_int_16_thresholdedrelu_config3_s' [/home/eim32828/Desktop/Vitis_HLS_Gens/SampleNeuralNets_1_9_v2_Custom/Custom/SampleNeuralNet_prj/solution1/syn/verilog/SampleNeuralNet_thresholded_relu_ap_int_48_ap_int_48_ap_int_16_thresholdedrelu_config3_s.v:9]
INFO: [Synth 8-6157] synthesizing module 'SampleNeuralNet_icmp_48s_48s_1_2_1' [/home/eim32828/Desktop/Vitis_HLS_Gens/SampleNeuralNets_1_9_v2_Custom/Custom/SampleNeuralNet_prj/solution1/syn/verilog/SampleNeuralNet_icmp_48s_48s_1_2_1.v:9]
	Parameter ID bound to: 1 - type: integer 
	Parameter NUM_STAGE bound to: 2 - type: integer 
	Parameter din0_WIDTH bound to: 48 - type: integer 
	Parameter din1_WIDTH bound to: 48 - type: integer 
	Parameter dout_WIDTH bound to: 1 - type: integer 
	Parameter OP_CODE bound to: 6 - type: integer 
INFO: [Synth 8-6157] synthesizing module 'SampleNeuralNet_icmp_48s_48s_1_2_1_sub' [/home/eim32828/Desktop/Vitis_HLS_Gens/SampleNeuralNets_1_9_v2_Custom/Custom/SampleNeuralNet_prj/solution1/syn/verilog/SampleNeuralNet_icmp_48s_48s_1_2_1_sub.v:11]
INFO: [Synth 8-6157] synthesizing module 'SampleNeuralNet_icmp_48s_48s_1_2_1_sub_comb_adder' [/home/eim32828/Desktop/Vitis_HLS_Gens/SampleNeuralNets_1_9_v2_Custom/Custom/SampleNeuralNet_prj/solution1/syn/verilog/SampleNeuralNet_icmp_48s_48s_1_2_1_sub.v:103]
	Parameter N bound to: 24 - type: integer 
INFO: [Synth 8-6155] done synthesizing module 'SampleNeuralNet_icmp_48s_48s_1_2_1_sub_comb_adder' (0#1) [/home/eim32828/Desktop/Vitis_HLS_Gens/SampleNeuralNets_1_9_v2_Custom/Custom/SampleNeuralNet_prj/solution1/syn/verilog/SampleNeuralNet_icmp_48s_48s_1_2_1_sub.v:103]
INFO: [Synth 8-6157] synthesizing module 'SampleNeuralNet_icmp_48s_48s_1_2_1_sub_comb_adder__parameterized0' [/home/eim32828/Desktop/Vitis_HLS_Gens/SampleNeuralNets_1_9_v2_Custom/Custom/SampleNeuralNet_prj/solution1/syn/verilog/SampleNeuralNet_icmp_48s_48s_1_2_1_sub.v:103]
	Parameter N bound to: 25 - type: integer 
INFO: [Synth 8-6155] done synthesizing module 'SampleNeuralNet_icmp_48s_48s_1_2_1_sub_comb_adder__parameterized0' (0#1) [/home/eim32828/Desktop/Vitis_HLS_Gens/SampleNeuralNets_1_9_v2_Custom/Custom/SampleNeuralNet_prj/solution1/syn/verilog/SampleNeuralNet_icmp_48s_48s_1_2_1_sub.v:103]
INFO: [Synth 8-6155] done synthesizing module 'SampleNeuralNet_icmp_48s_48s_1_2_1_sub' (0#1) [/home/eim32828/Desktop/Vitis_HLS_Gens/SampleNeuralNets_1_9_v2_Custom/Custom/SampleNeuralNet_prj/solution1/syn/verilog/SampleNeuralNet_icmp_48s_48s_1_2_1_sub.v:11]
INFO: [Synth 8-6155] done synthesizing module 'SampleNeuralNet_icmp_48s_48s_1_2_1' (0#1) [/home/eim32828/Desktop/Vitis_HLS_Gens/SampleNeuralNets_1_9_v2_Custom/Custom/SampleNeuralNet_prj/solution1/syn/verilog/SampleNeuralNet_icmp_48s_48s_1_2_1.v:9]
INFO: [Synth 8-6155] done synthesizing module 'SampleNeuralNet_thresholded_relu_ap_int_48_ap_int_48_ap_int_16_thresholdedrelu_config3_s' (0#1) [/home/eim32828/Desktop/Vitis_HLS_Gens/SampleNeuralNets_1_9_v2_Custom/Custom/SampleNeuralNet_prj/solution1/syn/verilog/SampleNeuralNet_thresholded_relu_ap_int_48_ap_int_48_ap_int_16_thresholdedrelu_config3_s.v:9]
INFO: [Synth 8-6157] synthesizing module 'SampleNeuralNet_custom_dsp_dense_implementation_ap_int_16_ap_int_48_config4_s' [/home/eim32828/Desktop/Vitis_HLS_Gens/SampleNeuralNets_1_9_v2_Custom/Custom/SampleNeuralNet_prj/solution1/syn/verilog/SampleNeuralNet_custom_dsp_dense_implementation_ap_int_16_ap_int_48_config4_s.v:9]
INFO: [Synth 8-6157] synthesizing module 'SampleNeuralNet_custom_dsp_dense_implementation_ap_int_16_ap_int_48_config4_s_w4_ROM_NP_BRAM_2R' [/home/eim32828/Desktop/Vitis_HLS_Gens/SampleNeuralNets_1_9_v2_Custom/Custom/SampleNeuralNet_prj/solution1/syn/verilog/SampleNeuralNet_custom_dsp_dense_implementation_ap_int_16_ap_int_48_config4_s_w4_ROM_NP_BRAM_2R.v:7]
	Parameter DataWidth bound to: 117 - type: integer 
	Parameter AddressWidth bound to: 3 - type: integer 
	Parameter AddressRange bound to: 8 - type: integer 
INFO: [Synth 8-3876] $readmem data file './SampleNeuralNet_custom_dsp_dense_implementation_ap_int_16_ap_int_48_config4_s_w4_ROM_NP_BRAM_2R.dat' is read successfully [/home/eim32828/Desktop/Vitis_HLS_Gens/SampleNeuralNets_1_9_v2_Custom/Custom/SampleNeuralNet_prj/solution1/syn/verilog/SampleNeuralNet_custom_dsp_dense_implementation_ap_int_16_ap_int_48_config4_s_w4_ROM_NP_BRAM_2R.v:32]
INFO: [Synth 8-6155] done synthesizing module 'SampleNeuralNet_custom_dsp_dense_implementation_ap_int_16_ap_int_48_config4_s_w4_ROM_NP_BRAM_2R' (0#1) [/home/eim32828/Desktop/Vitis_HLS_Gens/SampleNeuralNets_1_9_v2_Custom/Custom/SampleNeuralNet_prj/solution1/syn/verilog/SampleNeuralNet_custom_dsp_dense_implementation_ap_int_16_ap_int_48_config4_s_w4_ROM_NP_BRAM_2R.v:7]
INFO: [Synth 8-6157] synthesizing module 'SampleNeuralNet_sparsemux_17_3_16_1_1' [/home/eim32828/Desktop/Vitis_HLS_Gens/SampleNeuralNets_1_9_v2_Custom/Custom/SampleNeuralNet_prj/solution1/syn/verilog/SampleNeuralNet_sparsemux_17_3_16_1_1.v:9]
	Parameter din0_WIDTH bound to: 16 - type: integer 
	Parameter din1_WIDTH bound to: 16 - type: integer 
	Parameter din2_WIDTH bound to: 16 - type: integer 
	Parameter din3_WIDTH bound to: 16 - type: integer 
	Parameter din4_WIDTH bound to: 16 - type: integer 
	Parameter din5_WIDTH bound to: 16 - type: integer 
	Parameter din6_WIDTH bound to: 16 - type: integer 
	Parameter din7_WIDTH bound to: 16 - type: integer 
	Parameter def_WIDTH bound to: 16 - type: integer 
	Parameter sel_WIDTH bound to: 3 - type: integer 
	Parameter dout_WIDTH bound to: 16 - type: integer 
	Parameter CASE0 bound to: 3'b000 
	Parameter CASE1 bound to: 3'b001 
	Parameter CASE2 bound to: 3'b010 
	Parameter CASE3 bound to: 3'b011 
	Parameter CASE4 bound to: 3'b100 
	Parameter CASE5 bound to: 3'b101 
	Parameter CASE6 bound to: 3'b110 
	Parameter CASE7 bound to: 3'b111 
	Parameter ID bound to: 1 - type: integer 
	Parameter NUM_STAGE bound to: 1 - type: integer 
INFO: [Synth 8-226] default block is never used [/home/eim32828/Desktop/Vitis_HLS_Gens/SampleNeuralNets_1_9_v2_Custom/Custom/SampleNeuralNet_prj/solution1/syn/verilog/SampleNeuralNet_sparsemux_17_3_16_1_1.v:79]
INFO: [Synth 8-6155] done synthesizing module 'SampleNeuralNet_sparsemux_17_3_16_1_1' (0#1) [/home/eim32828/Desktop/Vitis_HLS_Gens/SampleNeuralNets_1_9_v2_Custom/Custom/SampleNeuralNet_prj/solution1/syn/verilog/SampleNeuralNet_sparsemux_17_3_16_1_1.v:9]
INFO: [Synth 8-6155] done synthesizing module 'SampleNeuralNet_custom_dsp_dense_implementation_ap_int_16_ap_int_48_config4_s' (0#1) [/home/eim32828/Desktop/Vitis_HLS_Gens/SampleNeuralNets_1_9_v2_Custom/Custom/SampleNeuralNet_prj/solution1/syn/verilog/SampleNeuralNet_custom_dsp_dense_implementation_ap_int_16_ap_int_48_config4_s.v:9]
INFO: [Synth 8-6157] synthesizing module 'SampleNeuralNet_thresholded_relu_ap_int_48_ap_int_48_ap_int_16_thresholdedrelu_config5_s' [/home/eim32828/Desktop/Vitis_HLS_Gens/SampleNeuralNets_1_9_v2_Custom/Custom/SampleNeuralNet_prj/solution1/syn/verilog/SampleNeuralNet_thresholded_relu_ap_int_48_ap_int_48_ap_int_16_thresholdedrelu_config5_s.v:9]
INFO: [Synth 8-6155] done synthesizing module 'SampleNeuralNet_thresholded_relu_ap_int_48_ap_int_48_ap_int_16_thresholdedrelu_config5_s' (0#1) [/home/eim32828/Desktop/Vitis_HLS_Gens/SampleNeuralNets_1_9_v2_Custom/Custom/SampleNeuralNet_prj/solution1/syn/verilog/SampleNeuralNet_thresholded_relu_ap_int_48_ap_int_48_ap_int_16_thresholdedrelu_config5_s.v:9]
INFO: [Synth 8-6157] synthesizing module 'SampleNeuralNet_custom_dsp_dense_implementation_ap_int_16_ap_int_48_config6_s' [/home/eim32828/Desktop/Vitis_HLS_Gens/SampleNeuralNets_1_9_v2_Custom/Custom/SampleNeuralNet_prj/solution1/syn/verilog/SampleNeuralNet_custom_dsp_dense_implementation_ap_int_16_ap_int_48_config6_s.v:9]
INFO: [Synth 8-6157] synthesizing module 'SampleNeuralNet_custom_dsp_dense_implementation_ap_int_16_ap_int_48_config6_s_w6_ROM_NP_BRAM_2R' [/home/eim32828/Desktop/Vitis_HLS_Gens/SampleNeuralNets_1_9_v2_Custom/Custom/SampleNeuralNet_prj/solution1/syn/verilog/SampleNeuralNet_custom_dsp_dense_implementation_ap_int_16_ap_int_48_config6_s_w6_ROM_NP_BRAM_2R.v:7]
	Parameter DataWidth bound to: 117 - type: integer 
	Parameter AddressWidth bound to: 3 - type: integer 
	Parameter AddressRange bound to: 8 - type: integer 
INFO: [Synth 8-3876] $readmem data file './SampleNeuralNet_custom_dsp_dense_implementation_ap_int_16_ap_int_48_config6_s_w6_ROM_NP_BRAM_2R.dat' is read successfully [/home/eim32828/Desktop/Vitis_HLS_Gens/SampleNeuralNets_1_9_v2_Custom/Custom/SampleNeuralNet_prj/solution1/syn/verilog/SampleNeuralNet_custom_dsp_dense_implementation_ap_int_16_ap_int_48_config6_s_w6_ROM_NP_BRAM_2R.v:32]
INFO: [Synth 8-6155] done synthesizing module 'SampleNeuralNet_custom_dsp_dense_implementation_ap_int_16_ap_int_48_config6_s_w6_ROM_NP_BRAM_2R' (0#1) [/home/eim32828/Desktop/Vitis_HLS_Gens/SampleNeuralNets_1_9_v2_Custom/Custom/SampleNeuralNet_prj/solution1/syn/verilog/SampleNeuralNet_custom_dsp_dense_implementation_ap_int_16_ap_int_48_config6_s_w6_ROM_NP_BRAM_2R.v:7]
INFO: [Synth 8-6155] done synthesizing module 'SampleNeuralNet_custom_dsp_dense_implementation_ap_int_16_ap_int_48_config6_s' (0#1) [/home/eim32828/Desktop/Vitis_HLS_Gens/SampleNeuralNets_1_9_v2_Custom/Custom/SampleNeuralNet_prj/solution1/syn/verilog/SampleNeuralNet_custom_dsp_dense_implementation_ap_int_16_ap_int_48_config6_s.v:9]
INFO: [Synth 8-6157] synthesizing module 'SampleNeuralNet_thresholded_relu_ap_int_48_ap_int_48_ap_int_16_thresholdedrelu_config7_s' [/home/eim32828/Desktop/Vitis_HLS_Gens/SampleNeuralNets_1_9_v2_Custom/Custom/SampleNeuralNet_prj/solution1/syn/verilog/SampleNeuralNet_thresholded_relu_ap_int_48_ap_int_48_ap_int_16_thresholdedrelu_config7_s.v:9]
INFO: [Synth 8-6155] done synthesizing module 'SampleNeuralNet_thresholded_relu_ap_int_48_ap_int_48_ap_int_16_thresholdedrelu_config7_s' (0#1) [/home/eim32828/Desktop/Vitis_HLS_Gens/SampleNeuralNets_1_9_v2_Custom/Custom/SampleNeuralNet_prj/solution1/syn/verilog/SampleNeuralNet_thresholded_relu_ap_int_48_ap_int_48_ap_int_16_thresholdedrelu_config7_s.v:9]
INFO: [Synth 8-6157] synthesizing module 'SampleNeuralNet_fifo_w48_d2_S' [/home/eim32828/Desktop/Vitis_HLS_Gens/SampleNeuralNets_1_9_v2_Custom/Custom/SampleNeuralNet_prj/solution1/syn/verilog/SampleNeuralNet_fifo_w48_d2_S.v:11]
INFO: [Synth 8-6157] synthesizing module 'SampleNeuralNet_fifo_w48_d2_S_ShiftReg' [/home/eim32828/Desktop/Vitis_HLS_Gens/SampleNeuralNets_1_9_v2_Custom/Custom/SampleNeuralNet_prj/solution1/syn/verilog/SampleNeuralNet_fifo_w48_d2_S.v:129]
	Parameter DATA_WIDTH bound to: 48 - type: integer 
	Parameter ADDR_WIDTH bound to: 2 - type: integer 
	Parameter DEPTH bound to: 2 - type: integer 
INFO: [Synth 8-6155] done synthesizing module 'SampleNeuralNet_fifo_w48_d2_S_ShiftReg' (0#1) [/home/eim32828/Desktop/Vitis_HLS_Gens/SampleNeuralNets_1_9_v2_Custom/Custom/SampleNeuralNet_prj/solution1/syn/verilog/SampleNeuralNet_fifo_w48_d2_S.v:129]
INFO: [Synth 8-6155] done synthesizing module 'SampleNeuralNet_fifo_w48_d2_S' (0#1) [/home/eim32828/Desktop/Vitis_HLS_Gens/SampleNeuralNets_1_9_v2_Custom/Custom/SampleNeuralNet_prj/solution1/syn/verilog/SampleNeuralNet_fifo_w48_d2_S.v:11]
INFO: [Synth 8-6157] synthesizing module 'SampleNeuralNet_fifo_w16_d2_S' [/home/eim32828/Desktop/Vitis_HLS_Gens/SampleNeuralNets_1_9_v2_Custom/Custom/SampleNeuralNet_prj/solution1/syn/verilog/SampleNeuralNet_fifo_w16_d2_S.v:11]
INFO: [Synth 8-6157] synthesizing module 'SampleNeuralNet_fifo_w16_d2_S_ShiftReg' [/home/eim32828/Desktop/Vitis_HLS_Gens/SampleNeuralNets_1_9_v2_Custom/Custom/SampleNeuralNet_prj/solution1/syn/verilog/SampleNeuralNet_fifo_w16_d2_S.v:129]
	Parameter DATA_WIDTH bound to: 16 - type: integer 
	Parameter ADDR_WIDTH bound to: 2 - type: integer 
	Parameter DEPTH bound to: 2 - type: integer 
INFO: [Synth 8-6155] done synthesizing module 'SampleNeuralNet_fifo_w16_d2_S_ShiftReg' (0#1) [/home/eim32828/Desktop/Vitis_HLS_Gens/SampleNeuralNets_1_9_v2_Custom/Custom/SampleNeuralNet_prj/solution1/syn/verilog/SampleNeuralNet_fifo_w16_d2_S.v:129]
INFO: [Synth 8-6155] done synthesizing module 'SampleNeuralNet_fifo_w16_d2_S' (0#1) [/home/eim32828/Desktop/Vitis_HLS_Gens/SampleNeuralNets_1_9_v2_Custom/Custom/SampleNeuralNet_prj/solution1/syn/verilog/SampleNeuralNet_fifo_w16_d2_S.v:11]
INFO: [Synth 8-6155] done synthesizing module 'SampleNeuralNet' (0#1) [/home/eim32828/Desktop/Vitis_HLS_Gens/SampleNeuralNets_1_9_v2_Custom/Custom/SampleNeuralNet_prj/solution1/syn/verilog/SampleNeuralNet.v:9]
WARNING: [Synth 8-6014] Unused sequential element grp_fu_182_p6_2_reg was removed.  [/home/eim32828/Desktop/Vitis_HLS_Gens/SampleNeuralNets_1_9_v2_Custom/Custom/SampleNeuralNet_prj/solution1/syn/verilog/SampleNeuralNet_custom_dsp_dense_implementation_ap_int_16_ap_int_48_config2_s.v:1576]
WARNING: [Synth 8-6014] Unused sequential element grp_fu_182_p6_3_reg was removed.  [/home/eim32828/Desktop/Vitis_HLS_Gens/SampleNeuralNets_1_9_v2_Custom/Custom/SampleNeuralNet_prj/solution1/syn/verilog/SampleNeuralNet_custom_dsp_dense_implementation_ap_int_16_ap_int_48_config2_s.v:1577]
WARNING: [Synth 8-6014] Unused sequential element grp_fu_182_p7_2_reg was removed.  [/home/eim32828/Desktop/Vitis_HLS_Gens/SampleNeuralNets_1_9_v2_Custom/Custom/SampleNeuralNet_prj/solution1/syn/verilog/SampleNeuralNet_custom_dsp_dense_implementation_ap_int_16_ap_int_48_config2_s.v:1579]
WARNING: [Synth 8-6014] Unused sequential element grp_fu_200_p6_2_reg was removed.  [/home/eim32828/Desktop/Vitis_HLS_Gens/SampleNeuralNets_1_9_v2_Custom/Custom/SampleNeuralNet_prj/solution1/syn/verilog/SampleNeuralNet_custom_dsp_dense_implementation_ap_int_16_ap_int_48_config2_s.v:1582]
WARNING: [Synth 8-6014] Unused sequential element grp_fu_200_p6_3_reg was removed.  [/home/eim32828/Desktop/Vitis_HLS_Gens/SampleNeuralNets_1_9_v2_Custom/Custom/SampleNeuralNet_prj/solution1/syn/verilog/SampleNeuralNet_custom_dsp_dense_implementation_ap_int_16_ap_int_48_config2_s.v:1583]
WARNING: [Synth 8-6014] Unused sequential element grp_fu_200_p7_2_reg was removed.  [/home/eim32828/Desktop/Vitis_HLS_Gens/SampleNeuralNets_1_9_v2_Custom/Custom/SampleNeuralNet_prj/solution1/syn/verilog/SampleNeuralNet_custom_dsp_dense_implementation_ap_int_16_ap_int_48_config2_s.v:1585]
WARNING: [Synth 8-6014] Unused sequential element grp_fu_218_p6_2_reg was removed.  [/home/eim32828/Desktop/Vitis_HLS_Gens/SampleNeuralNets_1_9_v2_Custom/Custom/SampleNeuralNet_prj/solution1/syn/verilog/SampleNeuralNet_custom_dsp_dense_implementation_ap_int_16_ap_int_48_config2_s.v:1588]
WARNING: [Synth 8-6014] Unused sequential element grp_fu_218_p6_3_reg was removed.  [/home/eim32828/Desktop/Vitis_HLS_Gens/SampleNeuralNets_1_9_v2_Custom/Custom/SampleNeuralNet_prj/solution1/syn/verilog/SampleNeuralNet_custom_dsp_dense_implementation_ap_int_16_ap_int_48_config2_s.v:1589]
WARNING: [Synth 8-6014] Unused sequential element grp_fu_218_p7_2_reg was removed.  [/home/eim32828/Desktop/Vitis_HLS_Gens/SampleNeuralNets_1_9_v2_Custom/Custom/SampleNeuralNet_prj/solution1/syn/verilog/SampleNeuralNet_custom_dsp_dense_implementation_ap_int_16_ap_int_48_config2_s.v:1591]
WARNING: [Synth 8-6014] Unused sequential element grp_fu_236_p6_2_reg was removed.  [/home/eim32828/Desktop/Vitis_HLS_Gens/SampleNeuralNets_1_9_v2_Custom/Custom/SampleNeuralNet_prj/solution1/syn/verilog/SampleNeuralNet_custom_dsp_dense_implementation_ap_int_16_ap_int_48_config2_s.v:1594]
WARNING: [Synth 8-6014] Unused sequential element grp_fu_236_p6_3_reg was removed.  [/home/eim32828/Desktop/Vitis_HLS_Gens/SampleNeuralNets_1_9_v2_Custom/Custom/SampleNeuralNet_prj/solution1/syn/verilog/SampleNeuralNet_custom_dsp_dense_implementation_ap_int_16_ap_int_48_config2_s.v:1595]
WARNING: [Synth 8-6014] Unused sequential element grp_fu_236_p7_2_reg was removed.  [/home/eim32828/Desktop/Vitis_HLS_Gens/SampleNeuralNets_1_9_v2_Custom/Custom/SampleNeuralNet_prj/solution1/syn/verilog/SampleNeuralNet_custom_dsp_dense_implementation_ap_int_16_ap_int_48_config2_s.v:1597]
WARNING: [Synth 8-6014] Unused sequential element grp_fu_254_p6_2_reg was removed.  [/home/eim32828/Desktop/Vitis_HLS_Gens/SampleNeuralNets_1_9_v2_Custom/Custom/SampleNeuralNet_prj/solution1/syn/verilog/SampleNeuralNet_custom_dsp_dense_implementation_ap_int_16_ap_int_48_config2_s.v:1600]
WARNING: [Synth 8-6014] Unused sequential element grp_fu_254_p6_3_reg was removed.  [/home/eim32828/Desktop/Vitis_HLS_Gens/SampleNeuralNets_1_9_v2_Custom/Custom/SampleNeuralNet_prj/solution1/syn/verilog/SampleNeuralNet_custom_dsp_dense_implementation_ap_int_16_ap_int_48_config2_s.v:1601]
WARNING: [Synth 8-6014] Unused sequential element grp_fu_254_p7_2_reg was removed.  [/home/eim32828/Desktop/Vitis_HLS_Gens/SampleNeuralNets_1_9_v2_Custom/Custom/SampleNeuralNet_prj/solution1/syn/verilog/SampleNeuralNet_custom_dsp_dense_implementation_ap_int_16_ap_int_48_config2_s.v:1603]
WARNING: [Synth 8-6014] Unused sequential element grp_fu_272_p6_2_reg was removed.  [/home/eim32828/Desktop/Vitis_HLS_Gens/SampleNeuralNets_1_9_v2_Custom/Custom/SampleNeuralNet_prj/solution1/syn/verilog/SampleNeuralNet_custom_dsp_dense_implementation_ap_int_16_ap_int_48_config2_s.v:1606]
WARNING: [Synth 8-6014] Unused sequential element grp_fu_272_p6_3_reg was removed.  [/home/eim32828/Desktop/Vitis_HLS_Gens/SampleNeuralNets_1_9_v2_Custom/Custom/SampleNeuralNet_prj/solution1/syn/verilog/SampleNeuralNet_custom_dsp_dense_implementation_ap_int_16_ap_int_48_config2_s.v:1607]
WARNING: [Synth 8-6014] Unused sequential element grp_fu_272_p7_2_reg was removed.  [/home/eim32828/Desktop/Vitis_HLS_Gens/SampleNeuralNets_1_9_v2_Custom/Custom/SampleNeuralNet_prj/solution1/syn/verilog/SampleNeuralNet_custom_dsp_dense_implementation_ap_int_16_ap_int_48_config2_s.v:1609]
WARNING: [Synth 8-6014] Unused sequential element grp_fu_290_p6_2_reg was removed.  [/home/eim32828/Desktop/Vitis_HLS_Gens/SampleNeuralNets_1_9_v2_Custom/Custom/SampleNeuralNet_prj/solution1/syn/verilog/SampleNeuralNet_custom_dsp_dense_implementation_ap_int_16_ap_int_48_config2_s.v:1612]
WARNING: [Synth 8-6014] Unused sequential element grp_fu_290_p6_3_reg was removed.  [/home/eim32828/Desktop/Vitis_HLS_Gens/SampleNeuralNets_1_9_v2_Custom/Custom/SampleNeuralNet_prj/solution1/syn/verilog/SampleNeuralNet_custom_dsp_dense_implementation_ap_int_16_ap_int_48_config2_s.v:1613]
WARNING: [Synth 8-6014] Unused sequential element grp_fu_290_p7_2_reg was removed.  [/home/eim32828/Desktop/Vitis_HLS_Gens/SampleNeuralNets_1_9_v2_Custom/Custom/SampleNeuralNet_prj/solution1/syn/verilog/SampleNeuralNet_custom_dsp_dense_implementation_ap_int_16_ap_int_48_config2_s.v:1615]
WARNING: [Synth 8-6014] Unused sequential element grp_fu_308_p6_2_reg was removed.  [/home/eim32828/Desktop/Vitis_HLS_Gens/SampleNeuralNets_1_9_v2_Custom/Custom/SampleNeuralNet_prj/solution1/syn/verilog/SampleNeuralNet_custom_dsp_dense_implementation_ap_int_16_ap_int_48_config2_s.v:1618]
WARNING: [Synth 8-6014] Unused sequential element grp_fu_308_p6_3_reg was removed.  [/home/eim32828/Desktop/Vitis_HLS_Gens/SampleNeuralNets_1_9_v2_Custom/Custom/SampleNeuralNet_prj/solution1/syn/verilog/SampleNeuralNet_custom_dsp_dense_implementation_ap_int_16_ap_int_48_config2_s.v:1619]
WARNING: [Synth 8-6014] Unused sequential element grp_fu_308_p7_2_reg was removed.  [/home/eim32828/Desktop/Vitis_HLS_Gens/SampleNeuralNets_1_9_v2_Custom/Custom/SampleNeuralNet_prj/solution1/syn/verilog/SampleNeuralNet_custom_dsp_dense_implementation_ap_int_16_ap_int_48_config2_s.v:1621]
WARNING: [Synth 8-6014] Unused sequential element grp_fu_445_p6_2_reg was removed.  [/home/eim32828/Desktop/Vitis_HLS_Gens/SampleNeuralNets_1_9_v2_Custom/Custom/SampleNeuralNet_prj/solution1/syn/verilog/SampleNeuralNet_custom_dsp_dense_implementation_ap_int_16_ap_int_48_config2_s.v:1624]
WARNING: [Synth 8-6014] Unused sequential element grp_fu_445_p6_3_reg was removed.  [/home/eim32828/Desktop/Vitis_HLS_Gens/SampleNeuralNets_1_9_v2_Custom/Custom/SampleNeuralNet_prj/solution1/syn/verilog/SampleNeuralNet_custom_dsp_dense_implementation_ap_int_16_ap_int_48_config2_s.v:1625]
WARNING: [Synth 8-6014] Unused sequential element grp_fu_445_p7_2_reg was removed.  [/home/eim32828/Desktop/Vitis_HLS_Gens/SampleNeuralNets_1_9_v2_Custom/Custom/SampleNeuralNet_prj/solution1/syn/verilog/SampleNeuralNet_custom_dsp_dense_implementation_ap_int_16_ap_int_48_config2_s.v:1627]
WARNING: [Synth 8-6014] Unused sequential element grp_fu_466_p6_2_reg was removed.  [/home/eim32828/Desktop/Vitis_HLS_Gens/SampleNeuralNets_1_9_v2_Custom/Custom/SampleNeuralNet_prj/solution1/syn/verilog/SampleNeuralNet_custom_dsp_dense_implementation_ap_int_16_ap_int_48_config2_s.v:1630]
WARNING: [Synth 8-6014] Unused sequential element grp_fu_466_p6_3_reg was removed.  [/home/eim32828/Desktop/Vitis_HLS_Gens/SampleNeuralNets_1_9_v2_Custom/Custom/SampleNeuralNet_prj/solution1/syn/verilog/SampleNeuralNet_custom_dsp_dense_implementation_ap_int_16_ap_int_48_config2_s.v:1631]
WARNING: [Synth 8-6014] Unused sequential element grp_fu_466_p7_2_reg was removed.  [/home/eim32828/Desktop/Vitis_HLS_Gens/SampleNeuralNets_1_9_v2_Custom/Custom/SampleNeuralNet_prj/solution1/syn/verilog/SampleNeuralNet_custom_dsp_dense_implementation_ap_int_16_ap_int_48_config2_s.v:1633]
WARNING: [Synth 8-6014] Unused sequential element grp_fu_487_p6_2_reg was removed.  [/home/eim32828/Desktop/Vitis_HLS_Gens/SampleNeuralNets_1_9_v2_Custom/Custom/SampleNeuralNet_prj/solution1/syn/verilog/SampleNeuralNet_custom_dsp_dense_implementation_ap_int_16_ap_int_48_config2_s.v:1636]
WARNING: [Synth 8-6014] Unused sequential element grp_fu_487_p6_3_reg was removed.  [/home/eim32828/Desktop/Vitis_HLS_Gens/SampleNeuralNets_1_9_v2_Custom/Custom/SampleNeuralNet_prj/solution1/syn/verilog/SampleNeuralNet_custom_dsp_dense_implementation_ap_int_16_ap_int_48_config2_s.v:1637]
WARNING: [Synth 8-6014] Unused sequential element grp_fu_487_p7_2_reg was removed.  [/home/eim32828/Desktop/Vitis_HLS_Gens/SampleNeuralNets_1_9_v2_Custom/Custom/SampleNeuralNet_prj/solution1/syn/verilog/SampleNeuralNet_custom_dsp_dense_implementation_ap_int_16_ap_int_48_config2_s.v:1639]
WARNING: [Synth 8-6014] Unused sequential element grp_fu_508_p6_2_reg was removed.  [/home/eim32828/Desktop/Vitis_HLS_Gens/SampleNeuralNets_1_9_v2_Custom/Custom/SampleNeuralNet_prj/solution1/syn/verilog/SampleNeuralNet_custom_dsp_dense_implementation_ap_int_16_ap_int_48_config2_s.v:1642]
WARNING: [Synth 8-6014] Unused sequential element grp_fu_508_p6_3_reg was removed.  [/home/eim32828/Desktop/Vitis_HLS_Gens/SampleNeuralNets_1_9_v2_Custom/Custom/SampleNeuralNet_prj/solution1/syn/verilog/SampleNeuralNet_custom_dsp_dense_implementation_ap_int_16_ap_int_48_config2_s.v:1643]
WARNING: [Synth 8-6014] Unused sequential element grp_fu_508_p7_2_reg was removed.  [/home/eim32828/Desktop/Vitis_HLS_Gens/SampleNeuralNets_1_9_v2_Custom/Custom/SampleNeuralNet_prj/solution1/syn/verilog/SampleNeuralNet_custom_dsp_dense_implementation_ap_int_16_ap_int_48_config2_s.v:1645]
WARNING: [Synth 8-6014] Unused sequential element grp_fu_529_p6_2_reg was removed.  [/home/eim32828/Desktop/Vitis_HLS_Gens/SampleNeuralNets_1_9_v2_Custom/Custom/SampleNeuralNet_prj/solution1/syn/verilog/SampleNeuralNet_custom_dsp_dense_implementation_ap_int_16_ap_int_48_config2_s.v:1648]
WARNING: [Synth 8-6014] Unused sequential element grp_fu_529_p6_3_reg was removed.  [/home/eim32828/Desktop/Vitis_HLS_Gens/SampleNeuralNets_1_9_v2_Custom/Custom/SampleNeuralNet_prj/solution1/syn/verilog/SampleNeuralNet_custom_dsp_dense_implementation_ap_int_16_ap_int_48_config2_s.v:1649]
WARNING: [Synth 8-6014] Unused sequential element grp_fu_529_p7_2_reg was removed.  [/home/eim32828/Desktop/Vitis_HLS_Gens/SampleNeuralNets_1_9_v2_Custom/Custom/SampleNeuralNet_prj/solution1/syn/verilog/SampleNeuralNet_custom_dsp_dense_implementation_ap_int_16_ap_int_48_config2_s.v:1651]
WARNING: [Synth 8-6014] Unused sequential element grp_fu_550_p6_2_reg was removed.  [/home/eim32828/Desktop/Vitis_HLS_Gens/SampleNeuralNets_1_9_v2_Custom/Custom/SampleNeuralNet_prj/solution1/syn/verilog/SampleNeuralNet_custom_dsp_dense_implementation_ap_int_16_ap_int_48_config2_s.v:1654]
WARNING: [Synth 8-6014] Unused sequential element grp_fu_550_p6_3_reg was removed.  [/home/eim32828/Desktop/Vitis_HLS_Gens/SampleNeuralNets_1_9_v2_Custom/Custom/SampleNeuralNet_prj/solution1/syn/verilog/SampleNeuralNet_custom_dsp_dense_implementation_ap_int_16_ap_int_48_config2_s.v:1655]
WARNING: [Synth 8-6014] Unused sequential element grp_fu_550_p7_2_reg was removed.  [/home/eim32828/Desktop/Vitis_HLS_Gens/SampleNeuralNets_1_9_v2_Custom/Custom/SampleNeuralNet_prj/solution1/syn/verilog/SampleNeuralNet_custom_dsp_dense_implementation_ap_int_16_ap_int_48_config2_s.v:1657]
WARNING: [Synth 8-6014] Unused sequential element grp_fu_571_p6_2_reg was removed.  [/home/eim32828/Desktop/Vitis_HLS_Gens/SampleNeuralNets_1_9_v2_Custom/Custom/SampleNeuralNet_prj/solution1/syn/verilog/SampleNeuralNet_custom_dsp_dense_implementation_ap_int_16_ap_int_48_config2_s.v:1660]
WARNING: [Synth 8-6014] Unused sequential element grp_fu_571_p6_3_reg was removed.  [/home/eim32828/Desktop/Vitis_HLS_Gens/SampleNeuralNets_1_9_v2_Custom/Custom/SampleNeuralNet_prj/solution1/syn/verilog/SampleNeuralNet_custom_dsp_dense_implementation_ap_int_16_ap_int_48_config2_s.v:1661]
WARNING: [Synth 8-6014] Unused sequential element grp_fu_571_p7_2_reg was removed.  [/home/eim32828/Desktop/Vitis_HLS_Gens/SampleNeuralNets_1_9_v2_Custom/Custom/SampleNeuralNet_prj/solution1/syn/verilog/SampleNeuralNet_custom_dsp_dense_implementation_ap_int_16_ap_int_48_config2_s.v:1663]
WARNING: [Synth 8-6014] Unused sequential element grp_fu_592_p6_2_reg was removed.  [/home/eim32828/Desktop/Vitis_HLS_Gens/SampleNeuralNets_1_9_v2_Custom/Custom/SampleNeuralNet_prj/solution1/syn/verilog/SampleNeuralNet_custom_dsp_dense_implementation_ap_int_16_ap_int_48_config2_s.v:1666]
WARNING: [Synth 8-6014] Unused sequential element grp_fu_592_p6_3_reg was removed.  [/home/eim32828/Desktop/Vitis_HLS_Gens/SampleNeuralNets_1_9_v2_Custom/Custom/SampleNeuralNet_prj/solution1/syn/verilog/SampleNeuralNet_custom_dsp_dense_implementation_ap_int_16_ap_int_48_config2_s.v:1667]
WARNING: [Synth 8-6014] Unused sequential element grp_fu_592_p7_2_reg was removed.  [/home/eim32828/Desktop/Vitis_HLS_Gens/SampleNeuralNets_1_9_v2_Custom/Custom/SampleNeuralNet_prj/solution1/syn/verilog/SampleNeuralNet_custom_dsp_dense_implementation_ap_int_16_ap_int_48_config2_s.v:1669]
WARNING: [Synth 8-6014] Unused sequential element grp_fu_200_p3_1_reg was removed.  [/home/eim32828/Desktop/Vitis_HLS_Gens/SampleNeuralNets_1_9_v2_Custom/Custom/SampleNeuralNet_prj/solution1/syn/verilog/SampleNeuralNet_custom_dsp_dense_implementation_ap_int_16_ap_int_48_config2_s.v:465]
WARNING: [Synth 8-6014] Unused sequential element grp_fu_200_p6_1_reg was removed.  [/home/eim32828/Desktop/Vitis_HLS_Gens/SampleNeuralNets_1_9_v2_Custom/Custom/SampleNeuralNet_prj/solution1/syn/verilog/SampleNeuralNet_custom_dsp_dense_implementation_ap_int_16_ap_int_48_config2_s.v:468]
WARNING: [Synth 8-6014] Unused sequential element grp_fu_200_p7_1_reg was removed.  [/home/eim32828/Desktop/Vitis_HLS_Gens/SampleNeuralNets_1_9_v2_Custom/Custom/SampleNeuralNet_prj/solution1/syn/verilog/SampleNeuralNet_custom_dsp_dense_implementation_ap_int_16_ap_int_48_config2_s.v:469]
WARNING: [Synth 8-6014] Unused sequential element grp_fu_218_p3_1_reg was removed.  [/home/eim32828/Desktop/Vitis_HLS_Gens/SampleNeuralNets_1_9_v2_Custom/Custom/SampleNeuralNet_prj/solution1/syn/verilog/SampleNeuralNet_custom_dsp_dense_implementation_ap_int_16_ap_int_48_config2_s.v:486]
WARNING: [Synth 8-6014] Unused sequential element grp_fu_218_p6_1_reg was removed.  [/home/eim32828/Desktop/Vitis_HLS_Gens/SampleNeuralNets_1_9_v2_Custom/Custom/SampleNeuralNet_prj/solution1/syn/verilog/SampleNeuralNet_custom_dsp_dense_implementation_ap_int_16_ap_int_48_config2_s.v:489]
WARNING: [Synth 8-6014] Unused sequential element grp_fu_218_p7_1_reg was removed.  [/home/eim32828/Desktop/Vitis_HLS_Gens/SampleNeuralNets_1_9_v2_Custom/Custom/SampleNeuralNet_prj/solution1/syn/verilog/SampleNeuralNet_custom_dsp_dense_implementation_ap_int_16_ap_int_48_config2_s.v:490]
WARNING: [Synth 8-6014] Unused sequential element grp_fu_236_p3_1_reg was removed.  [/home/eim32828/Desktop/Vitis_HLS_Gens/SampleNeuralNets_1_9_v2_Custom/Custom/SampleNeuralNet_prj/solution1/syn/verilog/SampleNeuralNet_custom_dsp_dense_implementation_ap_int_16_ap_int_48_config2_s.v:507]
WARNING: [Synth 8-6014] Unused sequential element grp_fu_236_p6_1_reg was removed.  [/home/eim32828/Desktop/Vitis_HLS_Gens/SampleNeuralNets_1_9_v2_Custom/Custom/SampleNeuralNet_prj/solution1/syn/verilog/SampleNeuralNet_custom_dsp_dense_implementation_ap_int_16_ap_int_48_config2_s.v:510]
WARNING: [Synth 8-6014] Unused sequential element grp_fu_236_p7_1_reg was removed.  [/home/eim32828/Desktop/Vitis_HLS_Gens/SampleNeuralNets_1_9_v2_Custom/Custom/SampleNeuralNet_prj/solution1/syn/verilog/SampleNeuralNet_custom_dsp_dense_implementation_ap_int_16_ap_int_48_config2_s.v:511]
WARNING: [Synth 8-6014] Unused sequential element grp_fu_254_p3_1_reg was removed.  [/home/eim32828/Desktop/Vitis_HLS_Gens/SampleNeuralNets_1_9_v2_Custom/Custom/SampleNeuralNet_prj/solution1/syn/verilog/SampleNeuralNet_custom_dsp_dense_implementation_ap_int_16_ap_int_48_config2_s.v:528]
WARNING: [Synth 8-6014] Unused sequential element grp_fu_254_p6_1_reg was removed.  [/home/eim32828/Desktop/Vitis_HLS_Gens/SampleNeuralNets_1_9_v2_Custom/Custom/SampleNeuralNet_prj/solution1/syn/verilog/SampleNeuralNet_custom_dsp_dense_implementation_ap_int_16_ap_int_48_config2_s.v:531]
WARNING: [Synth 8-6014] Unused sequential element grp_fu_254_p7_1_reg was removed.  [/home/eim32828/Desktop/Vitis_HLS_Gens/SampleNeuralNets_1_9_v2_Custom/Custom/SampleNeuralNet_prj/solution1/syn/verilog/SampleNeuralNet_custom_dsp_dense_implementation_ap_int_16_ap_int_48_config2_s.v:532]
WARNING: [Synth 8-6014] Unused sequential element grp_fu_272_p3_1_reg was removed.  [/home/eim32828/Desktop/Vitis_HLS_Gens/SampleNeuralNets_1_9_v2_Custom/Custom/SampleNeuralNet_prj/solution1/syn/verilog/SampleNeuralNet_custom_dsp_dense_implementation_ap_int_16_ap_int_48_config2_s.v:549]
WARNING: [Synth 8-6014] Unused sequential element grp_fu_272_p6_1_reg was removed.  [/home/eim32828/Desktop/Vitis_HLS_Gens/SampleNeuralNets_1_9_v2_Custom/Custom/SampleNeuralNet_prj/solution1/syn/verilog/SampleNeuralNet_custom_dsp_dense_implementation_ap_int_16_ap_int_48_config2_s.v:552]
WARNING: [Synth 8-6014] Unused sequential element grp_fu_272_p7_1_reg was removed.  [/home/eim32828/Desktop/Vitis_HLS_Gens/SampleNeuralNets_1_9_v2_Custom/Custom/SampleNeuralNet_prj/solution1/syn/verilog/SampleNeuralNet_custom_dsp_dense_implementation_ap_int_16_ap_int_48_config2_s.v:553]
WARNING: [Synth 8-6014] Unused sequential element grp_fu_290_p3_1_reg was removed.  [/home/eim32828/Desktop/Vitis_HLS_Gens/SampleNeuralNets_1_9_v2_Custom/Custom/SampleNeuralNet_prj/solution1/syn/verilog/SampleNeuralNet_custom_dsp_dense_implementation_ap_int_16_ap_int_48_config2_s.v:570]
WARNING: [Synth 8-6014] Unused sequential element grp_fu_290_p6_1_reg was removed.  [/home/eim32828/Desktop/Vitis_HLS_Gens/SampleNeuralNets_1_9_v2_Custom/Custom/SampleNeuralNet_prj/solution1/syn/verilog/SampleNeuralNet_custom_dsp_dense_implementation_ap_int_16_ap_int_48_config2_s.v:573]
WARNING: [Synth 8-6014] Unused sequential element grp_fu_290_p7_1_reg was removed.  [/home/eim32828/Desktop/Vitis_HLS_Gens/SampleNeuralNets_1_9_v2_Custom/Custom/SampleNeuralNet_prj/solution1/syn/verilog/SampleNeuralNet_custom_dsp_dense_implementation_ap_int_16_ap_int_48_config2_s.v:574]
WARNING: [Synth 8-6014] Unused sequential element grp_fu_308_p3_1_reg was removed.  [/home/eim32828/Desktop/Vitis_HLS_Gens/SampleNeuralNets_1_9_v2_Custom/Custom/SampleNeuralNet_prj/solution1/syn/verilog/SampleNeuralNet_custom_dsp_dense_implementation_ap_int_16_ap_int_48_config2_s.v:591]
WARNING: [Synth 8-6014] Unused sequential element grp_fu_308_p6_1_reg was removed.  [/home/eim32828/Desktop/Vitis_HLS_Gens/SampleNeuralNets_1_9_v2_Custom/Custom/SampleNeuralNet_prj/solution1/syn/verilog/SampleNeuralNet_custom_dsp_dense_implementation_ap_int_16_ap_int_48_config2_s.v:594]
WARNING: [Synth 8-6014] Unused sequential element grp_fu_308_p7_1_reg was removed.  [/home/eim32828/Desktop/Vitis_HLS_Gens/SampleNeuralNets_1_9_v2_Custom/Custom/SampleNeuralNet_prj/solution1/syn/verilog/SampleNeuralNet_custom_dsp_dense_implementation_ap_int_16_ap_int_48_config2_s.v:595]
WARNING: [Synth 8-6014] Unused sequential element grp_fu_445_p3_1_reg was removed.  [/home/eim32828/Desktop/Vitis_HLS_Gens/SampleNeuralNets_1_9_v2_Custom/Custom/SampleNeuralNet_prj/solution1/syn/verilog/SampleNeuralNet_custom_dsp_dense_implementation_ap_int_16_ap_int_48_config2_s.v:628]
WARNING: [Synth 8-6014] Unused sequential element grp_fu_445_p6_1_reg was removed.  [/home/eim32828/Desktop/Vitis_HLS_Gens/SampleNeuralNets_1_9_v2_Custom/Custom/SampleNeuralNet_prj/solution1/syn/verilog/SampleNeuralNet_custom_dsp_dense_implementation_ap_int_16_ap_int_48_config2_s.v:631]
WARNING: [Synth 8-6014] Unused sequential element grp_fu_466_p3_1_reg was removed.  [/home/eim32828/Desktop/Vitis_HLS_Gens/SampleNeuralNets_1_9_v2_Custom/Custom/SampleNeuralNet_prj/solution1/syn/verilog/SampleNeuralNet_custom_dsp_dense_implementation_ap_int_16_ap_int_48_config2_s.v:649]
WARNING: [Synth 8-6014] Unused sequential element grp_fu_466_p6_1_reg was removed.  [/home/eim32828/Desktop/Vitis_HLS_Gens/SampleNeuralNets_1_9_v2_Custom/Custom/SampleNeuralNet_prj/solution1/syn/verilog/SampleNeuralNet_custom_dsp_dense_implementation_ap_int_16_ap_int_48_config2_s.v:652]
WARNING: [Synth 8-6014] Unused sequential element grp_fu_466_p7_1_reg was removed.  [/home/eim32828/Desktop/Vitis_HLS_Gens/SampleNeuralNets_1_9_v2_Custom/Custom/SampleNeuralNet_prj/solution1/syn/verilog/SampleNeuralNet_custom_dsp_dense_implementation_ap_int_16_ap_int_48_config2_s.v:653]
WARNING: [Synth 8-6014] Unused sequential element grp_fu_487_p3_1_reg was removed.  [/home/eim32828/Desktop/Vitis_HLS_Gens/SampleNeuralNets_1_9_v2_Custom/Custom/SampleNeuralNet_prj/solution1/syn/verilog/SampleNeuralNet_custom_dsp_dense_implementation_ap_int_16_ap_int_48_config2_s.v:670]
WARNING: [Synth 8-6014] Unused sequential element grp_fu_487_p6_1_reg was removed.  [/home/eim32828/Desktop/Vitis_HLS_Gens/SampleNeuralNets_1_9_v2_Custom/Custom/SampleNeuralNet_prj/solution1/syn/verilog/SampleNeuralNet_custom_dsp_dense_implementation_ap_int_16_ap_int_48_config2_s.v:673]
WARNING: [Synth 8-6014] Unused sequential element grp_fu_487_p7_1_reg was removed.  [/home/eim32828/Desktop/Vitis_HLS_Gens/SampleNeuralNets_1_9_v2_Custom/Custom/SampleNeuralNet_prj/solution1/syn/verilog/SampleNeuralNet_custom_dsp_dense_implementation_ap_int_16_ap_int_48_config2_s.v:674]
WARNING: [Synth 8-6014] Unused sequential element grp_fu_508_p3_1_reg was removed.  [/home/eim32828/Desktop/Vitis_HLS_Gens/SampleNeuralNets_1_9_v2_Custom/Custom/SampleNeuralNet_prj/solution1/syn/verilog/SampleNeuralNet_custom_dsp_dense_implementation_ap_int_16_ap_int_48_config2_s.v:691]
WARNING: [Synth 8-6014] Unused sequential element grp_fu_508_p6_1_reg was removed.  [/home/eim32828/Desktop/Vitis_HLS_Gens/SampleNeuralNets_1_9_v2_Custom/Custom/SampleNeuralNet_prj/solution1/syn/verilog/SampleNeuralNet_custom_dsp_dense_implementation_ap_int_16_ap_int_48_config2_s.v:694]
WARNING: [Synth 8-6014] Unused sequential element grp_fu_508_p7_1_reg was removed.  [/home/eim32828/Desktop/Vitis_HLS_Gens/SampleNeuralNets_1_9_v2_Custom/Custom/SampleNeuralNet_prj/solution1/syn/verilog/SampleNeuralNet_custom_dsp_dense_implementation_ap_int_16_ap_int_48_config2_s.v:695]
WARNING: [Synth 8-6014] Unused sequential element grp_fu_529_p3_1_reg was removed.  [/home/eim32828/Desktop/Vitis_HLS_Gens/SampleNeuralNets_1_9_v2_Custom/Custom/SampleNeuralNet_prj/solution1/syn/verilog/SampleNeuralNet_custom_dsp_dense_implementation_ap_int_16_ap_int_48_config2_s.v:712]
WARNING: [Synth 8-6014] Unused sequential element grp_fu_529_p6_1_reg was removed.  [/home/eim32828/Desktop/Vitis_HLS_Gens/SampleNeuralNets_1_9_v2_Custom/Custom/SampleNeuralNet_prj/solution1/syn/verilog/SampleNeuralNet_custom_dsp_dense_implementation_ap_int_16_ap_int_48_config2_s.v:715]
WARNING: [Synth 8-6014] Unused sequential element grp_fu_529_p7_1_reg was removed.  [/home/eim32828/Desktop/Vitis_HLS_Gens/SampleNeuralNets_1_9_v2_Custom/Custom/SampleNeuralNet_prj/solution1/syn/verilog/SampleNeuralNet_custom_dsp_dense_implementation_ap_int_16_ap_int_48_config2_s.v:716]
WARNING: [Synth 8-6014] Unused sequential element grp_fu_550_p3_1_reg was removed.  [/home/eim32828/Desktop/Vitis_HLS_Gens/SampleNeuralNets_1_9_v2_Custom/Custom/SampleNeuralNet_prj/solution1/syn/verilog/SampleNeuralNet_custom_dsp_dense_implementation_ap_int_16_ap_int_48_config2_s.v:733]
WARNING: [Synth 8-6014] Unused sequential element grp_fu_550_p6_1_reg was removed.  [/home/eim32828/Desktop/Vitis_HLS_Gens/SampleNeuralNets_1_9_v2_Custom/Custom/SampleNeuralNet_prj/solution1/syn/verilog/SampleNeuralNet_custom_dsp_dense_implementation_ap_int_16_ap_int_48_config2_s.v:736]
WARNING: [Synth 8-6014] Unused sequential element grp_fu_550_p7_1_reg was removed.  [/home/eim32828/Desktop/Vitis_HLS_Gens/SampleNeuralNets_1_9_v2_Custom/Custom/SampleNeuralNet_prj/solution1/syn/verilog/SampleNeuralNet_custom_dsp_dense_implementation_ap_int_16_ap_int_48_config2_s.v:737]
WARNING: [Synth 8-6014] Unused sequential element grp_fu_571_p3_1_reg was removed.  [/home/eim32828/Desktop/Vitis_HLS_Gens/SampleNeuralNets_1_9_v2_Custom/Custom/SampleNeuralNet_prj/solution1/syn/verilog/SampleNeuralNet_custom_dsp_dense_implementation_ap_int_16_ap_int_48_config2_s.v:754]
WARNING: [Synth 8-6014] Unused sequential element grp_fu_571_p6_1_reg was removed.  [/home/eim32828/Desktop/Vitis_HLS_Gens/SampleNeuralNets_1_9_v2_Custom/Custom/SampleNeuralNet_prj/solution1/syn/verilog/SampleNeuralNet_custom_dsp_dense_implementation_ap_int_16_ap_int_48_config2_s.v:757]
WARNING: [Synth 8-6014] Unused sequential element grp_fu_571_p7_1_reg was removed.  [/home/eim32828/Desktop/Vitis_HLS_Gens/SampleNeuralNets_1_9_v2_Custom/Custom/SampleNeuralNet_prj/solution1/syn/verilog/SampleNeuralNet_custom_dsp_dense_implementation_ap_int_16_ap_int_48_config2_s.v:758]
WARNING: [Synth 8-6014] Unused sequential element grp_fu_592_p3_1_reg was removed.  [/home/eim32828/Desktop/Vitis_HLS_Gens/SampleNeuralNets_1_9_v2_Custom/Custom/SampleNeuralNet_prj/solution1/syn/verilog/SampleNeuralNet_custom_dsp_dense_implementation_ap_int_16_ap_int_48_config2_s.v:775]
WARNING: [Synth 8-6014] Unused sequential element grp_fu_592_p6_1_reg was removed.  [/home/eim32828/Desktop/Vitis_HLS_Gens/SampleNeuralNets_1_9_v2_Custom/Custom/SampleNeuralNet_prj/solution1/syn/verilog/SampleNeuralNet_custom_dsp_dense_implementation_ap_int_16_ap_int_48_config2_s.v:778]
WARNING: [Synth 8-6014] Unused sequential element grp_fu_592_p7_1_reg was removed.  [/home/eim32828/Desktop/Vitis_HLS_Gens/SampleNeuralNets_1_9_v2_Custom/Custom/SampleNeuralNet_prj/solution1/syn/verilog/SampleNeuralNet_custom_dsp_dense_implementation_ap_int_16_ap_int_48_config2_s.v:779]
WARNING: [Synth 8-6014] Unused sequential element grp_fu_428_p6_2_reg was removed.  [/home/eim32828/Desktop/Vitis_HLS_Gens/SampleNeuralNets_1_9_v2_Custom/Custom/SampleNeuralNet_prj/solution1/syn/verilog/SampleNeuralNet_custom_dsp_dense_implementation_ap_int_16_ap_int_48_config4_s.v:1731]
WARNING: [Synth 8-6014] Unused sequential element grp_fu_428_p6_3_reg was removed.  [/home/eim32828/Desktop/Vitis_HLS_Gens/SampleNeuralNets_1_9_v2_Custom/Custom/SampleNeuralNet_prj/solution1/syn/verilog/SampleNeuralNet_custom_dsp_dense_implementation_ap_int_16_ap_int_48_config4_s.v:1732]
WARNING: [Synth 8-6014] Unused sequential element grp_fu_428_p7_2_reg was removed.  [/home/eim32828/Desktop/Vitis_HLS_Gens/SampleNeuralNets_1_9_v2_Custom/Custom/SampleNeuralNet_prj/solution1/syn/verilog/SampleNeuralNet_custom_dsp_dense_implementation_ap_int_16_ap_int_48_config4_s.v:1734]
WARNING: [Synth 8-6014] Unused sequential element grp_fu_446_p6_2_reg was removed.  [/home/eim32828/Desktop/Vitis_HLS_Gens/SampleNeuralNets_1_9_v2_Custom/Custom/SampleNeuralNet_prj/solution1/syn/verilog/SampleNeuralNet_custom_dsp_dense_implementation_ap_int_16_ap_int_48_config4_s.v:1737]
WARNING: [Synth 8-6014] Unused sequential element grp_fu_446_p6_3_reg was removed.  [/home/eim32828/Desktop/Vitis_HLS_Gens/SampleNeuralNets_1_9_v2_Custom/Custom/SampleNeuralNet_prj/solution1/syn/verilog/SampleNeuralNet_custom_dsp_dense_implementation_ap_int_16_ap_int_48_config4_s.v:1738]
WARNING: [Synth 8-6014] Unused sequential element grp_fu_446_p7_2_reg was removed.  [/home/eim32828/Desktop/Vitis_HLS_Gens/SampleNeuralNets_1_9_v2_Custom/Custom/SampleNeuralNet_prj/solution1/syn/verilog/SampleNeuralNet_custom_dsp_dense_implementation_ap_int_16_ap_int_48_config4_s.v:1740]
WARNING: [Synth 8-6014] Unused sequential element grp_fu_464_p6_2_reg was removed.  [/home/eim32828/Desktop/Vitis_HLS_Gens/SampleNeuralNets_1_9_v2_Custom/Custom/SampleNeuralNet_prj/solution1/syn/verilog/SampleNeuralNet_custom_dsp_dense_implementation_ap_int_16_ap_int_48_config4_s.v:1743]
WARNING: [Synth 8-6014] Unused sequential element grp_fu_464_p6_3_reg was removed.  [/home/eim32828/Desktop/Vitis_HLS_Gens/SampleNeuralNets_1_9_v2_Custom/Custom/SampleNeuralNet_prj/solution1/syn/verilog/SampleNeuralNet_custom_dsp_dense_implementation_ap_int_16_ap_int_48_config4_s.v:1744]
INFO: [Common 17-14] Message 'Synth 8-6014' appears 100 times and further instances of the messages will be disabled. Use the Tcl command set_msg_config to change the current settings.
WARNING: [Synth 8-7129] Port addr[1] in module SampleNeuralNet_fifo_w48_d2_S_ShiftReg is either unconnected or has no load
WARNING: [Synth 8-7129] Port addr[1] in module SampleNeuralNet_fifo_w16_d2_S_ShiftReg is either unconnected or has no load
WARNING: [Synth 8-7129] Port reset in module SampleNeuralNet_icmp_48s_48s_1_2_1_sub is either unconnected or has no load
WARNING: [Synth 8-7129] Port ap_done_int in module SampleNeuralNet_flow_control_loop_pipe is either unconnected or has no load
WARNING: [Synth 8-7129] Port rst in module SampleNeuralNet_dsp_48ns_32ns_64ns_25ns_30s_18s_48ns_1ns_48_5_1_DSP_Builtin is either unconnected or has no load
WARNING: [Synth 8-7129] Port in3[47] in module SampleNeuralNet_dsp_48ns_32ns_64ns_25ns_30s_18s_48ns_1ns_48_5_1_DSP_Builtin is either unconnected or has no load
WARNING: [Synth 8-7129] Port in3[46] in module SampleNeuralNet_dsp_48ns_32ns_64ns_25ns_30s_18s_48ns_1ns_48_5_1_DSP_Builtin is either unconnected or has no load
WARNING: [Synth 8-7129] Port in3[45] in module SampleNeuralNet_dsp_48ns_32ns_64ns_25ns_30s_18s_48ns_1ns_48_5_1_DSP_Builtin is either unconnected or has no load
WARNING: [Synth 8-7129] Port in3[44] in module SampleNeuralNet_dsp_48ns_32ns_64ns_25ns_30s_18s_48ns_1ns_48_5_1_DSP_Builtin is either unconnected or has no load
WARNING: [Synth 8-7129] Port in3[43] in module SampleNeuralNet_dsp_48ns_32ns_64ns_25ns_30s_18s_48ns_1ns_48_5_1_DSP_Builtin is either unconnected or has no load
WARNING: [Synth 8-7129] Port in3[42] in module SampleNeuralNet_dsp_48ns_32ns_64ns_25ns_30s_18s_48ns_1ns_48_5_1_DSP_Builtin is either unconnected or has no load
WARNING: [Synth 8-7129] Port in3[41] in module SampleNeuralNet_dsp_48ns_32ns_64ns_25ns_30s_18s_48ns_1ns_48_5_1_DSP_Builtin is either unconnected or has no load
WARNING: [Synth 8-7129] Port in3[40] in module SampleNeuralNet_dsp_48ns_32ns_64ns_25ns_30s_18s_48ns_1ns_48_5_1_DSP_Builtin is either unconnected or has no load
WARNING: [Synth 8-7129] Port in3[39] in module SampleNeuralNet_dsp_48ns_32ns_64ns_25ns_30s_18s_48ns_1ns_48_5_1_DSP_Builtin is either unconnected or has no load
WARNING: [Synth 8-7129] Port in3[38] in module SampleNeuralNet_dsp_48ns_32ns_64ns_25ns_30s_18s_48ns_1ns_48_5_1_DSP_Builtin is either unconnected or has no load
WARNING: [Synth 8-7129] Port in3[37] in module SampleNeuralNet_dsp_48ns_32ns_64ns_25ns_30s_18s_48ns_1ns_48_5_1_DSP_Builtin is either unconnected or has no load
WARNING: [Synth 8-7129] Port in3[36] in module SampleNeuralNet_dsp_48ns_32ns_64ns_25ns_30s_18s_48ns_1ns_48_5_1_DSP_Builtin is either unconnected or has no load
WARNING: [Synth 8-7129] Port in3[35] in module SampleNeuralNet_dsp_48ns_32ns_64ns_25ns_30s_18s_48ns_1ns_48_5_1_DSP_Builtin is either unconnected or has no load
WARNING: [Synth 8-7129] Port in3[34] in module SampleNeuralNet_dsp_48ns_32ns_64ns_25ns_30s_18s_48ns_1ns_48_5_1_DSP_Builtin is either unconnected or has no load
WARNING: [Synth 8-7129] Port in3[33] in module SampleNeuralNet_dsp_48ns_32ns_64ns_25ns_30s_18s_48ns_1ns_48_5_1_DSP_Builtin is either unconnected or has no load
WARNING: [Synth 8-7129] Port in3[32] in module SampleNeuralNet_dsp_48ns_32ns_64ns_25ns_30s_18s_48ns_1ns_48_5_1_DSP_Builtin is either unconnected or has no load
WARNING: [Synth 8-7129] Port in3[31] in module SampleNeuralNet_dsp_48ns_32ns_64ns_25ns_30s_18s_48ns_1ns_48_5_1_DSP_Builtin is either unconnected or has no load
WARNING: [Synth 8-7129] Port in3[30] in module SampleNeuralNet_dsp_48ns_32ns_64ns_25ns_30s_18s_48ns_1ns_48_5_1_DSP_Builtin is either unconnected or has no load
WARNING: [Synth 8-7129] Port in3[29] in module SampleNeuralNet_dsp_48ns_32ns_64ns_25ns_30s_18s_48ns_1ns_48_5_1_DSP_Builtin is either unconnected or has no load
WARNING: [Synth 8-7129] Port in3[28] in module SampleNeuralNet_dsp_48ns_32ns_64ns_25ns_30s_18s_48ns_1ns_48_5_1_DSP_Builtin is either unconnected or has no load
WARNING: [Synth 8-7129] Port in3[27] in module SampleNeuralNet_dsp_48ns_32ns_64ns_25ns_30s_18s_48ns_1ns_48_5_1_DSP_Builtin is either unconnected or has no load
WARNING: [Synth 8-7129] Port in3[26] in module SampleNeuralNet_dsp_48ns_32ns_64ns_25ns_30s_18s_48ns_1ns_48_5_1_DSP_Builtin is either unconnected or has no load
WARNING: [Synth 8-7129] Port in3[25] in module SampleNeuralNet_dsp_48ns_32ns_64ns_25ns_30s_18s_48ns_1ns_48_5_1_DSP_Builtin is either unconnected or has no load
WARNING: [Synth 8-7129] Port in3[24] in module SampleNeuralNet_dsp_48ns_32ns_64ns_25ns_30s_18s_48ns_1ns_48_5_1_DSP_Builtin is either unconnected or has no load
WARNING: [Synth 8-7129] Port in3[23] in module SampleNeuralNet_dsp_48ns_32ns_64ns_25ns_30s_18s_48ns_1ns_48_5_1_DSP_Builtin is either unconnected or has no load
WARNING: [Synth 8-7129] Port in3[22] in module SampleNeuralNet_dsp_48ns_32ns_64ns_25ns_30s_18s_48ns_1ns_48_5_1_DSP_Builtin is either unconnected or has no load
WARNING: [Synth 8-7129] Port in3[21] in module SampleNeuralNet_dsp_48ns_32ns_64ns_25ns_30s_18s_48ns_1ns_48_5_1_DSP_Builtin is either unconnected or has no load
WARNING: [Synth 8-7129] Port in3[20] in module SampleNeuralNet_dsp_48ns_32ns_64ns_25ns_30s_18s_48ns_1ns_48_5_1_DSP_Builtin is either unconnected or has no load
WARNING: [Synth 8-7129] Port in3[19] in module SampleNeuralNet_dsp_48ns_32ns_64ns_25ns_30s_18s_48ns_1ns_48_5_1_DSP_Builtin is either unconnected or has no load
WARNING: [Synth 8-7129] Port in3[18] in module SampleNeuralNet_dsp_48ns_32ns_64ns_25ns_30s_18s_48ns_1ns_48_5_1_DSP_Builtin is either unconnected or has no load
WARNING: [Synth 8-7129] Port in3[17] in module SampleNeuralNet_dsp_48ns_32ns_64ns_25ns_30s_18s_48ns_1ns_48_5_1_DSP_Builtin is either unconnected or has no load
WARNING: [Synth 8-7129] Port in3[16] in module SampleNeuralNet_dsp_48ns_32ns_64ns_25ns_30s_18s_48ns_1ns_48_5_1_DSP_Builtin is either unconnected or has no load
WARNING: [Synth 8-7129] Port in3[15] in module SampleNeuralNet_dsp_48ns_32ns_64ns_25ns_30s_18s_48ns_1ns_48_5_1_DSP_Builtin is either unconnected or has no load
WARNING: [Synth 8-7129] Port in3[14] in module SampleNeuralNet_dsp_48ns_32ns_64ns_25ns_30s_18s_48ns_1ns_48_5_1_DSP_Builtin is either unconnected or has no load
WARNING: [Synth 8-7129] Port in3[13] in module SampleNeuralNet_dsp_48ns_32ns_64ns_25ns_30s_18s_48ns_1ns_48_5_1_DSP_Builtin is either unconnected or has no load
WARNING: [Synth 8-7129] Port in3[12] in module SampleNeuralNet_dsp_48ns_32ns_64ns_25ns_30s_18s_48ns_1ns_48_5_1_DSP_Builtin is either unconnected or has no load
WARNING: [Synth 8-7129] Port in3[11] in module SampleNeuralNet_dsp_48ns_32ns_64ns_25ns_30s_18s_48ns_1ns_48_5_1_DSP_Builtin is either unconnected or has no load
WARNING: [Synth 8-7129] Port in3[10] in module SampleNeuralNet_dsp_48ns_32ns_64ns_25ns_30s_18s_48ns_1ns_48_5_1_DSP_Builtin is either unconnected or has no load
WARNING: [Synth 8-7129] Port in3[9] in module SampleNeuralNet_dsp_48ns_32ns_64ns_25ns_30s_18s_48ns_1ns_48_5_1_DSP_Builtin is either unconnected or has no load
WARNING: [Synth 8-7129] Port in3[8] in module SampleNeuralNet_dsp_48ns_32ns_64ns_25ns_30s_18s_48ns_1ns_48_5_1_DSP_Builtin is either unconnected or has no load
WARNING: [Synth 8-7129] Port in3[7] in module SampleNeuralNet_dsp_48ns_32ns_64ns_25ns_30s_18s_48ns_1ns_48_5_1_DSP_Builtin is either unconnected or has no load
WARNING: [Synth 8-7129] Port in3[6] in module SampleNeuralNet_dsp_48ns_32ns_64ns_25ns_30s_18s_48ns_1ns_48_5_1_DSP_Builtin is either unconnected or has no load
WARNING: [Synth 8-7129] Port in3[5] in module SampleNeuralNet_dsp_48ns_32ns_64ns_25ns_30s_18s_48ns_1ns_48_5_1_DSP_Builtin is either unconnected or has no load
WARNING: [Synth 8-7129] Port in3[4] in module SampleNeuralNet_dsp_48ns_32ns_64ns_25ns_30s_18s_48ns_1ns_48_5_1_DSP_Builtin is either unconnected or has no load
WARNING: [Synth 8-7129] Port in3[3] in module SampleNeuralNet_dsp_48ns_32ns_64ns_25ns_30s_18s_48ns_1ns_48_5_1_DSP_Builtin is either unconnected or has no load
WARNING: [Synth 8-7129] Port in3[2] in module SampleNeuralNet_dsp_48ns_32ns_64ns_25ns_30s_18s_48ns_1ns_48_5_1_DSP_Builtin is either unconnected or has no load
WARNING: [Synth 8-7129] Port in3[1] in module SampleNeuralNet_dsp_48ns_32ns_64ns_25ns_30s_18s_48ns_1ns_48_5_1_DSP_Builtin is either unconnected or has no load
WARNING: [Synth 8-7129] Port in3[0] in module SampleNeuralNet_dsp_48ns_32ns_64ns_25ns_30s_18s_48ns_1ns_48_5_1_DSP_Builtin is either unconnected or has no load
WARNING: [Synth 8-7129] Port din1[29] in module SampleNeuralNet_dsp_48ns_32ns_64ns_25ns_30s_18s_48ns_1ns_48_5_1 is either unconnected or has no load
WARNING: [Synth 8-7129] Port din1[28] in module SampleNeuralNet_dsp_48ns_32ns_64ns_25ns_30s_18s_48ns_1ns_48_5_1 is either unconnected or has no load
WARNING: [Synth 8-7129] Port din1[27] in module SampleNeuralNet_dsp_48ns_32ns_64ns_25ns_30s_18s_48ns_1ns_48_5_1 is either unconnected or has no load
WARNING: [Synth 8-7129] Port din1[26] in module SampleNeuralNet_dsp_48ns_32ns_64ns_25ns_30s_18s_48ns_1ns_48_5_1 is either unconnected or has no load
WARNING: [Synth 8-7129] Port din1[25] in module SampleNeuralNet_dsp_48ns_32ns_64ns_25ns_30s_18s_48ns_1ns_48_5_1 is either unconnected or has no load
WARNING: [Synth 8-7129] Port rst in module SampleNeuralNet_dsp_48ns_32ns_64ns_25ns_30ns_18ns_48ns_1s_48_5_1_DSP_Builtin is either unconnected or has no load
WARNING: [Synth 8-7129] Port in3[47] in module SampleNeuralNet_dsp_48ns_32ns_64ns_25ns_30ns_18ns_48ns_1s_48_5_1_DSP_Builtin is either unconnected or has no load
WARNING: [Synth 8-7129] Port in3[46] in module SampleNeuralNet_dsp_48ns_32ns_64ns_25ns_30ns_18ns_48ns_1s_48_5_1_DSP_Builtin is either unconnected or has no load
WARNING: [Synth 8-7129] Port in3[45] in module SampleNeuralNet_dsp_48ns_32ns_64ns_25ns_30ns_18ns_48ns_1s_48_5_1_DSP_Builtin is either unconnected or has no load
WARNING: [Synth 8-7129] Port in3[44] in module SampleNeuralNet_dsp_48ns_32ns_64ns_25ns_30ns_18ns_48ns_1s_48_5_1_DSP_Builtin is either unconnected or has no load
WARNING: [Synth 8-7129] Port in3[43] in module SampleNeuralNet_dsp_48ns_32ns_64ns_25ns_30ns_18ns_48ns_1s_48_5_1_DSP_Builtin is either unconnected or has no load
WARNING: [Synth 8-7129] Port in3[42] in module SampleNeuralNet_dsp_48ns_32ns_64ns_25ns_30ns_18ns_48ns_1s_48_5_1_DSP_Builtin is either unconnected or has no load
WARNING: [Synth 8-7129] Port in3[41] in module SampleNeuralNet_dsp_48ns_32ns_64ns_25ns_30ns_18ns_48ns_1s_48_5_1_DSP_Builtin is either unconnected or has no load
WARNING: [Synth 8-7129] Port in3[40] in module SampleNeuralNet_dsp_48ns_32ns_64ns_25ns_30ns_18ns_48ns_1s_48_5_1_DSP_Builtin is either unconnected or has no load
WARNING: [Synth 8-7129] Port in3[39] in module SampleNeuralNet_dsp_48ns_32ns_64ns_25ns_30ns_18ns_48ns_1s_48_5_1_DSP_Builtin is either unconnected or has no load
WARNING: [Synth 8-7129] Port in3[38] in module SampleNeuralNet_dsp_48ns_32ns_64ns_25ns_30ns_18ns_48ns_1s_48_5_1_DSP_Builtin is either unconnected or has no load
WARNING: [Synth 8-7129] Port in3[37] in module SampleNeuralNet_dsp_48ns_32ns_64ns_25ns_30ns_18ns_48ns_1s_48_5_1_DSP_Builtin is either unconnected or has no load
WARNING: [Synth 8-7129] Port in3[36] in module SampleNeuralNet_dsp_48ns_32ns_64ns_25ns_30ns_18ns_48ns_1s_48_5_1_DSP_Builtin is either unconnected or has no load
WARNING: [Synth 8-7129] Port in3[35] in module SampleNeuralNet_dsp_48ns_32ns_64ns_25ns_30ns_18ns_48ns_1s_48_5_1_DSP_Builtin is either unconnected or has no load
WARNING: [Synth 8-7129] Port in3[34] in module SampleNeuralNet_dsp_48ns_32ns_64ns_25ns_30ns_18ns_48ns_1s_48_5_1_DSP_Builtin is either unconnected or has no load
WARNING: [Synth 8-7129] Port in3[33] in module SampleNeuralNet_dsp_48ns_32ns_64ns_25ns_30ns_18ns_48ns_1s_48_5_1_DSP_Builtin is either unconnected or has no load
WARNING: [Synth 8-7129] Port in3[32] in module SampleNeuralNet_dsp_48ns_32ns_64ns_25ns_30ns_18ns_48ns_1s_48_5_1_DSP_Builtin is either unconnected or has no load
WARNING: [Synth 8-7129] Port in3[31] in module SampleNeuralNet_dsp_48ns_32ns_64ns_25ns_30ns_18ns_48ns_1s_48_5_1_DSP_Builtin is either unconnected or has no load
WARNING: [Synth 8-7129] Port in3[30] in module SampleNeuralNet_dsp_48ns_32ns_64ns_25ns_30ns_18ns_48ns_1s_48_5_1_DSP_Builtin is either unconnected or has no load
WARNING: [Synth 8-7129] Port in3[29] in module SampleNeuralNet_dsp_48ns_32ns_64ns_25ns_30ns_18ns_48ns_1s_48_5_1_DSP_Builtin is either unconnected or has no load
WARNING: [Synth 8-7129] Port in3[28] in module SampleNeuralNet_dsp_48ns_32ns_64ns_25ns_30ns_18ns_48ns_1s_48_5_1_DSP_Builtin is either unconnected or has no load
WARNING: [Synth 8-7129] Port in3[27] in module SampleNeuralNet_dsp_48ns_32ns_64ns_25ns_30ns_18ns_48ns_1s_48_5_1_DSP_Builtin is either unconnected or has no load
WARNING: [Synth 8-7129] Port in3[26] in module SampleNeuralNet_dsp_48ns_32ns_64ns_25ns_30ns_18ns_48ns_1s_48_5_1_DSP_Builtin is either unconnected or has no load
WARNING: [Synth 8-7129] Port in3[25] in module SampleNeuralNet_dsp_48ns_32ns_64ns_25ns_30ns_18ns_48ns_1s_48_5_1_DSP_Builtin is either unconnected or has no load
WARNING: [Synth 8-7129] Port in3[24] in module SampleNeuralNet_dsp_48ns_32ns_64ns_25ns_30ns_18ns_48ns_1s_48_5_1_DSP_Builtin is either unconnected or has no load
WARNING: [Synth 8-7129] Port in3[23] in module SampleNeuralNet_dsp_48ns_32ns_64ns_25ns_30ns_18ns_48ns_1s_48_5_1_DSP_Builtin is either unconnected or has no load
WARNING: [Synth 8-7129] Port in3[22] in module SampleNeuralNet_dsp_48ns_32ns_64ns_25ns_30ns_18ns_48ns_1s_48_5_1_DSP_Builtin is either unconnected or has no load
WARNING: [Synth 8-7129] Port in3[21] in module SampleNeuralNet_dsp_48ns_32ns_64ns_25ns_30ns_18ns_48ns_1s_48_5_1_DSP_Builtin is either unconnected or has no load
WARNING: [Synth 8-7129] Port in3[20] in module SampleNeuralNet_dsp_48ns_32ns_64ns_25ns_30ns_18ns_48ns_1s_48_5_1_DSP_Builtin is either unconnected or has no load
WARNING: [Synth 8-7129] Port in3[19] in module SampleNeuralNet_dsp_48ns_32ns_64ns_25ns_30ns_18ns_48ns_1s_48_5_1_DSP_Builtin is either unconnected or has no load
WARNING: [Synth 8-7129] Port in3[18] in module SampleNeuralNet_dsp_48ns_32ns_64ns_25ns_30ns_18ns_48ns_1s_48_5_1_DSP_Builtin is either unconnected or has no load
WARNING: [Synth 8-7129] Port in3[17] in module SampleNeuralNet_dsp_48ns_32ns_64ns_25ns_30ns_18ns_48ns_1s_48_5_1_DSP_Builtin is either unconnected or has no load
WARNING: [Synth 8-7129] Port in3[16] in module SampleNeuralNet_dsp_48ns_32ns_64ns_25ns_30ns_18ns_48ns_1s_48_5_1_DSP_Builtin is either unconnected or has no load
WARNING: [Synth 8-7129] Port in3[15] in module SampleNeuralNet_dsp_48ns_32ns_64ns_25ns_30ns_18ns_48ns_1s_48_5_1_DSP_Builtin is either unconnected or has no load
WARNING: [Synth 8-7129] Port in3[14] in module SampleNeuralNet_dsp_48ns_32ns_64ns_25ns_30ns_18ns_48ns_1s_48_5_1_DSP_Builtin is either unconnected or has no load
WARNING: [Synth 8-7129] Port in3[13] in module SampleNeuralNet_dsp_48ns_32ns_64ns_25ns_30ns_18ns_48ns_1s_48_5_1_DSP_Builtin is either unconnected or has no load
WARNING: [Synth 8-7129] Port in3[12] in module SampleNeuralNet_dsp_48ns_32ns_64ns_25ns_30ns_18ns_48ns_1s_48_5_1_DSP_Builtin is either unconnected or has no load
WARNING: [Synth 8-7129] Port in3[11] in module SampleNeuralNet_dsp_48ns_32ns_64ns_25ns_30ns_18ns_48ns_1s_48_5_1_DSP_Builtin is either unconnected or has no load
WARNING: [Synth 8-7129] Port in3[10] in module SampleNeuralNet_dsp_48ns_32ns_64ns_25ns_30ns_18ns_48ns_1s_48_5_1_DSP_Builtin is either unconnected or has no load
WARNING: [Synth 8-7129] Port in3[9] in module SampleNeuralNet_dsp_48ns_32ns_64ns_25ns_30ns_18ns_48ns_1s_48_5_1_DSP_Builtin is either unconnected or has no load
WARNING: [Synth 8-7129] Port in3[8] in module SampleNeuralNet_dsp_48ns_32ns_64ns_25ns_30ns_18ns_48ns_1s_48_5_1_DSP_Builtin is either unconnected or has no load
WARNING: [Synth 8-7129] Port in3[7] in module SampleNeuralNet_dsp_48ns_32ns_64ns_25ns_30ns_18ns_48ns_1s_48_5_1_DSP_Builtin is either unconnected or has no load
INFO: [Common 17-14] Message 'Synth 8-7129' appears 100 times and further instances of the messages will be disabled. Use the Tcl command set_msg_config to change the current settings.
---------------------------------------------------------------------------------
Finished RTL Elaboration : Time (s): cpu = 00:00:04 ; elapsed = 00:00:05 . Memory (MB): peak = 2551.496 ; gain = 525.684 ; free physical = 84013 ; free virtual = 124266
---------------------------------------------------------------------------------
---------------------------------------------------------------------------------
Start Handling Custom Attributes
---------------------------------------------------------------------------------
---------------------------------------------------------------------------------
Finished Handling Custom Attributes : Time (s): cpu = 00:00:05 ; elapsed = 00:00:05 . Memory (MB): peak = 2569.309 ; gain = 543.496 ; free physical = 84005 ; free virtual = 124258
---------------------------------------------------------------------------------
---------------------------------------------------------------------------------
Finished RTL Optimization Phase 1 : Time (s): cpu = 00:00:05 ; elapsed = 00:00:05 . Memory (MB): peak = 2569.309 ; gain = 543.496 ; free physical = 84005 ; free virtual = 124258
---------------------------------------------------------------------------------
Netlist sorting complete. Time (s): cpu = 00:00:00.18 ; elapsed = 00:00:00.18 . Memory (MB): peak = 2569.309 ; gain = 0.000 ; free physical = 84004 ; free virtual = 124257
INFO: [Project 1-570] Preparing netlist for logic optimization

Processing XDC Constraints
Initializing timing engine
Parsing XDC File [/home/eim32828/Desktop/Vitis_HLS_Gens/SampleNeuralNets_1_9_v2_Custom/Custom/Analysis_Constraints.xdc]
Finished Parsing XDC File [/home/eim32828/Desktop/Vitis_HLS_Gens/SampleNeuralNets_1_9_v2_Custom/Custom/Analysis_Constraints.xdc]
Completed Processing XDC Constraints

Netlist sorting complete. Time (s): cpu = 00:00:00 ; elapsed = 00:00:00 . Memory (MB): peak = 2717.059 ; gain = 0.000 ; free physical = 83962 ; free virtual = 124215
INFO: [Project 1-111] Unisim Transformation Summary:
No Unisim elements were transformed.

Constraint Validation Runtime : Time (s): cpu = 00:00:00.2 ; elapsed = 00:00:00.1 . Memory (MB): peak = 2717.059 ; gain = 0.000 ; free physical = 83961 ; free virtual = 124215
---------------------------------------------------------------------------------
Finished Constraint Validation : Time (s): cpu = 00:00:11 ; elapsed = 00:00:11 . Memory (MB): peak = 2717.059 ; gain = 691.246 ; free physical = 83968 ; free virtual = 124228
---------------------------------------------------------------------------------
---------------------------------------------------------------------------------
Start Loading Part and Timing Information
---------------------------------------------------------------------------------
Loading part: xc7z010clg400-1
---------------------------------------------------------------------------------
Finished Loading Part and Timing Information : Time (s): cpu = 00:00:11 ; elapsed = 00:00:11 . Memory (MB): peak = 2725.062 ; gain = 699.250 ; free physical = 83968 ; free virtual = 124228
---------------------------------------------------------------------------------
---------------------------------------------------------------------------------
Start Applying 'set_property' XDC Constraints
---------------------------------------------------------------------------------
---------------------------------------------------------------------------------
Finished applying 'set_property' XDC Constraints : Time (s): cpu = 00:00:11 ; elapsed = 00:00:11 . Memory (MB): peak = 2725.062 ; gain = 699.250 ; free physical = 83968 ; free virtual = 124228
---------------------------------------------------------------------------------
---------------------------------------------------------------------------------
Finished RTL Optimization Phase 2 : Time (s): cpu = 00:00:12 ; elapsed = 00:00:12 . Memory (MB): peak = 2725.062 ; gain = 699.250 ; free physical = 83946 ; free virtual = 124216
---------------------------------------------------------------------------------
INFO: [Synth 8-223] decloning instance 'custom_dsp_dense_implementation_ap_int_16_ap_int_48_config2_U0/dsp_48ns_32ns_64ns_25ns_30ns_18ns_48ns_1s_48_5_1_U3' (SampleNeuralNet_dsp_48ns_32ns_64ns_25ns_30ns_18ns_48ns_1s_48_5_1) to 'custom_dsp_dense_implementation_ap_int_16_ap_int_48_config2_U0/dsp_48ns_32ns_64ns_25ns_30ns_18ns_48ns_1s_48_5_1_U8'
INFO: [Synth 8-223] decloning instance 'custom_dsp_dense_implementation_ap_int_16_ap_int_48_config4_U0/dsp_48ns_32ns_64ns_25ns_30ns_18ns_48ns_1s_48_5_1_U43' (SampleNeuralNet_dsp_48ns_32ns_64ns_25ns_30ns_18ns_48ns_1s_48_5_1) to 'custom_dsp_dense_implementation_ap_int_16_ap_int_48_config4_U0/dsp_48ns_32ns_64ns_25ns_30ns_18ns_48ns_1s_48_5_1_U46'
INFO: [Synth 8-223] decloning instance 'custom_dsp_dense_implementation_ap_int_16_ap_int_48_config6_U0/dsp_48ns_32ns_64ns_25ns_30ns_18ns_48ns_1s_48_5_1_U86' (SampleNeuralNet_dsp_48ns_32ns_64ns_25ns_30ns_18ns_48ns_1s_48_5_1) to 'custom_dsp_dense_implementation_ap_int_16_ap_int_48_config6_U0/dsp_48ns_32ns_64ns_25ns_30ns_18ns_48ns_1s_48_5_1_U88'
---------------------------------------------------------------------------------
Start RTL Component Statistics 
---------------------------------------------------------------------------------
Detailed RTL Component Info : 
+---Adders : 
	   3 Input   26 Bit       Adders := 24    
	   3 Input   25 Bit       Adders := 24    
	   2 Input    3 Bit       Adders := 43    
	   2 Input    2 Bit       Adders := 40    
+---XORs : 
	   2 Input      1 Bit         XORs := 80    
+---Registers : 
	              128 Bit    Registers := 8     
	              117 Bit    Registers := 3     
	               48 Bit    Registers := 99    
	               30 Bit    Registers := 3     
	               25 Bit    Registers := 96    
	               24 Bit    Registers := 24    
	               16 Bit    Registers := 202   
	                5 Bit    Registers := 3     
	                3 Bit    Registers := 54    
	                2 Bit    Registers := 40    
	                1 Bit    Registers := 287   
+---ROMs : 
	                    ROMs := 3     
+---Muxes : 
	   2 Input   48 Bit        Muxes := 117   
	   2 Input   16 Bit        Muxes := 128   
	   2 Input    3 Bit        Muxes := 6     
	   2 Input    2 Bit        Muxes := 80    
	   2 Input    1 Bit        Muxes := 184   
---------------------------------------------------------------------------------
Finished RTL Component Statistics 
---------------------------------------------------------------------------------
---------------------------------------------------------------------------------
Start Part Resource Summary
---------------------------------------------------------------------------------
Part Resources:
DSPs: 80 (col length:40)
BRAMs: 120 (col length: RAMB18 40 RAMB36 20)
---------------------------------------------------------------------------------
Finished Part Resource Summary
---------------------------------------------------------------------------------
---------------------------------------------------------------------------------
Start Cross Boundary and Area Optimization
---------------------------------------------------------------------------------
WARNING: [Synth 8-7080] Parallel synthesis criteria is not met
DSP Report: Generating DSP SampleNeuralNet_dsp_48ns_32ns_64ns_25ns_30ns_18ns_48ns_1s_48_5_1_DSP_Builtin_U/p_reg_reg, operation Mode is: ((C:0x0) or P)+((D+A'')*B'')'.
DSP Report: register SampleNeuralNet_dsp_48ns_32ns_64ns_25ns_30ns_18ns_48ns_1s_48_5_1_DSP_Builtin_U/a1_reg_reg is absorbed into DSP SampleNeuralNet_dsp_48ns_32ns_64ns_25ns_30ns_18ns_48ns_1s_48_5_1_DSP_Builtin_U/p_reg_reg.
DSP Report: register SampleNeuralNet_dsp_48ns_32ns_64ns_25ns_30ns_18ns_48ns_1s_48_5_1_DSP_Builtin_U/a2_reg_reg is absorbed into DSP SampleNeuralNet_dsp_48ns_32ns_64ns_25ns_30ns_18ns_48ns_1s_48_5_1_DSP_Builtin_U/p_reg_reg.
DSP Report: register SampleNeuralNet_dsp_48ns_32ns_64ns_25ns_30ns_18ns_48ns_1s_48_5_1_DSP_Builtin_U/b1_reg_reg is absorbed into DSP SampleNeuralNet_dsp_48ns_32ns_64ns_25ns_30ns_18ns_48ns_1s_48_5_1_DSP_Builtin_U/p_reg_reg.
DSP Report: register SampleNeuralNet_dsp_48ns_32ns_64ns_25ns_30ns_18ns_48ns_1s_48_5_1_DSP_Builtin_U/b2_reg_reg is absorbed into DSP SampleNeuralNet_dsp_48ns_32ns_64ns_25ns_30ns_18ns_48ns_1s_48_5_1_DSP_Builtin_U/p_reg_reg.
DSP Report: register SampleNeuralNet_dsp_48ns_32ns_64ns_25ns_30ns_18ns_48ns_1s_48_5_1_DSP_Builtin_U/p_reg_reg is absorbed into DSP SampleNeuralNet_dsp_48ns_32ns_64ns_25ns_30ns_18ns_48ns_1s_48_5_1_DSP_Builtin_U/p_reg_reg.
DSP Report: register SampleNeuralNet_dsp_48ns_32ns_64ns_25ns_30ns_18ns_48ns_1s_48_5_1_DSP_Builtin_U/m_reg_reg is absorbed into DSP SampleNeuralNet_dsp_48ns_32ns_64ns_25ns_30ns_18ns_48ns_1s_48_5_1_DSP_Builtin_U/p_reg_reg.
DSP Report: operator SampleNeuralNet_dsp_48ns_32ns_64ns_25ns_30ns_18ns_48ns_1s_48_5_1_DSP_Builtin_U/p is absorbed into DSP SampleNeuralNet_dsp_48ns_32ns_64ns_25ns_30ns_18ns_48ns_1s_48_5_1_DSP_Builtin_U/p_reg_reg.
DSP Report: operator SampleNeuralNet_dsp_48ns_32ns_64ns_25ns_30ns_18ns_48ns_1s_48_5_1_DSP_Builtin_U/m is absorbed into DSP SampleNeuralNet_dsp_48ns_32ns_64ns_25ns_30ns_18ns_48ns_1s_48_5_1_DSP_Builtin_U/p_reg_reg.
DSP Report: operator SampleNeuralNet_dsp_48ns_32ns_64ns_25ns_30ns_18ns_48ns_1s_48_5_1_DSP_Builtin_U/ad is absorbed into DSP SampleNeuralNet_dsp_48ns_32ns_64ns_25ns_30ns_18ns_48ns_1s_48_5_1_DSP_Builtin_U/p_reg_reg.
DSP Report: Generating DSP SampleNeuralNet_dsp_48ns_32ns_64ns_25ns_30s_18ns_48ns_1s_48_5_1_DSP_Builtin_U/p_reg_reg, operation Mode is: ((C:0x0) or P)+((D+A'')*B'')'.
DSP Report: register SampleNeuralNet_dsp_48ns_32ns_64ns_25ns_30s_18ns_48ns_1s_48_5_1_DSP_Builtin_U/a1_reg_reg is absorbed into DSP SampleNeuralNet_dsp_48ns_32ns_64ns_25ns_30s_18ns_48ns_1s_48_5_1_DSP_Builtin_U/p_reg_reg.
DSP Report: register SampleNeuralNet_dsp_48ns_32ns_64ns_25ns_30s_18ns_48ns_1s_48_5_1_DSP_Builtin_U/a2_reg_reg is absorbed into DSP SampleNeuralNet_dsp_48ns_32ns_64ns_25ns_30s_18ns_48ns_1s_48_5_1_DSP_Builtin_U/p_reg_reg.
DSP Report: register SampleNeuralNet_dsp_48ns_32ns_64ns_25ns_30s_18ns_48ns_1s_48_5_1_DSP_Builtin_U/b1_reg_reg is absorbed into DSP SampleNeuralNet_dsp_48ns_32ns_64ns_25ns_30s_18ns_48ns_1s_48_5_1_DSP_Builtin_U/p_reg_reg.
DSP Report: register SampleNeuralNet_dsp_48ns_32ns_64ns_25ns_30s_18ns_48ns_1s_48_5_1_DSP_Builtin_U/b2_reg_reg is absorbed into DSP SampleNeuralNet_dsp_48ns_32ns_64ns_25ns_30s_18ns_48ns_1s_48_5_1_DSP_Builtin_U/p_reg_reg.
DSP Report: register SampleNeuralNet_dsp_48ns_32ns_64ns_25ns_30s_18ns_48ns_1s_48_5_1_DSP_Builtin_U/p_reg_reg is absorbed into DSP SampleNeuralNet_dsp_48ns_32ns_64ns_25ns_30s_18ns_48ns_1s_48_5_1_DSP_Builtin_U/p_reg_reg.
DSP Report: register SampleNeuralNet_dsp_48ns_32ns_64ns_25ns_30s_18ns_48ns_1s_48_5_1_DSP_Builtin_U/m_reg_reg is absorbed into DSP SampleNeuralNet_dsp_48ns_32ns_64ns_25ns_30s_18ns_48ns_1s_48_5_1_DSP_Builtin_U/p_reg_reg.
DSP Report: operator SampleNeuralNet_dsp_48ns_32ns_64ns_25ns_30s_18ns_48ns_1s_48_5_1_DSP_Builtin_U/p is absorbed into DSP SampleNeuralNet_dsp_48ns_32ns_64ns_25ns_30s_18ns_48ns_1s_48_5_1_DSP_Builtin_U/p_reg_reg.
DSP Report: operator SampleNeuralNet_dsp_48ns_32ns_64ns_25ns_30s_18ns_48ns_1s_48_5_1_DSP_Builtin_U/m is absorbed into DSP SampleNeuralNet_dsp_48ns_32ns_64ns_25ns_30s_18ns_48ns_1s_48_5_1_DSP_Builtin_U/p_reg_reg.
DSP Report: operator SampleNeuralNet_dsp_48ns_32ns_64ns_25ns_30s_18ns_48ns_1s_48_5_1_DSP_Builtin_U/ad is absorbed into DSP SampleNeuralNet_dsp_48ns_32ns_64ns_25ns_30s_18ns_48ns_1s_48_5_1_DSP_Builtin_U/p_reg_reg.
DSP Report: Generating DSP SampleNeuralNet_dsp_48ns_32ns_64ns_25ns_30ns_18ns_48ns_1s_48_5_1_DSP_Builtin_U/p_reg_reg, operation Mode is: ((C:0x0) or P)+((D+A'')*B'')'.
DSP Report: register SampleNeuralNet_dsp_48ns_32ns_64ns_25ns_30ns_18ns_48ns_1s_48_5_1_DSP_Builtin_U/a1_reg_reg is absorbed into DSP SampleNeuralNet_dsp_48ns_32ns_64ns_25ns_30ns_18ns_48ns_1s_48_5_1_DSP_Builtin_U/p_reg_reg.
DSP Report: register SampleNeuralNet_dsp_48ns_32ns_64ns_25ns_30ns_18ns_48ns_1s_48_5_1_DSP_Builtin_U/a2_reg_reg is absorbed into DSP SampleNeuralNet_dsp_48ns_32ns_64ns_25ns_30ns_18ns_48ns_1s_48_5_1_DSP_Builtin_U/p_reg_reg.
DSP Report: register SampleNeuralNet_dsp_48ns_32ns_64ns_25ns_30ns_18ns_48ns_1s_48_5_1_DSP_Builtin_U/b1_reg_reg is absorbed into DSP SampleNeuralNet_dsp_48ns_32ns_64ns_25ns_30ns_18ns_48ns_1s_48_5_1_DSP_Builtin_U/p_reg_reg.
DSP Report: register SampleNeuralNet_dsp_48ns_32ns_64ns_25ns_30ns_18ns_48ns_1s_48_5_1_DSP_Builtin_U/b2_reg_reg is absorbed into DSP SampleNeuralNet_dsp_48ns_32ns_64ns_25ns_30ns_18ns_48ns_1s_48_5_1_DSP_Builtin_U/p_reg_reg.
DSP Report: register SampleNeuralNet_dsp_48ns_32ns_64ns_25ns_30ns_18ns_48ns_1s_48_5_1_DSP_Builtin_U/p_reg_reg is absorbed into DSP SampleNeuralNet_dsp_48ns_32ns_64ns_25ns_30ns_18ns_48ns_1s_48_5_1_DSP_Builtin_U/p_reg_reg.
DSP Report: register SampleNeuralNet_dsp_48ns_32ns_64ns_25ns_30ns_18ns_48ns_1s_48_5_1_DSP_Builtin_U/m_reg_reg is absorbed into DSP SampleNeuralNet_dsp_48ns_32ns_64ns_25ns_30ns_18ns_48ns_1s_48_5_1_DSP_Builtin_U/p_reg_reg.
DSP Report: operator SampleNeuralNet_dsp_48ns_32ns_64ns_25ns_30ns_18ns_48ns_1s_48_5_1_DSP_Builtin_U/p is absorbed into DSP SampleNeuralNet_dsp_48ns_32ns_64ns_25ns_30ns_18ns_48ns_1s_48_5_1_DSP_Builtin_U/p_reg_reg.
DSP Report: operator SampleNeuralNet_dsp_48ns_32ns_64ns_25ns_30ns_18ns_48ns_1s_48_5_1_DSP_Builtin_U/m is absorbed into DSP SampleNeuralNet_dsp_48ns_32ns_64ns_25ns_30ns_18ns_48ns_1s_48_5_1_DSP_Builtin_U/p_reg_reg.
DSP Report: operator SampleNeuralNet_dsp_48ns_32ns_64ns_25ns_30ns_18ns_48ns_1s_48_5_1_DSP_Builtin_U/ad is absorbed into DSP SampleNeuralNet_dsp_48ns_32ns_64ns_25ns_30ns_18ns_48ns_1s_48_5_1_DSP_Builtin_U/p_reg_reg.
DSP Report: Generating DSP SampleNeuralNet_dsp_48ns_32ns_64ns_25ns_30ns_18ns_48ns_1s_48_5_1_DSP_Builtin_U/p_reg_reg, operation Mode is: ((C:0x0) or P)+((D+A'')*B'')'.
DSP Report: register SampleNeuralNet_dsp_48ns_32ns_64ns_25ns_30ns_18ns_48ns_1s_48_5_1_DSP_Builtin_U/a1_reg_reg is absorbed into DSP SampleNeuralNet_dsp_48ns_32ns_64ns_25ns_30ns_18ns_48ns_1s_48_5_1_DSP_Builtin_U/p_reg_reg.
DSP Report: register SampleNeuralNet_dsp_48ns_32ns_64ns_25ns_30ns_18ns_48ns_1s_48_5_1_DSP_Builtin_U/a2_reg_reg is absorbed into DSP SampleNeuralNet_dsp_48ns_32ns_64ns_25ns_30ns_18ns_48ns_1s_48_5_1_DSP_Builtin_U/p_reg_reg.
DSP Report: register SampleNeuralNet_dsp_48ns_32ns_64ns_25ns_30ns_18ns_48ns_1s_48_5_1_DSP_Builtin_U/b1_reg_reg is absorbed into DSP SampleNeuralNet_dsp_48ns_32ns_64ns_25ns_30ns_18ns_48ns_1s_48_5_1_DSP_Builtin_U/p_reg_reg.
DSP Report: register SampleNeuralNet_dsp_48ns_32ns_64ns_25ns_30ns_18ns_48ns_1s_48_5_1_DSP_Builtin_U/b2_reg_reg is absorbed into DSP SampleNeuralNet_dsp_48ns_32ns_64ns_25ns_30ns_18ns_48ns_1s_48_5_1_DSP_Builtin_U/p_reg_reg.
DSP Report: register SampleNeuralNet_dsp_48ns_32ns_64ns_25ns_30ns_18ns_48ns_1s_48_5_1_DSP_Builtin_U/p_reg_reg is absorbed into DSP SampleNeuralNet_dsp_48ns_32ns_64ns_25ns_30ns_18ns_48ns_1s_48_5_1_DSP_Builtin_U/p_reg_reg.
DSP Report: register SampleNeuralNet_dsp_48ns_32ns_64ns_25ns_30ns_18ns_48ns_1s_48_5_1_DSP_Builtin_U/m_reg_reg is absorbed into DSP SampleNeuralNet_dsp_48ns_32ns_64ns_25ns_30ns_18ns_48ns_1s_48_5_1_DSP_Builtin_U/p_reg_reg.
DSP Report: operator SampleNeuralNet_dsp_48ns_32ns_64ns_25ns_30ns_18ns_48ns_1s_48_5_1_DSP_Builtin_U/p is absorbed into DSP SampleNeuralNet_dsp_48ns_32ns_64ns_25ns_30ns_18ns_48ns_1s_48_5_1_DSP_Builtin_U/p_reg_reg.
DSP Report: operator SampleNeuralNet_dsp_48ns_32ns_64ns_25ns_30ns_18ns_48ns_1s_48_5_1_DSP_Builtin_U/m is absorbed into DSP SampleNeuralNet_dsp_48ns_32ns_64ns_25ns_30ns_18ns_48ns_1s_48_5_1_DSP_Builtin_U/p_reg_reg.
DSP Report: operator SampleNeuralNet_dsp_48ns_32ns_64ns_25ns_30ns_18ns_48ns_1s_48_5_1_DSP_Builtin_U/ad is absorbed into DSP SampleNeuralNet_dsp_48ns_32ns_64ns_25ns_30ns_18ns_48ns_1s_48_5_1_DSP_Builtin_U/p_reg_reg.
DSP Report: Generating DSP SampleNeuralNet_dsp_48ns_32ns_64ns_25ns_30ns_18ns_48ns_1s_48_5_1_DSP_Builtin_U/p_reg_reg, operation Mode is: ((C:0x0) or P)+((D+A'')*B'')'.
DSP Report: register SampleNeuralNet_dsp_48ns_32ns_64ns_25ns_30ns_18ns_48ns_1s_48_5_1_DSP_Builtin_U/a1_reg_reg is absorbed into DSP SampleNeuralNet_dsp_48ns_32ns_64ns_25ns_30ns_18ns_48ns_1s_48_5_1_DSP_Builtin_U/p_reg_reg.
DSP Report: register SampleNeuralNet_dsp_48ns_32ns_64ns_25ns_30ns_18ns_48ns_1s_48_5_1_DSP_Builtin_U/a2_reg_reg is absorbed into DSP SampleNeuralNet_dsp_48ns_32ns_64ns_25ns_30ns_18ns_48ns_1s_48_5_1_DSP_Builtin_U/p_reg_reg.
DSP Report: register SampleNeuralNet_dsp_48ns_32ns_64ns_25ns_30ns_18ns_48ns_1s_48_5_1_DSP_Builtin_U/b1_reg_reg is absorbed into DSP SampleNeuralNet_dsp_48ns_32ns_64ns_25ns_30ns_18ns_48ns_1s_48_5_1_DSP_Builtin_U/p_reg_reg.
DSP Report: register SampleNeuralNet_dsp_48ns_32ns_64ns_25ns_30ns_18ns_48ns_1s_48_5_1_DSP_Builtin_U/b2_reg_reg is absorbed into DSP SampleNeuralNet_dsp_48ns_32ns_64ns_25ns_30ns_18ns_48ns_1s_48_5_1_DSP_Builtin_U/p_reg_reg.
DSP Report: register SampleNeuralNet_dsp_48ns_32ns_64ns_25ns_30ns_18ns_48ns_1s_48_5_1_DSP_Builtin_U/p_reg_reg is absorbed into DSP SampleNeuralNet_dsp_48ns_32ns_64ns_25ns_30ns_18ns_48ns_1s_48_5_1_DSP_Builtin_U/p_reg_reg.
DSP Report: register SampleNeuralNet_dsp_48ns_32ns_64ns_25ns_30ns_18ns_48ns_1s_48_5_1_DSP_Builtin_U/m_reg_reg is absorbed into DSP SampleNeuralNet_dsp_48ns_32ns_64ns_25ns_30ns_18ns_48ns_1s_48_5_1_DSP_Builtin_U/p_reg_reg.
DSP Report: operator SampleNeuralNet_dsp_48ns_32ns_64ns_25ns_30ns_18ns_48ns_1s_48_5_1_DSP_Builtin_U/p is absorbed into DSP SampleNeuralNet_dsp_48ns_32ns_64ns_25ns_30ns_18ns_48ns_1s_48_5_1_DSP_Builtin_U/p_reg_reg.
DSP Report: operator SampleNeuralNet_dsp_48ns_32ns_64ns_25ns_30ns_18ns_48ns_1s_48_5_1_DSP_Builtin_U/m is absorbed into DSP SampleNeuralNet_dsp_48ns_32ns_64ns_25ns_30ns_18ns_48ns_1s_48_5_1_DSP_Builtin_U/p_reg_reg.
DSP Report: operator SampleNeuralNet_dsp_48ns_32ns_64ns_25ns_30ns_18ns_48ns_1s_48_5_1_DSP_Builtin_U/ad is absorbed into DSP SampleNeuralNet_dsp_48ns_32ns_64ns_25ns_30ns_18ns_48ns_1s_48_5_1_DSP_Builtin_U/p_reg_reg.
DSP Report: Generating DSP SampleNeuralNet_dsp_48ns_32ns_64ns_25ns_30ns_18ns_48ns_1s_48_5_1_DSP_Builtin_U/p_reg_reg, operation Mode is: ((C:0x0) or P)+((D+A'')*B'')'.
DSP Report: register SampleNeuralNet_dsp_48ns_32ns_64ns_25ns_30ns_18ns_48ns_1s_48_5_1_DSP_Builtin_U/a1_reg_reg is absorbed into DSP SampleNeuralNet_dsp_48ns_32ns_64ns_25ns_30ns_18ns_48ns_1s_48_5_1_DSP_Builtin_U/p_reg_reg.
DSP Report: register SampleNeuralNet_dsp_48ns_32ns_64ns_25ns_30ns_18ns_48ns_1s_48_5_1_DSP_Builtin_U/a2_reg_reg is absorbed into DSP SampleNeuralNet_dsp_48ns_32ns_64ns_25ns_30ns_18ns_48ns_1s_48_5_1_DSP_Builtin_U/p_reg_reg.
DSP Report: register SampleNeuralNet_dsp_48ns_32ns_64ns_25ns_30ns_18ns_48ns_1s_48_5_1_DSP_Builtin_U/b1_reg_reg is absorbed into DSP SampleNeuralNet_dsp_48ns_32ns_64ns_25ns_30ns_18ns_48ns_1s_48_5_1_DSP_Builtin_U/p_reg_reg.
DSP Report: register SampleNeuralNet_dsp_48ns_32ns_64ns_25ns_30ns_18ns_48ns_1s_48_5_1_DSP_Builtin_U/b2_reg_reg is absorbed into DSP SampleNeuralNet_dsp_48ns_32ns_64ns_25ns_30ns_18ns_48ns_1s_48_5_1_DSP_Builtin_U/p_reg_reg.
DSP Report: register SampleNeuralNet_dsp_48ns_32ns_64ns_25ns_30ns_18ns_48ns_1s_48_5_1_DSP_Builtin_U/p_reg_reg is absorbed into DSP SampleNeuralNet_dsp_48ns_32ns_64ns_25ns_30ns_18ns_48ns_1s_48_5_1_DSP_Builtin_U/p_reg_reg.
DSP Report: register SampleNeuralNet_dsp_48ns_32ns_64ns_25ns_30ns_18ns_48ns_1s_48_5_1_DSP_Builtin_U/m_reg_reg is absorbed into DSP SampleNeuralNet_dsp_48ns_32ns_64ns_25ns_30ns_18ns_48ns_1s_48_5_1_DSP_Builtin_U/p_reg_reg.
DSP Report: operator SampleNeuralNet_dsp_48ns_32ns_64ns_25ns_30ns_18ns_48ns_1s_48_5_1_DSP_Builtin_U/p is absorbed into DSP SampleNeuralNet_dsp_48ns_32ns_64ns_25ns_30ns_18ns_48ns_1s_48_5_1_DSP_Builtin_U/p_reg_reg.
DSP Report: operator SampleNeuralNet_dsp_48ns_32ns_64ns_25ns_30ns_18ns_48ns_1s_48_5_1_DSP_Builtin_U/m is absorbed into DSP SampleNeuralNet_dsp_48ns_32ns_64ns_25ns_30ns_18ns_48ns_1s_48_5_1_DSP_Builtin_U/p_reg_reg.
DSP Report: operator SampleNeuralNet_dsp_48ns_32ns_64ns_25ns_30ns_18ns_48ns_1s_48_5_1_DSP_Builtin_U/ad is absorbed into DSP SampleNeuralNet_dsp_48ns_32ns_64ns_25ns_30ns_18ns_48ns_1s_48_5_1_DSP_Builtin_U/p_reg_reg.
DSP Report: Generating DSP SampleNeuralNet_dsp_48ns_32ns_64ns_25ns_30s_18ns_48ns_1s_48_5_1_DSP_Builtin_U/p_reg_reg, operation Mode is: ((C:0x0) or P)+((D+A'')*B'')'.
DSP Report: register SampleNeuralNet_dsp_48ns_32ns_64ns_25ns_30s_18ns_48ns_1s_48_5_1_DSP_Builtin_U/a1_reg_reg is absorbed into DSP SampleNeuralNet_dsp_48ns_32ns_64ns_25ns_30s_18ns_48ns_1s_48_5_1_DSP_Builtin_U/p_reg_reg.
DSP Report: register SampleNeuralNet_dsp_48ns_32ns_64ns_25ns_30s_18ns_48ns_1s_48_5_1_DSP_Builtin_U/a2_reg_reg is absorbed into DSP SampleNeuralNet_dsp_48ns_32ns_64ns_25ns_30s_18ns_48ns_1s_48_5_1_DSP_Builtin_U/p_reg_reg.
DSP Report: register SampleNeuralNet_dsp_48ns_32ns_64ns_25ns_30s_18ns_48ns_1s_48_5_1_DSP_Builtin_U/b1_reg_reg is absorbed into DSP SampleNeuralNet_dsp_48ns_32ns_64ns_25ns_30s_18ns_48ns_1s_48_5_1_DSP_Builtin_U/p_reg_reg.
DSP Report: register SampleNeuralNet_dsp_48ns_32ns_64ns_25ns_30s_18ns_48ns_1s_48_5_1_DSP_Builtin_U/b2_reg_reg is absorbed into DSP SampleNeuralNet_dsp_48ns_32ns_64ns_25ns_30s_18ns_48ns_1s_48_5_1_DSP_Builtin_U/p_reg_reg.
DSP Report: register SampleNeuralNet_dsp_48ns_32ns_64ns_25ns_30s_18ns_48ns_1s_48_5_1_DSP_Builtin_U/p_reg_reg is absorbed into DSP SampleNeuralNet_dsp_48ns_32ns_64ns_25ns_30s_18ns_48ns_1s_48_5_1_DSP_Builtin_U/p_reg_reg.
DSP Report: register SampleNeuralNet_dsp_48ns_32ns_64ns_25ns_30s_18ns_48ns_1s_48_5_1_DSP_Builtin_U/m_reg_reg is absorbed into DSP SampleNeuralNet_dsp_48ns_32ns_64ns_25ns_30s_18ns_48ns_1s_48_5_1_DSP_Builtin_U/p_reg_reg.
DSP Report: operator SampleNeuralNet_dsp_48ns_32ns_64ns_25ns_30s_18ns_48ns_1s_48_5_1_DSP_Builtin_U/p is absorbed into DSP SampleNeuralNet_dsp_48ns_32ns_64ns_25ns_30s_18ns_48ns_1s_48_5_1_DSP_Builtin_U/p_reg_reg.
DSP Report: operator SampleNeuralNet_dsp_48ns_32ns_64ns_25ns_30s_18ns_48ns_1s_48_5_1_DSP_Builtin_U/m is absorbed into DSP SampleNeuralNet_dsp_48ns_32ns_64ns_25ns_30s_18ns_48ns_1s_48_5_1_DSP_Builtin_U/p_reg_reg.
DSP Report: operator SampleNeuralNet_dsp_48ns_32ns_64ns_25ns_30s_18ns_48ns_1s_48_5_1_DSP_Builtin_U/ad is absorbed into DSP SampleNeuralNet_dsp_48ns_32ns_64ns_25ns_30s_18ns_48ns_1s_48_5_1_DSP_Builtin_U/p_reg_reg.
DSP Report: Generating DSP SampleNeuralNet_dsp_48ns_32ns_64ns_25ns_30s_18s_48ns_1ns_48_5_1_DSP_Builtin_U/p_reg_reg, operation Mode is: ((C:0x0) or P)+((D+A'')*B'')'.
DSP Report: register SampleNeuralNet_dsp_48ns_32ns_64ns_25ns_30s_18s_48ns_1ns_48_5_1_DSP_Builtin_U/a1_reg_reg is absorbed into DSP SampleNeuralNet_dsp_48ns_32ns_64ns_25ns_30s_18s_48ns_1ns_48_5_1_DSP_Builtin_U/p_reg_reg.
DSP Report: register SampleNeuralNet_dsp_48ns_32ns_64ns_25ns_30s_18s_48ns_1ns_48_5_1_DSP_Builtin_U/a2_reg_reg is absorbed into DSP SampleNeuralNet_dsp_48ns_32ns_64ns_25ns_30s_18s_48ns_1ns_48_5_1_DSP_Builtin_U/p_reg_reg.
DSP Report: register SampleNeuralNet_dsp_48ns_32ns_64ns_25ns_30s_18s_48ns_1ns_48_5_1_DSP_Builtin_U/b1_reg_reg is absorbed into DSP SampleNeuralNet_dsp_48ns_32ns_64ns_25ns_30s_18s_48ns_1ns_48_5_1_DSP_Builtin_U/p_reg_reg.
DSP Report: register SampleNeuralNet_dsp_48ns_32ns_64ns_25ns_30s_18s_48ns_1ns_48_5_1_DSP_Builtin_U/b2_reg_reg is absorbed into DSP SampleNeuralNet_dsp_48ns_32ns_64ns_25ns_30s_18s_48ns_1ns_48_5_1_DSP_Builtin_U/p_reg_reg.
DSP Report: register SampleNeuralNet_dsp_48ns_32ns_64ns_25ns_30s_18s_48ns_1ns_48_5_1_DSP_Builtin_U/p_reg_reg is absorbed into DSP SampleNeuralNet_dsp_48ns_32ns_64ns_25ns_30s_18s_48ns_1ns_48_5_1_DSP_Builtin_U/p_reg_reg.
DSP Report: register SampleNeuralNet_dsp_48ns_32ns_64ns_25ns_30s_18s_48ns_1ns_48_5_1_DSP_Builtin_U/m_reg_reg is absorbed into DSP SampleNeuralNet_dsp_48ns_32ns_64ns_25ns_30s_18s_48ns_1ns_48_5_1_DSP_Builtin_U/p_reg_reg.
DSP Report: operator SampleNeuralNet_dsp_48ns_32ns_64ns_25ns_30s_18s_48ns_1ns_48_5_1_DSP_Builtin_U/p is absorbed into DSP SampleNeuralNet_dsp_48ns_32ns_64ns_25ns_30s_18s_48ns_1ns_48_5_1_DSP_Builtin_U/p_reg_reg.
DSP Report: operator SampleNeuralNet_dsp_48ns_32ns_64ns_25ns_30s_18s_48ns_1ns_48_5_1_DSP_Builtin_U/m is absorbed into DSP SampleNeuralNet_dsp_48ns_32ns_64ns_25ns_30s_18s_48ns_1ns_48_5_1_DSP_Builtin_U/p_reg_reg.
DSP Report: operator SampleNeuralNet_dsp_48ns_32ns_64ns_25ns_30s_18s_48ns_1ns_48_5_1_DSP_Builtin_U/ad is absorbed into DSP SampleNeuralNet_dsp_48ns_32ns_64ns_25ns_30s_18s_48ns_1ns_48_5_1_DSP_Builtin_U/p_reg_reg.
DSP Report: Generating DSP SampleNeuralNet_dsp_48ns_32ns_64ns_25ns_30s_18s_48ns_1ns_48_5_1_DSP_Builtin_U/p_reg_reg, operation Mode is: ((C:0x0) or P)+((D+A'')*B'')'.
DSP Report: register SampleNeuralNet_dsp_48ns_32ns_64ns_25ns_30s_18s_48ns_1ns_48_5_1_DSP_Builtin_U/a1_reg_reg is absorbed into DSP SampleNeuralNet_dsp_48ns_32ns_64ns_25ns_30s_18s_48ns_1ns_48_5_1_DSP_Builtin_U/p_reg_reg.
DSP Report: register SampleNeuralNet_dsp_48ns_32ns_64ns_25ns_30s_18s_48ns_1ns_48_5_1_DSP_Builtin_U/a2_reg_reg is absorbed into DSP SampleNeuralNet_dsp_48ns_32ns_64ns_25ns_30s_18s_48ns_1ns_48_5_1_DSP_Builtin_U/p_reg_reg.
DSP Report: register SampleNeuralNet_dsp_48ns_32ns_64ns_25ns_30s_18s_48ns_1ns_48_5_1_DSP_Builtin_U/b1_reg_reg is absorbed into DSP SampleNeuralNet_dsp_48ns_32ns_64ns_25ns_30s_18s_48ns_1ns_48_5_1_DSP_Builtin_U/p_reg_reg.
DSP Report: register SampleNeuralNet_dsp_48ns_32ns_64ns_25ns_30s_18s_48ns_1ns_48_5_1_DSP_Builtin_U/b2_reg_reg is absorbed into DSP SampleNeuralNet_dsp_48ns_32ns_64ns_25ns_30s_18s_48ns_1ns_48_5_1_DSP_Builtin_U/p_reg_reg.
DSP Report: register SampleNeuralNet_dsp_48ns_32ns_64ns_25ns_30s_18s_48ns_1ns_48_5_1_DSP_Builtin_U/p_reg_reg is absorbed into DSP SampleNeuralNet_dsp_48ns_32ns_64ns_25ns_30s_18s_48ns_1ns_48_5_1_DSP_Builtin_U/p_reg_reg.
DSP Report: register SampleNeuralNet_dsp_48ns_32ns_64ns_25ns_30s_18s_48ns_1ns_48_5_1_DSP_Builtin_U/m_reg_reg is absorbed into DSP SampleNeuralNet_dsp_48ns_32ns_64ns_25ns_30s_18s_48ns_1ns_48_5_1_DSP_Builtin_U/p_reg_reg.
DSP Report: operator SampleNeuralNet_dsp_48ns_32ns_64ns_25ns_30s_18s_48ns_1ns_48_5_1_DSP_Builtin_U/p is absorbed into DSP SampleNeuralNet_dsp_48ns_32ns_64ns_25ns_30s_18s_48ns_1ns_48_5_1_DSP_Builtin_U/p_reg_reg.
DSP Report: operator SampleNeuralNet_dsp_48ns_32ns_64ns_25ns_30s_18s_48ns_1ns_48_5_1_DSP_Builtin_U/m is absorbed into DSP SampleNeuralNet_dsp_48ns_32ns_64ns_25ns_30s_18s_48ns_1ns_48_5_1_DSP_Builtin_U/p_reg_reg.
DSP Report: operator SampleNeuralNet_dsp_48ns_32ns_64ns_25ns_30s_18s_48ns_1ns_48_5_1_DSP_Builtin_U/ad is absorbed into DSP SampleNeuralNet_dsp_48ns_32ns_64ns_25ns_30s_18s_48ns_1ns_48_5_1_DSP_Builtin_U/p_reg_reg.
DSP Report: Generating DSP SampleNeuralNet_dsp_48ns_32ns_64ns_25ns_30s_18s_48ns_1ns_48_5_1_DSP_Builtin_U/p_reg_reg, operation Mode is: ((C:0x0) or P)+((D+A'')*B'')'.
DSP Report: register SampleNeuralNet_dsp_48ns_32ns_64ns_25ns_30s_18s_48ns_1ns_48_5_1_DSP_Builtin_U/a1_reg_reg is absorbed into DSP SampleNeuralNet_dsp_48ns_32ns_64ns_25ns_30s_18s_48ns_1ns_48_5_1_DSP_Builtin_U/p_reg_reg.
DSP Report: register SampleNeuralNet_dsp_48ns_32ns_64ns_25ns_30s_18s_48ns_1ns_48_5_1_DSP_Builtin_U/a2_reg_reg is absorbed into DSP SampleNeuralNet_dsp_48ns_32ns_64ns_25ns_30s_18s_48ns_1ns_48_5_1_DSP_Builtin_U/p_reg_reg.
DSP Report: register SampleNeuralNet_dsp_48ns_32ns_64ns_25ns_30s_18s_48ns_1ns_48_5_1_DSP_Builtin_U/b1_reg_reg is absorbed into DSP SampleNeuralNet_dsp_48ns_32ns_64ns_25ns_30s_18s_48ns_1ns_48_5_1_DSP_Builtin_U/p_reg_reg.
DSP Report: register SampleNeuralNet_dsp_48ns_32ns_64ns_25ns_30s_18s_48ns_1ns_48_5_1_DSP_Builtin_U/b2_reg_reg is absorbed into DSP SampleNeuralNet_dsp_48ns_32ns_64ns_25ns_30s_18s_48ns_1ns_48_5_1_DSP_Builtin_U/p_reg_reg.
DSP Report: register SampleNeuralNet_dsp_48ns_32ns_64ns_25ns_30s_18s_48ns_1ns_48_5_1_DSP_Builtin_U/p_reg_reg is absorbed into DSP SampleNeuralNet_dsp_48ns_32ns_64ns_25ns_30s_18s_48ns_1ns_48_5_1_DSP_Builtin_U/p_reg_reg.
DSP Report: register SampleNeuralNet_dsp_48ns_32ns_64ns_25ns_30s_18s_48ns_1ns_48_5_1_DSP_Builtin_U/m_reg_reg is absorbed into DSP SampleNeuralNet_dsp_48ns_32ns_64ns_25ns_30s_18s_48ns_1ns_48_5_1_DSP_Builtin_U/p_reg_reg.
DSP Report: operator SampleNeuralNet_dsp_48ns_32ns_64ns_25ns_30s_18s_48ns_1ns_48_5_1_DSP_Builtin_U/p is absorbed into DSP SampleNeuralNet_dsp_48ns_32ns_64ns_25ns_30s_18s_48ns_1ns_48_5_1_DSP_Builtin_U/p_reg_reg.
DSP Report: operator SampleNeuralNet_dsp_48ns_32ns_64ns_25ns_30s_18s_48ns_1ns_48_5_1_DSP_Builtin_U/m is absorbed into DSP SampleNeuralNet_dsp_48ns_32ns_64ns_25ns_30s_18s_48ns_1ns_48_5_1_DSP_Builtin_U/p_reg_reg.
DSP Report: operator SampleNeuralNet_dsp_48ns_32ns_64ns_25ns_30s_18s_48ns_1ns_48_5_1_DSP_Builtin_U/ad is absorbed into DSP SampleNeuralNet_dsp_48ns_32ns_64ns_25ns_30s_18s_48ns_1ns_48_5_1_DSP_Builtin_U/p_reg_reg.
DSP Report: Generating DSP SampleNeuralNet_dsp_48ns_32ns_64ns_25ns_30s_18s_48ns_1ns_48_5_1_DSP_Builtin_U/p_reg_reg, operation Mode is: ((C:0x0) or P)+((D+A'')*B'')'.
DSP Report: register SampleNeuralNet_dsp_48ns_32ns_64ns_25ns_30s_18s_48ns_1ns_48_5_1_DSP_Builtin_U/a1_reg_reg is absorbed into DSP SampleNeuralNet_dsp_48ns_32ns_64ns_25ns_30s_18s_48ns_1ns_48_5_1_DSP_Builtin_U/p_reg_reg.
DSP Report: register SampleNeuralNet_dsp_48ns_32ns_64ns_25ns_30s_18s_48ns_1ns_48_5_1_DSP_Builtin_U/a2_reg_reg is absorbed into DSP SampleNeuralNet_dsp_48ns_32ns_64ns_25ns_30s_18s_48ns_1ns_48_5_1_DSP_Builtin_U/p_reg_reg.
DSP Report: register SampleNeuralNet_dsp_48ns_32ns_64ns_25ns_30s_18s_48ns_1ns_48_5_1_DSP_Builtin_U/b1_reg_reg is absorbed into DSP SampleNeuralNet_dsp_48ns_32ns_64ns_25ns_30s_18s_48ns_1ns_48_5_1_DSP_Builtin_U/p_reg_reg.
DSP Report: register SampleNeuralNet_dsp_48ns_32ns_64ns_25ns_30s_18s_48ns_1ns_48_5_1_DSP_Builtin_U/b2_reg_reg is absorbed into DSP SampleNeuralNet_dsp_48ns_32ns_64ns_25ns_30s_18s_48ns_1ns_48_5_1_DSP_Builtin_U/p_reg_reg.
DSP Report: register SampleNeuralNet_dsp_48ns_32ns_64ns_25ns_30s_18s_48ns_1ns_48_5_1_DSP_Builtin_U/p_reg_reg is absorbed into DSP SampleNeuralNet_dsp_48ns_32ns_64ns_25ns_30s_18s_48ns_1ns_48_5_1_DSP_Builtin_U/p_reg_reg.
DSP Report: register SampleNeuralNet_dsp_48ns_32ns_64ns_25ns_30s_18s_48ns_1ns_48_5_1_DSP_Builtin_U/m_reg_reg is absorbed into DSP SampleNeuralNet_dsp_48ns_32ns_64ns_25ns_30s_18s_48ns_1ns_48_5_1_DSP_Builtin_U/p_reg_reg.
DSP Report: operator SampleNeuralNet_dsp_48ns_32ns_64ns_25ns_30s_18s_48ns_1ns_48_5_1_DSP_Builtin_U/p is absorbed into DSP SampleNeuralNet_dsp_48ns_32ns_64ns_25ns_30s_18s_48ns_1ns_48_5_1_DSP_Builtin_U/p_reg_reg.
DSP Report: operator SampleNeuralNet_dsp_48ns_32ns_64ns_25ns_30s_18s_48ns_1ns_48_5_1_DSP_Builtin_U/m is absorbed into DSP SampleNeuralNet_dsp_48ns_32ns_64ns_25ns_30s_18s_48ns_1ns_48_5_1_DSP_Builtin_U/p_reg_reg.
DSP Report: operator SampleNeuralNet_dsp_48ns_32ns_64ns_25ns_30s_18s_48ns_1ns_48_5_1_DSP_Builtin_U/ad is absorbed into DSP SampleNeuralNet_dsp_48ns_32ns_64ns_25ns_30s_18s_48ns_1ns_48_5_1_DSP_Builtin_U/p_reg_reg.
DSP Report: Generating DSP SampleNeuralNet_dsp_48ns_32ns_64ns_25ns_30s_18s_48ns_1ns_48_5_1_DSP_Builtin_U/p_reg_reg, operation Mode is: ((C:0x0) or P)+((D+A'')*B'')'.
DSP Report: register SampleNeuralNet_dsp_48ns_32ns_64ns_25ns_30s_18s_48ns_1ns_48_5_1_DSP_Builtin_U/a1_reg_reg is absorbed into DSP SampleNeuralNet_dsp_48ns_32ns_64ns_25ns_30s_18s_48ns_1ns_48_5_1_DSP_Builtin_U/p_reg_reg.
DSP Report: register SampleNeuralNet_dsp_48ns_32ns_64ns_25ns_30s_18s_48ns_1ns_48_5_1_DSP_Builtin_U/a2_reg_reg is absorbed into DSP SampleNeuralNet_dsp_48ns_32ns_64ns_25ns_30s_18s_48ns_1ns_48_5_1_DSP_Builtin_U/p_reg_reg.
DSP Report: register SampleNeuralNet_dsp_48ns_32ns_64ns_25ns_30s_18s_48ns_1ns_48_5_1_DSP_Builtin_U/b1_reg_reg is absorbed into DSP SampleNeuralNet_dsp_48ns_32ns_64ns_25ns_30s_18s_48ns_1ns_48_5_1_DSP_Builtin_U/p_reg_reg.
DSP Report: register SampleNeuralNet_dsp_48ns_32ns_64ns_25ns_30s_18s_48ns_1ns_48_5_1_DSP_Builtin_U/b2_reg_reg is absorbed into DSP SampleNeuralNet_dsp_48ns_32ns_64ns_25ns_30s_18s_48ns_1ns_48_5_1_DSP_Builtin_U/p_reg_reg.
DSP Report: register SampleNeuralNet_dsp_48ns_32ns_64ns_25ns_30s_18s_48ns_1ns_48_5_1_DSP_Builtin_U/p_reg_reg is absorbed into DSP SampleNeuralNet_dsp_48ns_32ns_64ns_25ns_30s_18s_48ns_1ns_48_5_1_DSP_Builtin_U/p_reg_reg.
DSP Report: register SampleNeuralNet_dsp_48ns_32ns_64ns_25ns_30s_18s_48ns_1ns_48_5_1_DSP_Builtin_U/m_reg_reg is absorbed into DSP SampleNeuralNet_dsp_48ns_32ns_64ns_25ns_30s_18s_48ns_1ns_48_5_1_DSP_Builtin_U/p_reg_reg.
DSP Report: operator SampleNeuralNet_dsp_48ns_32ns_64ns_25ns_30s_18s_48ns_1ns_48_5_1_DSP_Builtin_U/p is absorbed into DSP SampleNeuralNet_dsp_48ns_32ns_64ns_25ns_30s_18s_48ns_1ns_48_5_1_DSP_Builtin_U/p_reg_reg.
DSP Report: operator SampleNeuralNet_dsp_48ns_32ns_64ns_25ns_30s_18s_48ns_1ns_48_5_1_DSP_Builtin_U/m is absorbed into DSP SampleNeuralNet_dsp_48ns_32ns_64ns_25ns_30s_18s_48ns_1ns_48_5_1_DSP_Builtin_U/p_reg_reg.
DSP Report: operator SampleNeuralNet_dsp_48ns_32ns_64ns_25ns_30s_18s_48ns_1ns_48_5_1_DSP_Builtin_U/ad is absorbed into DSP SampleNeuralNet_dsp_48ns_32ns_64ns_25ns_30s_18s_48ns_1ns_48_5_1_DSP_Builtin_U/p_reg_reg.
DSP Report: Generating DSP SampleNeuralNet_dsp_48ns_32ns_64ns_25ns_30s_18s_48ns_1ns_48_5_1_DSP_Builtin_U/p_reg_reg, operation Mode is: ((C:0x0) or P)+((D+A'')*B'')'.
DSP Report: register SampleNeuralNet_dsp_48ns_32ns_64ns_25ns_30s_18s_48ns_1ns_48_5_1_DSP_Builtin_U/a1_reg_reg is absorbed into DSP SampleNeuralNet_dsp_48ns_32ns_64ns_25ns_30s_18s_48ns_1ns_48_5_1_DSP_Builtin_U/p_reg_reg.
DSP Report: register SampleNeuralNet_dsp_48ns_32ns_64ns_25ns_30s_18s_48ns_1ns_48_5_1_DSP_Builtin_U/a2_reg_reg is absorbed into DSP SampleNeuralNet_dsp_48ns_32ns_64ns_25ns_30s_18s_48ns_1ns_48_5_1_DSP_Builtin_U/p_reg_reg.
DSP Report: register SampleNeuralNet_dsp_48ns_32ns_64ns_25ns_30s_18s_48ns_1ns_48_5_1_DSP_Builtin_U/b1_reg_reg is absorbed into DSP SampleNeuralNet_dsp_48ns_32ns_64ns_25ns_30s_18s_48ns_1ns_48_5_1_DSP_Builtin_U/p_reg_reg.
DSP Report: register SampleNeuralNet_dsp_48ns_32ns_64ns_25ns_30s_18s_48ns_1ns_48_5_1_DSP_Builtin_U/b2_reg_reg is absorbed into DSP SampleNeuralNet_dsp_48ns_32ns_64ns_25ns_30s_18s_48ns_1ns_48_5_1_DSP_Builtin_U/p_reg_reg.
DSP Report: register SampleNeuralNet_dsp_48ns_32ns_64ns_25ns_30s_18s_48ns_1ns_48_5_1_DSP_Builtin_U/p_reg_reg is absorbed into DSP SampleNeuralNet_dsp_48ns_32ns_64ns_25ns_30s_18s_48ns_1ns_48_5_1_DSP_Builtin_U/p_reg_reg.
DSP Report: register SampleNeuralNet_dsp_48ns_32ns_64ns_25ns_30s_18s_48ns_1ns_48_5_1_DSP_Builtin_U/m_reg_reg is absorbed into DSP SampleNeuralNet_dsp_48ns_32ns_64ns_25ns_30s_18s_48ns_1ns_48_5_1_DSP_Builtin_U/p_reg_reg.
DSP Report: operator SampleNeuralNet_dsp_48ns_32ns_64ns_25ns_30s_18s_48ns_1ns_48_5_1_DSP_Builtin_U/p is absorbed into DSP SampleNeuralNet_dsp_48ns_32ns_64ns_25ns_30s_18s_48ns_1ns_48_5_1_DSP_Builtin_U/p_reg_reg.
DSP Report: operator SampleNeuralNet_dsp_48ns_32ns_64ns_25ns_30s_18s_48ns_1ns_48_5_1_DSP_Builtin_U/m is absorbed into DSP SampleNeuralNet_dsp_48ns_32ns_64ns_25ns_30s_18s_48ns_1ns_48_5_1_DSP_Builtin_U/p_reg_reg.
DSP Report: operator SampleNeuralNet_dsp_48ns_32ns_64ns_25ns_30s_18s_48ns_1ns_48_5_1_DSP_Builtin_U/ad is absorbed into DSP SampleNeuralNet_dsp_48ns_32ns_64ns_25ns_30s_18s_48ns_1ns_48_5_1_DSP_Builtin_U/p_reg_reg.
DSP Report: Generating DSP SampleNeuralNet_dsp_48ns_32ns_64ns_25ns_30s_18s_48ns_1ns_48_5_1_DSP_Builtin_U/p_reg_reg, operation Mode is: ((C:0x0) or P)+((D+A'')*B'')'.
DSP Report: register SampleNeuralNet_dsp_48ns_32ns_64ns_25ns_30s_18s_48ns_1ns_48_5_1_DSP_Builtin_U/a1_reg_reg is absorbed into DSP SampleNeuralNet_dsp_48ns_32ns_64ns_25ns_30s_18s_48ns_1ns_48_5_1_DSP_Builtin_U/p_reg_reg.
DSP Report: register SampleNeuralNet_dsp_48ns_32ns_64ns_25ns_30s_18s_48ns_1ns_48_5_1_DSP_Builtin_U/a2_reg_reg is absorbed into DSP SampleNeuralNet_dsp_48ns_32ns_64ns_25ns_30s_18s_48ns_1ns_48_5_1_DSP_Builtin_U/p_reg_reg.
DSP Report: register SampleNeuralNet_dsp_48ns_32ns_64ns_25ns_30s_18s_48ns_1ns_48_5_1_DSP_Builtin_U/b1_reg_reg is absorbed into DSP SampleNeuralNet_dsp_48ns_32ns_64ns_25ns_30s_18s_48ns_1ns_48_5_1_DSP_Builtin_U/p_reg_reg.
DSP Report: register SampleNeuralNet_dsp_48ns_32ns_64ns_25ns_30s_18s_48ns_1ns_48_5_1_DSP_Builtin_U/b2_reg_reg is absorbed into DSP SampleNeuralNet_dsp_48ns_32ns_64ns_25ns_30s_18s_48ns_1ns_48_5_1_DSP_Builtin_U/p_reg_reg.
DSP Report: register SampleNeuralNet_dsp_48ns_32ns_64ns_25ns_30s_18s_48ns_1ns_48_5_1_DSP_Builtin_U/p_reg_reg is absorbed into DSP SampleNeuralNet_dsp_48ns_32ns_64ns_25ns_30s_18s_48ns_1ns_48_5_1_DSP_Builtin_U/p_reg_reg.
DSP Report: register SampleNeuralNet_dsp_48ns_32ns_64ns_25ns_30s_18s_48ns_1ns_48_5_1_DSP_Builtin_U/m_reg_reg is absorbed into DSP SampleNeuralNet_dsp_48ns_32ns_64ns_25ns_30s_18s_48ns_1ns_48_5_1_DSP_Builtin_U/p_reg_reg.
DSP Report: operator SampleNeuralNet_dsp_48ns_32ns_64ns_25ns_30s_18s_48ns_1ns_48_5_1_DSP_Builtin_U/p is absorbed into DSP SampleNeuralNet_dsp_48ns_32ns_64ns_25ns_30s_18s_48ns_1ns_48_5_1_DSP_Builtin_U/p_reg_reg.
DSP Report: operator SampleNeuralNet_dsp_48ns_32ns_64ns_25ns_30s_18s_48ns_1ns_48_5_1_DSP_Builtin_U/m is absorbed into DSP SampleNeuralNet_dsp_48ns_32ns_64ns_25ns_30s_18s_48ns_1ns_48_5_1_DSP_Builtin_U/p_reg_reg.
DSP Report: operator SampleNeuralNet_dsp_48ns_32ns_64ns_25ns_30s_18s_48ns_1ns_48_5_1_DSP_Builtin_U/ad is absorbed into DSP SampleNeuralNet_dsp_48ns_32ns_64ns_25ns_30s_18s_48ns_1ns_48_5_1_DSP_Builtin_U/p_reg_reg.
DSP Report: Generating DSP SampleNeuralNet_dsp_48ns_32ns_64ns_25ns_30s_18s_48ns_1ns_48_5_1_DSP_Builtin_U/p_reg_reg, operation Mode is: ((C:0x0) or P)+((D+A'')*B'')'.
DSP Report: register SampleNeuralNet_dsp_48ns_32ns_64ns_25ns_30s_18s_48ns_1ns_48_5_1_DSP_Builtin_U/a1_reg_reg is absorbed into DSP SampleNeuralNet_dsp_48ns_32ns_64ns_25ns_30s_18s_48ns_1ns_48_5_1_DSP_Builtin_U/p_reg_reg.
DSP Report: register SampleNeuralNet_dsp_48ns_32ns_64ns_25ns_30s_18s_48ns_1ns_48_5_1_DSP_Builtin_U/a2_reg_reg is absorbed into DSP SampleNeuralNet_dsp_48ns_32ns_64ns_25ns_30s_18s_48ns_1ns_48_5_1_DSP_Builtin_U/p_reg_reg.
DSP Report: register SampleNeuralNet_dsp_48ns_32ns_64ns_25ns_30s_18s_48ns_1ns_48_5_1_DSP_Builtin_U/b1_reg_reg is absorbed into DSP SampleNeuralNet_dsp_48ns_32ns_64ns_25ns_30s_18s_48ns_1ns_48_5_1_DSP_Builtin_U/p_reg_reg.
DSP Report: register SampleNeuralNet_dsp_48ns_32ns_64ns_25ns_30s_18s_48ns_1ns_48_5_1_DSP_Builtin_U/b2_reg_reg is absorbed into DSP SampleNeuralNet_dsp_48ns_32ns_64ns_25ns_30s_18s_48ns_1ns_48_5_1_DSP_Builtin_U/p_reg_reg.
DSP Report: register SampleNeuralNet_dsp_48ns_32ns_64ns_25ns_30s_18s_48ns_1ns_48_5_1_DSP_Builtin_U/p_reg_reg is absorbed into DSP SampleNeuralNet_dsp_48ns_32ns_64ns_25ns_30s_18s_48ns_1ns_48_5_1_DSP_Builtin_U/p_reg_reg.
DSP Report: register SampleNeuralNet_dsp_48ns_32ns_64ns_25ns_30s_18s_48ns_1ns_48_5_1_DSP_Builtin_U/m_reg_reg is absorbed into DSP SampleNeuralNet_dsp_48ns_32ns_64ns_25ns_30s_18s_48ns_1ns_48_5_1_DSP_Builtin_U/p_reg_reg.
DSP Report: operator SampleNeuralNet_dsp_48ns_32ns_64ns_25ns_30s_18s_48ns_1ns_48_5_1_DSP_Builtin_U/p is absorbed into DSP SampleNeuralNet_dsp_48ns_32ns_64ns_25ns_30s_18s_48ns_1ns_48_5_1_DSP_Builtin_U/p_reg_reg.
DSP Report: operator SampleNeuralNet_dsp_48ns_32ns_64ns_25ns_30s_18s_48ns_1ns_48_5_1_DSP_Builtin_U/m is absorbed into DSP SampleNeuralNet_dsp_48ns_32ns_64ns_25ns_30s_18s_48ns_1ns_48_5_1_DSP_Builtin_U/p_reg_reg.
DSP Report: operator SampleNeuralNet_dsp_48ns_32ns_64ns_25ns_30s_18s_48ns_1ns_48_5_1_DSP_Builtin_U/ad is absorbed into DSP SampleNeuralNet_dsp_48ns_32ns_64ns_25ns_30s_18s_48ns_1ns_48_5_1_DSP_Builtin_U/p_reg_reg.
DSP Report: Generating DSP dsp_48ns_32ns_64ns_25ns_30s_18s_48ns_1ns_48_5_1_U50/SampleNeuralNet_dsp_48ns_32ns_64ns_25ns_30s_18s_48ns_1ns_48_5_1_DSP_Builtin_U/p_reg_reg, operation Mode is: ((C:0x0) or P)+(A*B'')'.
DSP Report: register dsp_48ns_32ns_64ns_25ns_30s_18s_48ns_1ns_48_5_1_U50/SampleNeuralNet_dsp_48ns_32ns_64ns_25ns_30s_18s_48ns_1ns_48_5_1_DSP_Builtin_U/p_reg_reg is absorbed into DSP dsp_48ns_32ns_64ns_25ns_30s_18s_48ns_1ns_48_5_1_U50/SampleNeuralNet_dsp_48ns_32ns_64ns_25ns_30s_18s_48ns_1ns_48_5_1_DSP_Builtin_U/p_reg_reg.
DSP Report: register dsp_48ns_32ns_64ns_25ns_30s_18s_48ns_1ns_48_5_1_U50/SampleNeuralNet_dsp_48ns_32ns_64ns_25ns_30s_18s_48ns_1ns_48_5_1_DSP_Builtin_U/p_reg_reg is absorbed into DSP dsp_48ns_32ns_64ns_25ns_30s_18s_48ns_1ns_48_5_1_U50/SampleNeuralNet_dsp_48ns_32ns_64ns_25ns_30s_18s_48ns_1ns_48_5_1_DSP_Builtin_U/p_reg_reg.
DSP Report: register dsp_48ns_32ns_64ns_25ns_30s_18s_48ns_1ns_48_5_1_U50/SampleNeuralNet_dsp_48ns_32ns_64ns_25ns_30s_18s_48ns_1ns_48_5_1_DSP_Builtin_U/p_reg_reg is absorbed into DSP dsp_48ns_32ns_64ns_25ns_30s_18s_48ns_1ns_48_5_1_U50/SampleNeuralNet_dsp_48ns_32ns_64ns_25ns_30s_18s_48ns_1ns_48_5_1_DSP_Builtin_U/p_reg_reg.
DSP Report: register dsp_48ns_32ns_64ns_25ns_30s_18s_48ns_1ns_48_5_1_U50/SampleNeuralNet_dsp_48ns_32ns_64ns_25ns_30s_18s_48ns_1ns_48_5_1_DSP_Builtin_U/m_reg_reg is absorbed into DSP dsp_48ns_32ns_64ns_25ns_30s_18s_48ns_1ns_48_5_1_U50/SampleNeuralNet_dsp_48ns_32ns_64ns_25ns_30s_18s_48ns_1ns_48_5_1_DSP_Builtin_U/p_reg_reg.
DSP Report: operator dsp_48ns_32ns_64ns_25ns_30s_18s_48ns_1ns_48_5_1_U50/SampleNeuralNet_dsp_48ns_32ns_64ns_25ns_30s_18s_48ns_1ns_48_5_1_DSP_Builtin_U/p is absorbed into DSP dsp_48ns_32ns_64ns_25ns_30s_18s_48ns_1ns_48_5_1_U50/SampleNeuralNet_dsp_48ns_32ns_64ns_25ns_30s_18s_48ns_1ns_48_5_1_DSP_Builtin_U/p_reg_reg.
DSP Report: operator dsp_48ns_32ns_64ns_25ns_30s_18s_48ns_1ns_48_5_1_U50/SampleNeuralNet_dsp_48ns_32ns_64ns_25ns_30s_18s_48ns_1ns_48_5_1_DSP_Builtin_U/m is absorbed into DSP dsp_48ns_32ns_64ns_25ns_30s_18s_48ns_1ns_48_5_1_U50/SampleNeuralNet_dsp_48ns_32ns_64ns_25ns_30s_18s_48ns_1ns_48_5_1_DSP_Builtin_U/p_reg_reg.
DSP Report: Generating DSP dsp_48ns_32ns_64ns_25ns_30s_18s_48ns_1ns_48_5_1_U51/SampleNeuralNet_dsp_48ns_32ns_64ns_25ns_30s_18s_48ns_1ns_48_5_1_DSP_Builtin_U/p_reg_reg, operation Mode is: ((C:0x0) or P)+(A*B'')'.
DSP Report: register dsp_48ns_32ns_64ns_25ns_30s_18s_48ns_1ns_48_5_1_U51/SampleNeuralNet_dsp_48ns_32ns_64ns_25ns_30s_18s_48ns_1ns_48_5_1_DSP_Builtin_U/p_reg_reg is absorbed into DSP dsp_48ns_32ns_64ns_25ns_30s_18s_48ns_1ns_48_5_1_U51/SampleNeuralNet_dsp_48ns_32ns_64ns_25ns_30s_18s_48ns_1ns_48_5_1_DSP_Builtin_U/p_reg_reg.
DSP Report: register dsp_48ns_32ns_64ns_25ns_30s_18s_48ns_1ns_48_5_1_U51/SampleNeuralNet_dsp_48ns_32ns_64ns_25ns_30s_18s_48ns_1ns_48_5_1_DSP_Builtin_U/p_reg_reg is absorbed into DSP dsp_48ns_32ns_64ns_25ns_30s_18s_48ns_1ns_48_5_1_U51/SampleNeuralNet_dsp_48ns_32ns_64ns_25ns_30s_18s_48ns_1ns_48_5_1_DSP_Builtin_U/p_reg_reg.
DSP Report: register dsp_48ns_32ns_64ns_25ns_30s_18s_48ns_1ns_48_5_1_U51/SampleNeuralNet_dsp_48ns_32ns_64ns_25ns_30s_18s_48ns_1ns_48_5_1_DSP_Builtin_U/p_reg_reg is absorbed into DSP dsp_48ns_32ns_64ns_25ns_30s_18s_48ns_1ns_48_5_1_U51/SampleNeuralNet_dsp_48ns_32ns_64ns_25ns_30s_18s_48ns_1ns_48_5_1_DSP_Builtin_U/p_reg_reg.
DSP Report: register dsp_48ns_32ns_64ns_25ns_30s_18s_48ns_1ns_48_5_1_U51/SampleNeuralNet_dsp_48ns_32ns_64ns_25ns_30s_18s_48ns_1ns_48_5_1_DSP_Builtin_U/m_reg_reg is absorbed into DSP dsp_48ns_32ns_64ns_25ns_30s_18s_48ns_1ns_48_5_1_U51/SampleNeuralNet_dsp_48ns_32ns_64ns_25ns_30s_18s_48ns_1ns_48_5_1_DSP_Builtin_U/p_reg_reg.
DSP Report: operator dsp_48ns_32ns_64ns_25ns_30s_18s_48ns_1ns_48_5_1_U51/SampleNeuralNet_dsp_48ns_32ns_64ns_25ns_30s_18s_48ns_1ns_48_5_1_DSP_Builtin_U/p is absorbed into DSP dsp_48ns_32ns_64ns_25ns_30s_18s_48ns_1ns_48_5_1_U51/SampleNeuralNet_dsp_48ns_32ns_64ns_25ns_30s_18s_48ns_1ns_48_5_1_DSP_Builtin_U/p_reg_reg.
DSP Report: operator dsp_48ns_32ns_64ns_25ns_30s_18s_48ns_1ns_48_5_1_U51/SampleNeuralNet_dsp_48ns_32ns_64ns_25ns_30s_18s_48ns_1ns_48_5_1_DSP_Builtin_U/m is absorbed into DSP dsp_48ns_32ns_64ns_25ns_30s_18s_48ns_1ns_48_5_1_U51/SampleNeuralNet_dsp_48ns_32ns_64ns_25ns_30s_18s_48ns_1ns_48_5_1_DSP_Builtin_U/p_reg_reg.
DSP Report: Generating DSP dsp_48ns_32ns_64ns_25ns_30s_18s_48ns_1ns_48_5_1_U52/SampleNeuralNet_dsp_48ns_32ns_64ns_25ns_30s_18s_48ns_1ns_48_5_1_DSP_Builtin_U/p_reg_reg, operation Mode is: ((C:0x0) or P)+(A*B'')'.
DSP Report: register dsp_48ns_32ns_64ns_25ns_30s_18s_48ns_1ns_48_5_1_U52/SampleNeuralNet_dsp_48ns_32ns_64ns_25ns_30s_18s_48ns_1ns_48_5_1_DSP_Builtin_U/p_reg_reg is absorbed into DSP dsp_48ns_32ns_64ns_25ns_30s_18s_48ns_1ns_48_5_1_U52/SampleNeuralNet_dsp_48ns_32ns_64ns_25ns_30s_18s_48ns_1ns_48_5_1_DSP_Builtin_U/p_reg_reg.
DSP Report: register dsp_48ns_32ns_64ns_25ns_30s_18s_48ns_1ns_48_5_1_U52/SampleNeuralNet_dsp_48ns_32ns_64ns_25ns_30s_18s_48ns_1ns_48_5_1_DSP_Builtin_U/p_reg_reg is absorbed into DSP dsp_48ns_32ns_64ns_25ns_30s_18s_48ns_1ns_48_5_1_U52/SampleNeuralNet_dsp_48ns_32ns_64ns_25ns_30s_18s_48ns_1ns_48_5_1_DSP_Builtin_U/p_reg_reg.
DSP Report: register dsp_48ns_32ns_64ns_25ns_30s_18s_48ns_1ns_48_5_1_U52/SampleNeuralNet_dsp_48ns_32ns_64ns_25ns_30s_18s_48ns_1ns_48_5_1_DSP_Builtin_U/p_reg_reg is absorbed into DSP dsp_48ns_32ns_64ns_25ns_30s_18s_48ns_1ns_48_5_1_U52/SampleNeuralNet_dsp_48ns_32ns_64ns_25ns_30s_18s_48ns_1ns_48_5_1_DSP_Builtin_U/p_reg_reg.
DSP Report: register dsp_48ns_32ns_64ns_25ns_30s_18s_48ns_1ns_48_5_1_U52/SampleNeuralNet_dsp_48ns_32ns_64ns_25ns_30s_18s_48ns_1ns_48_5_1_DSP_Builtin_U/m_reg_reg is absorbed into DSP dsp_48ns_32ns_64ns_25ns_30s_18s_48ns_1ns_48_5_1_U52/SampleNeuralNet_dsp_48ns_32ns_64ns_25ns_30s_18s_48ns_1ns_48_5_1_DSP_Builtin_U/p_reg_reg.
DSP Report: operator dsp_48ns_32ns_64ns_25ns_30s_18s_48ns_1ns_48_5_1_U52/SampleNeuralNet_dsp_48ns_32ns_64ns_25ns_30s_18s_48ns_1ns_48_5_1_DSP_Builtin_U/p is absorbed into DSP dsp_48ns_32ns_64ns_25ns_30s_18s_48ns_1ns_48_5_1_U52/SampleNeuralNet_dsp_48ns_32ns_64ns_25ns_30s_18s_48ns_1ns_48_5_1_DSP_Builtin_U/p_reg_reg.
DSP Report: operator dsp_48ns_32ns_64ns_25ns_30s_18s_48ns_1ns_48_5_1_U52/SampleNeuralNet_dsp_48ns_32ns_64ns_25ns_30s_18s_48ns_1ns_48_5_1_DSP_Builtin_U/m is absorbed into DSP dsp_48ns_32ns_64ns_25ns_30s_18s_48ns_1ns_48_5_1_U52/SampleNeuralNet_dsp_48ns_32ns_64ns_25ns_30s_18s_48ns_1ns_48_5_1_DSP_Builtin_U/p_reg_reg.
DSP Report: Generating DSP dsp_48ns_32ns_64ns_25ns_30s_18s_48ns_1ns_48_5_1_U53/SampleNeuralNet_dsp_48ns_32ns_64ns_25ns_30s_18s_48ns_1ns_48_5_1_DSP_Builtin_U/p_reg_reg, operation Mode is: ((C:0x0) or P)+(A*B'')'.
DSP Report: register dsp_48ns_32ns_64ns_25ns_30s_18s_48ns_1ns_48_5_1_U53/SampleNeuralNet_dsp_48ns_32ns_64ns_25ns_30s_18s_48ns_1ns_48_5_1_DSP_Builtin_U/p_reg_reg is absorbed into DSP dsp_48ns_32ns_64ns_25ns_30s_18s_48ns_1ns_48_5_1_U53/SampleNeuralNet_dsp_48ns_32ns_64ns_25ns_30s_18s_48ns_1ns_48_5_1_DSP_Builtin_U/p_reg_reg.
DSP Report: register dsp_48ns_32ns_64ns_25ns_30s_18s_48ns_1ns_48_5_1_U53/SampleNeuralNet_dsp_48ns_32ns_64ns_25ns_30s_18s_48ns_1ns_48_5_1_DSP_Builtin_U/p_reg_reg is absorbed into DSP dsp_48ns_32ns_64ns_25ns_30s_18s_48ns_1ns_48_5_1_U53/SampleNeuralNet_dsp_48ns_32ns_64ns_25ns_30s_18s_48ns_1ns_48_5_1_DSP_Builtin_U/p_reg_reg.
DSP Report: register dsp_48ns_32ns_64ns_25ns_30s_18s_48ns_1ns_48_5_1_U53/SampleNeuralNet_dsp_48ns_32ns_64ns_25ns_30s_18s_48ns_1ns_48_5_1_DSP_Builtin_U/p_reg_reg is absorbed into DSP dsp_48ns_32ns_64ns_25ns_30s_18s_48ns_1ns_48_5_1_U53/SampleNeuralNet_dsp_48ns_32ns_64ns_25ns_30s_18s_48ns_1ns_48_5_1_DSP_Builtin_U/p_reg_reg.
DSP Report: register dsp_48ns_32ns_64ns_25ns_30s_18s_48ns_1ns_48_5_1_U53/SampleNeuralNet_dsp_48ns_32ns_64ns_25ns_30s_18s_48ns_1ns_48_5_1_DSP_Builtin_U/m_reg_reg is absorbed into DSP dsp_48ns_32ns_64ns_25ns_30s_18s_48ns_1ns_48_5_1_U53/SampleNeuralNet_dsp_48ns_32ns_64ns_25ns_30s_18s_48ns_1ns_48_5_1_DSP_Builtin_U/p_reg_reg.
DSP Report: operator dsp_48ns_32ns_64ns_25ns_30s_18s_48ns_1ns_48_5_1_U53/SampleNeuralNet_dsp_48ns_32ns_64ns_25ns_30s_18s_48ns_1ns_48_5_1_DSP_Builtin_U/p is absorbed into DSP dsp_48ns_32ns_64ns_25ns_30s_18s_48ns_1ns_48_5_1_U53/SampleNeuralNet_dsp_48ns_32ns_64ns_25ns_30s_18s_48ns_1ns_48_5_1_DSP_Builtin_U/p_reg_reg.
DSP Report: operator dsp_48ns_32ns_64ns_25ns_30s_18s_48ns_1ns_48_5_1_U53/SampleNeuralNet_dsp_48ns_32ns_64ns_25ns_30s_18s_48ns_1ns_48_5_1_DSP_Builtin_U/m is absorbed into DSP dsp_48ns_32ns_64ns_25ns_30s_18s_48ns_1ns_48_5_1_U53/SampleNeuralNet_dsp_48ns_32ns_64ns_25ns_30s_18s_48ns_1ns_48_5_1_DSP_Builtin_U/p_reg_reg.
DSP Report: Generating DSP dsp_48ns_32ns_64ns_25ns_30s_18s_48ns_1ns_48_5_1_U54/SampleNeuralNet_dsp_48ns_32ns_64ns_25ns_30s_18s_48ns_1ns_48_5_1_DSP_Builtin_U/p_reg_reg, operation Mode is: ((C:0x0) or P)+(A*B'')'.
DSP Report: register dsp_48ns_32ns_64ns_25ns_30s_18s_48ns_1ns_48_5_1_U54/SampleNeuralNet_dsp_48ns_32ns_64ns_25ns_30s_18s_48ns_1ns_48_5_1_DSP_Builtin_U/p_reg_reg is absorbed into DSP dsp_48ns_32ns_64ns_25ns_30s_18s_48ns_1ns_48_5_1_U54/SampleNeuralNet_dsp_48ns_32ns_64ns_25ns_30s_18s_48ns_1ns_48_5_1_DSP_Builtin_U/p_reg_reg.
DSP Report: register dsp_48ns_32ns_64ns_25ns_30s_18s_48ns_1ns_48_5_1_U54/SampleNeuralNet_dsp_48ns_32ns_64ns_25ns_30s_18s_48ns_1ns_48_5_1_DSP_Builtin_U/p_reg_reg is absorbed into DSP dsp_48ns_32ns_64ns_25ns_30s_18s_48ns_1ns_48_5_1_U54/SampleNeuralNet_dsp_48ns_32ns_64ns_25ns_30s_18s_48ns_1ns_48_5_1_DSP_Builtin_U/p_reg_reg.
DSP Report: register dsp_48ns_32ns_64ns_25ns_30s_18s_48ns_1ns_48_5_1_U54/SampleNeuralNet_dsp_48ns_32ns_64ns_25ns_30s_18s_48ns_1ns_48_5_1_DSP_Builtin_U/p_reg_reg is absorbed into DSP dsp_48ns_32ns_64ns_25ns_30s_18s_48ns_1ns_48_5_1_U54/SampleNeuralNet_dsp_48ns_32ns_64ns_25ns_30s_18s_48ns_1ns_48_5_1_DSP_Builtin_U/p_reg_reg.
DSP Report: register dsp_48ns_32ns_64ns_25ns_30s_18s_48ns_1ns_48_5_1_U54/SampleNeuralNet_dsp_48ns_32ns_64ns_25ns_30s_18s_48ns_1ns_48_5_1_DSP_Builtin_U/m_reg_reg is absorbed into DSP dsp_48ns_32ns_64ns_25ns_30s_18s_48ns_1ns_48_5_1_U54/SampleNeuralNet_dsp_48ns_32ns_64ns_25ns_30s_18s_48ns_1ns_48_5_1_DSP_Builtin_U/p_reg_reg.
DSP Report: operator dsp_48ns_32ns_64ns_25ns_30s_18s_48ns_1ns_48_5_1_U54/SampleNeuralNet_dsp_48ns_32ns_64ns_25ns_30s_18s_48ns_1ns_48_5_1_DSP_Builtin_U/p is absorbed into DSP dsp_48ns_32ns_64ns_25ns_30s_18s_48ns_1ns_48_5_1_U54/SampleNeuralNet_dsp_48ns_32ns_64ns_25ns_30s_18s_48ns_1ns_48_5_1_DSP_Builtin_U/p_reg_reg.
DSP Report: operator dsp_48ns_32ns_64ns_25ns_30s_18s_48ns_1ns_48_5_1_U54/SampleNeuralNet_dsp_48ns_32ns_64ns_25ns_30s_18s_48ns_1ns_48_5_1_DSP_Builtin_U/m is absorbed into DSP dsp_48ns_32ns_64ns_25ns_30s_18s_48ns_1ns_48_5_1_U54/SampleNeuralNet_dsp_48ns_32ns_64ns_25ns_30s_18s_48ns_1ns_48_5_1_DSP_Builtin_U/p_reg_reg.
DSP Report: Generating DSP dsp_48ns_32ns_64ns_25ns_30s_18s_48ns_1ns_48_5_1_U55/SampleNeuralNet_dsp_48ns_32ns_64ns_25ns_30s_18s_48ns_1ns_48_5_1_DSP_Builtin_U/p_reg_reg, operation Mode is: ((C:0x0) or P)+(A*B'')'.
DSP Report: register dsp_48ns_32ns_64ns_25ns_30s_18s_48ns_1ns_48_5_1_U55/SampleNeuralNet_dsp_48ns_32ns_64ns_25ns_30s_18s_48ns_1ns_48_5_1_DSP_Builtin_U/p_reg_reg is absorbed into DSP dsp_48ns_32ns_64ns_25ns_30s_18s_48ns_1ns_48_5_1_U55/SampleNeuralNet_dsp_48ns_32ns_64ns_25ns_30s_18s_48ns_1ns_48_5_1_DSP_Builtin_U/p_reg_reg.
DSP Report: register dsp_48ns_32ns_64ns_25ns_30s_18s_48ns_1ns_48_5_1_U55/SampleNeuralNet_dsp_48ns_32ns_64ns_25ns_30s_18s_48ns_1ns_48_5_1_DSP_Builtin_U/p_reg_reg is absorbed into DSP dsp_48ns_32ns_64ns_25ns_30s_18s_48ns_1ns_48_5_1_U55/SampleNeuralNet_dsp_48ns_32ns_64ns_25ns_30s_18s_48ns_1ns_48_5_1_DSP_Builtin_U/p_reg_reg.
DSP Report: register dsp_48ns_32ns_64ns_25ns_30s_18s_48ns_1ns_48_5_1_U55/SampleNeuralNet_dsp_48ns_32ns_64ns_25ns_30s_18s_48ns_1ns_48_5_1_DSP_Builtin_U/p_reg_reg is absorbed into DSP dsp_48ns_32ns_64ns_25ns_30s_18s_48ns_1ns_48_5_1_U55/SampleNeuralNet_dsp_48ns_32ns_64ns_25ns_30s_18s_48ns_1ns_48_5_1_DSP_Builtin_U/p_reg_reg.
DSP Report: register dsp_48ns_32ns_64ns_25ns_30s_18s_48ns_1ns_48_5_1_U55/SampleNeuralNet_dsp_48ns_32ns_64ns_25ns_30s_18s_48ns_1ns_48_5_1_DSP_Builtin_U/m_reg_reg is absorbed into DSP dsp_48ns_32ns_64ns_25ns_30s_18s_48ns_1ns_48_5_1_U55/SampleNeuralNet_dsp_48ns_32ns_64ns_25ns_30s_18s_48ns_1ns_48_5_1_DSP_Builtin_U/p_reg_reg.
DSP Report: operator dsp_48ns_32ns_64ns_25ns_30s_18s_48ns_1ns_48_5_1_U55/SampleNeuralNet_dsp_48ns_32ns_64ns_25ns_30s_18s_48ns_1ns_48_5_1_DSP_Builtin_U/p is absorbed into DSP dsp_48ns_32ns_64ns_25ns_30s_18s_48ns_1ns_48_5_1_U55/SampleNeuralNet_dsp_48ns_32ns_64ns_25ns_30s_18s_48ns_1ns_48_5_1_DSP_Builtin_U/p_reg_reg.
DSP Report: operator dsp_48ns_32ns_64ns_25ns_30s_18s_48ns_1ns_48_5_1_U55/SampleNeuralNet_dsp_48ns_32ns_64ns_25ns_30s_18s_48ns_1ns_48_5_1_DSP_Builtin_U/m is absorbed into DSP dsp_48ns_32ns_64ns_25ns_30s_18s_48ns_1ns_48_5_1_U55/SampleNeuralNet_dsp_48ns_32ns_64ns_25ns_30s_18s_48ns_1ns_48_5_1_DSP_Builtin_U/p_reg_reg.
DSP Report: Generating DSP dsp_48ns_32ns_64ns_25ns_30s_18s_48ns_1ns_48_5_1_U56/SampleNeuralNet_dsp_48ns_32ns_64ns_25ns_30s_18s_48ns_1ns_48_5_1_DSP_Builtin_U/p_reg_reg, operation Mode is: ((C:0x0) or P)+(A*B'')'.
DSP Report: register dsp_48ns_32ns_64ns_25ns_30s_18s_48ns_1ns_48_5_1_U56/SampleNeuralNet_dsp_48ns_32ns_64ns_25ns_30s_18s_48ns_1ns_48_5_1_DSP_Builtin_U/p_reg_reg is absorbed into DSP dsp_48ns_32ns_64ns_25ns_30s_18s_48ns_1ns_48_5_1_U56/SampleNeuralNet_dsp_48ns_32ns_64ns_25ns_30s_18s_48ns_1ns_48_5_1_DSP_Builtin_U/p_reg_reg.
DSP Report: register dsp_48ns_32ns_64ns_25ns_30s_18s_48ns_1ns_48_5_1_U56/SampleNeuralNet_dsp_48ns_32ns_64ns_25ns_30s_18s_48ns_1ns_48_5_1_DSP_Builtin_U/p_reg_reg is absorbed into DSP dsp_48ns_32ns_64ns_25ns_30s_18s_48ns_1ns_48_5_1_U56/SampleNeuralNet_dsp_48ns_32ns_64ns_25ns_30s_18s_48ns_1ns_48_5_1_DSP_Builtin_U/p_reg_reg.
DSP Report: register dsp_48ns_32ns_64ns_25ns_30s_18s_48ns_1ns_48_5_1_U56/SampleNeuralNet_dsp_48ns_32ns_64ns_25ns_30s_18s_48ns_1ns_48_5_1_DSP_Builtin_U/p_reg_reg is absorbed into DSP dsp_48ns_32ns_64ns_25ns_30s_18s_48ns_1ns_48_5_1_U56/SampleNeuralNet_dsp_48ns_32ns_64ns_25ns_30s_18s_48ns_1ns_48_5_1_DSP_Builtin_U/p_reg_reg.
DSP Report: register dsp_48ns_32ns_64ns_25ns_30s_18s_48ns_1ns_48_5_1_U56/SampleNeuralNet_dsp_48ns_32ns_64ns_25ns_30s_18s_48ns_1ns_48_5_1_DSP_Builtin_U/m_reg_reg is absorbed into DSP dsp_48ns_32ns_64ns_25ns_30s_18s_48ns_1ns_48_5_1_U56/SampleNeuralNet_dsp_48ns_32ns_64ns_25ns_30s_18s_48ns_1ns_48_5_1_DSP_Builtin_U/p_reg_reg.
DSP Report: operator dsp_48ns_32ns_64ns_25ns_30s_18s_48ns_1ns_48_5_1_U56/SampleNeuralNet_dsp_48ns_32ns_64ns_25ns_30s_18s_48ns_1ns_48_5_1_DSP_Builtin_U/p is absorbed into DSP dsp_48ns_32ns_64ns_25ns_30s_18s_48ns_1ns_48_5_1_U56/SampleNeuralNet_dsp_48ns_32ns_64ns_25ns_30s_18s_48ns_1ns_48_5_1_DSP_Builtin_U/p_reg_reg.
DSP Report: operator dsp_48ns_32ns_64ns_25ns_30s_18s_48ns_1ns_48_5_1_U56/SampleNeuralNet_dsp_48ns_32ns_64ns_25ns_30s_18s_48ns_1ns_48_5_1_DSP_Builtin_U/m is absorbed into DSP dsp_48ns_32ns_64ns_25ns_30s_18s_48ns_1ns_48_5_1_U56/SampleNeuralNet_dsp_48ns_32ns_64ns_25ns_30s_18s_48ns_1ns_48_5_1_DSP_Builtin_U/p_reg_reg.
DSP Report: Generating DSP dsp_48ns_32ns_64ns_25ns_30s_18s_48ns_1ns_48_5_1_U57/SampleNeuralNet_dsp_48ns_32ns_64ns_25ns_30s_18s_48ns_1ns_48_5_1_DSP_Builtin_U/p_reg_reg, operation Mode is: ((C:0x0) or P)+(A*B'')'.
DSP Report: register dsp_48ns_32ns_64ns_25ns_30s_18s_48ns_1ns_48_5_1_U57/SampleNeuralNet_dsp_48ns_32ns_64ns_25ns_30s_18s_48ns_1ns_48_5_1_DSP_Builtin_U/p_reg_reg is absorbed into DSP dsp_48ns_32ns_64ns_25ns_30s_18s_48ns_1ns_48_5_1_U57/SampleNeuralNet_dsp_48ns_32ns_64ns_25ns_30s_18s_48ns_1ns_48_5_1_DSP_Builtin_U/p_reg_reg.
DSP Report: register dsp_48ns_32ns_64ns_25ns_30s_18s_48ns_1ns_48_5_1_U57/SampleNeuralNet_dsp_48ns_32ns_64ns_25ns_30s_18s_48ns_1ns_48_5_1_DSP_Builtin_U/p_reg_reg is absorbed into DSP dsp_48ns_32ns_64ns_25ns_30s_18s_48ns_1ns_48_5_1_U57/SampleNeuralNet_dsp_48ns_32ns_64ns_25ns_30s_18s_48ns_1ns_48_5_1_DSP_Builtin_U/p_reg_reg.
DSP Report: register dsp_48ns_32ns_64ns_25ns_30s_18s_48ns_1ns_48_5_1_U57/SampleNeuralNet_dsp_48ns_32ns_64ns_25ns_30s_18s_48ns_1ns_48_5_1_DSP_Builtin_U/p_reg_reg is absorbed into DSP dsp_48ns_32ns_64ns_25ns_30s_18s_48ns_1ns_48_5_1_U57/SampleNeuralNet_dsp_48ns_32ns_64ns_25ns_30s_18s_48ns_1ns_48_5_1_DSP_Builtin_U/p_reg_reg.
DSP Report: register dsp_48ns_32ns_64ns_25ns_30s_18s_48ns_1ns_48_5_1_U57/SampleNeuralNet_dsp_48ns_32ns_64ns_25ns_30s_18s_48ns_1ns_48_5_1_DSP_Builtin_U/m_reg_reg is absorbed into DSP dsp_48ns_32ns_64ns_25ns_30s_18s_48ns_1ns_48_5_1_U57/SampleNeuralNet_dsp_48ns_32ns_64ns_25ns_30s_18s_48ns_1ns_48_5_1_DSP_Builtin_U/p_reg_reg.
DSP Report: operator dsp_48ns_32ns_64ns_25ns_30s_18s_48ns_1ns_48_5_1_U57/SampleNeuralNet_dsp_48ns_32ns_64ns_25ns_30s_18s_48ns_1ns_48_5_1_DSP_Builtin_U/p is absorbed into DSP dsp_48ns_32ns_64ns_25ns_30s_18s_48ns_1ns_48_5_1_U57/SampleNeuralNet_dsp_48ns_32ns_64ns_25ns_30s_18s_48ns_1ns_48_5_1_DSP_Builtin_U/p_reg_reg.
DSP Report: operator dsp_48ns_32ns_64ns_25ns_30s_18s_48ns_1ns_48_5_1_U57/SampleNeuralNet_dsp_48ns_32ns_64ns_25ns_30s_18s_48ns_1ns_48_5_1_DSP_Builtin_U/m is absorbed into DSP dsp_48ns_32ns_64ns_25ns_30s_18s_48ns_1ns_48_5_1_U57/SampleNeuralNet_dsp_48ns_32ns_64ns_25ns_30s_18s_48ns_1ns_48_5_1_DSP_Builtin_U/p_reg_reg.
DSP Report: Generating DSP dsp_48ns_32ns_64ns_25ns_30s_18s_48ns_1ns_48_5_1_U93/SampleNeuralNet_dsp_48ns_32ns_64ns_25ns_30s_18s_48ns_1ns_48_5_1_DSP_Builtin_U/p_reg_reg, operation Mode is: ((C:0x0) or P)+(A*B'')'.
DSP Report: register dsp_48ns_32ns_64ns_25ns_30s_18s_48ns_1ns_48_5_1_U93/SampleNeuralNet_dsp_48ns_32ns_64ns_25ns_30s_18s_48ns_1ns_48_5_1_DSP_Builtin_U/p_reg_reg is absorbed into DSP dsp_48ns_32ns_64ns_25ns_30s_18s_48ns_1ns_48_5_1_U93/SampleNeuralNet_dsp_48ns_32ns_64ns_25ns_30s_18s_48ns_1ns_48_5_1_DSP_Builtin_U/p_reg_reg.
DSP Report: register dsp_48ns_32ns_64ns_25ns_30s_18s_48ns_1ns_48_5_1_U93/SampleNeuralNet_dsp_48ns_32ns_64ns_25ns_30s_18s_48ns_1ns_48_5_1_DSP_Builtin_U/p_reg_reg is absorbed into DSP dsp_48ns_32ns_64ns_25ns_30s_18s_48ns_1ns_48_5_1_U93/SampleNeuralNet_dsp_48ns_32ns_64ns_25ns_30s_18s_48ns_1ns_48_5_1_DSP_Builtin_U/p_reg_reg.
DSP Report: register dsp_48ns_32ns_64ns_25ns_30s_18s_48ns_1ns_48_5_1_U93/SampleNeuralNet_dsp_48ns_32ns_64ns_25ns_30s_18s_48ns_1ns_48_5_1_DSP_Builtin_U/p_reg_reg is absorbed into DSP dsp_48ns_32ns_64ns_25ns_30s_18s_48ns_1ns_48_5_1_U93/SampleNeuralNet_dsp_48ns_32ns_64ns_25ns_30s_18s_48ns_1ns_48_5_1_DSP_Builtin_U/p_reg_reg.
DSP Report: register dsp_48ns_32ns_64ns_25ns_30s_18s_48ns_1ns_48_5_1_U93/SampleNeuralNet_dsp_48ns_32ns_64ns_25ns_30s_18s_48ns_1ns_48_5_1_DSP_Builtin_U/m_reg_reg is absorbed into DSP dsp_48ns_32ns_64ns_25ns_30s_18s_48ns_1ns_48_5_1_U93/SampleNeuralNet_dsp_48ns_32ns_64ns_25ns_30s_18s_48ns_1ns_48_5_1_DSP_Builtin_U/p_reg_reg.
DSP Report: operator dsp_48ns_32ns_64ns_25ns_30s_18s_48ns_1ns_48_5_1_U93/SampleNeuralNet_dsp_48ns_32ns_64ns_25ns_30s_18s_48ns_1ns_48_5_1_DSP_Builtin_U/p is absorbed into DSP dsp_48ns_32ns_64ns_25ns_30s_18s_48ns_1ns_48_5_1_U93/SampleNeuralNet_dsp_48ns_32ns_64ns_25ns_30s_18s_48ns_1ns_48_5_1_DSP_Builtin_U/p_reg_reg.
DSP Report: operator dsp_48ns_32ns_64ns_25ns_30s_18s_48ns_1ns_48_5_1_U93/SampleNeuralNet_dsp_48ns_32ns_64ns_25ns_30s_18s_48ns_1ns_48_5_1_DSP_Builtin_U/m is absorbed into DSP dsp_48ns_32ns_64ns_25ns_30s_18s_48ns_1ns_48_5_1_U93/SampleNeuralNet_dsp_48ns_32ns_64ns_25ns_30s_18s_48ns_1ns_48_5_1_DSP_Builtin_U/p_reg_reg.
DSP Report: Generating DSP dsp_48ns_32ns_64ns_25ns_30s_18s_48ns_1ns_48_5_1_U94/SampleNeuralNet_dsp_48ns_32ns_64ns_25ns_30s_18s_48ns_1ns_48_5_1_DSP_Builtin_U/p_reg_reg, operation Mode is: ((C:0x0) or P)+(A*B'')'.
DSP Report: register dsp_48ns_32ns_64ns_25ns_30s_18s_48ns_1ns_48_5_1_U94/SampleNeuralNet_dsp_48ns_32ns_64ns_25ns_30s_18s_48ns_1ns_48_5_1_DSP_Builtin_U/p_reg_reg is absorbed into DSP dsp_48ns_32ns_64ns_25ns_30s_18s_48ns_1ns_48_5_1_U94/SampleNeuralNet_dsp_48ns_32ns_64ns_25ns_30s_18s_48ns_1ns_48_5_1_DSP_Builtin_U/p_reg_reg.
DSP Report: register dsp_48ns_32ns_64ns_25ns_30s_18s_48ns_1ns_48_5_1_U94/SampleNeuralNet_dsp_48ns_32ns_64ns_25ns_30s_18s_48ns_1ns_48_5_1_DSP_Builtin_U/p_reg_reg is absorbed into DSP dsp_48ns_32ns_64ns_25ns_30s_18s_48ns_1ns_48_5_1_U94/SampleNeuralNet_dsp_48ns_32ns_64ns_25ns_30s_18s_48ns_1ns_48_5_1_DSP_Builtin_U/p_reg_reg.
DSP Report: register dsp_48ns_32ns_64ns_25ns_30s_18s_48ns_1ns_48_5_1_U94/SampleNeuralNet_dsp_48ns_32ns_64ns_25ns_30s_18s_48ns_1ns_48_5_1_DSP_Builtin_U/p_reg_reg is absorbed into DSP dsp_48ns_32ns_64ns_25ns_30s_18s_48ns_1ns_48_5_1_U94/SampleNeuralNet_dsp_48ns_32ns_64ns_25ns_30s_18s_48ns_1ns_48_5_1_DSP_Builtin_U/p_reg_reg.
DSP Report: register dsp_48ns_32ns_64ns_25ns_30s_18s_48ns_1ns_48_5_1_U94/SampleNeuralNet_dsp_48ns_32ns_64ns_25ns_30s_18s_48ns_1ns_48_5_1_DSP_Builtin_U/m_reg_reg is absorbed into DSP dsp_48ns_32ns_64ns_25ns_30s_18s_48ns_1ns_48_5_1_U94/SampleNeuralNet_dsp_48ns_32ns_64ns_25ns_30s_18s_48ns_1ns_48_5_1_DSP_Builtin_U/p_reg_reg.
DSP Report: operator dsp_48ns_32ns_64ns_25ns_30s_18s_48ns_1ns_48_5_1_U94/SampleNeuralNet_dsp_48ns_32ns_64ns_25ns_30s_18s_48ns_1ns_48_5_1_DSP_Builtin_U/p is absorbed into DSP dsp_48ns_32ns_64ns_25ns_30s_18s_48ns_1ns_48_5_1_U94/SampleNeuralNet_dsp_48ns_32ns_64ns_25ns_30s_18s_48ns_1ns_48_5_1_DSP_Builtin_U/p_reg_reg.
DSP Report: operator dsp_48ns_32ns_64ns_25ns_30s_18s_48ns_1ns_48_5_1_U94/SampleNeuralNet_dsp_48ns_32ns_64ns_25ns_30s_18s_48ns_1ns_48_5_1_DSP_Builtin_U/m is absorbed into DSP dsp_48ns_32ns_64ns_25ns_30s_18s_48ns_1ns_48_5_1_U94/SampleNeuralNet_dsp_48ns_32ns_64ns_25ns_30s_18s_48ns_1ns_48_5_1_DSP_Builtin_U/p_reg_reg.
DSP Report: Generating DSP dsp_48ns_32ns_64ns_25ns_30s_18s_48ns_1ns_48_5_1_U95/SampleNeuralNet_dsp_48ns_32ns_64ns_25ns_30s_18s_48ns_1ns_48_5_1_DSP_Builtin_U/p_reg_reg, operation Mode is: ((C:0x0) or P)+(A*B'')'.
DSP Report: register dsp_48ns_32ns_64ns_25ns_30s_18s_48ns_1ns_48_5_1_U95/SampleNeuralNet_dsp_48ns_32ns_64ns_25ns_30s_18s_48ns_1ns_48_5_1_DSP_Builtin_U/p_reg_reg is absorbed into DSP dsp_48ns_32ns_64ns_25ns_30s_18s_48ns_1ns_48_5_1_U95/SampleNeuralNet_dsp_48ns_32ns_64ns_25ns_30s_18s_48ns_1ns_48_5_1_DSP_Builtin_U/p_reg_reg.
DSP Report: register dsp_48ns_32ns_64ns_25ns_30s_18s_48ns_1ns_48_5_1_U95/SampleNeuralNet_dsp_48ns_32ns_64ns_25ns_30s_18s_48ns_1ns_48_5_1_DSP_Builtin_U/p_reg_reg is absorbed into DSP dsp_48ns_32ns_64ns_25ns_30s_18s_48ns_1ns_48_5_1_U95/SampleNeuralNet_dsp_48ns_32ns_64ns_25ns_30s_18s_48ns_1ns_48_5_1_DSP_Builtin_U/p_reg_reg.
DSP Report: register dsp_48ns_32ns_64ns_25ns_30s_18s_48ns_1ns_48_5_1_U95/SampleNeuralNet_dsp_48ns_32ns_64ns_25ns_30s_18s_48ns_1ns_48_5_1_DSP_Builtin_U/p_reg_reg is absorbed into DSP dsp_48ns_32ns_64ns_25ns_30s_18s_48ns_1ns_48_5_1_U95/SampleNeuralNet_dsp_48ns_32ns_64ns_25ns_30s_18s_48ns_1ns_48_5_1_DSP_Builtin_U/p_reg_reg.
DSP Report: register dsp_48ns_32ns_64ns_25ns_30s_18s_48ns_1ns_48_5_1_U95/SampleNeuralNet_dsp_48ns_32ns_64ns_25ns_30s_18s_48ns_1ns_48_5_1_DSP_Builtin_U/m_reg_reg is absorbed into DSP dsp_48ns_32ns_64ns_25ns_30s_18s_48ns_1ns_48_5_1_U95/SampleNeuralNet_dsp_48ns_32ns_64ns_25ns_30s_18s_48ns_1ns_48_5_1_DSP_Builtin_U/p_reg_reg.
DSP Report: operator dsp_48ns_32ns_64ns_25ns_30s_18s_48ns_1ns_48_5_1_U95/SampleNeuralNet_dsp_48ns_32ns_64ns_25ns_30s_18s_48ns_1ns_48_5_1_DSP_Builtin_U/p is absorbed into DSP dsp_48ns_32ns_64ns_25ns_30s_18s_48ns_1ns_48_5_1_U95/SampleNeuralNet_dsp_48ns_32ns_64ns_25ns_30s_18s_48ns_1ns_48_5_1_DSP_Builtin_U/p_reg_reg.
DSP Report: operator dsp_48ns_32ns_64ns_25ns_30s_18s_48ns_1ns_48_5_1_U95/SampleNeuralNet_dsp_48ns_32ns_64ns_25ns_30s_18s_48ns_1ns_48_5_1_DSP_Builtin_U/m is absorbed into DSP dsp_48ns_32ns_64ns_25ns_30s_18s_48ns_1ns_48_5_1_U95/SampleNeuralNet_dsp_48ns_32ns_64ns_25ns_30s_18s_48ns_1ns_48_5_1_DSP_Builtin_U/p_reg_reg.
DSP Report: Generating DSP dsp_48ns_32ns_64ns_25ns_30s_18s_48ns_1ns_48_5_1_U96/SampleNeuralNet_dsp_48ns_32ns_64ns_25ns_30s_18s_48ns_1ns_48_5_1_DSP_Builtin_U/p_reg_reg, operation Mode is: ((C:0x0) or P)+(A*B'')'.
DSP Report: register dsp_48ns_32ns_64ns_25ns_30s_18s_48ns_1ns_48_5_1_U96/SampleNeuralNet_dsp_48ns_32ns_64ns_25ns_30s_18s_48ns_1ns_48_5_1_DSP_Builtin_U/p_reg_reg is absorbed into DSP dsp_48ns_32ns_64ns_25ns_30s_18s_48ns_1ns_48_5_1_U96/SampleNeuralNet_dsp_48ns_32ns_64ns_25ns_30s_18s_48ns_1ns_48_5_1_DSP_Builtin_U/p_reg_reg.
DSP Report: register dsp_48ns_32ns_64ns_25ns_30s_18s_48ns_1ns_48_5_1_U96/SampleNeuralNet_dsp_48ns_32ns_64ns_25ns_30s_18s_48ns_1ns_48_5_1_DSP_Builtin_U/p_reg_reg is absorbed into DSP dsp_48ns_32ns_64ns_25ns_30s_18s_48ns_1ns_48_5_1_U96/SampleNeuralNet_dsp_48ns_32ns_64ns_25ns_30s_18s_48ns_1ns_48_5_1_DSP_Builtin_U/p_reg_reg.
DSP Report: register dsp_48ns_32ns_64ns_25ns_30s_18s_48ns_1ns_48_5_1_U96/SampleNeuralNet_dsp_48ns_32ns_64ns_25ns_30s_18s_48ns_1ns_48_5_1_DSP_Builtin_U/p_reg_reg is absorbed into DSP dsp_48ns_32ns_64ns_25ns_30s_18s_48ns_1ns_48_5_1_U96/SampleNeuralNet_dsp_48ns_32ns_64ns_25ns_30s_18s_48ns_1ns_48_5_1_DSP_Builtin_U/p_reg_reg.
DSP Report: register dsp_48ns_32ns_64ns_25ns_30s_18s_48ns_1ns_48_5_1_U96/SampleNeuralNet_dsp_48ns_32ns_64ns_25ns_30s_18s_48ns_1ns_48_5_1_DSP_Builtin_U/m_reg_reg is absorbed into DSP dsp_48ns_32ns_64ns_25ns_30s_18s_48ns_1ns_48_5_1_U96/SampleNeuralNet_dsp_48ns_32ns_64ns_25ns_30s_18s_48ns_1ns_48_5_1_DSP_Builtin_U/p_reg_reg.
DSP Report: operator dsp_48ns_32ns_64ns_25ns_30s_18s_48ns_1ns_48_5_1_U96/SampleNeuralNet_dsp_48ns_32ns_64ns_25ns_30s_18s_48ns_1ns_48_5_1_DSP_Builtin_U/p is absorbed into DSP dsp_48ns_32ns_64ns_25ns_30s_18s_48ns_1ns_48_5_1_U96/SampleNeuralNet_dsp_48ns_32ns_64ns_25ns_30s_18s_48ns_1ns_48_5_1_DSP_Builtin_U/p_reg_reg.
DSP Report: operator dsp_48ns_32ns_64ns_25ns_30s_18s_48ns_1ns_48_5_1_U96/SampleNeuralNet_dsp_48ns_32ns_64ns_25ns_30s_18s_48ns_1ns_48_5_1_DSP_Builtin_U/m is absorbed into DSP dsp_48ns_32ns_64ns_25ns_30s_18s_48ns_1ns_48_5_1_U96/SampleNeuralNet_dsp_48ns_32ns_64ns_25ns_30s_18s_48ns_1ns_48_5_1_DSP_Builtin_U/p_reg_reg.
DSP Report: Generating DSP dsp_48ns_32ns_64ns_25ns_30s_18s_48ns_1ns_48_5_1_U97/SampleNeuralNet_dsp_48ns_32ns_64ns_25ns_30s_18s_48ns_1ns_48_5_1_DSP_Builtin_U/p_reg_reg, operation Mode is: ((C:0x0) or P)+(A*B'')'.
DSP Report: register dsp_48ns_32ns_64ns_25ns_30s_18s_48ns_1ns_48_5_1_U97/SampleNeuralNet_dsp_48ns_32ns_64ns_25ns_30s_18s_48ns_1ns_48_5_1_DSP_Builtin_U/p_reg_reg is absorbed into DSP dsp_48ns_32ns_64ns_25ns_30s_18s_48ns_1ns_48_5_1_U97/SampleNeuralNet_dsp_48ns_32ns_64ns_25ns_30s_18s_48ns_1ns_48_5_1_DSP_Builtin_U/p_reg_reg.
DSP Report: register dsp_48ns_32ns_64ns_25ns_30s_18s_48ns_1ns_48_5_1_U97/SampleNeuralNet_dsp_48ns_32ns_64ns_25ns_30s_18s_48ns_1ns_48_5_1_DSP_Builtin_U/p_reg_reg is absorbed into DSP dsp_48ns_32ns_64ns_25ns_30s_18s_48ns_1ns_48_5_1_U97/SampleNeuralNet_dsp_48ns_32ns_64ns_25ns_30s_18s_48ns_1ns_48_5_1_DSP_Builtin_U/p_reg_reg.
DSP Report: register dsp_48ns_32ns_64ns_25ns_30s_18s_48ns_1ns_48_5_1_U97/SampleNeuralNet_dsp_48ns_32ns_64ns_25ns_30s_18s_48ns_1ns_48_5_1_DSP_Builtin_U/p_reg_reg is absorbed into DSP dsp_48ns_32ns_64ns_25ns_30s_18s_48ns_1ns_48_5_1_U97/SampleNeuralNet_dsp_48ns_32ns_64ns_25ns_30s_18s_48ns_1ns_48_5_1_DSP_Builtin_U/p_reg_reg.
DSP Report: register dsp_48ns_32ns_64ns_25ns_30s_18s_48ns_1ns_48_5_1_U97/SampleNeuralNet_dsp_48ns_32ns_64ns_25ns_30s_18s_48ns_1ns_48_5_1_DSP_Builtin_U/m_reg_reg is absorbed into DSP dsp_48ns_32ns_64ns_25ns_30s_18s_48ns_1ns_48_5_1_U97/SampleNeuralNet_dsp_48ns_32ns_64ns_25ns_30s_18s_48ns_1ns_48_5_1_DSP_Builtin_U/p_reg_reg.
DSP Report: operator dsp_48ns_32ns_64ns_25ns_30s_18s_48ns_1ns_48_5_1_U97/SampleNeuralNet_dsp_48ns_32ns_64ns_25ns_30s_18s_48ns_1ns_48_5_1_DSP_Builtin_U/p is absorbed into DSP dsp_48ns_32ns_64ns_25ns_30s_18s_48ns_1ns_48_5_1_U97/SampleNeuralNet_dsp_48ns_32ns_64ns_25ns_30s_18s_48ns_1ns_48_5_1_DSP_Builtin_U/p_reg_reg.
DSP Report: operator dsp_48ns_32ns_64ns_25ns_30s_18s_48ns_1ns_48_5_1_U97/SampleNeuralNet_dsp_48ns_32ns_64ns_25ns_30s_18s_48ns_1ns_48_5_1_DSP_Builtin_U/m is absorbed into DSP dsp_48ns_32ns_64ns_25ns_30s_18s_48ns_1ns_48_5_1_U97/SampleNeuralNet_dsp_48ns_32ns_64ns_25ns_30s_18s_48ns_1ns_48_5_1_DSP_Builtin_U/p_reg_reg.
DSP Report: Generating DSP dsp_48ns_32ns_64ns_25ns_30s_18s_48ns_1ns_48_5_1_U98/SampleNeuralNet_dsp_48ns_32ns_64ns_25ns_30s_18s_48ns_1ns_48_5_1_DSP_Builtin_U/p_reg_reg, operation Mode is: ((C:0x0) or P)+(A*B'')'.
DSP Report: register dsp_48ns_32ns_64ns_25ns_30s_18s_48ns_1ns_48_5_1_U98/SampleNeuralNet_dsp_48ns_32ns_64ns_25ns_30s_18s_48ns_1ns_48_5_1_DSP_Builtin_U/p_reg_reg is absorbed into DSP dsp_48ns_32ns_64ns_25ns_30s_18s_48ns_1ns_48_5_1_U98/SampleNeuralNet_dsp_48ns_32ns_64ns_25ns_30s_18s_48ns_1ns_48_5_1_DSP_Builtin_U/p_reg_reg.
DSP Report: register dsp_48ns_32ns_64ns_25ns_30s_18s_48ns_1ns_48_5_1_U98/SampleNeuralNet_dsp_48ns_32ns_64ns_25ns_30s_18s_48ns_1ns_48_5_1_DSP_Builtin_U/p_reg_reg is absorbed into DSP dsp_48ns_32ns_64ns_25ns_30s_18s_48ns_1ns_48_5_1_U98/SampleNeuralNet_dsp_48ns_32ns_64ns_25ns_30s_18s_48ns_1ns_48_5_1_DSP_Builtin_U/p_reg_reg.
DSP Report: register dsp_48ns_32ns_64ns_25ns_30s_18s_48ns_1ns_48_5_1_U98/SampleNeuralNet_dsp_48ns_32ns_64ns_25ns_30s_18s_48ns_1ns_48_5_1_DSP_Builtin_U/p_reg_reg is absorbed into DSP dsp_48ns_32ns_64ns_25ns_30s_18s_48ns_1ns_48_5_1_U98/SampleNeuralNet_dsp_48ns_32ns_64ns_25ns_30s_18s_48ns_1ns_48_5_1_DSP_Builtin_U/p_reg_reg.
DSP Report: register dsp_48ns_32ns_64ns_25ns_30s_18s_48ns_1ns_48_5_1_U98/SampleNeuralNet_dsp_48ns_32ns_64ns_25ns_30s_18s_48ns_1ns_48_5_1_DSP_Builtin_U/m_reg_reg is absorbed into DSP dsp_48ns_32ns_64ns_25ns_30s_18s_48ns_1ns_48_5_1_U98/SampleNeuralNet_dsp_48ns_32ns_64ns_25ns_30s_18s_48ns_1ns_48_5_1_DSP_Builtin_U/p_reg_reg.
DSP Report: operator dsp_48ns_32ns_64ns_25ns_30s_18s_48ns_1ns_48_5_1_U98/SampleNeuralNet_dsp_48ns_32ns_64ns_25ns_30s_18s_48ns_1ns_48_5_1_DSP_Builtin_U/p is absorbed into DSP dsp_48ns_32ns_64ns_25ns_30s_18s_48ns_1ns_48_5_1_U98/SampleNeuralNet_dsp_48ns_32ns_64ns_25ns_30s_18s_48ns_1ns_48_5_1_DSP_Builtin_U/p_reg_reg.
DSP Report: operator dsp_48ns_32ns_64ns_25ns_30s_18s_48ns_1ns_48_5_1_U98/SampleNeuralNet_dsp_48ns_32ns_64ns_25ns_30s_18s_48ns_1ns_48_5_1_DSP_Builtin_U/m is absorbed into DSP dsp_48ns_32ns_64ns_25ns_30s_18s_48ns_1ns_48_5_1_U98/SampleNeuralNet_dsp_48ns_32ns_64ns_25ns_30s_18s_48ns_1ns_48_5_1_DSP_Builtin_U/p_reg_reg.
DSP Report: Generating DSP dsp_48ns_32ns_64ns_25ns_30s_18s_48ns_1ns_48_5_1_U99/SampleNeuralNet_dsp_48ns_32ns_64ns_25ns_30s_18s_48ns_1ns_48_5_1_DSP_Builtin_U/p_reg_reg, operation Mode is: ((C:0x0) or P)+(A*B'')'.
DSP Report: register dsp_48ns_32ns_64ns_25ns_30s_18s_48ns_1ns_48_5_1_U99/SampleNeuralNet_dsp_48ns_32ns_64ns_25ns_30s_18s_48ns_1ns_48_5_1_DSP_Builtin_U/p_reg_reg is absorbed into DSP dsp_48ns_32ns_64ns_25ns_30s_18s_48ns_1ns_48_5_1_U99/SampleNeuralNet_dsp_48ns_32ns_64ns_25ns_30s_18s_48ns_1ns_48_5_1_DSP_Builtin_U/p_reg_reg.
DSP Report: register dsp_48ns_32ns_64ns_25ns_30s_18s_48ns_1ns_48_5_1_U99/SampleNeuralNet_dsp_48ns_32ns_64ns_25ns_30s_18s_48ns_1ns_48_5_1_DSP_Builtin_U/p_reg_reg is absorbed into DSP dsp_48ns_32ns_64ns_25ns_30s_18s_48ns_1ns_48_5_1_U99/SampleNeuralNet_dsp_48ns_32ns_64ns_25ns_30s_18s_48ns_1ns_48_5_1_DSP_Builtin_U/p_reg_reg.
DSP Report: register dsp_48ns_32ns_64ns_25ns_30s_18s_48ns_1ns_48_5_1_U99/SampleNeuralNet_dsp_48ns_32ns_64ns_25ns_30s_18s_48ns_1ns_48_5_1_DSP_Builtin_U/p_reg_reg is absorbed into DSP dsp_48ns_32ns_64ns_25ns_30s_18s_48ns_1ns_48_5_1_U99/SampleNeuralNet_dsp_48ns_32ns_64ns_25ns_30s_18s_48ns_1ns_48_5_1_DSP_Builtin_U/p_reg_reg.
DSP Report: register dsp_48ns_32ns_64ns_25ns_30s_18s_48ns_1ns_48_5_1_U99/SampleNeuralNet_dsp_48ns_32ns_64ns_25ns_30s_18s_48ns_1ns_48_5_1_DSP_Builtin_U/m_reg_reg is absorbed into DSP dsp_48ns_32ns_64ns_25ns_30s_18s_48ns_1ns_48_5_1_U99/SampleNeuralNet_dsp_48ns_32ns_64ns_25ns_30s_18s_48ns_1ns_48_5_1_DSP_Builtin_U/p_reg_reg.
DSP Report: operator dsp_48ns_32ns_64ns_25ns_30s_18s_48ns_1ns_48_5_1_U99/SampleNeuralNet_dsp_48ns_32ns_64ns_25ns_30s_18s_48ns_1ns_48_5_1_DSP_Builtin_U/p is absorbed into DSP dsp_48ns_32ns_64ns_25ns_30s_18s_48ns_1ns_48_5_1_U99/SampleNeuralNet_dsp_48ns_32ns_64ns_25ns_30s_18s_48ns_1ns_48_5_1_DSP_Builtin_U/p_reg_reg.
DSP Report: operator dsp_48ns_32ns_64ns_25ns_30s_18s_48ns_1ns_48_5_1_U99/SampleNeuralNet_dsp_48ns_32ns_64ns_25ns_30s_18s_48ns_1ns_48_5_1_DSP_Builtin_U/m is absorbed into DSP dsp_48ns_32ns_64ns_25ns_30s_18s_48ns_1ns_48_5_1_U99/SampleNeuralNet_dsp_48ns_32ns_64ns_25ns_30s_18s_48ns_1ns_48_5_1_DSP_Builtin_U/p_reg_reg.
DSP Report: Generating DSP dsp_48ns_32ns_64ns_25ns_30s_18s_48ns_1ns_48_5_1_U100/SampleNeuralNet_dsp_48ns_32ns_64ns_25ns_30s_18s_48ns_1ns_48_5_1_DSP_Builtin_U/p_reg_reg, operation Mode is: ((C:0x0) or P)+(A*B'')'.
DSP Report: register dsp_48ns_32ns_64ns_25ns_30s_18s_48ns_1ns_48_5_1_U100/SampleNeuralNet_dsp_48ns_32ns_64ns_25ns_30s_18s_48ns_1ns_48_5_1_DSP_Builtin_U/p_reg_reg is absorbed into DSP dsp_48ns_32ns_64ns_25ns_30s_18s_48ns_1ns_48_5_1_U100/SampleNeuralNet_dsp_48ns_32ns_64ns_25ns_30s_18s_48ns_1ns_48_5_1_DSP_Builtin_U/p_reg_reg.
DSP Report: register dsp_48ns_32ns_64ns_25ns_30s_18s_48ns_1ns_48_5_1_U100/SampleNeuralNet_dsp_48ns_32ns_64ns_25ns_30s_18s_48ns_1ns_48_5_1_DSP_Builtin_U/p_reg_reg is absorbed into DSP dsp_48ns_32ns_64ns_25ns_30s_18s_48ns_1ns_48_5_1_U100/SampleNeuralNet_dsp_48ns_32ns_64ns_25ns_30s_18s_48ns_1ns_48_5_1_DSP_Builtin_U/p_reg_reg.
DSP Report: register dsp_48ns_32ns_64ns_25ns_30s_18s_48ns_1ns_48_5_1_U100/SampleNeuralNet_dsp_48ns_32ns_64ns_25ns_30s_18s_48ns_1ns_48_5_1_DSP_Builtin_U/p_reg_reg is absorbed into DSP dsp_48ns_32ns_64ns_25ns_30s_18s_48ns_1ns_48_5_1_U100/SampleNeuralNet_dsp_48ns_32ns_64ns_25ns_30s_18s_48ns_1ns_48_5_1_DSP_Builtin_U/p_reg_reg.
DSP Report: register dsp_48ns_32ns_64ns_25ns_30s_18s_48ns_1ns_48_5_1_U100/SampleNeuralNet_dsp_48ns_32ns_64ns_25ns_30s_18s_48ns_1ns_48_5_1_DSP_Builtin_U/m_reg_reg is absorbed into DSP dsp_48ns_32ns_64ns_25ns_30s_18s_48ns_1ns_48_5_1_U100/SampleNeuralNet_dsp_48ns_32ns_64ns_25ns_30s_18s_48ns_1ns_48_5_1_DSP_Builtin_U/p_reg_reg.
DSP Report: operator dsp_48ns_32ns_64ns_25ns_30s_18s_48ns_1ns_48_5_1_U100/SampleNeuralNet_dsp_48ns_32ns_64ns_25ns_30s_18s_48ns_1ns_48_5_1_DSP_Builtin_U/p is absorbed into DSP dsp_48ns_32ns_64ns_25ns_30s_18s_48ns_1ns_48_5_1_U100/SampleNeuralNet_dsp_48ns_32ns_64ns_25ns_30s_18s_48ns_1ns_48_5_1_DSP_Builtin_U/p_reg_reg.
DSP Report: operator dsp_48ns_32ns_64ns_25ns_30s_18s_48ns_1ns_48_5_1_U100/SampleNeuralNet_dsp_48ns_32ns_64ns_25ns_30s_18s_48ns_1ns_48_5_1_DSP_Builtin_U/m is absorbed into DSP dsp_48ns_32ns_64ns_25ns_30s_18s_48ns_1ns_48_5_1_U100/SampleNeuralNet_dsp_48ns_32ns_64ns_25ns_30s_18s_48ns_1ns_48_5_1_DSP_Builtin_U/p_reg_reg.
---------------------------------------------------------------------------------
Finished Cross Boundary and Area Optimization : Time (s): cpu = 00:00:19 ; elapsed = 00:00:20 . Memory (MB): peak = 2725.062 ; gain = 699.250 ; free physical = 83916 ; free virtual = 124187
---------------------------------------------------------------------------------
 Sort Area is  SampleNeuralNet_dsp_48ns_32ns_64ns_25ns_30ns_18ns_48ns_1s_48_5_1_DSP_Builtin_U/p_reg_reg_0 : 0 0 : 3672 3672 : Used 1 time 0
 Sort Area is  SampleNeuralNet_dsp_48ns_32ns_64ns_25ns_30ns_18ns_48ns_1s_48_5_1_DSP_Builtin_U/p_reg_reg_3 : 0 0 : 3672 3672 : Used 1 time 0
 Sort Area is  SampleNeuralNet_dsp_48ns_32ns_64ns_25ns_30ns_18ns_48ns_1s_48_5_1_DSP_Builtin_U/p_reg_reg_4 : 0 0 : 3672 3672 : Used 1 time 0
 Sort Area is  SampleNeuralNet_dsp_48ns_32ns_64ns_25ns_30ns_18ns_48ns_1s_48_5_1_DSP_Builtin_U/p_reg_reg_5 : 0 0 : 3672 3672 : Used 1 time 0
 Sort Area is  SampleNeuralNet_dsp_48ns_32ns_64ns_25ns_30ns_18ns_48ns_1s_48_5_1_DSP_Builtin_U/p_reg_reg_6 : 0 0 : 3672 3672 : Used 1 time 0
 Sort Area is  SampleNeuralNet_dsp_48ns_32ns_64ns_25ns_30s_18ns_48ns_1s_48_5_1_DSP_Builtin_U/p_reg_reg_2 : 0 0 : 3672 3672 : Used 1 time 0
 Sort Area is  SampleNeuralNet_dsp_48ns_32ns_64ns_25ns_30s_18ns_48ns_1s_48_5_1_DSP_Builtin_U/p_reg_reg_7 : 0 0 : 3672 3672 : Used 1 time 0
 Sort Area is  SampleNeuralNet_dsp_48ns_32ns_64ns_25ns_30s_18s_48ns_1ns_48_5_1_DSP_Builtin_U/p_reg_reg_8 : 0 0 : 3672 3672 : Used 1 time 0
 Sort Area is  SampleNeuralNet_dsp_48ns_32ns_64ns_25ns_30s_18s_48ns_1ns_48_5_1_DSP_Builtin_U/p_reg_reg_9 : 0 0 : 3672 3672 : Used 1 time 0
 Sort Area is  SampleNeuralNet_dsp_48ns_32ns_64ns_25ns_30s_18s_48ns_1ns_48_5_1_DSP_Builtin_U/p_reg_reg_a : 0 0 : 3672 3672 : Used 1 time 0
 Sort Area is  SampleNeuralNet_dsp_48ns_32ns_64ns_25ns_30s_18s_48ns_1ns_48_5_1_DSP_Builtin_U/p_reg_reg_b : 0 0 : 3672 3672 : Used 1 time 0
 Sort Area is  SampleNeuralNet_dsp_48ns_32ns_64ns_25ns_30s_18s_48ns_1ns_48_5_1_DSP_Builtin_U/p_reg_reg_c : 0 0 : 3672 3672 : Used 1 time 0
 Sort Area is  SampleNeuralNet_dsp_48ns_32ns_64ns_25ns_30s_18s_48ns_1ns_48_5_1_DSP_Builtin_U/p_reg_reg_d : 0 0 : 3672 3672 : Used 1 time 0
 Sort Area is  SampleNeuralNet_dsp_48ns_32ns_64ns_25ns_30s_18s_48ns_1ns_48_5_1_DSP_Builtin_U/p_reg_reg_e : 0 0 : 3672 3672 : Used 1 time 0
 Sort Area is  SampleNeuralNet_dsp_48ns_32ns_64ns_25ns_30s_18s_48ns_1ns_48_5_1_DSP_Builtin_U/p_reg_reg_f : 0 0 : 3672 3672 : Used 1 time 0
 Sort Area is  dsp_48ns_32ns_64ns_25ns_30s_18s_48ns_1ns_48_5_1_U50/SampleNeuralNet_dsp_48ns_32ns_64ns_25ns_30s_18s_48ns_1ns_48_5_1_DSP_Builtin_U/p_reg_reg_10 : 0 0 : 3548 3548 : Used 1 time 0
 Sort Area is  dsp_48ns_32ns_64ns_25ns_30s_18s_48ns_1ns_48_5_1_U51/SampleNeuralNet_dsp_48ns_32ns_64ns_25ns_30s_18s_48ns_1ns_48_5_1_DSP_Builtin_U/p_reg_reg_12 : 0 0 : 3548 3548 : Used 1 time 0
 Sort Area is  dsp_48ns_32ns_64ns_25ns_30s_18s_48ns_1ns_48_5_1_U52/SampleNeuralNet_dsp_48ns_32ns_64ns_25ns_30s_18s_48ns_1ns_48_5_1_DSP_Builtin_U/p_reg_reg_13 : 0 0 : 3548 3548 : Used 1 time 0
 Sort Area is  dsp_48ns_32ns_64ns_25ns_30s_18s_48ns_1ns_48_5_1_U53/SampleNeuralNet_dsp_48ns_32ns_64ns_25ns_30s_18s_48ns_1ns_48_5_1_DSP_Builtin_U/p_reg_reg_14 : 0 0 : 3548 3548 : Used 1 time 0
 Sort Area is  dsp_48ns_32ns_64ns_25ns_30s_18s_48ns_1ns_48_5_1_U54/SampleNeuralNet_dsp_48ns_32ns_64ns_25ns_30s_18s_48ns_1ns_48_5_1_DSP_Builtin_U/p_reg_reg_15 : 0 0 : 3548 3548 : Used 1 time 0
 Sort Area is  dsp_48ns_32ns_64ns_25ns_30s_18s_48ns_1ns_48_5_1_U55/SampleNeuralNet_dsp_48ns_32ns_64ns_25ns_30s_18s_48ns_1ns_48_5_1_DSP_Builtin_U/p_reg_reg_16 : 0 0 : 3548 3548 : Used 1 time 0
 Sort Area is  dsp_48ns_32ns_64ns_25ns_30s_18s_48ns_1ns_48_5_1_U56/SampleNeuralNet_dsp_48ns_32ns_64ns_25ns_30s_18s_48ns_1ns_48_5_1_DSP_Builtin_U/p_reg_reg_17 : 0 0 : 3548 3548 : Used 1 time 0
 Sort Area is  dsp_48ns_32ns_64ns_25ns_30s_18s_48ns_1ns_48_5_1_U93/SampleNeuralNet_dsp_48ns_32ns_64ns_25ns_30s_18s_48ns_1ns_48_5_1_DSP_Builtin_U/p_reg_reg_1a : 0 0 : 3548 3548 : Used 1 time 0
 Sort Area is  dsp_48ns_32ns_64ns_25ns_30s_18s_48ns_1ns_48_5_1_U94/SampleNeuralNet_dsp_48ns_32ns_64ns_25ns_30s_18s_48ns_1ns_48_5_1_DSP_Builtin_U/p_reg_reg_1b : 0 0 : 3548 3548 : Used 1 time 0
 Sort Area is  dsp_48ns_32ns_64ns_25ns_30s_18s_48ns_1ns_48_5_1_U95/SampleNeuralNet_dsp_48ns_32ns_64ns_25ns_30s_18s_48ns_1ns_48_5_1_DSP_Builtin_U/p_reg_reg_1c : 0 0 : 3548 3548 : Used 1 time 0
 Sort Area is  dsp_48ns_32ns_64ns_25ns_30s_18s_48ns_1ns_48_5_1_U96/SampleNeuralNet_dsp_48ns_32ns_64ns_25ns_30s_18s_48ns_1ns_48_5_1_DSP_Builtin_U/p_reg_reg_1d : 0 0 : 3548 3548 : Used 1 time 0
 Sort Area is  dsp_48ns_32ns_64ns_25ns_30s_18s_48ns_1ns_48_5_1_U97/SampleNeuralNet_dsp_48ns_32ns_64ns_25ns_30s_18s_48ns_1ns_48_5_1_DSP_Builtin_U/p_reg_reg_1e : 0 0 : 3548 3548 : Used 1 time 0
 Sort Area is  dsp_48ns_32ns_64ns_25ns_30s_18s_48ns_1ns_48_5_1_U98/SampleNeuralNet_dsp_48ns_32ns_64ns_25ns_30s_18s_48ns_1ns_48_5_1_DSP_Builtin_U/p_reg_reg_1f : 0 0 : 3548 3548 : Used 1 time 0
 Sort Area is  dsp_48ns_32ns_64ns_25ns_30s_18s_48ns_1ns_48_5_1_U99/SampleNeuralNet_dsp_48ns_32ns_64ns_25ns_30s_18s_48ns_1ns_48_5_1_DSP_Builtin_U/p_reg_reg_20 : 0 0 : 3548 3548 : Used 1 time 0
 Sort Area is  dsp_48ns_32ns_64ns_25ns_30s_18s_48ns_1ns_48_5_1_U100/SampleNeuralNet_dsp_48ns_32ns_64ns_25ns_30s_18s_48ns_1ns_48_5_1_DSP_Builtin_U/p_reg_reg_21 : 0 0 : 1280 1280 : Used 1 time 0
 Sort Area is  dsp_48ns_32ns_64ns_25ns_30s_18s_48ns_1ns_48_5_1_U57/SampleNeuralNet_dsp_48ns_32ns_64ns_25ns_30s_18s_48ns_1ns_48_5_1_DSP_Builtin_U/p_reg_reg_18 : 0 0 : 1280 1280 : Used 1 time 0
---------------------------------------------------------------------------------
Start ROM, RAM, DSP, Shift Register and Retiming Reporting
---------------------------------------------------------------------------------

DSP: Preliminary Mapping Report (see note below. The ' indicates corresponding REG is set)
+------------------------------------------------------------------------------+-------------------------------+--------+--------+--------+--------+--------+------+------+------+------+-------+------+------+
|Module Name                                                                   | DSP Mapping                   | A Size | B Size | C Size | D Size | P Size | AREG | BREG | CREG | DREG | ADREG | MREG | PREG | 
+------------------------------------------------------------------------------+-------------------------------+--------+--------+--------+--------+--------+------+------+------+------+-------+------+------+
|SampleNeuralNet_dsp_48ns_32ns_64ns_25ns_30ns_18ns_48ns_1s_48_5_1_DSP_Builtin  | ((C:0x0) or P)+((D+A'')*B'')' | 25     | 18     | 48     | 25     | 48     | 2    | 2    | 0    | 0    | 0     | 1    | 1    | 
|SampleNeuralNet_dsp_48ns_32ns_64ns_25ns_30s_18ns_48ns_1s_48_5_1_DSP_Builtin   | ((C:0x0) or P)+((D+A'')*B'')' | 25     | 18     | 48     | 25     | 48     | 2    | 2    | 0    | 0    | 0     | 1    | 1    | 
|SampleNeuralNet_dsp_48ns_32ns_64ns_25ns_30ns_18ns_48ns_1s_48_5_1_DSP_Builtin  | ((C:0x0) or P)+((D+A'')*B'')' | 25     | 18     | 48     | 25     | 48     | 2    | 2    | 0    | 0    | 0     | 1    | 1    | 
|SampleNeuralNet_dsp_48ns_32ns_64ns_25ns_30ns_18ns_48ns_1s_48_5_1_DSP_Builtin  | ((C:0x0) or P)+((D+A'')*B'')' | 25     | 18     | 48     | 25     | 48     | 2    | 2    | 0    | 0    | 0     | 1    | 1    | 
|SampleNeuralNet_dsp_48ns_32ns_64ns_25ns_30ns_18ns_48ns_1s_48_5_1_DSP_Builtin  | ((C:0x0) or P)+((D+A'')*B'')' | 25     | 18     | 48     | 25     | 48     | 2    | 2    | 0    | 0    | 0     | 1    | 1    | 
|SampleNeuralNet_dsp_48ns_32ns_64ns_25ns_30ns_18ns_48ns_1s_48_5_1_DSP_Builtin  | ((C:0x0) or P)+((D+A'')*B'')' | 25     | 18     | 48     | 25     | 48     | 2    | 2    | 0    | 0    | 0     | 1    | 1    | 
|SampleNeuralNet_dsp_48ns_32ns_64ns_25ns_30s_18ns_48ns_1s_48_5_1_DSP_Builtin   | ((C:0x0) or P)+((D+A'')*B'')' | 25     | 18     | 48     | 25     | 48     | 2    | 2    | 0    | 0    | 0     | 1    | 1    | 
|SampleNeuralNet_dsp_48ns_32ns_64ns_25ns_30s_18s_48ns_1ns_48_5_1_DSP_Builtin   | ((C:0x0) or P)+((D+A'')*B'')' | 25     | 18     | 48     | 25     | 48     | 2    | 2    | 0    | 0    | 0     | 1    | 1    | 
|SampleNeuralNet_dsp_48ns_32ns_64ns_25ns_30s_18s_48ns_1ns_48_5_1_DSP_Builtin   | ((C:0x0) or P)+((D+A'')*B'')' | 25     | 18     | 48     | 25     | 48     | 2    | 2    | 0    | 0    | 0     | 1    | 1    | 
|SampleNeuralNet_dsp_48ns_32ns_64ns_25ns_30s_18s_48ns_1ns_48_5_1_DSP_Builtin   | ((C:0x0) or P)+((D+A'')*B'')' | 25     | 18     | 48     | 25     | 48     | 2    | 2    | 0    | 0    | 0     | 1    | 1    | 
|SampleNeuralNet_dsp_48ns_32ns_64ns_25ns_30s_18s_48ns_1ns_48_5_1_DSP_Builtin   | ((C:0x0) or P)+((D+A'')*B'')' | 25     | 18     | 48     | 25     | 48     | 2    | 2    | 0    | 0    | 0     | 1    | 1    | 
|SampleNeuralNet_dsp_48ns_32ns_64ns_25ns_30s_18s_48ns_1ns_48_5_1_DSP_Builtin   | ((C:0x0) or P)+((D+A'')*B'')' | 25     | 18     | 48     | 25     | 48     | 2    | 2    | 0    | 0    | 0     | 1    | 1    | 
|SampleNeuralNet_dsp_48ns_32ns_64ns_25ns_30s_18s_48ns_1ns_48_5_1_DSP_Builtin   | ((C:0x0) or P)+((D+A'')*B'')' | 25     | 18     | 48     | 25     | 48     | 2    | 2    | 0    | 0    | 0     | 1    | 1    | 
|SampleNeuralNet_dsp_48ns_32ns_64ns_25ns_30s_18s_48ns_1ns_48_5_1_DSP_Builtin   | ((C:0x0) or P)+((D+A'')*B'')' | 25     | 18     | 48     | 25     | 48     | 2    | 2    | 0    | 0    | 0     | 1    | 1    | 
|SampleNeuralNet_dsp_48ns_32ns_64ns_25ns_30s_18s_48ns_1ns_48_5_1_DSP_Builtin   | ((C:0x0) or P)+((D+A'')*B'')' | 25     | 18     | 48     | 25     | 48     | 2    | 2    | 0    | 0    | 0     | 1    | 1    | 
|SampleNeuralNet_custom_dsp_dense_implementation_ap_int_16_ap_int_48_config4_s | ((C:0x0) or P)+(A*B'')'       | 25     | 18     | 48     | -      | 48     | 0    | 2    | 0    | -    | -     | 1    | 1    | 
|SampleNeuralNet_custom_dsp_dense_implementation_ap_int_16_ap_int_48_config4_s | ((C:0x0) or P)+(A*B'')'       | 25     | 18     | 48     | -      | 48     | 0    | 2    | 0    | -    | -     | 1    | 1    | 
|SampleNeuralNet_custom_dsp_dense_implementation_ap_int_16_ap_int_48_config4_s | ((C:0x0) or P)+(A*B'')'       | 25     | 18     | 48     | -      | 48     | 0    | 2    | 0    | -    | -     | 1    | 1    | 
|SampleNeuralNet_custom_dsp_dense_implementation_ap_int_16_ap_int_48_config4_s | ((C:0x0) or P)+(A*B'')'       | 25     | 18     | 48     | -      | 48     | 0    | 2    | 0    | -    | -     | 1    | 1    | 
|SampleNeuralNet_custom_dsp_dense_implementation_ap_int_16_ap_int_48_config4_s | ((C:0x0) or P)+(A*B'')'       | 25     | 18     | 48     | -      | 48     | 0    | 2    | 0    | -    | -     | 1    | 1    | 
|SampleNeuralNet_custom_dsp_dense_implementation_ap_int_16_ap_int_48_config4_s | ((C:0x0) or P)+(A*B'')'       | 25     | 18     | 48     | -      | 48     | 0    | 2    | 0    | -    | -     | 1    | 1    | 
|SampleNeuralNet_custom_dsp_dense_implementation_ap_int_16_ap_int_48_config4_s | ((C:0x0) or P)+(A*B'')'       | 25     | 18     | 48     | -      | 48     | 0    | 2    | 0    | -    | -     | 1    | 1    | 
|SampleNeuralNet_custom_dsp_dense_implementation_ap_int_16_ap_int_48_config4_s | ((C:0x0) or P)+(A*B'')'       | 25     | 7      | 48     | -      | 48     | 0    | 2    | 0    | -    | -     | 1    | 1    | 
|SampleNeuralNet_custom_dsp_dense_implementation_ap_int_16_ap_int_48_config6_s | ((C:0x0) or P)+(A*B'')'       | 25     | 18     | 48     | -      | 48     | 0    | 2    | 0    | -    | -     | 1    | 1    | 
|SampleNeuralNet_custom_dsp_dense_implementation_ap_int_16_ap_int_48_config6_s | ((C:0x0) or P)+(A*B'')'       | 25     | 18     | 48     | -      | 48     | 0    | 2    | 0    | -    | -     | 1    | 1    | 
|SampleNeuralNet_custom_dsp_dense_implementation_ap_int_16_ap_int_48_config6_s | ((C:0x0) or P)+(A*B'')'       | 25     | 18     | 48     | -      | 48     | 0    | 2    | 0    | -    | -     | 1    | 1    | 
|SampleNeuralNet_custom_dsp_dense_implementation_ap_int_16_ap_int_48_config6_s | ((C:0x0) or P)+(A*B'')'       | 25     | 18     | 48     | -      | 48     | 0    | 2    | 0    | -    | -     | 1    | 1    | 
|SampleNeuralNet_custom_dsp_dense_implementation_ap_int_16_ap_int_48_config6_s | ((C:0x0) or P)+(A*B'')'       | 25     | 18     | 48     | -      | 48     | 0    | 2    | 0    | -    | -     | 1    | 1    | 
|SampleNeuralNet_custom_dsp_dense_implementation_ap_int_16_ap_int_48_config6_s | ((C:0x0) or P)+(A*B'')'       | 25     | 18     | 48     | -      | 48     | 0    | 2    | 0    | -    | -     | 1    | 1    | 
|SampleNeuralNet_custom_dsp_dense_implementation_ap_int_16_ap_int_48_config6_s | ((C:0x0) or P)+(A*B'')'       | 25     | 18     | 48     | -      | 48     | 0    | 2    | 0    | -    | -     | 1    | 1    | 
|SampleNeuralNet_custom_dsp_dense_implementation_ap_int_16_ap_int_48_config6_s | ((C:0x0) or P)+(A*B'')'       | 25     | 7      | 48     | -      | 48     | 0    | 2    | 0    | -    | -     | 1    | 1    | 
+------------------------------------------------------------------------------+-------------------------------+--------+--------+--------+--------+--------+------+------+------+------+-------+------+------+

Note: The table above is a preliminary report that shows the DSPs inferred at the current stage of the synthesis flow. Some DSP may be reimplemented as non DSP primitives later in the synthesis flow. Multiple instantiated DSPs are reported only once.
---------------------------------------------------------------------------------
Finished ROM, RAM, DSP, Shift Register and Retiming Reporting
---------------------------------------------------------------------------------
---------------------------------------------------------------------------------
Start Applying XDC Timing Constraints
---------------------------------------------------------------------------------
---------------------------------------------------------------------------------
Finished Applying XDC Timing Constraints : Time (s): cpu = 00:00:25 ; elapsed = 00:00:25 . Memory (MB): peak = 2725.062 ; gain = 699.250 ; free physical = 83911 ; free virtual = 124182
---------------------------------------------------------------------------------
---------------------------------------------------------------------------------
Start Timing Optimization
---------------------------------------------------------------------------------
---------------------------------------------------------------------------------
Finished Timing Optimization : Time (s): cpu = 00:00:26 ; elapsed = 00:00:26 . Memory (MB): peak = 2725.062 ; gain = 699.250 ; free physical = 83915 ; free virtual = 124186
---------------------------------------------------------------------------------
---------------------------------------------------------------------------------
Start Technology Mapping
---------------------------------------------------------------------------------
---------------------------------------------------------------------------------
Finished Technology Mapping : Time (s): cpu = 00:00:29 ; elapsed = 00:00:29 . Memory (MB): peak = 2725.062 ; gain = 699.250 ; free physical = 83929 ; free virtual = 124200
---------------------------------------------------------------------------------
---------------------------------------------------------------------------------
Start IO Insertion
---------------------------------------------------------------------------------
---------------------------------------------------------------------------------
Start Flattening Before IO Insertion
---------------------------------------------------------------------------------
---------------------------------------------------------------------------------
Finished Flattening Before IO Insertion
---------------------------------------------------------------------------------
---------------------------------------------------------------------------------
Start Final Netlist Cleanup
---------------------------------------------------------------------------------
---------------------------------------------------------------------------------
Finished Final Netlist Cleanup
---------------------------------------------------------------------------------
---------------------------------------------------------------------------------
Finished IO Insertion : Time (s): cpu = 00:00:32 ; elapsed = 00:00:32 . Memory (MB): peak = 2725.062 ; gain = 699.250 ; free physical = 83929 ; free virtual = 124200
---------------------------------------------------------------------------------
---------------------------------------------------------------------------------
Start Renaming Generated Instances
---------------------------------------------------------------------------------
---------------------------------------------------------------------------------
Finished Renaming Generated Instances : Time (s): cpu = 00:00:32 ; elapsed = 00:00:32 . Memory (MB): peak = 2725.062 ; gain = 699.250 ; free physical = 83929 ; free virtual = 124200
---------------------------------------------------------------------------------
---------------------------------------------------------------------------------
Start Rebuilding User Hierarchy
---------------------------------------------------------------------------------
---------------------------------------------------------------------------------
Finished Rebuilding User Hierarchy : Time (s): cpu = 00:00:32 ; elapsed = 00:00:33 . Memory (MB): peak = 2725.062 ; gain = 699.250 ; free physical = 83929 ; free virtual = 124200
---------------------------------------------------------------------------------
---------------------------------------------------------------------------------
Start Renaming Generated Ports
---------------------------------------------------------------------------------
---------------------------------------------------------------------------------
Finished Renaming Generated Ports : Time (s): cpu = 00:00:32 ; elapsed = 00:00:33 . Memory (MB): peak = 2725.062 ; gain = 699.250 ; free physical = 83929 ; free virtual = 124200
---------------------------------------------------------------------------------
---------------------------------------------------------------------------------
Start Handling Custom Attributes
---------------------------------------------------------------------------------
---------------------------------------------------------------------------------
Finished Handling Custom Attributes : Time (s): cpu = 00:00:33 ; elapsed = 00:00:33 . Memory (MB): peak = 2725.062 ; gain = 699.250 ; free physical = 83929 ; free virtual = 124200
---------------------------------------------------------------------------------
---------------------------------------------------------------------------------
Start Renaming Generated Nets
---------------------------------------------------------------------------------
---------------------------------------------------------------------------------
Finished Renaming Generated Nets : Time (s): cpu = 00:00:33 ; elapsed = 00:00:33 . Memory (MB): peak = 2725.062 ; gain = 699.250 ; free physical = 83929 ; free virtual = 124200
---------------------------------------------------------------------------------
---------------------------------------------------------------------------------
Start ROM, RAM, DSP, Shift Register and Retiming Reporting
---------------------------------------------------------------------------------

Static Shift Register Report:
+----------------+--------------------------------------------------------------------------------------------------------------+--------+-------+--------------+--------------------+-------------------+--------+---------+
|Module Name     | RTL Name                                                                                                     | Length | Width | Reset Signal | Pull out first Reg | Pull out last Reg | SRL16E | SRLC32E | 
+----------------+--------------------------------------------------------------------------------------------------------------+--------+-------+--------------+--------------------+-------------------+--------+---------+
|SampleNeuralNet | custom_dsp_dense_implementation_ap_int_16_ap_int_48_config2_U0/lshr_128ns_7ns_128_7_1_U9/buff3_reg[15]       | 4      | 16    | NO           | YES                | NO                | 16     | 0       | 
|SampleNeuralNet | custom_dsp_dense_implementation_ap_int_16_ap_int_48_config2_U0/ap_loop_exit_ready_pp0_iter11_reg_reg         | 11     | 1     | NO           | NO                 | YES               | 1      | 0       | 
|SampleNeuralNet | custom_dsp_dense_implementation_ap_int_16_ap_int_48_config2_U0/icmp_ln62_reg_667_pp0_iter11_reg_reg[0]       | 11     | 1     | NO           | NO                 | YES               | 1      | 0       | 
|SampleNeuralNet | custom_dsp_dense_implementation_ap_int_16_ap_int_48_config2_U0/weightLoopIndex3_reg_155_pp0_iter4_reg_reg[2] | 4      | 3     | NO           | NO                 | YES               | 3      | 0       | 
|SampleNeuralNet | custom_dsp_dense_implementation_ap_int_16_ap_int_48_config4_U0/ap_loop_exit_ready_pp0_iter7_reg_reg          | 7      | 1     | NO           | NO                 | YES               | 1      | 0       | 
|SampleNeuralNet | custom_dsp_dense_implementation_ap_int_16_ap_int_48_config4_U0/icmp_ln62_reg_971_pp0_iter7_reg_reg[0]        | 7      | 1     | NO           | NO                 | YES               | 1      | 0       | 
|SampleNeuralNet | custom_dsp_dense_implementation_ap_int_16_ap_int_48_config6_U0/ap_loop_exit_ready_pp0_iter7_reg_reg          | 7      | 1     | NO           | NO                 | YES               | 1      | 0       | 
|SampleNeuralNet | custom_dsp_dense_implementation_ap_int_16_ap_int_48_config6_U0/icmp_ln62_reg_971_pp0_iter7_reg_reg[0]        | 7      | 1     | NO           | NO                 | YES               | 1      | 0       | 
+----------------+--------------------------------------------------------------------------------------------------------------+--------+-------+--------------+--------------------+-------------------+--------+---------+

---------------------------------------------------------------------------------
Finished ROM, RAM, DSP, Shift Register and Retiming Reporting
---------------------------------------------------------------------------------
---------------------------------------------------------------------------------
Start Writing Synthesis Report
---------------------------------------------------------------------------------

DSP Final Report (the ' indicates corresponding REG is set)
+------------------------------------------------------------------------------+-------------------+--------+--------+--------+--------+--------+------+------+------+------+-------+------+------+
|Module Name                                                                   | DSP Mapping       | A Size | B Size | C Size | D Size | P Size | AREG | BREG | CREG | DREG | ADREG | MREG | PREG | 
+------------------------------------------------------------------------------+-------------------+--------+--------+--------+--------+--------+------+------+------+------+-------+------+------+
|SampleNeuralNet_dsp_48ns_32ns_64ns_25ns_30s_18s_48ns_1ns_48_5_1_DSP_Builtin   | (P+(D+A''*B'')')' | 30     | 18     | -      | 0      | 48     | 2    | 2    | -    | 2    | 0     | 1    | 1    | 
|SampleNeuralNet_dsp_48ns_32ns_64ns_25ns_30s_18s_48ns_1ns_48_5_1_DSP_Builtin   | (P+(D+A''*B'')')' | 30     | 18     | -      | 0      | 48     | 2    | 2    | -    | 2    | 0     | 1    | 1    | 
|SampleNeuralNet_dsp_48ns_32ns_64ns_25ns_30s_18s_48ns_1ns_48_5_1_DSP_Builtin   | (P+(D+A''*B'')')' | 30     | 18     | -      | 0      | 48     | 2    | 2    | -    | 2    | 0     | 1    | 1    | 
|SampleNeuralNet_dsp_48ns_32ns_64ns_25ns_30s_18s_48ns_1ns_48_5_1_DSP_Builtin   | (P+(D+A''*B'')')' | 30     | 18     | -      | 0      | 48     | 2    | 2    | -    | 2    | 0     | 1    | 1    | 
|SampleNeuralNet_dsp_48ns_32ns_64ns_25ns_30s_18s_48ns_1ns_48_5_1_DSP_Builtin   | (P+(D+A''*B'')')' | 30     | 18     | -      | 0      | 48     | 2    | 2    | -    | 2    | 0     | 1    | 1    | 
|SampleNeuralNet_dsp_48ns_32ns_64ns_25ns_30s_18s_48ns_1ns_48_5_1_DSP_Builtin   | (P+(D+A''*B'')')' | 30     | 18     | -      | 0      | 48     | 2    | 2    | -    | 2    | 0     | 1    | 1    | 
|SampleNeuralNet_dsp_48ns_32ns_64ns_25ns_30s_18s_48ns_1ns_48_5_1_DSP_Builtin   | (P+(D+A''*B'')')' | 30     | 18     | -      | 0      | 48     | 2    | 2    | -    | 2    | 0     | 1    | 1    | 
|SampleNeuralNet_dsp_48ns_32ns_64ns_25ns_30s_18s_48ns_1ns_48_5_1_DSP_Builtin   | (P+(D+A''*B'')')' | 30     | 18     | -      | 0      | 48     | 2    | 2    | -    | 2    | 0     | 1    | 1    | 
|SampleNeuralNet_custom_dsp_dense_implementation_ap_int_16_ap_int_48_config4_s | (P+(A''*B'')')'   | 30     | 18     | -      | -      | 48     | 2    | 2    | -    | -    | -     | 1    | 1    | 
|SampleNeuralNet_custom_dsp_dense_implementation_ap_int_16_ap_int_48_config4_s | (P+(A''*B'')')'   | 30     | 18     | -      | -      | 48     | 2    | 2    | -    | -    | -     | 1    | 1    | 
|SampleNeuralNet_custom_dsp_dense_implementation_ap_int_16_ap_int_48_config4_s | (P+(A''*B'')')'   | 30     | 18     | -      | -      | 48     | 2    | 2    | -    | -    | -     | 1    | 1    | 
|SampleNeuralNet_custom_dsp_dense_implementation_ap_int_16_ap_int_48_config4_s | (P+(A''*B'')')'   | 30     | 18     | -      | -      | 48     | 2    | 2    | -    | -    | -     | 1    | 1    | 
|SampleNeuralNet_custom_dsp_dense_implementation_ap_int_16_ap_int_48_config4_s | (P+(A''*B'')')'   | 30     | 18     | -      | -      | 48     | 2    | 2    | -    | -    | -     | 1    | 1    | 
|SampleNeuralNet_custom_dsp_dense_implementation_ap_int_16_ap_int_48_config4_s | (P+(A''*B'')')'   | 30     | 18     | -      | -      | 48     | 2    | 2    | -    | -    | -     | 1    | 1    | 
|SampleNeuralNet_custom_dsp_dense_implementation_ap_int_16_ap_int_48_config4_s | (P+(A''*B'')')'   | 30     | 18     | -      | -      | 48     | 2    | 2    | -    | -    | -     | 1    | 1    | 
|SampleNeuralNet_custom_dsp_dense_implementation_ap_int_16_ap_int_48_config4_s | (P+(A''*B'')')'   | 30     | 18     | -      | -      | 48     | 2    | 2    | -    | -    | -     | 1    | 1    | 
|SampleNeuralNet_custom_dsp_dense_implementation_ap_int_16_ap_int_48_config6_s | (P+(A''*B'')')'   | 30     | 18     | -      | -      | 48     | 2    | 2    | -    | -    | -     | 1    | 1    | 
|SampleNeuralNet_custom_dsp_dense_implementation_ap_int_16_ap_int_48_config6_s | (P+(A''*B'')')'   | 30     | 18     | -      | -      | 48     | 2    | 2    | -    | -    | -     | 1    | 1    | 
|SampleNeuralNet_custom_dsp_dense_implementation_ap_int_16_ap_int_48_config6_s | (P+(A''*B'')')'   | 30     | 18     | -      | -      | 48     | 2    | 2    | -    | -    | -     | 1    | 1    | 
|SampleNeuralNet_custom_dsp_dense_implementation_ap_int_16_ap_int_48_config6_s | (P+(A''*B'')')'   | 30     | 18     | -      | -      | 48     | 2    | 2    | -    | -    | -     | 1    | 1    | 
|SampleNeuralNet_custom_dsp_dense_implementation_ap_int_16_ap_int_48_config6_s | (P+(A''*B'')')'   | 30     | 18     | -      | -      | 48     | 2    | 2    | -    | -    | -     | 1    | 1    | 
|SampleNeuralNet_custom_dsp_dense_implementation_ap_int_16_ap_int_48_config6_s | (P+(A''*B'')')'   | 30     | 18     | -      | -      | 48     | 2    | 2    | -    | -    | -     | 1    | 1    | 
|SampleNeuralNet_custom_dsp_dense_implementation_ap_int_16_ap_int_48_config6_s | (P+(A''*B'')')'   | 30     | 18     | -      | -      | 48     | 2    | 2    | -    | -    | -     | 1    | 1    | 
|SampleNeuralNet_custom_dsp_dense_implementation_ap_int_16_ap_int_48_config6_s | (P+(A''*B'')')'   | 30     | 18     | -      | -      | 48     | 2    | 2    | -    | -    | -     | 1    | 1    | 
+------------------------------------------------------------------------------+-------------------+--------+--------+--------+--------+--------+------+------+------+------+-------+------+------+


Report BlackBoxes: 
+-+--------------+----------+
| |BlackBox name |Instances |
+-+--------------+----------+
+-+--------------+----------+

Report Cell Usage: 
+------+---------+------+
|      |Cell     |Count |
+------+---------+------+
|1     |CARRY4   |   312|
|2     |DSP48E1  |    24|
|4     |LUT1     |   384|
|5     |LUT2     |   401|
|6     |LUT3     |  1491|
|7     |LUT4     |  1670|
|8     |LUT5     |   131|
|9     |LUT6     |   276|
|10    |MUXF7    |    48|
|11    |RAMB18E1 |     3|
|14    |SRL16E   |    25|
|15    |FDRE     |  8461|
|16    |FDSE     |    40|
+------+---------+------+
---------------------------------------------------------------------------------
Finished Writing Synthesis Report : Time (s): cpu = 00:00:33 ; elapsed = 00:00:33 . Memory (MB): peak = 2725.062 ; gain = 699.250 ; free physical = 83929 ; free virtual = 124200
---------------------------------------------------------------------------------
Synthesis finished with 0 errors, 0 critical warnings and 163 warnings.
Synthesis Optimization Runtime : Time (s): cpu = 00:00:30 ; elapsed = 00:00:30 . Memory (MB): peak = 2725.062 ; gain = 551.500 ; free physical = 83929 ; free virtual = 124199
Synthesis Optimization Complete : Time (s): cpu = 00:00:33 ; elapsed = 00:00:33 . Memory (MB): peak = 2725.070 ; gain = 699.250 ; free physical = 83929 ; free virtual = 124199
INFO: [Project 1-571] Translating synthesized netlist
Netlist sorting complete. Time (s): cpu = 00:00:00.09 ; elapsed = 00:00:00.09 . Memory (MB): peak = 2725.070 ; gain = 0.000 ; free physical = 84282 ; free virtual = 124552
INFO: [Netlist 29-17] Analyzing 387 Unisim elements for replacement
INFO: [Netlist 29-28] Unisim Transformation completed in 0 CPU seconds
INFO: [Project 1-570] Preparing netlist for logic optimization
Parsing XDC File [/home/eim32828/Desktop/Vitis_HLS_Gens/SampleNeuralNets_1_9_v2_Custom/Custom/Analysis_Constraints.xdc]
Finished Parsing XDC File [/home/eim32828/Desktop/Vitis_HLS_Gens/SampleNeuralNets_1_9_v2_Custom/Custom/Analysis_Constraints.xdc]
INFO: [Opt 31-138] Pushed 0 inverter(s) to 0 load pin(s).
Netlist sorting complete. Time (s): cpu = 00:00:00 ; elapsed = 00:00:00 . Memory (MB): peak = 2781.090 ; gain = 0.000 ; free physical = 84277 ; free virtual = 124548
INFO: [Project 1-111] Unisim Transformation Summary:
No Unisim elements were transformed.

Synth Design complete | Checksum: ded45b95
INFO: [Common 17-83] Releasing license: Synthesis
78 Infos, 204 Warnings, 0 Critical Warnings and 0 Errors encountered.
synth_design completed successfully
synth_design: Time (s): cpu = 00:00:41 ; elapsed = 00:00:40 . Memory (MB): peak = 2781.090 ; gain = 1097.457 ; free physical = 84277 ; free virtual = 124548
INFO: [Common 17-2834] synth_design peak Physical Memory [PSS] (MB): overall = 2541.744; main = 2191.202; forked = 498.079
INFO: [Common 17-2834] synth_design peak Virtual Memory [VSS] (MB): overall = 3814.273; main = 2781.090; forked = 1089.211
# report_timing_summary -file ./Analysis_Verilog/Timing_Report_Synthesis.rpt
INFO: [Timing 38-35] Done setting XDC timing constraints.
INFO: [Timing 38-91] UpdateTimingParams: Speed grade: -1, Delay Type: min_max.
INFO: [Timing 38-191] Multithreading enabled for timing update using a maximum of 8 CPUs
WARNING: [Timing 38-242] The property HD.CLK_SRC of clock port "ap_clk" is not set. In out-of-context mode, this prevents timing estimation for clock delay/skew
Resolution: Set the HD.CLK_SRC property of the out-of-context port to the location of the clock buffer instance in the top-level design
report_timing_summary: Time (s): cpu = 00:00:07 ; elapsed = 00:00:05 . Memory (MB): peak = 2851.902 ; gain = 70.812 ; free physical = 84218 ; free virtual = 124488
# report_timing -max_paths 20 -file ./Analysis_Verilog/Timing_Paths_Synthesis.rpt
INFO: [Timing 38-91] UpdateTimingParams: Speed grade: -1, Delay Type: max.
INFO: [Timing 38-191] Multithreading enabled for timing update using a maximum of 8 CPUs
INFO: [Timing 38-78] ReportTimingParams: -max_paths 20 -nworst 1 -delay_type max -sort_by slack.
# report_utilization -hierarchical -file ./Analysis_Verilog/Utilization_Report_Synthesis.rpt
# set dsps [get_cells -hierarchical -filter {REF_NAME == DSP48E1}]
# set fh [open "./Analysis_Verilog/DSP_Properties.rpt" w]
# puts $fh "DSP48E1 count: [llength $dsps]"
# puts $fh ""
# foreach dsp $dsps {
#     puts $fh "--------------------------------------------------"
#     puts $fh "DSP: $dsp"
# 
#     foreach prop {
#         AREG
#         BREG
#         MREG
#         PREG
#         CREG
#         OPMODEREG
#         ALUMODEREG
#         USE_MULT
#         PRIMITIVE_TYPE
#     } {
#         puts $fh "$prop = [get_property $prop $dsp]"
#     }
# 
#     puts $fh ""
# }
# close $fh
# write_checkpoint -force ./Analysis_Verilog/Post_Synthesis.dcp
INFO: [Timing 38-480] Writing timing data to binary archive.
Write ShapeDB Complete: Time (s): cpu = 00:00:00.01 ; elapsed = 00:00:00.01 . Memory (MB): peak = 2904.699 ; gain = 0.000 ; free physical = 84207 ; free virtual = 124478
INFO: [Common 17-1381] The checkpoint '/home/eim32828/Desktop/Vitis_HLS_Gens/SampleNeuralNets_1_9_v2_Custom/Custom/Analysis_Verilog/Post_Synthesis.dcp' has been generated.
# opt_design
Command: opt_design
Attempting to get a license for feature 'Implementation' and/or device 'xc7z010'
INFO: [Common 17-349] Got license for feature 'Implementation' and/or device 'xc7z010'
Running DRC as a precondition to command opt_design

Starting DRC Task
INFO: [DRC 23-27] Running DRC with 8 threads
INFO: [Project 1-461] DRC finished with 0 Errors
INFO: [Project 1-462] Please refer to the DRC report (report_drc) for more information.

Time (s): cpu = 00:00:00.96 ; elapsed = 00:00:00.6 . Memory (MB): peak = 2965.465 ; gain = 60.766 ; free physical = 84158 ; free virtual = 124448

Starting Cache Timing Information Task
Ending Cache Timing Information Task | Checksum: 1adf5f6cb

Time (s): cpu = 00:00:00 ; elapsed = 00:00:00 . Memory (MB): peak = 2965.465 ; gain = 0.000 ; free physical = 84158 ; free virtual = 124448

Starting Logic Optimization Task

Phase 1 Initialization

Phase 1.1 Core Generation And Design Setup
Phase 1.1 Core Generation And Design Setup | Checksum: 1adf5f6cb

Time (s): cpu = 00:00:00 ; elapsed = 00:00:00 . Memory (MB): peak = 3162.449 ; gain = 0.000 ; free physical = 83922 ; free virtual = 124212

Phase 1.2 Setup Constraints And Sort Netlist
Phase 1.2 Setup Constraints And Sort Netlist | Checksum: 1adf5f6cb

Time (s): cpu = 00:00:00 ; elapsed = 00:00:00.01 . Memory (MB): peak = 3162.449 ; gain = 0.000 ; free physical = 83922 ; free virtual = 124212
Phase 1 Initialization | Checksum: 1adf5f6cb

Time (s): cpu = 00:00:00 ; elapsed = 00:00:00.01 . Memory (MB): peak = 3162.449 ; gain = 0.000 ; free physical = 83922 ; free virtual = 124212

Phase 2 Timer Update And Timing Data Collection

Phase 2.1 Timer Update
Phase 2.1 Timer Update | Checksum: 1adf5f6cb

Time (s): cpu = 00:00:00.24 ; elapsed = 00:00:00.07 . Memory (MB): peak = 3162.449 ; gain = 0.000 ; free physical = 83922 ; free virtual = 124212

Phase 2.2 Timing Data Collection
Phase 2.2 Timing Data Collection | Checksum: 1adf5f6cb

Time (s): cpu = 00:00:00.26 ; elapsed = 00:00:00.09 . Memory (MB): peak = 3162.449 ; gain = 0.000 ; free physical = 83920 ; free virtual = 124210
Phase 2 Timer Update And Timing Data Collection | Checksum: 1adf5f6cb

Time (s): cpu = 00:00:00.26 ; elapsed = 00:00:00.09 . Memory (MB): peak = 3162.449 ; gain = 0.000 ; free physical = 83920 ; free virtual = 124210

Phase 3 Retarget
INFO: [Opt 31-1834] Total Chains To Be Transformed Were: 0 AND Number of Transformed insts Created are: 0
INFO: [Opt 31-138] Pushed 0 inverter(s) to 0 load pin(s).
INFO: [Opt 31-49] Retargeted 0 cell(s).
Phase 3 Retarget | Checksum: 1adf5f6cb

Time (s): cpu = 00:00:00.34 ; elapsed = 00:00:00.18 . Memory (MB): peak = 3162.449 ; gain = 0.000 ; free physical = 83920 ; free virtual = 124210
Retarget | Checksum: 1adf5f6cb
INFO: [Opt 31-389] Phase Retarget created 0 cells and removed 0 cells

Phase 4 Constant propagation
INFO: [Opt 31-138] Pushed 0 inverter(s) to 0 load pin(s).
Phase 4 Constant propagation | Checksum: 1adf5f6cb

Time (s): cpu = 00:00:00.39 ; elapsed = 00:00:00.23 . Memory (MB): peak = 3162.449 ; gain = 0.000 ; free physical = 83920 ; free virtual = 124210
Constant propagation | Checksum: 1adf5f6cb
INFO: [Opt 31-389] Phase Constant propagation created 0 cells and removed 0 cells

Phase 5 Sweep
Phase 5 Sweep | Checksum: 11cb6bf82

Time (s): cpu = 00:00:00.48 ; elapsed = 00:00:00.33 . Memory (MB): peak = 3162.449 ; gain = 0.000 ; free physical = 83920 ; free virtual = 124210
Sweep | Checksum: 11cb6bf82
INFO: [Opt 31-389] Phase Sweep created 0 cells and removed 0 cells

Phase 6 BUFG optimization
Phase 6 BUFG optimization | Checksum: 11cb6bf82

Time (s): cpu = 00:00:00.51 ; elapsed = 00:00:00.36 . Memory (MB): peak = 3162.449 ; gain = 0.000 ; free physical = 83920 ; free virtual = 124210
BUFG optimization | Checksum: 11cb6bf82
INFO: [Opt 31-662] Phase BUFG optimization created 0 cells of which 0 are BUFGs and removed 0 cells.

Phase 7 Shift Register Optimization
INFO: [Opt 31-1064] SRL Remap converted 0 SRLs to 0 registers and converted 0 registers of register chains to 0 SRLs
Phase 7 Shift Register Optimization | Checksum: fe8d26d3

Time (s): cpu = 00:00:00.53 ; elapsed = 00:00:00.37 . Memory (MB): peak = 3162.449 ; gain = 0.000 ; free physical = 83920 ; free virtual = 124210
Shift Register Optimization | Checksum: fe8d26d3
INFO: [Opt 31-389] Phase Shift Register Optimization created 3 cells and removed 0 cells

Phase 8 Post Processing Netlist
Phase 8 Post Processing Netlist | Checksum: fe8d26d3

Time (s): cpu = 00:00:00.55 ; elapsed = 00:00:00.4 . Memory (MB): peak = 3162.449 ; gain = 0.000 ; free physical = 83920 ; free virtual = 124210
Post Processing Netlist | Checksum: fe8d26d3
INFO: [Opt 31-389] Phase Post Processing Netlist created 0 cells and removed 0 cells

Phase 9 Finalization

Phase 9.1 Finalizing Design Cores and Updating Shapes
Phase 9.1 Finalizing Design Cores and Updating Shapes | Checksum: 16e5474da

Time (s): cpu = 00:00:00.69 ; elapsed = 00:00:00.47 . Memory (MB): peak = 3162.449 ; gain = 0.000 ; free physical = 83920 ; free virtual = 124210

Phase 9.2 Verifying Netlist Connectivity

Starting Connectivity Check Task

Time (s): cpu = 00:00:00.01 ; elapsed = 00:00:00 . Memory (MB): peak = 3162.449 ; gain = 0.000 ; free physical = 83920 ; free virtual = 124210
Phase 9.2 Verifying Netlist Connectivity | Checksum: 16e5474da

Time (s): cpu = 00:00:00.7 ; elapsed = 00:00:00.47 . Memory (MB): peak = 3162.449 ; gain = 0.000 ; free physical = 83920 ; free virtual = 124210
Phase 9 Finalization | Checksum: 16e5474da

Time (s): cpu = 00:00:00.7 ; elapsed = 00:00:00.48 . Memory (MB): peak = 3162.449 ; gain = 0.000 ; free physical = 83920 ; free virtual = 124210
Opt_design Change Summary
=========================


-------------------------------------------------------------------------------------------------------------------------
|  Phase                        |  #Cells created  |  #Cells Removed  |  #Constrained objects preventing optimizations  |
-------------------------------------------------------------------------------------------------------------------------
|  Retarget                     |               0  |               0  |                                              0  |
|  Constant propagation         |               0  |               0  |                                              0  |
|  Sweep                        |               0  |               0  |                                              0  |
|  BUFG optimization            |               0  |               0  |                                              0  |
|  Shift Register Optimization  |               3  |               0  |                                              0  |
|  Post Processing Netlist      |               0  |               0  |                                              0  |
-------------------------------------------------------------------------------------------------------------------------


Ending Logic Optimization Task | Checksum: 16e5474da

Time (s): cpu = 00:00:00.7 ; elapsed = 00:00:00.48 . Memory (MB): peak = 3162.449 ; gain = 0.000 ; free physical = 83920 ; free virtual = 124210

Starting Power Optimization Task
INFO: [Pwropt 34-132] Skipping clock gating for clocks with a period < 2.00 ns.
INFO: [Pwropt 34-9] Applying IDT optimizations ...
INFO: [Pwropt 34-10] Applying ODC optimizations ...
INFO: [Timing 38-35] Done setting XDC timing constraints.
Running Vector-less Activity Propagation...

Finished Running Vector-less Activity Propagation


Starting PowerOpt Patch Enables Task
INFO: [Pwropt 34-162] WRITE_MODE attribute of 0 BRAM(s) out of a total of 3 has been updated to save power. Run report_power_opt to get a complete listing of the BRAMs updated.
INFO: [Pwropt 34-201] Structural ODC has moved 0 WE to EN ports
Number of BRAM Ports augmented: 6 newly gated: 0 Total Ports: 6
Number of Flops added for Enable Generation: 8

Ending PowerOpt Patch Enables Task | Checksum: 113f0a247

Time (s): cpu = 00:00:00.06 ; elapsed = 00:00:00.03 . Memory (MB): peak = 3338.504 ; gain = 0.000 ; free physical = 83901 ; free virtual = 124191
Ending Power Optimization Task | Checksum: 113f0a247

Time (s): cpu = 00:00:02 ; elapsed = 00:00:00.98 . Memory (MB): peak = 3338.504 ; gain = 176.055 ; free physical = 83901 ; free virtual = 124191

Starting Final Cleanup Task

Starting Logic Optimization Task
INFO: [Timing 38-35] Done setting XDC timing constraints.
Ending Logic Optimization Task | Checksum: bcda1b0c

Time (s): cpu = 00:00:00.84 ; elapsed = 00:00:00.4 . Memory (MB): peak = 3338.504 ; gain = 0.000 ; free physical = 83898 ; free virtual = 124188
Ending Final Cleanup Task | Checksum: bcda1b0c

Time (s): cpu = 00:00:02 ; elapsed = 00:00:02 . Memory (MB): peak = 3338.504 ; gain = 0.000 ; free physical = 83898 ; free virtual = 124188

Starting Netlist Obfuscation Task
Netlist sorting complete. Time (s): cpu = 00:00:00.01 ; elapsed = 00:00:00 . Memory (MB): peak = 3338.504 ; gain = 0.000 ; free physical = 83898 ; free virtual = 124188
Ending Netlist Obfuscation Task | Checksum: bcda1b0c

Time (s): cpu = 00:00:00.01 ; elapsed = 00:00:00 . Memory (MB): peak = 3338.504 ; gain = 0.000 ; free physical = 83898 ; free virtual = 124188
INFO: [Common 17-83] Releasing license: Implementation
23 Infos, 0 Warnings, 0 Critical Warnings and 0 Errors encountered.
opt_design completed successfully
opt_design: Time (s): cpu = 00:00:08 ; elapsed = 00:00:06 . Memory (MB): peak = 3338.504 ; gain = 433.805 ; free physical = 83898 ; free virtual = 124188
# place_design
Command: place_design
Attempting to get a license for feature 'Implementation' and/or device 'xc7z010'
INFO: [Common 17-349] Got license for feature 'Implementation' and/or device 'xc7z010'
INFO: [Common 17-83] Releasing license: Implementation
INFO: [DRC 23-27] Running DRC with 8 threads
INFO: [Vivado_Tcl 4-198] DRC finished with 0 Errors
INFO: [Vivado_Tcl 4-199] Please refer to the DRC report (report_drc) for more information.
Running DRC as a precondition to command place_design
INFO: [DRC 23-27] Running DRC with 8 threads
INFO: [Vivado_Tcl 4-198] DRC finished with 0 Errors
INFO: [Vivado_Tcl 4-199] Please refer to the DRC report (report_drc) for more information.
INFO: [Place 30-611] Multithreading enabled for place_design using a maximum of 8 CPUs

Starting Placer Task

Phase 1 Placer Initialization

Phase 1.1 Placer Initialization Netlist Sorting
Netlist sorting complete. Time (s): cpu = 00:00:00.01 ; elapsed = 00:00:00 . Memory (MB): peak = 3338.504 ; gain = 0.000 ; free physical = 83896 ; free virtual = 124186
Phase 1.1 Placer Initialization Netlist Sorting | Checksum: 79e2e915

Time (s): cpu = 00:00:00.01 ; elapsed = 00:00:00 . Memory (MB): peak = 3338.504 ; gain = 0.000 ; free physical = 83896 ; free virtual = 124186
Netlist sorting complete. Time (s): cpu = 00:00:00 ; elapsed = 00:00:00 . Memory (MB): peak = 3338.504 ; gain = 0.000 ; free physical = 83896 ; free virtual = 124186

Phase 1.2 IO Placement/ Clock Placement/ Build Placer Device
INFO: [Timing 38-35] Done setting XDC timing constraints.
Phase 1.2 IO Placement/ Clock Placement/ Build Placer Device | Checksum: 11b0a6b37

Time (s): cpu = 00:00:01 ; elapsed = 00:00:00.54 . Memory (MB): peak = 3338.504 ; gain = 0.000 ; free physical = 83896 ; free virtual = 124186

Phase 1.3 Build Placer Netlist Model
Phase 1.3 Build Placer Netlist Model | Checksum: 157b2c7ac

Time (s): cpu = 00:00:03 ; elapsed = 00:00:01 . Memory (MB): peak = 3338.504 ; gain = 0.000 ; free physical = 83896 ; free virtual = 124186

Phase 1.4 Constrain Clocks/Macros
Phase 1.4 Constrain Clocks/Macros | Checksum: 157b2c7ac

Time (s): cpu = 00:00:03 ; elapsed = 00:00:01 . Memory (MB): peak = 3338.504 ; gain = 0.000 ; free physical = 83896 ; free virtual = 124186
Phase 1 Placer Initialization | Checksum: 157b2c7ac

Time (s): cpu = 00:00:03 ; elapsed = 00:00:01 . Memory (MB): peak = 3338.504 ; gain = 0.000 ; free physical = 83896 ; free virtual = 124186

Phase 2 Global Placement

Phase 2.1 Floorplanning
Phase 2.1 Floorplanning | Checksum: 1523ddf74

Time (s): cpu = 00:00:04 ; elapsed = 00:00:01 . Memory (MB): peak = 3338.504 ; gain = 0.000 ; free physical = 83894 ; free virtual = 124184

Phase 2.2 Update Timing before SLR Path Opt
Phase 2.2 Update Timing before SLR Path Opt | Checksum: 1c0aba412

Time (s): cpu = 00:00:05 ; elapsed = 00:00:02 . Memory (MB): peak = 3338.504 ; gain = 0.000 ; free physical = 83894 ; free virtual = 124184

Phase 2.3 Post-Processing in Floorplanning
Phase 2.3 Post-Processing in Floorplanning | Checksum: 1c0aba412

Time (s): cpu = 00:00:05 ; elapsed = 00:00:02 . Memory (MB): peak = 3338.504 ; gain = 0.000 ; free physical = 83894 ; free virtual = 124184

Phase 2.4 Global Placement Core

Phase 2.4.1 UpdateTiming Before Physical Synthesis
Phase 2.4.1 UpdateTiming Before Physical Synthesis | Checksum: 2a376e303

Time (s): cpu = 00:00:15 ; elapsed = 00:00:04 . Memory (MB): peak = 3338.504 ; gain = 0.000 ; free physical = 83872 ; free virtual = 124162

Phase 2.4.2 Physical Synthesis In Placer
INFO: [Physopt 32-1035] Found 5 LUTNM shape to break, 23 LUT instances to create LUTNM shape
INFO: [Physopt 32-1044] Break lutnm for timing: one critical 4, two critical 1, total 5, new lutff created 0
INFO: [Physopt 32-1138] End 1 Pass. Optimized 13 nets or LUTs. Breaked 5 LUTs, combined 8 existing LUTs and moved 0 existing LUT
INFO: [Physopt 32-1408] Pass 1. Identified 2 candidate nets for high-fanout optimization.
INFO: [Physopt 32-232] Optimized 0 net. Created 0 new instance.
INFO: [Physopt 32-775] End 1 Pass. Optimized 0 net or cell. Created 0 new cell, deleted 0 existing cell and moved 0 existing cell
Netlist sorting complete. Time (s): cpu = 00:00:00.01 ; elapsed = 00:00:00.01 . Memory (MB): peak = 3338.504 ; gain = 0.000 ; free physical = 83872 ; free virtual = 124162
INFO: [Physopt 32-76] Pass 1. Identified 2 candidate nets for fanout optimization.
INFO: [Physopt 32-81] Processed net custom_dsp_dense_implementation_ap_int_16_ap_int_48_config6_U0/ap_block_pp0_stage0_subdone. Replicated 10 times.
INFO: [Physopt 32-81] Processed net custom_dsp_dense_implementation_ap_int_16_ap_int_48_config4_U0/ap_block_pp0_stage0_subdone. Replicated 10 times.
INFO: [Physopt 32-232] Optimized 2 nets. Created 20 new instances.
INFO: [Physopt 32-775] End 1 Pass. Optimized 2 nets or cells. Created 20 new cells, deleted 0 existing cell and moved 0 existing cell
Netlist sorting complete. Time (s): cpu = 00:00:00.04 ; elapsed = 00:00:00.04 . Memory (MB): peak = 3338.504 ; gain = 0.000 ; free physical = 83872 ; free virtual = 124162
INFO: [Physopt 32-456] No candidate cells for DSP register optimization found in the design.
INFO: [Physopt 32-775] End 2 Pass. Optimized 0 net or cell. Created 0 new cell, deleted 0 existing cell and moved 0 existing cell
INFO: [Physopt 32-1123] No candidate cells found for Shift Register to Pipeline optimization
INFO: [Physopt 32-775] End 2 Pass. Optimized 0 net or cell. Created 0 new cell, deleted 0 existing cell and moved 0 existing cell
INFO: [Physopt 32-1401] No candidate cells found for Shift Register optimization.
INFO: [Physopt 32-677] No candidate cells for Shift Register optimization found in the design
INFO: [Physopt 32-775] End 1 Pass. Optimized 0 net or cell. Created 0 new cell, deleted 0 existing cell and moved 0 existing cell
INFO: [Physopt 32-526] No candidate cells for BRAM register optimization found in the design
INFO: [Physopt 32-775] End 1 Pass. Optimized 0 net or cell. Created 0 new cell, deleted 0 existing cell and moved 0 existing cell
INFO: [Physopt 32-846] No candidate cells for URAM register optimization found in the design
INFO: [Physopt 32-775] End 1 Pass. Optimized 0 net or cell. Created 0 new cell, deleted 0 existing cell and moved 0 existing cell
INFO: [Physopt 32-846] No candidate cells for URAM register optimization found in the design
INFO: [Physopt 32-775] End 1 Pass. Optimized 0 net or cell. Created 0 new cell, deleted 0 existing cell and moved 0 existing cell
INFO: [Physopt 32-949] No candidate nets found for dynamic/static region interface net replication
INFO: [Physopt 32-775] End 1 Pass. Optimized 0 net or cell. Created 0 new cell, deleted 0 existing cell and moved 0 existing cell
Netlist sorting complete. Time (s): cpu = 00:00:00 ; elapsed = 00:00:00 . Memory (MB): peak = 3338.504 ; gain = 0.000 ; free physical = 83871 ; free virtual = 124161

Summary of Physical Synthesis Optimizations
============================================


-----------------------------------------------------------------------------------------------------------------------------------------------------------
|  Optimization                                     |  Added Cells  |  Removed Cells  |  Optimized Cells/Nets  |  Dont Touch  |  Iterations  |  Elapsed   |
-----------------------------------------------------------------------------------------------------------------------------------------------------------
|  LUT Combining                                    |            5  |              8  |                    13  |           0  |           1  |  00:00:00  |
|  Retime                                           |            0  |              0  |                     0  |           0  |           1  |  00:00:00  |
|  Very High Fanout                                 |            0  |              0  |                     0  |           0  |           1  |  00:00:00  |
|  Fanout                                           |           20  |              0  |                     2  |           0  |           1  |  00:00:00  |
|  DSP Register                                     |            0  |              0  |                     0  |           0  |           1  |  00:00:00  |
|  Shift Register to Pipeline                       |            0  |              0  |                     0  |           0  |           1  |  00:00:00  |
|  Shift Register                                   |            0  |              0  |                     0  |           0  |           1  |  00:00:00  |
|  BRAM Register                                    |            0  |              0  |                     0  |           0  |           1  |  00:00:00  |
|  URAM Register                                    |            0  |              0  |                     0  |           0  |           1  |  00:00:00  |
|  Dynamic/Static Region Interface Net Replication  |            0  |              0  |                     0  |           0  |           1  |  00:00:00  |
|  Total                                            |           25  |              8  |                    15  |           0  |          10  |  00:00:00  |
-----------------------------------------------------------------------------------------------------------------------------------------------------------


Phase 2.4.2 Physical Synthesis In Placer | Checksum: 1de646ecc

Time (s): cpu = 00:00:17 ; elapsed = 00:00:05 . Memory (MB): peak = 3338.504 ; gain = 0.000 ; free physical = 83871 ; free virtual = 124162
Phase 2.4 Global Placement Core | Checksum: 134edcf64

Time (s): cpu = 00:00:17 ; elapsed = 00:00:05 . Memory (MB): peak = 3338.504 ; gain = 0.000 ; free physical = 83871 ; free virtual = 124162
Phase 2 Global Placement | Checksum: 134edcf64

Time (s): cpu = 00:00:17 ; elapsed = 00:00:05 . Memory (MB): peak = 3338.504 ; gain = 0.000 ; free physical = 83871 ; free virtual = 124162

Phase 3 Detail Placement

Phase 3.1 Commit Multi Column Macros
Phase 3.1 Commit Multi Column Macros | Checksum: 145959871

Time (s): cpu = 00:00:18 ; elapsed = 00:00:06 . Memory (MB): peak = 3338.504 ; gain = 0.000 ; free physical = 83871 ; free virtual = 124162

Phase 3.2 Commit Most Macros & LUTRAMs
Phase 3.2 Commit Most Macros & LUTRAMs | Checksum: 1c17070a9

Time (s): cpu = 00:00:19 ; elapsed = 00:00:06 . Memory (MB): peak = 3338.504 ; gain = 0.000 ; free physical = 83871 ; free virtual = 124162

Phase 3.3 Area Swap Optimization
Phase 3.3 Area Swap Optimization | Checksum: 13d15e90b

Time (s): cpu = 00:00:19 ; elapsed = 00:00:06 . Memory (MB): peak = 3338.504 ; gain = 0.000 ; free physical = 83871 ; free virtual = 124162

Phase 3.4 Pipeline Register Optimization
Phase 3.4 Pipeline Register Optimization | Checksum: 1148017f6

Time (s): cpu = 00:00:19 ; elapsed = 00:00:06 . Memory (MB): peak = 3338.504 ; gain = 0.000 ; free physical = 83871 ; free virtual = 124162

Phase 3.5 Fast Optimization
Phase 3.5 Fast Optimization | Checksum: 11f1004e4

Time (s): cpu = 00:00:21 ; elapsed = 00:00:07 . Memory (MB): peak = 3338.504 ; gain = 0.000 ; free physical = 83863 ; free virtual = 124154

Phase 3.6 Small Shape Detail Placement
Phase 3.6 Small Shape Detail Placement | Checksum: 21cf1aa0a

Time (s): cpu = 00:00:23 ; elapsed = 00:00:08 . Memory (MB): peak = 3338.504 ; gain = 0.000 ; free physical = 83859 ; free virtual = 124149

Phase 3.7 Re-assign LUT pins
Phase 3.7 Re-assign LUT pins | Checksum: 2141a6b6d

Time (s): cpu = 00:00:23 ; elapsed = 00:00:08 . Memory (MB): peak = 3338.504 ; gain = 0.000 ; free physical = 83859 ; free virtual = 124149

Phase 3.8 Pipeline Register Optimization
Phase 3.8 Pipeline Register Optimization | Checksum: 1f901f9a0

Time (s): cpu = 00:00:23 ; elapsed = 00:00:08 . Memory (MB): peak = 3338.504 ; gain = 0.000 ; free physical = 83859 ; free virtual = 124149

Phase 3.9 Fast Optimization
Phase 3.9 Fast Optimization | Checksum: 173eb6437

Time (s): cpu = 00:00:26 ; elapsed = 00:00:10 . Memory (MB): peak = 3338.504 ; gain = 0.000 ; free physical = 83860 ; free virtual = 124150
Phase 3 Detail Placement | Checksum: 173eb6437

Time (s): cpu = 00:00:26 ; elapsed = 00:00:10 . Memory (MB): peak = 3338.504 ; gain = 0.000 ; free physical = 83860 ; free virtual = 124150

Phase 4 Post Placement Optimization and Clean-Up

Phase 4.1 Post Commit Optimization
INFO: [Timing 38-35] Done setting XDC timing constraints.

Phase 4.1.1 Post Placement Optimization
Post Placement Optimization Initialization | Checksum: 259658028

Phase 4.1.1.1 BUFG Insertion

Starting Physical Synthesis Task

Phase 1 Physical Synthesis Initialization
INFO: [Physopt 32-721] Multithreading enabled for phys_opt_design using a maximum of 8 CPUs
INFO: [Physopt 32-619] Estimated Timing Summary | WNS=-1.053 | TNS=-45.917 |
Phase 1 Physical Synthesis Initialization | Checksum: 23fb7f71e

Time (s): cpu = 00:00:00.9 ; elapsed = 00:00:00.36 . Memory (MB): peak = 3338.504 ; gain = 0.000 ; free physical = 83860 ; free virtual = 124150
INFO: [Place 46-56] BUFG insertion identified 0 candidate nets. Inserted BUFG: 0, Replicated BUFG Driver: 0, Skipped due to Placement/Routing Conflicts: 0, Skipped due to Timing Degradation: 0, Skipped due to netlist editing failed: 0.
Ending Physical Synthesis Task | Checksum: 22b3c8743

Time (s): cpu = 00:00:00.99 ; elapsed = 00:00:00.43 . Memory (MB): peak = 3338.504 ; gain = 0.000 ; free physical = 83860 ; free virtual = 124150
Phase 4.1.1.1 BUFG Insertion | Checksum: 259658028

Time (s): cpu = 00:00:30 ; elapsed = 00:00:11 . Memory (MB): peak = 3338.504 ; gain = 0.000 ; free physical = 83860 ; free virtual = 124150

Phase 4.1.1.2 Post Placement Timing Optimization
INFO: [Place 30-746] Post Placement Timing Summary WNS=-0.461. For the most accurate timing information please run report_timing.
Phase 4.1.1.2 Post Placement Timing Optimization | Checksum: 1d5fe1e8d

Time (s): cpu = 00:00:46 ; elapsed = 00:00:26 . Memory (MB): peak = 3338.504 ; gain = 0.000 ; free physical = 83848 ; free virtual = 124138

Time (s): cpu = 00:00:46 ; elapsed = 00:00:26 . Memory (MB): peak = 3338.504 ; gain = 0.000 ; free physical = 83848 ; free virtual = 124138
Phase 4.1 Post Commit Optimization | Checksum: 1d5fe1e8d

Time (s): cpu = 00:00:46 ; elapsed = 00:00:26 . Memory (MB): peak = 3338.504 ; gain = 0.000 ; free physical = 83848 ; free virtual = 124138

Phase 4.2 Post Placement Cleanup
Phase 4.2 Post Placement Cleanup | Checksum: 1d5fe1e8d

Time (s): cpu = 00:00:46 ; elapsed = 00:00:26 . Memory (MB): peak = 3338.504 ; gain = 0.000 ; free physical = 83848 ; free virtual = 124138

Phase 4.3 Placer Reporting

Phase 4.3.1 Print Estimated Congestion
INFO: [Place 30-612] Post-Placement Estimated Congestion 
 ____________________________________________________
|           | Global Congestion | Short Congestion  |
| Direction | Region Size       | Region Size       |
|___________|___________________|___________________|
|      North|                1x1|                2x2|
|___________|___________________|___________________|
|      South|                1x1|                1x1|
|___________|___________________|___________________|
|       East|                1x1|                1x1|
|___________|___________________|___________________|
|       West|                1x1|                1x1|
|___________|___________________|___________________|

Phase 4.3.1 Print Estimated Congestion | Checksum: 1d5fe1e8d

Time (s): cpu = 00:00:46 ; elapsed = 00:00:26 . Memory (MB): peak = 3338.504 ; gain = 0.000 ; free physical = 83848 ; free virtual = 124138
Phase 4.3 Placer Reporting | Checksum: 1d5fe1e8d

Time (s): cpu = 00:00:46 ; elapsed = 00:00:26 . Memory (MB): peak = 3338.504 ; gain = 0.000 ; free physical = 83848 ; free virtual = 124138

Phase 4.4 Final Placement Cleanup
Netlist sorting complete. Time (s): cpu = 00:00:00 ; elapsed = 00:00:00 . Memory (MB): peak = 3338.504 ; gain = 0.000 ; free physical = 83848 ; free virtual = 124138

Time (s): cpu = 00:00:46 ; elapsed = 00:00:26 . Memory (MB): peak = 3338.504 ; gain = 0.000 ; free physical = 83848 ; free virtual = 124138
Phase 4 Post Placement Optimization and Clean-Up | Checksum: 1a2347f29

Time (s): cpu = 00:00:46 ; elapsed = 00:00:26 . Memory (MB): peak = 3338.504 ; gain = 0.000 ; free physical = 83848 ; free virtual = 124138
Ending Placer Task | Checksum: 179c50ebf

Time (s): cpu = 00:00:46 ; elapsed = 00:00:26 . Memory (MB): peak = 3338.504 ; gain = 0.000 ; free physical = 83848 ; free virtual = 124138
42 Infos, 0 Warnings, 0 Critical Warnings and 0 Errors encountered.
place_design completed successfully
place_design: Time (s): cpu = 00:00:48 ; elapsed = 00:00:27 . Memory (MB): peak = 3338.504 ; gain = 0.000 ; free physical = 83848 ; free virtual = 124138
# route_design
Command: route_design
Attempting to get a license for feature 'Implementation' and/or device 'xc7z010'
INFO: [Common 17-349] Got license for feature 'Implementation' and/or device 'xc7z010'
Running DRC as a precondition to command route_design
INFO: [DRC 23-27] Running DRC with 8 threads
INFO: [Vivado_Tcl 4-198] DRC finished with 0 Errors
INFO: [Vivado_Tcl 4-199] Please refer to the DRC report (report_drc) for more information.


Starting Routing Task
INFO: [Route 35-254] Multithreading enabled for route_design using a maximum of 8 CPUs

Phase 1 Build RT Design
Checksum: PlaceDB: cebac53b ConstDB: 0 ShapeSum: 4171f259 RouteDB: 6998572b
WARNING: [Route 35-197] Clock port "ap_clk" does not have an associated HD.CLK_SRC. Without this constraint, timing analysis may not be accurate and upstream checks cannot be done to ensure correct clock placement.
WARNING: [Route 35-198] Port "ap_rst" does not have an associated HD.PARTPIN_LOCS, which will prevent the partial routing of the signal "ap_rst". Without this partial route, timing analysis to/from this port will not be accurate, and no routing information for this port can be exported.
WARNING: [Route 35-198] Port "input_layer[73]" does not have an associated HD.PARTPIN_LOCS, which will prevent the partial routing of the signal "input_layer[73]". Without this partial route, timing analysis to/from this port will not be accurate, and no routing information for this port can be exported.
WARNING: [Route 35-198] Port "input_layer[44]" does not have an associated HD.PARTPIN_LOCS, which will prevent the partial routing of the signal "input_layer[44]". Without this partial route, timing analysis to/from this port will not be accurate, and no routing information for this port can be exported.
WARNING: [Route 35-198] Port "input_layer[12]" does not have an associated HD.PARTPIN_LOCS, which will prevent the partial routing of the signal "input_layer[12]". Without this partial route, timing analysis to/from this port will not be accurate, and no routing information for this port can be exported.
WARNING: [Route 35-198] Port "input_layer[106]" does not have an associated HD.PARTPIN_LOCS, which will prevent the partial routing of the signal "input_layer[106]". Without this partial route, timing analysis to/from this port will not be accurate, and no routing information for this port can be exported.
WARNING: [Route 35-198] Port "input_layer[92]" does not have an associated HD.PARTPIN_LOCS, which will prevent the partial routing of the signal "input_layer[92]". Without this partial route, timing analysis to/from this port will not be accurate, and no routing information for this port can be exported.
WARNING: [Route 35-198] Port "input_layer[89]" does not have an associated HD.PARTPIN_LOCS, which will prevent the partial routing of the signal "input_layer[89]". Without this partial route, timing analysis to/from this port will not be accurate, and no routing information for this port can be exported.
WARNING: [Route 35-198] Port "input_layer[76]" does not have an associated HD.PARTPIN_LOCS, which will prevent the partial routing of the signal "input_layer[76]". Without this partial route, timing analysis to/from this port will not be accurate, and no routing information for this port can be exported.
WARNING: [Route 35-198] Port "input_layer[60]" does not have an associated HD.PARTPIN_LOCS, which will prevent the partial routing of the signal "input_layer[60]". Without this partial route, timing analysis to/from this port will not be accurate, and no routing information for this port can be exported.
WARNING: [Route 35-198] Port "input_layer[58]" does not have an associated HD.PARTPIN_LOCS, which will prevent the partial routing of the signal "input_layer[58]". Without this partial route, timing analysis to/from this port will not be accurate, and no routing information for this port can be exported.
WARNING: [Route 35-198] Port "input_layer[56]" does not have an associated HD.PARTPIN_LOCS, which will prevent the partial routing of the signal "input_layer[56]". Without this partial route, timing analysis to/from this port will not be accurate, and no routing information for this port can be exported.
WARNING: [Route 35-198] Port "input_layer[41]" does not have an associated HD.PARTPIN_LOCS, which will prevent the partial routing of the signal "input_layer[41]". Without this partial route, timing analysis to/from this port will not be accurate, and no routing information for this port can be exported.
WARNING: [Route 35-198] Port "input_layer[127]" does not have an associated HD.PARTPIN_LOCS, which will prevent the partial routing of the signal "input_layer[127]". Without this partial route, timing analysis to/from this port will not be accurate, and no routing information for this port can be exported.
WARNING: [Route 35-198] Port "input_layer[104]" does not have an associated HD.PARTPIN_LOCS, which will prevent the partial routing of the signal "input_layer[104]". Without this partial route, timing analysis to/from this port will not be accurate, and no routing information for this port can be exported.
WARNING: [Route 35-198] Port "input_layer[72]" does not have an associated HD.PARTPIN_LOCS, which will prevent the partial routing of the signal "input_layer[72]". Without this partial route, timing analysis to/from this port will not be accurate, and no routing information for this port can be exported.
WARNING: [Route 35-198] Port "input_layer[15]" does not have an associated HD.PARTPIN_LOCS, which will prevent the partial routing of the signal "input_layer[15]". Without this partial route, timing analysis to/from this port will not be accurate, and no routing information for this port can be exported.
WARNING: [Route 35-198] Port "input_layer[90]" does not have an associated HD.PARTPIN_LOCS, which will prevent the partial routing of the signal "input_layer[90]". Without this partial route, timing analysis to/from this port will not be accurate, and no routing information for this port can be exported.
WARNING: [Route 35-198] Port "input_layer[88]" does not have an associated HD.PARTPIN_LOCS, which will prevent the partial routing of the signal "input_layer[88]". Without this partial route, timing analysis to/from this port will not be accurate, and no routing information for this port can be exported.
WARNING: [Route 35-198] Port "input_layer[74]" does not have an associated HD.PARTPIN_LOCS, which will prevent the partial routing of the signal "input_layer[74]". Without this partial route, timing analysis to/from this port will not be accurate, and no routing information for this port can be exported.
WARNING: [Route 35-198] Port "input_layer[9]" does not have an associated HD.PARTPIN_LOCS, which will prevent the partial routing of the signal "input_layer[9]". Without this partial route, timing analysis to/from this port will not be accurate, and no routing information for this port can be exported.
WARNING: [Route 35-198] Port "ap_start" does not have an associated HD.PARTPIN_LOCS, which will prevent the partial routing of the signal "ap_start". Without this partial route, timing analysis to/from this port will not be accurate, and no routing information for this port can be exported.
WARNING: [Route 35-198] Port "input_layer[120]" does not have an associated HD.PARTPIN_LOCS, which will prevent the partial routing of the signal "input_layer[120]". Without this partial route, timing analysis to/from this port will not be accurate, and no routing information for this port can be exported.
WARNING: [Route 35-198] Port "input_layer[78]" does not have an associated HD.PARTPIN_LOCS, which will prevent the partial routing of the signal "input_layer[78]". Without this partial route, timing analysis to/from this port will not be accurate, and no routing information for this port can be exported.
WARNING: [Route 35-198] Port "input_layer[40]" does not have an associated HD.PARTPIN_LOCS, which will prevent the partial routing of the signal "input_layer[40]". Without this partial route, timing analysis to/from this port will not be accurate, and no routing information for this port can be exported.
WARNING: [Route 35-198] Port "input_layer[24]" does not have an associated HD.PARTPIN_LOCS, which will prevent the partial routing of the signal "input_layer[24]". Without this partial route, timing analysis to/from this port will not be accurate, and no routing information for this port can be exported.
WARNING: [Route 35-198] Port "input_layer[14]" does not have an associated HD.PARTPIN_LOCS, which will prevent the partial routing of the signal "input_layer[14]". Without this partial route, timing analysis to/from this port will not be accurate, and no routing information for this port can be exported.
WARNING: [Route 35-198] Port "input_layer[10]" does not have an associated HD.PARTPIN_LOCS, which will prevent the partial routing of the signal "input_layer[10]". Without this partial route, timing analysis to/from this port will not be accurate, and no routing information for this port can be exported.
WARNING: [Route 35-198] Port "input_layer[8]" does not have an associated HD.PARTPIN_LOCS, which will prevent the partial routing of the signal "input_layer[8]". Without this partial route, timing analysis to/from this port will not be accurate, and no routing information for this port can be exported.
WARNING: [Route 35-198] Port "input_layer[6]" does not have an associated HD.PARTPIN_LOCS, which will prevent the partial routing of the signal "input_layer[6]". Without this partial route, timing analysis to/from this port will not be accurate, and no routing information for this port can be exported.
WARNING: [Route 35-198] Port "input_layer[117]" does not have an associated HD.PARTPIN_LOCS, which will prevent the partial routing of the signal "input_layer[117]". Without this partial route, timing analysis to/from this port will not be accurate, and no routing information for this port can be exported.
WARNING: [Route 35-198] Port "input_layer[112]" does not have an associated HD.PARTPIN_LOCS, which will prevent the partial routing of the signal "input_layer[112]". Without this partial route, timing analysis to/from this port will not be accurate, and no routing information for this port can be exported.
WARNING: [Route 35-198] Port "input_layer[108]" does not have an associated HD.PARTPIN_LOCS, which will prevent the partial routing of the signal "input_layer[108]". Without this partial route, timing analysis to/from this port will not be accurate, and no routing information for this port can be exported.
WARNING: [Route 35-198] Port "input_layer[96]" does not have an associated HD.PARTPIN_LOCS, which will prevent the partial routing of the signal "input_layer[96]". Without this partial route, timing analysis to/from this port will not be accurate, and no routing information for this port can be exported.
WARNING: [Route 35-198] Port "input_layer[80]" does not have an associated HD.PARTPIN_LOCS, which will prevent the partial routing of the signal "input_layer[80]". Without this partial route, timing analysis to/from this port will not be accurate, and no routing information for this port can be exported.
WARNING: [Route 35-198] Port "input_layer[32]" does not have an associated HD.PARTPIN_LOCS, which will prevent the partial routing of the signal "input_layer[32]". Without this partial route, timing analysis to/from this port will not be accurate, and no routing information for this port can be exported.
WARNING: [Route 35-198] Port "input_layer[21]" does not have an associated HD.PARTPIN_LOCS, which will prevent the partial routing of the signal "input_layer[21]". Without this partial route, timing analysis to/from this port will not be accurate, and no routing information for this port can be exported.
WARNING: [Route 35-198] Port "input_layer[16]" does not have an associated HD.PARTPIN_LOCS, which will prevent the partial routing of the signal "input_layer[16]". Without this partial route, timing analysis to/from this port will not be accurate, and no routing information for this port can be exported.
WARNING: [Route 35-198] Port "input_layer[85]" does not have an associated HD.PARTPIN_LOCS, which will prevent the partial routing of the signal "input_layer[85]". Without this partial route, timing analysis to/from this port will not be accurate, and no routing information for this port can be exported.
WARNING: [Route 35-198] Port "input_layer[81]" does not have an associated HD.PARTPIN_LOCS, which will prevent the partial routing of the signal "input_layer[81]". Without this partial route, timing analysis to/from this port will not be accurate, and no routing information for this port can be exported.
WARNING: [Route 35-198] Port "input_layer[69]" does not have an associated HD.PARTPIN_LOCS, which will prevent the partial routing of the signal "input_layer[69]". Without this partial route, timing analysis to/from this port will not be accurate, and no routing information for this port can be exported.
WARNING: [Route 35-198] Port "input_layer[64]" does not have an associated HD.PARTPIN_LOCS, which will prevent the partial routing of the signal "input_layer[64]". Without this partial route, timing analysis to/from this port will not be accurate, and no routing information for this port can be exported.
WARNING: [Route 35-198] Port "input_layer[57]" does not have an associated HD.PARTPIN_LOCS, which will prevent the partial routing of the signal "input_layer[57]". Without this partial route, timing analysis to/from this port will not be accurate, and no routing information for this port can be exported.
WARNING: [Route 35-198] Port "input_layer[49]" does not have an associated HD.PARTPIN_LOCS, which will prevent the partial routing of the signal "input_layer[49]". Without this partial route, timing analysis to/from this port will not be accurate, and no routing information for this port can be exported.
WARNING: [Route 35-198] Port "input_layer[31]" does not have an associated HD.PARTPIN_LOCS, which will prevent the partial routing of the signal "input_layer[31]". Without this partial route, timing analysis to/from this port will not be accurate, and no routing information for this port can be exported.
WARNING: [Route 35-198] Port "input_layer[5]" does not have an associated HD.PARTPIN_LOCS, which will prevent the partial routing of the signal "input_layer[5]". Without this partial route, timing analysis to/from this port will not be accurate, and no routing information for this port can be exported.
WARNING: [Route 35-198] Port "input_layer[110]" does not have an associated HD.PARTPIN_LOCS, which will prevent the partial routing of the signal "input_layer[110]". Without this partial route, timing analysis to/from this port will not be accurate, and no routing information for this port can be exported.
WARNING: [Route 35-198] Port "input_layer[101]" does not have an associated HD.PARTPIN_LOCS, which will prevent the partial routing of the signal "input_layer[101]". Without this partial route, timing analysis to/from this port will not be accurate, and no routing information for this port can be exported.
WARNING: [Route 35-198] Port "input_layer[94]" does not have an associated HD.PARTPIN_LOCS, which will prevent the partial routing of the signal "input_layer[94]". Without this partial route, timing analysis to/from this port will not be accurate, and no routing information for this port can be exported.
WARNING: [Route 35-198] Port "input_layer[62]" does not have an associated HD.PARTPIN_LOCS, which will prevent the partial routing of the signal "input_layer[62]". Without this partial route, timing analysis to/from this port will not be accurate, and no routing information for this port can be exported.
WARNING: [Route 35-198] Port "input_layer[48]" does not have an associated HD.PARTPIN_LOCS, which will prevent the partial routing of the signal "input_layer[48]". Without this partial route, timing analysis to/from this port will not be accurate, and no routing information for this port can be exported.
WARNING: [Route 35-198] Port "input_layer[46]" does not have an associated HD.PARTPIN_LOCS, which will prevent the partial routing of the signal "input_layer[46]". Without this partial route, timing analysis to/from this port will not be accurate, and no routing information for this port can be exported.
WARNING: [Route 35-198] Port "input_layer[30]" does not have an associated HD.PARTPIN_LOCS, which will prevent the partial routing of the signal "input_layer[30]". Without this partial route, timing analysis to/from this port will not be accurate, and no routing information for this port can be exported.
WARNING: [Route 35-198] Port "input_layer[0]" does not have an associated HD.PARTPIN_LOCS, which will prevent the partial routing of the signal "input_layer[0]". Without this partial route, timing analysis to/from this port will not be accurate, and no routing information for this port can be exported.
WARNING: [Route 35-198] Port "input_layer_ap_vld" does not have an associated HD.PARTPIN_LOCS, which will prevent the partial routing of the signal "input_layer_ap_vld". Without this partial route, timing analysis to/from this port will not be accurate, and no routing information for this port can be exported.
WARNING: [Route 35-198] Port "input_layer[111]" does not have an associated HD.PARTPIN_LOCS, which will prevent the partial routing of the signal "input_layer[111]". Without this partial route, timing analysis to/from this port will not be accurate, and no routing information for this port can be exported.
WARNING: [Route 35-198] Port "input_layer[103]" does not have an associated HD.PARTPIN_LOCS, which will prevent the partial routing of the signal "input_layer[103]". Without this partial route, timing analysis to/from this port will not be accurate, and no routing information for this port can be exported.
WARNING: [Route 35-198] Port "input_layer[77]" does not have an associated HD.PARTPIN_LOCS, which will prevent the partial routing of the signal "input_layer[77]". Without this partial route, timing analysis to/from this port will not be accurate, and no routing information for this port can be exported.
WARNING: [Route 35-198] Port "input_layer[71]" does not have an associated HD.PARTPIN_LOCS, which will prevent the partial routing of the signal "input_layer[71]". Without this partial route, timing analysis to/from this port will not be accurate, and no routing information for this port can be exported.
WARNING: [Route 35-198] Port "input_layer[68]" does not have an associated HD.PARTPIN_LOCS, which will prevent the partial routing of the signal "input_layer[68]". Without this partial route, timing analysis to/from this port will not be accurate, and no routing information for this port can be exported.
WARNING: [Route 35-198] Port "input_layer[67]" does not have an associated HD.PARTPIN_LOCS, which will prevent the partial routing of the signal "input_layer[67]". Without this partial route, timing analysis to/from this port will not be accurate, and no routing information for this port can be exported.
WARNING: [Route 35-198] Port "input_layer[63]" does not have an associated HD.PARTPIN_LOCS, which will prevent the partial routing of the signal "input_layer[63]". Without this partial route, timing analysis to/from this port will not be accurate, and no routing information for this port can be exported.
WARNING: [Route 35-198] Port "input_layer[29]" does not have an associated HD.PARTPIN_LOCS, which will prevent the partial routing of the signal "input_layer[29]". Without this partial route, timing analysis to/from this port will not be accurate, and no routing information for this port can be exported.
WARNING: [Route 35-198] Port "input_layer[119]" does not have an associated HD.PARTPIN_LOCS, which will prevent the partial routing of the signal "input_layer[119]". Without this partial route, timing analysis to/from this port will not be accurate, and no routing information for this port can be exported.
WARNING: [Route 35-198] Port "input_layer[116]" does not have an associated HD.PARTPIN_LOCS, which will prevent the partial routing of the signal "input_layer[116]". Without this partial route, timing analysis to/from this port will not be accurate, and no routing information for this port can be exported.
WARNING: [Route 35-198] Port "input_layer[61]" does not have an associated HD.PARTPIN_LOCS, which will prevent the partial routing of the signal "input_layer[61]". Without this partial route, timing analysis to/from this port will not be accurate, and no routing information for this port can be exported.
WARNING: [Route 35-198] Port "input_layer[47]" does not have an associated HD.PARTPIN_LOCS, which will prevent the partial routing of the signal "input_layer[47]". Without this partial route, timing analysis to/from this port will not be accurate, and no routing information for this port can be exported.
WARNING: [Route 35-198] Port "input_layer[45]" does not have an associated HD.PARTPIN_LOCS, which will prevent the partial routing of the signal "input_layer[45]". Without this partial route, timing analysis to/from this port will not be accurate, and no routing information for this port can be exported.
WARNING: [Route 35-198] Port "input_layer[23]" does not have an associated HD.PARTPIN_LOCS, which will prevent the partial routing of the signal "input_layer[23]". Without this partial route, timing analysis to/from this port will not be accurate, and no routing information for this port can be exported.
WARNING: [Route 35-198] Port "input_layer[7]" does not have an associated HD.PARTPIN_LOCS, which will prevent the partial routing of the signal "input_layer[7]". Without this partial route, timing analysis to/from this port will not be accurate, and no routing information for this port can be exported.
WARNING: [Route 35-198] Port "input_layer[4]" does not have an associated HD.PARTPIN_LOCS, which will prevent the partial routing of the signal "input_layer[4]". Without this partial route, timing analysis to/from this port will not be accurate, and no routing information for this port can be exported.
WARNING: [Route 35-198] Port "input_layer[126]" does not have an associated HD.PARTPIN_LOCS, which will prevent the partial routing of the signal "input_layer[126]". Without this partial route, timing analysis to/from this port will not be accurate, and no routing information for this port can be exported.
WARNING: [Route 35-198] Port "input_layer[125]" does not have an associated HD.PARTPIN_LOCS, which will prevent the partial routing of the signal "input_layer[125]". Without this partial route, timing analysis to/from this port will not be accurate, and no routing information for this port can be exported.
WARNING: [Route 35-198] Port "input_layer[114]" does not have an associated HD.PARTPIN_LOCS, which will prevent the partial routing of the signal "input_layer[114]". Without this partial route, timing analysis to/from this port will not be accurate, and no routing information for this port can be exported.
WARNING: [Route 35-198] Port "input_layer[109]" does not have an associated HD.PARTPIN_LOCS, which will prevent the partial routing of the signal "input_layer[109]". Without this partial route, timing analysis to/from this port will not be accurate, and no routing information for this port can be exported.
WARNING: [Route 35-198] Port "input_layer[93]" does not have an associated HD.PARTPIN_LOCS, which will prevent the partial routing of the signal "input_layer[93]". Without this partial route, timing analysis to/from this port will not be accurate, and no routing information for this port can be exported.
WARNING: [Route 35-198] Port "input_layer[87]" does not have an associated HD.PARTPIN_LOCS, which will prevent the partial routing of the signal "input_layer[87]". Without this partial route, timing analysis to/from this port will not be accurate, and no routing information for this port can be exported.
WARNING: [Route 35-198] Port "input_layer[39]" does not have an associated HD.PARTPIN_LOCS, which will prevent the partial routing of the signal "input_layer[39]". Without this partial route, timing analysis to/from this port will not be accurate, and no routing information for this port can be exported.
WARNING: [Route 35-198] Port "input_layer[34]" does not have an associated HD.PARTPIN_LOCS, which will prevent the partial routing of the signal "input_layer[34]". Without this partial route, timing analysis to/from this port will not be accurate, and no routing information for this port can be exported.
WARNING: [Route 35-198] Port "input_layer[82]" does not have an associated HD.PARTPIN_LOCS, which will prevent the partial routing of the signal "input_layer[82]". Without this partial route, timing analysis to/from this port will not be accurate, and no routing information for this port can be exported.
WARNING: [Route 35-198] Port "input_layer[66]" does not have an associated HD.PARTPIN_LOCS, which will prevent the partial routing of the signal "input_layer[66]". Without this partial route, timing analysis to/from this port will not be accurate, and no routing information for this port can be exported.
WARNING: [Route 35-198] Port "input_layer[55]" does not have an associated HD.PARTPIN_LOCS, which will prevent the partial routing of the signal "input_layer[55]". Without this partial route, timing analysis to/from this port will not be accurate, and no routing information for this port can be exported.
WARNING: [Route 35-198] Port "input_layer[38]" does not have an associated HD.PARTPIN_LOCS, which will prevent the partial routing of the signal "input_layer[38]". Without this partial route, timing analysis to/from this port will not be accurate, and no routing information for this port can be exported.
WARNING: [Route 35-198] Port "input_layer[22]" does not have an associated HD.PARTPIN_LOCS, which will prevent the partial routing of the signal "input_layer[22]". Without this partial route, timing analysis to/from this port will not be accurate, and no routing information for this port can be exported.
WARNING: [Route 35-198] Port "input_layer[18]" does not have an associated HD.PARTPIN_LOCS, which will prevent the partial routing of the signal "input_layer[18]". Without this partial route, timing analysis to/from this port will not be accurate, and no routing information for this port can be exported.
WARNING: [Route 35-198] Port "input_layer[13]" does not have an associated HD.PARTPIN_LOCS, which will prevent the partial routing of the signal "input_layer[13]". Without this partial route, timing analysis to/from this port will not be accurate, and no routing information for this port can be exported.
WARNING: [Route 35-198] Port "input_layer[2]" does not have an associated HD.PARTPIN_LOCS, which will prevent the partial routing of the signal "input_layer[2]". Without this partial route, timing analysis to/from this port will not be accurate, and no routing information for this port can be exported.
WARNING: [Route 35-198] Port "input_layer[124]" does not have an associated HD.PARTPIN_LOCS, which will prevent the partial routing of the signal "input_layer[124]". Without this partial route, timing analysis to/from this port will not be accurate, and no routing information for this port can be exported.
WARNING: [Route 35-198] Port "input_layer[100]" does not have an associated HD.PARTPIN_LOCS, which will prevent the partial routing of the signal "input_layer[100]". Without this partial route, timing analysis to/from this port will not be accurate, and no routing information for this port can be exported.
WARNING: [Route 35-198] Port "input_layer[97]" does not have an associated HD.PARTPIN_LOCS, which will prevent the partial routing of the signal "input_layer[97]". Without this partial route, timing analysis to/from this port will not be accurate, and no routing information for this port can be exported.
WARNING: [Route 35-198] Port "input_layer[91]" does not have an associated HD.PARTPIN_LOCS, which will prevent the partial routing of the signal "input_layer[91]". Without this partial route, timing analysis to/from this port will not be accurate, and no routing information for this port can be exported.
WARNING: [Route 35-198] Port "input_layer[51]" does not have an associated HD.PARTPIN_LOCS, which will prevent the partial routing of the signal "input_layer[51]". Without this partial route, timing analysis to/from this port will not be accurate, and no routing information for this port can be exported.
WARNING: [Route 35-198] Port "input_layer[28]" does not have an associated HD.PARTPIN_LOCS, which will prevent the partial routing of the signal "input_layer[28]". Without this partial route, timing analysis to/from this port will not be accurate, and no routing information for this port can be exported.
WARNING: [Route 35-198] Port "input_layer[27]" does not have an associated HD.PARTPIN_LOCS, which will prevent the partial routing of the signal "input_layer[27]". Without this partial route, timing analysis to/from this port will not be accurate, and no routing information for this port can be exported.
WARNING: [Route 35-198] Port "input_layer[25]" does not have an associated HD.PARTPIN_LOCS, which will prevent the partial routing of the signal "input_layer[25]". Without this partial route, timing analysis to/from this port will not be accurate, and no routing information for this port can be exported.
WARNING: [Route 35-198] Port "input_layer[98]" does not have an associated HD.PARTPIN_LOCS, which will prevent the partial routing of the signal "input_layer[98]". Without this partial route, timing analysis to/from this port will not be accurate, and no routing information for this port can be exported.
WARNING: [Route 35-198] Port "input_layer[84]" does not have an associated HD.PARTPIN_LOCS, which will prevent the partial routing of the signal "input_layer[84]". Without this partial route, timing analysis to/from this port will not be accurate, and no routing information for this port can be exported.
WARNING: [Route 35-198] Port "input_layer[79]" does not have an associated HD.PARTPIN_LOCS, which will prevent the partial routing of the signal "input_layer[79]". Without this partial route, timing analysis to/from this port will not be accurate, and no routing information for this port can be exported.
WARNING: [Route 35-198] Port "input_layer[70]" does not have an associated HD.PARTPIN_LOCS, which will prevent the partial routing of the signal "input_layer[70]". Without this partial route, timing analysis to/from this port will not be accurate, and no routing information for this port can be exported.
WARNING: [Route 35-198] Port "input_layer[52]" does not have an associated HD.PARTPIN_LOCS, which will prevent the partial routing of the signal "input_layer[52]". Without this partial route, timing analysis to/from this port will not be accurate, and no routing information for this port can be exported.
WARNING: [Route 35-198] Port "input_layer[50]" does not have an associated HD.PARTPIN_LOCS, which will prevent the partial routing of the signal "input_layer[50]". Without this partial route, timing analysis to/from this port will not be accurate, and no routing information for this port can be exported.
INFO: [Common 17-14] Message 'Route 35-198' appears 100 times and further instances of the messages will be disabled. Use the Tcl command set_msg_config to change the current settings.
WARNING: [Constraints 18-8777] Unable to split tiles. All required files are not available.
Post Restoration Checksum: NetGraph: c9a0e02a | NumContArr: e68c9b5 | Constraints: c2a8fa9d | Timing: c2a8fa9d
Phase 1 Build RT Design | Checksum: 25d5b9f19

Time (s): cpu = 00:00:08 ; elapsed = 00:00:06 . Memory (MB): peak = 3338.504 ; gain = 0.000 ; free physical = 83844 ; free virtual = 124134

Phase 2 Router Initialization

Phase 2.1 Fix Topology Constraints
Phase 2.1 Fix Topology Constraints | Checksum: 25d5b9f19

Time (s): cpu = 00:00:08 ; elapsed = 00:00:06 . Memory (MB): peak = 3338.504 ; gain = 0.000 ; free physical = 83844 ; free virtual = 124134

Phase 2.2 Pre Route Cleanup
Phase 2.2 Pre Route Cleanup | Checksum: 25d5b9f19

Time (s): cpu = 00:00:08 ; elapsed = 00:00:06 . Memory (MB): peak = 3338.504 ; gain = 0.000 ; free physical = 83844 ; free virtual = 124134
 Number of Nodes with overlaps = 0

Phase 2.3 Update Timing
Phase 2.3 Update Timing | Checksum: 2b430a15a

Time (s): cpu = 00:00:10 ; elapsed = 00:00:07 . Memory (MB): peak = 3338.504 ; gain = 0.000 ; free physical = 83844 ; free virtual = 124134
INFO: [Route 35-416] Intermediate Timing Summary | WNS=-0.246 | TNS=-2.345 | WHS=0.104  | THS=0.000  |


Router Utilization Summary
  Global Vertical Routing Utilization    = 0 %
  Global Horizontal Routing Utilization  = 0 %
  Routable Net Status*
  *Does not include unroutable nets such as driverless and loadless.
  Run report_route_status for detailed report.
  Number of Failed Nets               = 10584
    (Failed Nets is the sum of unrouted and partially routed nets)
  Number of Unrouted Nets             = 10584
  Number of Partially Routed Nets     = 0
  Number of Node Overlaps             = 0

Phase 2 Router Initialization | Checksum: 207f78468

Time (s): cpu = 00:00:11 ; elapsed = 00:00:07 . Memory (MB): peak = 3338.504 ; gain = 0.000 ; free physical = 83844 ; free virtual = 124134

Phase 3 Global Routing
Phase 3 Global Routing | Checksum: 207f78468

Time (s): cpu = 00:00:11 ; elapsed = 00:00:07 . Memory (MB): peak = 3338.504 ; gain = 0.000 ; free physical = 83844 ; free virtual = 124134

Phase 4 Initial Routing

Phase 4.1 Initial Net Routing Pass
Phase 4.1 Initial Net Routing Pass | Checksum: 29d6125b9

Time (s): cpu = 00:00:13 ; elapsed = 00:00:07 . Memory (MB): peak = 3338.504 ; gain = 0.000 ; free physical = 83844 ; free virtual = 124134
Phase 4 Initial Routing | Checksum: 29d6125b9

Time (s): cpu = 00:00:13 ; elapsed = 00:00:07 . Memory (MB): peak = 3338.504 ; gain = 0.000 ; free physical = 83844 ; free virtual = 124134

Phase 5 Rip-up And Reroute

Phase 5.1 Global Iteration 0
 Number of Nodes with overlaps = 442
 Number of Nodes with overlaps = 130
 Number of Nodes with overlaps = 72
 Number of Nodes with overlaps = 26
 Number of Nodes with overlaps = 9
 Number of Nodes with overlaps = 11
 Number of Nodes with overlaps = 5
 Number of Nodes with overlaps = 3
 Number of Nodes with overlaps = 1
 Number of Nodes with overlaps = 0
INFO: [Route 35-416] Intermediate Timing Summary | WNS=-0.438 | TNS=-7.354 | WHS=N/A    | THS=N/A    |

Phase 5.1 Global Iteration 0 | Checksum: 2b7f7364c

Time (s): cpu = 00:00:18 ; elapsed = 00:00:11 . Memory (MB): peak = 3338.504 ; gain = 0.000 ; free physical = 83844 ; free virtual = 124134

Phase 5.2 Global Iteration 1
 Number of Nodes with overlaps = 121
 Number of Nodes with overlaps = 29
 Number of Nodes with overlaps = 9
 Number of Nodes with overlaps = 3
 Number of Nodes with overlaps = 0
INFO: [Route 35-416] Intermediate Timing Summary | WNS=-0.450 | TNS=-7.700 | WHS=N/A    | THS=N/A    |

Phase 5.2 Global Iteration 1 | Checksum: 1edae8609

Time (s): cpu = 00:00:19 ; elapsed = 00:00:12 . Memory (MB): peak = 3338.504 ; gain = 0.000 ; free physical = 83840 ; free virtual = 124130
Phase 5 Rip-up And Reroute | Checksum: 1edae8609

Time (s): cpu = 00:00:19 ; elapsed = 00:00:12 . Memory (MB): peak = 3338.504 ; gain = 0.000 ; free physical = 83840 ; free virtual = 124130

Phase 6 Delay and Skew Optimization

Phase 6.1 Delay CleanUp

Phase 6.1.1 Update Timing
Phase 6.1.1 Update Timing | Checksum: 1cd42af18

Time (s): cpu = 00:00:20 ; elapsed = 00:00:12 . Memory (MB): peak = 3338.504 ; gain = 0.000 ; free physical = 83840 ; free virtual = 124130
INFO: [Route 35-416] Intermediate Timing Summary | WNS=-0.438 | TNS=-7.354 | WHS=N/A    | THS=N/A    |

 Number of Nodes with overlaps = 0
Phase 6.1 Delay CleanUp | Checksum: 199e0a0d6

Time (s): cpu = 00:00:21 ; elapsed = 00:00:12 . Memory (MB): peak = 3338.504 ; gain = 0.000 ; free physical = 83840 ; free virtual = 124130

Phase 6.2 Clock Skew Optimization
Phase 6.2 Clock Skew Optimization | Checksum: 199e0a0d6

Time (s): cpu = 00:00:21 ; elapsed = 00:00:12 . Memory (MB): peak = 3338.504 ; gain = 0.000 ; free physical = 83840 ; free virtual = 124130
Phase 6 Delay and Skew Optimization | Checksum: 199e0a0d6

Time (s): cpu = 00:00:21 ; elapsed = 00:00:12 . Memory (MB): peak = 3338.504 ; gain = 0.000 ; free physical = 83840 ; free virtual = 124130

Phase 7 Post Hold Fix

Phase 7.1 Hold Fix Iter
INFO: [Route 35-416] Intermediate Timing Summary | WNS=-0.438 | TNS=-6.447 | WHS=0.095  | THS=0.000  |

Phase 7.1 Hold Fix Iter | Checksum: 1fd26465b

Time (s): cpu = 00:00:21 ; elapsed = 00:00:13 . Memory (MB): peak = 3338.504 ; gain = 0.000 ; free physical = 83840 ; free virtual = 124130
Phase 7 Post Hold Fix | Checksum: 1fd26465b

Time (s): cpu = 00:00:21 ; elapsed = 00:00:13 . Memory (MB): peak = 3338.504 ; gain = 0.000 ; free physical = 83840 ; free virtual = 124130

Phase 8 Route finalize

Router Utilization Summary
  Global Vertical Routing Utilization    = 3.73705 %
  Global Horizontal Routing Utilization  = 5.45312 %
  Routable Net Status*
  *Does not include unroutable nets such as driverless and loadless.
  Run report_route_status for detailed report.
  Number of Failed Nets               = 0
    (Failed Nets is the sum of unrouted and partially routed nets)
  Number of Unrouted Nets             = 0
  Number of Partially Routed Nets     = 0
  Number of Node Overlaps             = 0


--GLOBAL Congestion:
Utilization threshold used for congestion level computation: 0.85
Congestion Report
North Dir 1x1 Area, Max Cong = 59.4595%, No Congested Regions.
South Dir 1x1 Area, Max Cong = 51.3514%, No Congested Regions.
East Dir 1x1 Area, Max Cong = 61.7647%, No Congested Regions.
West Dir 1x1 Area, Max Cong = 80.8824%, No Congested Regions.

------------------------------
Reporting congestion hotspots
------------------------------
Direction: North
----------------
Congested clusters found at Level 0
Effective congestion level: 0 Aspect Ratio: 1 Sparse Ratio: 0
Direction: South
----------------
Congested clusters found at Level 0
Effective congestion level: 0 Aspect Ratio: 1 Sparse Ratio: 0
Direction: East
----------------
Congested clusters found at Level 0
Effective congestion level: 0 Aspect Ratio: 1 Sparse Ratio: 0
Direction: West
----------------
Congested clusters found at Level 0
Effective congestion level: 0 Aspect Ratio: 1 Sparse Ratio: 0

Phase 8 Route finalize | Checksum: 1fd26465b

Time (s): cpu = 00:00:22 ; elapsed = 00:00:13 . Memory (MB): peak = 3338.504 ; gain = 0.000 ; free physical = 83840 ; free virtual = 124130

Phase 9 Verifying routed nets

 Verification completed successfully
Phase 9 Verifying routed nets | Checksum: 1fd26465b

Time (s): cpu = 00:00:22 ; elapsed = 00:00:13 . Memory (MB): peak = 3338.504 ; gain = 0.000 ; free physical = 83840 ; free virtual = 124130

Phase 10 Depositing Routes
Phase 10 Depositing Routes | Checksum: 1b1731e4a

Time (s): cpu = 00:00:22 ; elapsed = 00:00:13 . Memory (MB): peak = 3338.504 ; gain = 0.000 ; free physical = 83840 ; free virtual = 124130

Phase 11 Post Process Routing
Phase 11 Post Process Routing | Checksum: 1b1731e4a

Time (s): cpu = 00:00:22 ; elapsed = 00:00:13 . Memory (MB): peak = 3338.504 ; gain = 0.000 ; free physical = 83840 ; free virtual = 124130

Phase 12 Post Router Timing
INFO: [Route 35-57] Estimated Timing Summary | WNS=-0.438 | TNS=-6.447 | WHS=0.095  | THS=0.000  |

WARNING: [Route 35-328] Router estimated timing not met.
Resolution: For a complete and accurate timing signoff, report_timing_summary must be run after route_design. Alternatively, route_design can be run with the -timing_summary option to enable a complete timing signoff at the end of route_design.
Phase 12 Post Router Timing | Checksum: 1b1731e4a

Time (s): cpu = 00:00:22 ; elapsed = 00:00:13 . Memory (MB): peak = 3338.504 ; gain = 0.000 ; free physical = 83840 ; free virtual = 124130
Total Elapsed time in route_design: 13.07 secs

Phase 13 Post-Route Event Processing
Phase 13 Post-Route Event Processing | Checksum: 1f695fdcd

Time (s): cpu = 00:00:22 ; elapsed = 00:00:13 . Memory (MB): peak = 3338.504 ; gain = 0.000 ; free physical = 83840 ; free virtual = 124130
INFO: [Route 35-16] Router Completed Successfully
Ending Routing Task | Checksum: 1f695fdcd

Time (s): cpu = 00:00:22 ; elapsed = 00:00:13 . Memory (MB): peak = 3338.504 ; gain = 0.000 ; free physical = 83840 ; free virtual = 124130

Routing Is Done.
INFO: [Common 17-83] Releasing license: Implementation
14 Infos, 103 Warnings, 0 Critical Warnings and 0 Errors encountered.
route_design completed successfully
route_design: Time (s): cpu = 00:00:24 ; elapsed = 00:00:14 . Memory (MB): peak = 3338.504 ; gain = 0.000 ; free physical = 83840 ; free virtual = 124130
# report_timing_summary -file ./Analysis_Verilog/Timing_Report_Implementation.rpt
INFO: [Timing 38-91] UpdateTimingParams: Speed grade: -1, Delay Type: min_max.
INFO: [Timing 38-191] Multithreading enabled for timing update using a maximum of 8 CPUs
WARNING: [Timing 38-242] The property HD.CLK_SRC of clock port "ap_clk" is not set. In out-of-context mode, this prevents timing estimation for clock delay/skew
Resolution: Set the HD.CLK_SRC property of the out-of-context port to the location of the clock buffer instance in the top-level design
# report_timing -max_paths 20 -file ./Analysis_Verilog/Timing_Paths_Implementation.rpt
INFO: [Timing 38-91] UpdateTimingParams: Speed grade: -1, Delay Type: max.
INFO: [Timing 38-191] Multithreading enabled for timing update using a maximum of 8 CPUs
INFO: [Timing 38-78] ReportTimingParams: -max_paths 20 -nworst 1 -delay_type max -sort_by slack.
# report_utilization -hierarchical -file ./Analysis_Verilog/Utilization_Report_Implementation.rpt
# write_checkpoint -force ./Analysis_Verilog/Post_Implementation.dcp
INFO: [Timing 38-480] Writing timing data to binary archive.
Write ShapeDB Complete: Time (s): cpu = 00:00:00.07 ; elapsed = 00:00:00.02 . Memory (MB): peak = 3338.504 ; gain = 0.000 ; free physical = 83828 ; free virtual = 124120
Wrote PlaceDB: Time (s): cpu = 00:00:00.87 ; elapsed = 00:00:00.34 . Memory (MB): peak = 3338.504 ; gain = 0.000 ; free physical = 83818 ; free virtual = 124120
Wrote PulsedLatchDB: Time (s): cpu = 00:00:00 ; elapsed = 00:00:00 . Memory (MB): peak = 3338.504 ; gain = 0.000 ; free physical = 83816 ; free virtual = 124118
Writing XDEF routing.
Writing XDEF routing logical nets.
Writing XDEF routing special nets.
Wrote RouteStorage: Time (s): cpu = 00:00:00.11 ; elapsed = 00:00:00.07 . Memory (MB): peak = 3338.504 ; gain = 0.000 ; free physical = 83813 ; free virtual = 124116
Wrote Netlist Cache: Time (s): cpu = 00:00:00.01 ; elapsed = 00:00:00.01 . Memory (MB): peak = 3338.504 ; gain = 0.000 ; free physical = 83813 ; free virtual = 124117
Wrote Device Cache: Time (s): cpu = 00:00:00 ; elapsed = 00:00:00.01 . Memory (MB): peak = 3338.504 ; gain = 0.000 ; free physical = 83813 ; free virtual = 124117
Write Physdb Complete: Time (s): cpu = 00:00:01 ; elapsed = 00:00:00.54 . Memory (MB): peak = 3338.504 ; gain = 0.000 ; free physical = 83814 ; free virtual = 124118
INFO: [Common 17-1381] The checkpoint '/home/eim32828/Desktop/Vitis_HLS_Gens/SampleNeuralNets_1_9_v2_Custom/Custom/Analysis_Verilog/Post_Implementation.dcp' has been generated.
INFO: [Common 17-206] Exiting Vivado at Thu Sep  3 04:31:40 2026...
