
****** Vivado v2024.1 (64-bit)
  **** SW Build 5076996 on Wed May 22 18:36:09 MDT 2024
  **** IP Build 5075265 on Wed May 22 21:45:21 MDT 2024
  **** SharedData Build 5076995 on Wed May 22 18:29:18 MDT 2024
  **** Start of session at: Thu Sep  3 04:37:10 2026
    ** Copyright 1986-2022 Xilinx, Inc. All Rights Reserved.
    ** Copyright 2022-2024 Advanced Micro Devices, Inc. All Rights Reserved.

source Analyze_Build_Verilog.tcl
# read_verilog [glob ./SampleNeuralNet_prj/solution1/syn/verilog/*.v]
read_verilog: Time (s): cpu = 00:00:15 ; elapsed = 00:00:16 . Memory (MB): peak = 1683.586 ; gain = 271.945 ; free physical = 85177 ; free virtual = 125576
# read_xdc ./Analysis_Constraints.xdc
# file mkdir ./Analysis_Verilog
# synth_design \
#     -top SampleNeuralNet \
#     -part xc7z010clg400-1 \
#     -mode out_of_context
Command: synth_design -top SampleNeuralNet -part xc7z010clg400-1 -mode out_of_context
Starting synth_design
Attempting to get a license for feature 'Synthesis' and/or device 'xc7z010'
INFO: [Common 17-349] Got license for feature 'Synthesis' and/or device 'xc7z010'
INFO: [Device 21-403] Loading part xc7z010clg400-1
INFO: [Device 21-9227] Part: xc7z010clg400-1 does not have CEAM library.
INFO: [Synth 8-7079] Multithreading enabled for synth_design using a maximum of 4 processes.
INFO: [Synth 8-7078] Launching helper process for spawning children vivado processes
INFO: [Synth 8-7075] Helper process launched with PID 1497742
---------------------------------------------------------------------------------
Starting RTL Elaboration : Time (s): cpu = 00:00:03 ; elapsed = 00:00:03 . Memory (MB): peak = 2445.480 ; gain = 419.746 ; free physical = 84078 ; free virtual = 124488
---------------------------------------------------------------------------------
WARNING: [Synth 8-10515] begin/end is required for generate-for in this mode of Verilog [/home/eim32828/Desktop/Vitis_HLS_Gens/SampleNeuralNets_2_9_v2_Attempt_Fix/Custom/SampleNeuralNet_prj/solution1/syn/verilog/SampleNeuralNet_frp_pipeline_valid.v:72]
INFO: [Synth 8-6157] synthesizing module 'SampleNeuralNet' [/home/eim32828/Desktop/Vitis_HLS_Gens/SampleNeuralNets_2_9_v2_Attempt_Fix/Custom/SampleNeuralNet_prj/solution1/syn/verilog/SampleNeuralNet.v:9]
INFO: [Synth 8-6157] synthesizing module 'SampleNeuralNet_custom_dsp_dense_implementation_ap_int_16_ap_int_48_config2_s' [/home/eim32828/Desktop/Vitis_HLS_Gens/SampleNeuralNets_2_9_v2_Attempt_Fix/Custom/SampleNeuralNet_prj/solution1/syn/verilog/SampleNeuralNet_custom_dsp_dense_implementation_ap_int_16_ap_int_48_config2_s.v:9]
INFO: [Synth 8-6157] synthesizing module 'SampleNeuralNet_custom_dsp_dense_implementation_ap_int_16_ap_int_48_config2_s_w2_ROM_NP_BRAM_2R' [/home/eim32828/Desktop/Vitis_HLS_Gens/SampleNeuralNets_2_9_v2_Attempt_Fix/Custom/SampleNeuralNet_prj/solution1/syn/verilog/SampleNeuralNet_custom_dsp_dense_implementation_ap_int_16_ap_int_48_config2_s_w2_ROM_NP_BRAM_2R.v:7]
	Parameter DataWidth bound to: 117 - type: integer 
	Parameter AddressWidth bound to: 3 - type: integer 
	Parameter AddressRange bound to: 8 - type: integer 
INFO: [Synth 8-3876] $readmem data file './SampleNeuralNet_custom_dsp_dense_implementation_ap_int_16_ap_int_48_config2_s_w2_ROM_NP_BRAM_2R.dat' is read successfully [/home/eim32828/Desktop/Vitis_HLS_Gens/SampleNeuralNets_2_9_v2_Attempt_Fix/Custom/SampleNeuralNet_prj/solution1/syn/verilog/SampleNeuralNet_custom_dsp_dense_implementation_ap_int_16_ap_int_48_config2_s_w2_ROM_NP_BRAM_2R.v:32]
INFO: [Synth 8-6155] done synthesizing module 'SampleNeuralNet_custom_dsp_dense_implementation_ap_int_16_ap_int_48_config2_s_w2_ROM_NP_BRAM_2R' (0#1) [/home/eim32828/Desktop/Vitis_HLS_Gens/SampleNeuralNets_2_9_v2_Attempt_Fix/Custom/SampleNeuralNet_prj/solution1/syn/verilog/SampleNeuralNet_custom_dsp_dense_implementation_ap_int_16_ap_int_48_config2_s_w2_ROM_NP_BRAM_2R.v:7]
INFO: [Synth 8-6157] synthesizing module 'SampleNeuralNet_lshr_128ns_7ns_128_7_1' [/home/eim32828/Desktop/Vitis_HLS_Gens/SampleNeuralNets_2_9_v2_Attempt_Fix/Custom/SampleNeuralNet_prj/solution1/syn/verilog/SampleNeuralNet_lshr_128ns_7ns_128_7_1.v:9]
	Parameter ID bound to: 1 - type: integer 
	Parameter NUM_STAGE bound to: 7 - type: integer 
	Parameter din0_WIDTH bound to: 128 - type: integer 
	Parameter din1_WIDTH bound to: 7 - type: integer 
	Parameter dout_WIDTH bound to: 128 - type: integer 
	Parameter OP bound to: 1 - type: integer 
INFO: [Synth 8-6155] done synthesizing module 'SampleNeuralNet_lshr_128ns_7ns_128_7_1' (0#1) [/home/eim32828/Desktop/Vitis_HLS_Gens/SampleNeuralNets_2_9_v2_Attempt_Fix/Custom/SampleNeuralNet_prj/solution1/syn/verilog/SampleNeuralNet_lshr_128ns_7ns_128_7_1.v:9]
INFO: [Synth 8-6157] synthesizing module 'SampleNeuralNet_lshr_128s_7ns_128_7_1' [/home/eim32828/Desktop/Vitis_HLS_Gens/SampleNeuralNets_2_9_v2_Attempt_Fix/Custom/SampleNeuralNet_prj/solution1/syn/verilog/SampleNeuralNet_lshr_128s_7ns_128_7_1.v:9]
	Parameter ID bound to: 1 - type: integer 
	Parameter NUM_STAGE bound to: 7 - type: integer 
	Parameter din0_WIDTH bound to: 128 - type: integer 
	Parameter din1_WIDTH bound to: 7 - type: integer 
	Parameter dout_WIDTH bound to: 128 - type: integer 
	Parameter OP bound to: 1 - type: integer 
INFO: [Synth 8-6155] done synthesizing module 'SampleNeuralNet_lshr_128s_7ns_128_7_1' (0#1) [/home/eim32828/Desktop/Vitis_HLS_Gens/SampleNeuralNets_2_9_v2_Attempt_Fix/Custom/SampleNeuralNet_prj/solution1/syn/verilog/SampleNeuralNet_lshr_128s_7ns_128_7_1.v:9]
INFO: [Synth 8-6157] synthesizing module 'SampleNeuralNet_dsp_48ns_32ns_64ns_25ns_30ns_18ns_48ns_1s_48_5_1' [/home/eim32828/Desktop/Vitis_HLS_Gens/SampleNeuralNets_2_9_v2_Attempt_Fix/Custom/SampleNeuralNet_prj/solution1/syn/verilog/SampleNeuralNet_dsp_48ns_32ns_64ns_25ns_30ns_18ns_48ns_1s_48_5_1.v:156]
	Parameter ID bound to: 1 - type: integer 
	Parameter NUM_STAGE bound to: 5 - type: integer 
	Parameter din0_WIDTH bound to: 25 - type: integer 
	Parameter din1_WIDTH bound to: 30 - type: integer 
	Parameter din2_WIDTH bound to: 18 - type: integer 
	Parameter din3_WIDTH bound to: 48 - type: integer 
	Parameter din4_WIDTH bound to: 1 - type: integer 
	Parameter dout_WIDTH bound to: 48 - type: integer 
INFO: [Synth 8-6157] synthesizing module 'SampleNeuralNet_dsp_48ns_32ns_64ns_25ns_30ns_18ns_48ns_1s_48_5_1_DSP_Builtin' [/home/eim32828/Desktop/Vitis_HLS_Gens/SampleNeuralNets_2_9_v2_Attempt_Fix/Custom/SampleNeuralNet_prj/solution1/syn/verilog/SampleNeuralNet_dsp_48ns_32ns_64ns_25ns_30ns_18ns_48ns_1s_48_5_1.v:9]
INFO: [Synth 8-6155] done synthesizing module 'SampleNeuralNet_dsp_48ns_32ns_64ns_25ns_30ns_18ns_48ns_1s_48_5_1_DSP_Builtin' (0#1) [/home/eim32828/Desktop/Vitis_HLS_Gens/SampleNeuralNets_2_9_v2_Attempt_Fix/Custom/SampleNeuralNet_prj/solution1/syn/verilog/SampleNeuralNet_dsp_48ns_32ns_64ns_25ns_30ns_18ns_48ns_1s_48_5_1.v:9]
WARNING: [Synth 8-689] width (30) of port connection 'in1' does not match port width (25) of module 'SampleNeuralNet_dsp_48ns_32ns_64ns_25ns_30ns_18ns_48ns_1s_48_5_1_DSP_Builtin' [/home/eim32828/Desktop/Vitis_HLS_Gens/SampleNeuralNets_2_9_v2_Attempt_Fix/Custom/SampleNeuralNet_prj/solution1/syn/verilog/SampleNeuralNet_dsp_48ns_32ns_64ns_25ns_30ns_18ns_48ns_1s_48_5_1.v:190]
INFO: [Synth 8-6155] done synthesizing module 'SampleNeuralNet_dsp_48ns_32ns_64ns_25ns_30ns_18ns_48ns_1s_48_5_1' (0#1) [/home/eim32828/Desktop/Vitis_HLS_Gens/SampleNeuralNets_2_9_v2_Attempt_Fix/Custom/SampleNeuralNet_prj/solution1/syn/verilog/SampleNeuralNet_dsp_48ns_32ns_64ns_25ns_30ns_18ns_48ns_1s_48_5_1.v:156]
INFO: [Synth 8-6157] synthesizing module 'SampleNeuralNet_dsp_48ns_32ns_64ns_25ns_30s_18ns_48ns_1s_48_5_1' [/home/eim32828/Desktop/Vitis_HLS_Gens/SampleNeuralNets_2_9_v2_Attempt_Fix/Custom/SampleNeuralNet_prj/solution1/syn/verilog/SampleNeuralNet_dsp_48ns_32ns_64ns_25ns_30s_18ns_48ns_1s_48_5_1.v:156]
	Parameter ID bound to: 1 - type: integer 
	Parameter NUM_STAGE bound to: 5 - type: integer 
	Parameter din0_WIDTH bound to: 25 - type: integer 
	Parameter din1_WIDTH bound to: 30 - type: integer 
	Parameter din2_WIDTH bound to: 18 - type: integer 
	Parameter din3_WIDTH bound to: 48 - type: integer 
	Parameter din4_WIDTH bound to: 1 - type: integer 
	Parameter dout_WIDTH bound to: 48 - type: integer 
INFO: [Synth 8-6157] synthesizing module 'SampleNeuralNet_dsp_48ns_32ns_64ns_25ns_30s_18ns_48ns_1s_48_5_1_DSP_Builtin' [/home/eim32828/Desktop/Vitis_HLS_Gens/SampleNeuralNets_2_9_v2_Attempt_Fix/Custom/SampleNeuralNet_prj/solution1/syn/verilog/SampleNeuralNet_dsp_48ns_32ns_64ns_25ns_30s_18ns_48ns_1s_48_5_1.v:9]
INFO: [Synth 8-6155] done synthesizing module 'SampleNeuralNet_dsp_48ns_32ns_64ns_25ns_30s_18ns_48ns_1s_48_5_1_DSP_Builtin' (0#1) [/home/eim32828/Desktop/Vitis_HLS_Gens/SampleNeuralNets_2_9_v2_Attempt_Fix/Custom/SampleNeuralNet_prj/solution1/syn/verilog/SampleNeuralNet_dsp_48ns_32ns_64ns_25ns_30s_18ns_48ns_1s_48_5_1.v:9]
WARNING: [Synth 8-689] width (30) of port connection 'in1' does not match port width (25) of module 'SampleNeuralNet_dsp_48ns_32ns_64ns_25ns_30s_18ns_48ns_1s_48_5_1_DSP_Builtin' [/home/eim32828/Desktop/Vitis_HLS_Gens/SampleNeuralNets_2_9_v2_Attempt_Fix/Custom/SampleNeuralNet_prj/solution1/syn/verilog/SampleNeuralNet_dsp_48ns_32ns_64ns_25ns_30s_18ns_48ns_1s_48_5_1.v:190]
INFO: [Synth 8-6155] done synthesizing module 'SampleNeuralNet_dsp_48ns_32ns_64ns_25ns_30s_18ns_48ns_1s_48_5_1' (0#1) [/home/eim32828/Desktop/Vitis_HLS_Gens/SampleNeuralNets_2_9_v2_Attempt_Fix/Custom/SampleNeuralNet_prj/solution1/syn/verilog/SampleNeuralNet_dsp_48ns_32ns_64ns_25ns_30s_18ns_48ns_1s_48_5_1.v:156]
INFO: [Synth 8-6157] synthesizing module 'SampleNeuralNet_dsp_48ns_32ns_64ns_25ns_30s_18s_48ns_1ns_48_5_1' [/home/eim32828/Desktop/Vitis_HLS_Gens/SampleNeuralNets_2_9_v2_Attempt_Fix/Custom/SampleNeuralNet_prj/solution1/syn/verilog/SampleNeuralNet_dsp_48ns_32ns_64ns_25ns_30s_18s_48ns_1ns_48_5_1.v:156]
	Parameter ID bound to: 1 - type: integer 
	Parameter NUM_STAGE bound to: 5 - type: integer 
	Parameter din0_WIDTH bound to: 25 - type: integer 
	Parameter din1_WIDTH bound to: 30 - type: integer 
	Parameter din2_WIDTH bound to: 18 - type: integer 
	Parameter din3_WIDTH bound to: 48 - type: integer 
	Parameter din4_WIDTH bound to: 1 - type: integer 
	Parameter dout_WIDTH bound to: 48 - type: integer 
INFO: [Synth 8-6157] synthesizing module 'SampleNeuralNet_dsp_48ns_32ns_64ns_25ns_30s_18s_48ns_1ns_48_5_1_DSP_Builtin' [/home/eim32828/Desktop/Vitis_HLS_Gens/SampleNeuralNets_2_9_v2_Attempt_Fix/Custom/SampleNeuralNet_prj/solution1/syn/verilog/SampleNeuralNet_dsp_48ns_32ns_64ns_25ns_30s_18s_48ns_1ns_48_5_1.v:9]
INFO: [Synth 8-6155] done synthesizing module 'SampleNeuralNet_dsp_48ns_32ns_64ns_25ns_30s_18s_48ns_1ns_48_5_1_DSP_Builtin' (0#1) [/home/eim32828/Desktop/Vitis_HLS_Gens/SampleNeuralNets_2_9_v2_Attempt_Fix/Custom/SampleNeuralNet_prj/solution1/syn/verilog/SampleNeuralNet_dsp_48ns_32ns_64ns_25ns_30s_18s_48ns_1ns_48_5_1.v:9]
WARNING: [Synth 8-689] width (30) of port connection 'in1' does not match port width (25) of module 'SampleNeuralNet_dsp_48ns_32ns_64ns_25ns_30s_18s_48ns_1ns_48_5_1_DSP_Builtin' [/home/eim32828/Desktop/Vitis_HLS_Gens/SampleNeuralNets_2_9_v2_Attempt_Fix/Custom/SampleNeuralNet_prj/solution1/syn/verilog/SampleNeuralNet_dsp_48ns_32ns_64ns_25ns_30s_18s_48ns_1ns_48_5_1.v:190]
INFO: [Synth 8-6155] done synthesizing module 'SampleNeuralNet_dsp_48ns_32ns_64ns_25ns_30s_18s_48ns_1ns_48_5_1' (0#1) [/home/eim32828/Desktop/Vitis_HLS_Gens/SampleNeuralNets_2_9_v2_Attempt_Fix/Custom/SampleNeuralNet_prj/solution1/syn/verilog/SampleNeuralNet_dsp_48ns_32ns_64ns_25ns_30s_18s_48ns_1ns_48_5_1.v:156]
INFO: [Synth 8-6157] synthesizing module 'SampleNeuralNet_flow_control_loop_pipe' [/home/eim32828/Desktop/Vitis_HLS_Gens/SampleNeuralNets_2_9_v2_Attempt_Fix/Custom/SampleNeuralNet_prj/solution1/syn/verilog/SampleNeuralNet_flow_control_loop_pipe.v:11]
INFO: [Synth 8-6155] done synthesizing module 'SampleNeuralNet_flow_control_loop_pipe' (0#1) [/home/eim32828/Desktop/Vitis_HLS_Gens/SampleNeuralNets_2_9_v2_Attempt_Fix/Custom/SampleNeuralNet_prj/solution1/syn/verilog/SampleNeuralNet_flow_control_loop_pipe.v:11]
INFO: [Synth 8-6157] synthesizing module 'SampleNeuralNet_frp_pipeline_valid' [/home/eim32828/Desktop/Vitis_HLS_Gens/SampleNeuralNets_2_9_v2_Attempt_Fix/Custom/SampleNeuralNet_prj/solution1/syn/verilog/SampleNeuralNet_frp_pipeline_valid.v:11]
	Parameter PipelineLatency bound to: 17 - type: integer 
	Parameter PipelineII bound to: 1 - type: integer 
	Parameter ExitLatency bound to: -1 - type: integer 
	Parameter CeilLog2Stages bound to: 5 - type: integer 
WARNING: [Synth 8-11581] system function call 'value$plusargs' not supported [/home/eim32828/Desktop/Vitis_HLS_Gens/SampleNeuralNets_2_9_v2_Attempt_Fix/Custom/SampleNeuralNet_prj/solution1/syn/verilog/SampleNeuralNet_frp_pipeline_valid.v:54]
INFO: [Synth 8-6155] done synthesizing module 'SampleNeuralNet_frp_pipeline_valid' (0#1) [/home/eim32828/Desktop/Vitis_HLS_Gens/SampleNeuralNets_2_9_v2_Attempt_Fix/Custom/SampleNeuralNet_prj/solution1/syn/verilog/SampleNeuralNet_frp_pipeline_valid.v:11]
INFO: [Synth 8-6157] synthesizing module 'SampleNeuralNet_frp_fifoout' [/home/eim32828/Desktop/Vitis_HLS_Gens/SampleNeuralNets_2_9_v2_Attempt_Fix/Custom/SampleNeuralNet_prj/solution1/syn/verilog/SampleNeuralNet_frp_fifoout.v:11]
	Parameter BlockingType bound to: 0 - type: integer 
	Parameter PipeLatency bound to: 17 - type: integer 
	Parameter PipelineII bound to: 1 - type: integer 
	Parameter DataWidth bound to: 48 - type: integer 
	Parameter NumWrites bound to: 1 - type: integer 
	Parameter CeilLog2Stages bound to: 5 - type: integer 
	Parameter CeilLog2FDepth bound to: 5 - type: integer 
	Parameter PfAllDoneEnable bound to: 0 - type: integer 
WARNING: [Synth 8-11581] system function call 'value$plusargs' not supported [/home/eim32828/Desktop/Vitis_HLS_Gens/SampleNeuralNets_2_9_v2_Attempt_Fix/Custom/SampleNeuralNet_prj/solution1/syn/verilog/SampleNeuralNet_frp_fifoout.v:86]
INFO: [Synth 8-6155] done synthesizing module 'SampleNeuralNet_frp_fifoout' (0#1) [/home/eim32828/Desktop/Vitis_HLS_Gens/SampleNeuralNets_2_9_v2_Attempt_Fix/Custom/SampleNeuralNet_prj/solution1/syn/verilog/SampleNeuralNet_frp_fifoout.v:11]
INFO: [Synth 8-6155] done synthesizing module 'SampleNeuralNet_custom_dsp_dense_implementation_ap_int_16_ap_int_48_config2_s' (0#1) [/home/eim32828/Desktop/Vitis_HLS_Gens/SampleNeuralNets_2_9_v2_Attempt_Fix/Custom/SampleNeuralNet_prj/solution1/syn/verilog/SampleNeuralNet_custom_dsp_dense_implementation_ap_int_16_ap_int_48_config2_s.v:9]
INFO: [Synth 8-6157] synthesizing module 'SampleNeuralNet_thresholded_relu_ap_int_48_ap_int_48_ap_int_16_thresholdedrelu_config3_s' [/home/eim32828/Desktop/Vitis_HLS_Gens/SampleNeuralNets_2_9_v2_Attempt_Fix/Custom/SampleNeuralNet_prj/solution1/syn/verilog/SampleNeuralNet_thresholded_relu_ap_int_48_ap_int_48_ap_int_16_thresholdedrelu_config3_s.v:9]
INFO: [Synth 8-6157] synthesizing module 'SampleNeuralNet_icmp_48s_48s_1_2_1' [/home/eim32828/Desktop/Vitis_HLS_Gens/SampleNeuralNets_2_9_v2_Attempt_Fix/Custom/SampleNeuralNet_prj/solution1/syn/verilog/SampleNeuralNet_icmp_48s_48s_1_2_1.v:9]
	Parameter ID bound to: 1 - type: integer 
	Parameter NUM_STAGE bound to: 2 - type: integer 
	Parameter din0_WIDTH bound to: 48 - type: integer 
	Parameter din1_WIDTH bound to: 48 - type: integer 
	Parameter dout_WIDTH bound to: 1 - type: integer 
	Parameter OP_CODE bound to: 6 - type: integer 
INFO: [Synth 8-6157] synthesizing module 'SampleNeuralNet_icmp_48s_48s_1_2_1_sub' [/home/eim32828/Desktop/Vitis_HLS_Gens/SampleNeuralNets_2_9_v2_Attempt_Fix/Custom/SampleNeuralNet_prj/solution1/syn/verilog/SampleNeuralNet_icmp_48s_48s_1_2_1_sub.v:11]
INFO: [Synth 8-6157] synthesizing module 'SampleNeuralNet_icmp_48s_48s_1_2_1_sub_comb_adder' [/home/eim32828/Desktop/Vitis_HLS_Gens/SampleNeuralNets_2_9_v2_Attempt_Fix/Custom/SampleNeuralNet_prj/solution1/syn/verilog/SampleNeuralNet_icmp_48s_48s_1_2_1_sub.v:103]
	Parameter N bound to: 24 - type: integer 
INFO: [Synth 8-6155] done synthesizing module 'SampleNeuralNet_icmp_48s_48s_1_2_1_sub_comb_adder' (0#1) [/home/eim32828/Desktop/Vitis_HLS_Gens/SampleNeuralNets_2_9_v2_Attempt_Fix/Custom/SampleNeuralNet_prj/solution1/syn/verilog/SampleNeuralNet_icmp_48s_48s_1_2_1_sub.v:103]
INFO: [Synth 8-6157] synthesizing module 'SampleNeuralNet_icmp_48s_48s_1_2_1_sub_comb_adder__parameterized0' [/home/eim32828/Desktop/Vitis_HLS_Gens/SampleNeuralNets_2_9_v2_Attempt_Fix/Custom/SampleNeuralNet_prj/solution1/syn/verilog/SampleNeuralNet_icmp_48s_48s_1_2_1_sub.v:103]
	Parameter N bound to: 25 - type: integer 
INFO: [Synth 8-6155] done synthesizing module 'SampleNeuralNet_icmp_48s_48s_1_2_1_sub_comb_adder__parameterized0' (0#1) [/home/eim32828/Desktop/Vitis_HLS_Gens/SampleNeuralNets_2_9_v2_Attempt_Fix/Custom/SampleNeuralNet_prj/solution1/syn/verilog/SampleNeuralNet_icmp_48s_48s_1_2_1_sub.v:103]
INFO: [Synth 8-6155] done synthesizing module 'SampleNeuralNet_icmp_48s_48s_1_2_1_sub' (0#1) [/home/eim32828/Desktop/Vitis_HLS_Gens/SampleNeuralNets_2_9_v2_Attempt_Fix/Custom/SampleNeuralNet_prj/solution1/syn/verilog/SampleNeuralNet_icmp_48s_48s_1_2_1_sub.v:11]
INFO: [Synth 8-6155] done synthesizing module 'SampleNeuralNet_icmp_48s_48s_1_2_1' (0#1) [/home/eim32828/Desktop/Vitis_HLS_Gens/SampleNeuralNets_2_9_v2_Attempt_Fix/Custom/SampleNeuralNet_prj/solution1/syn/verilog/SampleNeuralNet_icmp_48s_48s_1_2_1.v:9]
INFO: [Synth 8-6155] done synthesizing module 'SampleNeuralNet_thresholded_relu_ap_int_48_ap_int_48_ap_int_16_thresholdedrelu_config3_s' (0#1) [/home/eim32828/Desktop/Vitis_HLS_Gens/SampleNeuralNets_2_9_v2_Attempt_Fix/Custom/SampleNeuralNet_prj/solution1/syn/verilog/SampleNeuralNet_thresholded_relu_ap_int_48_ap_int_48_ap_int_16_thresholdedrelu_config3_s.v:9]
INFO: [Synth 8-6157] synthesizing module 'SampleNeuralNet_custom_dsp_dense_implementation_ap_int_16_ap_int_48_config4_s' [/home/eim32828/Desktop/Vitis_HLS_Gens/SampleNeuralNets_2_9_v2_Attempt_Fix/Custom/SampleNeuralNet_prj/solution1/syn/verilog/SampleNeuralNet_custom_dsp_dense_implementation_ap_int_16_ap_int_48_config4_s.v:9]
INFO: [Synth 8-6157] synthesizing module 'SampleNeuralNet_custom_dsp_dense_implementation_ap_int_16_ap_int_48_config4_s_w4_ROM_NP_BRAM_2R' [/home/eim32828/Desktop/Vitis_HLS_Gens/SampleNeuralNets_2_9_v2_Attempt_Fix/Custom/SampleNeuralNet_prj/solution1/syn/verilog/SampleNeuralNet_custom_dsp_dense_implementation_ap_int_16_ap_int_48_config4_s_w4_ROM_NP_BRAM_2R.v:7]
	Parameter DataWidth bound to: 117 - type: integer 
	Parameter AddressWidth bound to: 3 - type: integer 
	Parameter AddressRange bound to: 8 - type: integer 
INFO: [Synth 8-3876] $readmem data file './SampleNeuralNet_custom_dsp_dense_implementation_ap_int_16_ap_int_48_config4_s_w4_ROM_NP_BRAM_2R.dat' is read successfully [/home/eim32828/Desktop/Vitis_HLS_Gens/SampleNeuralNets_2_9_v2_Attempt_Fix/Custom/SampleNeuralNet_prj/solution1/syn/verilog/SampleNeuralNet_custom_dsp_dense_implementation_ap_int_16_ap_int_48_config4_s_w4_ROM_NP_BRAM_2R.v:32]
INFO: [Synth 8-6155] done synthesizing module 'SampleNeuralNet_custom_dsp_dense_implementation_ap_int_16_ap_int_48_config4_s_w4_ROM_NP_BRAM_2R' (0#1) [/home/eim32828/Desktop/Vitis_HLS_Gens/SampleNeuralNets_2_9_v2_Attempt_Fix/Custom/SampleNeuralNet_prj/solution1/syn/verilog/SampleNeuralNet_custom_dsp_dense_implementation_ap_int_16_ap_int_48_config4_s_w4_ROM_NP_BRAM_2R.v:7]
INFO: [Synth 8-6157] synthesizing module 'SampleNeuralNet_sparsemux_17_4_16_1_1' [/home/eim32828/Desktop/Vitis_HLS_Gens/SampleNeuralNets_2_9_v2_Attempt_Fix/Custom/SampleNeuralNet_prj/solution1/syn/verilog/SampleNeuralNet_sparsemux_17_4_16_1_1.v:9]
	Parameter din0_WIDTH bound to: 16 - type: integer 
	Parameter din1_WIDTH bound to: 16 - type: integer 
	Parameter din2_WIDTH bound to: 16 - type: integer 
	Parameter din3_WIDTH bound to: 16 - type: integer 
	Parameter din4_WIDTH bound to: 16 - type: integer 
	Parameter din5_WIDTH bound to: 16 - type: integer 
	Parameter din6_WIDTH bound to: 16 - type: integer 
	Parameter din7_WIDTH bound to: 16 - type: integer 
	Parameter def_WIDTH bound to: 16 - type: integer 
	Parameter sel_WIDTH bound to: 4 - type: integer 
	Parameter dout_WIDTH bound to: 16 - type: integer 
	Parameter CASE0 bound to: 4'b0001 
	Parameter CASE1 bound to: 4'b0010 
	Parameter CASE2 bound to: 4'b0011 
	Parameter CASE3 bound to: 4'b0100 
	Parameter CASE4 bound to: 4'b0101 
	Parameter CASE5 bound to: 4'b0110 
	Parameter CASE6 bound to: 4'b0111 
	Parameter CASE7 bound to: 4'b1000 
	Parameter ID bound to: 1 - type: integer 
	Parameter NUM_STAGE bound to: 1 - type: integer 
INFO: [Synth 8-6155] done synthesizing module 'SampleNeuralNet_sparsemux_17_4_16_1_1' (0#1) [/home/eim32828/Desktop/Vitis_HLS_Gens/SampleNeuralNets_2_9_v2_Attempt_Fix/Custom/SampleNeuralNet_prj/solution1/syn/verilog/SampleNeuralNet_sparsemux_17_4_16_1_1.v:9]
INFO: [Synth 8-6155] done synthesizing module 'SampleNeuralNet_custom_dsp_dense_implementation_ap_int_16_ap_int_48_config4_s' (0#1) [/home/eim32828/Desktop/Vitis_HLS_Gens/SampleNeuralNets_2_9_v2_Attempt_Fix/Custom/SampleNeuralNet_prj/solution1/syn/verilog/SampleNeuralNet_custom_dsp_dense_implementation_ap_int_16_ap_int_48_config4_s.v:9]
INFO: [Synth 8-6157] synthesizing module 'SampleNeuralNet_thresholded_relu_ap_int_48_ap_int_48_ap_int_16_thresholdedrelu_config5_s' [/home/eim32828/Desktop/Vitis_HLS_Gens/SampleNeuralNets_2_9_v2_Attempt_Fix/Custom/SampleNeuralNet_prj/solution1/syn/verilog/SampleNeuralNet_thresholded_relu_ap_int_48_ap_int_48_ap_int_16_thresholdedrelu_config5_s.v:9]
INFO: [Synth 8-6155] done synthesizing module 'SampleNeuralNet_thresholded_relu_ap_int_48_ap_int_48_ap_int_16_thresholdedrelu_config5_s' (0#1) [/home/eim32828/Desktop/Vitis_HLS_Gens/SampleNeuralNets_2_9_v2_Attempt_Fix/Custom/SampleNeuralNet_prj/solution1/syn/verilog/SampleNeuralNet_thresholded_relu_ap_int_48_ap_int_48_ap_int_16_thresholdedrelu_config5_s.v:9]
INFO: [Synth 8-6157] synthesizing module 'SampleNeuralNet_custom_dsp_dense_implementation_ap_int_16_ap_int_48_config6_s' [/home/eim32828/Desktop/Vitis_HLS_Gens/SampleNeuralNets_2_9_v2_Attempt_Fix/Custom/SampleNeuralNet_prj/solution1/syn/verilog/SampleNeuralNet_custom_dsp_dense_implementation_ap_int_16_ap_int_48_config6_s.v:9]
INFO: [Synth 8-6157] synthesizing module 'SampleNeuralNet_custom_dsp_dense_implementation_ap_int_16_ap_int_48_config6_s_w6_ROM_NP_BRAM_2R' [/home/eim32828/Desktop/Vitis_HLS_Gens/SampleNeuralNets_2_9_v2_Attempt_Fix/Custom/SampleNeuralNet_prj/solution1/syn/verilog/SampleNeuralNet_custom_dsp_dense_implementation_ap_int_16_ap_int_48_config6_s_w6_ROM_NP_BRAM_2R.v:7]
	Parameter DataWidth bound to: 117 - type: integer 
	Parameter AddressWidth bound to: 3 - type: integer 
	Parameter AddressRange bound to: 8 - type: integer 
INFO: [Synth 8-3876] $readmem data file './SampleNeuralNet_custom_dsp_dense_implementation_ap_int_16_ap_int_48_config6_s_w6_ROM_NP_BRAM_2R.dat' is read successfully [/home/eim32828/Desktop/Vitis_HLS_Gens/SampleNeuralNets_2_9_v2_Attempt_Fix/Custom/SampleNeuralNet_prj/solution1/syn/verilog/SampleNeuralNet_custom_dsp_dense_implementation_ap_int_16_ap_int_48_config6_s_w6_ROM_NP_BRAM_2R.v:32]
INFO: [Synth 8-6155] done synthesizing module 'SampleNeuralNet_custom_dsp_dense_implementation_ap_int_16_ap_int_48_config6_s_w6_ROM_NP_BRAM_2R' (0#1) [/home/eim32828/Desktop/Vitis_HLS_Gens/SampleNeuralNets_2_9_v2_Attempt_Fix/Custom/SampleNeuralNet_prj/solution1/syn/verilog/SampleNeuralNet_custom_dsp_dense_implementation_ap_int_16_ap_int_48_config6_s_w6_ROM_NP_BRAM_2R.v:7]
INFO: [Synth 8-6155] done synthesizing module 'SampleNeuralNet_custom_dsp_dense_implementation_ap_int_16_ap_int_48_config6_s' (0#1) [/home/eim32828/Desktop/Vitis_HLS_Gens/SampleNeuralNets_2_9_v2_Attempt_Fix/Custom/SampleNeuralNet_prj/solution1/syn/verilog/SampleNeuralNet_custom_dsp_dense_implementation_ap_int_16_ap_int_48_config6_s.v:9]
INFO: [Synth 8-6157] synthesizing module 'SampleNeuralNet_thresholded_relu_ap_int_48_ap_int_48_ap_int_16_thresholdedrelu_config7_s' [/home/eim32828/Desktop/Vitis_HLS_Gens/SampleNeuralNets_2_9_v2_Attempt_Fix/Custom/SampleNeuralNet_prj/solution1/syn/verilog/SampleNeuralNet_thresholded_relu_ap_int_48_ap_int_48_ap_int_16_thresholdedrelu_config7_s.v:9]
INFO: [Synth 8-6155] done synthesizing module 'SampleNeuralNet_thresholded_relu_ap_int_48_ap_int_48_ap_int_16_thresholdedrelu_config7_s' (0#1) [/home/eim32828/Desktop/Vitis_HLS_Gens/SampleNeuralNets_2_9_v2_Attempt_Fix/Custom/SampleNeuralNet_prj/solution1/syn/verilog/SampleNeuralNet_thresholded_relu_ap_int_48_ap_int_48_ap_int_16_thresholdedrelu_config7_s.v:9]
INFO: [Synth 8-6157] synthesizing module 'SampleNeuralNet_fifo_w48_d2_S' [/home/eim32828/Desktop/Vitis_HLS_Gens/SampleNeuralNets_2_9_v2_Attempt_Fix/Custom/SampleNeuralNet_prj/solution1/syn/verilog/SampleNeuralNet_fifo_w48_d2_S.v:11]
INFO: [Synth 8-6157] synthesizing module 'SampleNeuralNet_fifo_w48_d2_S_ShiftReg' [/home/eim32828/Desktop/Vitis_HLS_Gens/SampleNeuralNets_2_9_v2_Attempt_Fix/Custom/SampleNeuralNet_prj/solution1/syn/verilog/SampleNeuralNet_fifo_w48_d2_S.v:129]
	Parameter DATA_WIDTH bound to: 48 - type: integer 
	Parameter ADDR_WIDTH bound to: 2 - type: integer 
	Parameter DEPTH bound to: 2 - type: integer 
INFO: [Synth 8-6155] done synthesizing module 'SampleNeuralNet_fifo_w48_d2_S_ShiftReg' (0#1) [/home/eim32828/Desktop/Vitis_HLS_Gens/SampleNeuralNets_2_9_v2_Attempt_Fix/Custom/SampleNeuralNet_prj/solution1/syn/verilog/SampleNeuralNet_fifo_w48_d2_S.v:129]
INFO: [Synth 8-6155] done synthesizing module 'SampleNeuralNet_fifo_w48_d2_S' (0#1) [/home/eim32828/Desktop/Vitis_HLS_Gens/SampleNeuralNets_2_9_v2_Attempt_Fix/Custom/SampleNeuralNet_prj/solution1/syn/verilog/SampleNeuralNet_fifo_w48_d2_S.v:11]
INFO: [Synth 8-6157] synthesizing module 'SampleNeuralNet_fifo_w16_d2_S' [/home/eim32828/Desktop/Vitis_HLS_Gens/SampleNeuralNets_2_9_v2_Attempt_Fix/Custom/SampleNeuralNet_prj/solution1/syn/verilog/SampleNeuralNet_fifo_w16_d2_S.v:11]
INFO: [Synth 8-6157] synthesizing module 'SampleNeuralNet_fifo_w16_d2_S_ShiftReg' [/home/eim32828/Desktop/Vitis_HLS_Gens/SampleNeuralNets_2_9_v2_Attempt_Fix/Custom/SampleNeuralNet_prj/solution1/syn/verilog/SampleNeuralNet_fifo_w16_d2_S.v:129]
	Parameter DATA_WIDTH bound to: 16 - type: integer 
	Parameter ADDR_WIDTH bound to: 2 - type: integer 
	Parameter DEPTH bound to: 2 - type: integer 
INFO: [Synth 8-6155] done synthesizing module 'SampleNeuralNet_fifo_w16_d2_S_ShiftReg' (0#1) [/home/eim32828/Desktop/Vitis_HLS_Gens/SampleNeuralNets_2_9_v2_Attempt_Fix/Custom/SampleNeuralNet_prj/solution1/syn/verilog/SampleNeuralNet_fifo_w16_d2_S.v:129]
INFO: [Synth 8-6155] done synthesizing module 'SampleNeuralNet_fifo_w16_d2_S' (0#1) [/home/eim32828/Desktop/Vitis_HLS_Gens/SampleNeuralNets_2_9_v2_Attempt_Fix/Custom/SampleNeuralNet_prj/solution1/syn/verilog/SampleNeuralNet_fifo_w16_d2_S.v:11]
INFO: [Synth 8-6155] done synthesizing module 'SampleNeuralNet' (0#1) [/home/eim32828/Desktop/Vitis_HLS_Gens/SampleNeuralNets_2_9_v2_Attempt_Fix/Custom/SampleNeuralNet_prj/solution1/syn/verilog/SampleNeuralNet.v:9]
WARNING: [Synth 8-6014] Unused sequential element genblk1[0].v1_reg was removed.  [/home/eim32828/Desktop/Vitis_HLS_Gens/SampleNeuralNets_2_9_v2_Attempt_Fix/Custom/SampleNeuralNet_prj/solution1/syn/verilog/SampleNeuralNet_frp_pipeline_valid.v:69]
WARNING: [Synth 8-6014] Unused sequential element genblk1[1].v1_reg was removed.  [/home/eim32828/Desktop/Vitis_HLS_Gens/SampleNeuralNets_2_9_v2_Attempt_Fix/Custom/SampleNeuralNet_prj/solution1/syn/verilog/SampleNeuralNet_frp_pipeline_valid.v:69]
WARNING: [Synth 8-6014] Unused sequential element genblk1[2].v1_reg was removed.  [/home/eim32828/Desktop/Vitis_HLS_Gens/SampleNeuralNets_2_9_v2_Attempt_Fix/Custom/SampleNeuralNet_prj/solution1/syn/verilog/SampleNeuralNet_frp_pipeline_valid.v:69]
WARNING: [Synth 8-6014] Unused sequential element genblk1[3].v1_reg was removed.  [/home/eim32828/Desktop/Vitis_HLS_Gens/SampleNeuralNets_2_9_v2_Attempt_Fix/Custom/SampleNeuralNet_prj/solution1/syn/verilog/SampleNeuralNet_frp_pipeline_valid.v:69]
WARNING: [Synth 8-6014] Unused sequential element genblk1[4].v1_reg was removed.  [/home/eim32828/Desktop/Vitis_HLS_Gens/SampleNeuralNets_2_9_v2_Attempt_Fix/Custom/SampleNeuralNet_prj/solution1/syn/verilog/SampleNeuralNet_frp_pipeline_valid.v:69]
WARNING: [Synth 8-6014] Unused sequential element genblk1[5].v1_reg was removed.  [/home/eim32828/Desktop/Vitis_HLS_Gens/SampleNeuralNets_2_9_v2_Attempt_Fix/Custom/SampleNeuralNet_prj/solution1/syn/verilog/SampleNeuralNet_frp_pipeline_valid.v:69]
WARNING: [Synth 8-6014] Unused sequential element genblk1[6].v1_reg was removed.  [/home/eim32828/Desktop/Vitis_HLS_Gens/SampleNeuralNets_2_9_v2_Attempt_Fix/Custom/SampleNeuralNet_prj/solution1/syn/verilog/SampleNeuralNet_frp_pipeline_valid.v:69]
WARNING: [Synth 8-6014] Unused sequential element genblk1[7].v1_reg was removed.  [/home/eim32828/Desktop/Vitis_HLS_Gens/SampleNeuralNets_2_9_v2_Attempt_Fix/Custom/SampleNeuralNet_prj/solution1/syn/verilog/SampleNeuralNet_frp_pipeline_valid.v:69]
WARNING: [Synth 8-6014] Unused sequential element genblk1[8].v1_reg was removed.  [/home/eim32828/Desktop/Vitis_HLS_Gens/SampleNeuralNets_2_9_v2_Attempt_Fix/Custom/SampleNeuralNet_prj/solution1/syn/verilog/SampleNeuralNet_frp_pipeline_valid.v:69]
WARNING: [Synth 8-6014] Unused sequential element genblk1[9].v1_reg was removed.  [/home/eim32828/Desktop/Vitis_HLS_Gens/SampleNeuralNets_2_9_v2_Attempt_Fix/Custom/SampleNeuralNet_prj/solution1/syn/verilog/SampleNeuralNet_frp_pipeline_valid.v:69]
WARNING: [Synth 8-6014] Unused sequential element genblk1[10].v1_reg was removed.  [/home/eim32828/Desktop/Vitis_HLS_Gens/SampleNeuralNets_2_9_v2_Attempt_Fix/Custom/SampleNeuralNet_prj/solution1/syn/verilog/SampleNeuralNet_frp_pipeline_valid.v:69]
WARNING: [Synth 8-6014] Unused sequential element genblk1[11].v1_reg was removed.  [/home/eim32828/Desktop/Vitis_HLS_Gens/SampleNeuralNets_2_9_v2_Attempt_Fix/Custom/SampleNeuralNet_prj/solution1/syn/verilog/SampleNeuralNet_frp_pipeline_valid.v:69]
WARNING: [Synth 8-6014] Unused sequential element genblk1[12].v1_reg was removed.  [/home/eim32828/Desktop/Vitis_HLS_Gens/SampleNeuralNets_2_9_v2_Attempt_Fix/Custom/SampleNeuralNet_prj/solution1/syn/verilog/SampleNeuralNet_frp_pipeline_valid.v:69]
WARNING: [Synth 8-6014] Unused sequential element genblk1[13].v1_reg was removed.  [/home/eim32828/Desktop/Vitis_HLS_Gens/SampleNeuralNets_2_9_v2_Attempt_Fix/Custom/SampleNeuralNet_prj/solution1/syn/verilog/SampleNeuralNet_frp_pipeline_valid.v:69]
WARNING: [Synth 8-6014] Unused sequential element genblk1[14].v1_reg was removed.  [/home/eim32828/Desktop/Vitis_HLS_Gens/SampleNeuralNets_2_9_v2_Attempt_Fix/Custom/SampleNeuralNet_prj/solution1/syn/verilog/SampleNeuralNet_frp_pipeline_valid.v:69]
WARNING: [Synth 8-6014] Unused sequential element genblk1[15].v1_reg was removed.  [/home/eim32828/Desktop/Vitis_HLS_Gens/SampleNeuralNets_2_9_v2_Attempt_Fix/Custom/SampleNeuralNet_prj/solution1/syn/verilog/SampleNeuralNet_frp_pipeline_valid.v:69]
WARNING: [Synth 8-6014] Unused sequential element incr_reg was removed.  [/home/eim32828/Desktop/Vitis_HLS_Gens/SampleNeuralNets_2_9_v2_Attempt_Fix/Custom/SampleNeuralNet_prj/solution1/syn/verilog/SampleNeuralNet_frp_pipeline_valid.v:112]
WARNING: [Synth 8-6014] Unused sequential element ap_done_reg_reg was removed.  [/home/eim32828/Desktop/Vitis_HLS_Gens/SampleNeuralNets_2_9_v2_Attempt_Fix/Custom/SampleNeuralNet_prj/solution1/syn/verilog/SampleNeuralNet_custom_dsp_dense_implementation_ap_int_16_ap_int_48_config2_s.v:1090]
WARNING: [Synth 8-6014] Unused sequential element grp_fu_249_p6_2_reg was removed.  [/home/eim32828/Desktop/Vitis_HLS_Gens/SampleNeuralNets_2_9_v2_Attempt_Fix/Custom/SampleNeuralNet_prj/solution1/syn/verilog/SampleNeuralNet_custom_dsp_dense_implementation_ap_int_16_ap_int_48_config2_s.v:1832]
WARNING: [Synth 8-6014] Unused sequential element grp_fu_249_p6_3_reg was removed.  [/home/eim32828/Desktop/Vitis_HLS_Gens/SampleNeuralNets_2_9_v2_Attempt_Fix/Custom/SampleNeuralNet_prj/solution1/syn/verilog/SampleNeuralNet_custom_dsp_dense_implementation_ap_int_16_ap_int_48_config2_s.v:1833]
WARNING: [Synth 8-6014] Unused sequential element grp_fu_249_p7_2_reg was removed.  [/home/eim32828/Desktop/Vitis_HLS_Gens/SampleNeuralNets_2_9_v2_Attempt_Fix/Custom/SampleNeuralNet_prj/solution1/syn/verilog/SampleNeuralNet_custom_dsp_dense_implementation_ap_int_16_ap_int_48_config2_s.v:1835]
WARNING: [Synth 8-6014] Unused sequential element grp_fu_267_p6_2_reg was removed.  [/home/eim32828/Desktop/Vitis_HLS_Gens/SampleNeuralNets_2_9_v2_Attempt_Fix/Custom/SampleNeuralNet_prj/solution1/syn/verilog/SampleNeuralNet_custom_dsp_dense_implementation_ap_int_16_ap_int_48_config2_s.v:1838]
WARNING: [Synth 8-6014] Unused sequential element grp_fu_267_p6_3_reg was removed.  [/home/eim32828/Desktop/Vitis_HLS_Gens/SampleNeuralNets_2_9_v2_Attempt_Fix/Custom/SampleNeuralNet_prj/solution1/syn/verilog/SampleNeuralNet_custom_dsp_dense_implementation_ap_int_16_ap_int_48_config2_s.v:1839]
WARNING: [Synth 8-6014] Unused sequential element grp_fu_267_p7_2_reg was removed.  [/home/eim32828/Desktop/Vitis_HLS_Gens/SampleNeuralNets_2_9_v2_Attempt_Fix/Custom/SampleNeuralNet_prj/solution1/syn/verilog/SampleNeuralNet_custom_dsp_dense_implementation_ap_int_16_ap_int_48_config2_s.v:1841]
WARNING: [Synth 8-6014] Unused sequential element grp_fu_285_p6_2_reg was removed.  [/home/eim32828/Desktop/Vitis_HLS_Gens/SampleNeuralNets_2_9_v2_Attempt_Fix/Custom/SampleNeuralNet_prj/solution1/syn/verilog/SampleNeuralNet_custom_dsp_dense_implementation_ap_int_16_ap_int_48_config2_s.v:1844]
WARNING: [Synth 8-6014] Unused sequential element grp_fu_285_p6_3_reg was removed.  [/home/eim32828/Desktop/Vitis_HLS_Gens/SampleNeuralNets_2_9_v2_Attempt_Fix/Custom/SampleNeuralNet_prj/solution1/syn/verilog/SampleNeuralNet_custom_dsp_dense_implementation_ap_int_16_ap_int_48_config2_s.v:1845]
WARNING: [Synth 8-6014] Unused sequential element grp_fu_285_p7_2_reg was removed.  [/home/eim32828/Desktop/Vitis_HLS_Gens/SampleNeuralNets_2_9_v2_Attempt_Fix/Custom/SampleNeuralNet_prj/solution1/syn/verilog/SampleNeuralNet_custom_dsp_dense_implementation_ap_int_16_ap_int_48_config2_s.v:1847]
WARNING: [Synth 8-6014] Unused sequential element grp_fu_303_p6_2_reg was removed.  [/home/eim32828/Desktop/Vitis_HLS_Gens/SampleNeuralNets_2_9_v2_Attempt_Fix/Custom/SampleNeuralNet_prj/solution1/syn/verilog/SampleNeuralNet_custom_dsp_dense_implementation_ap_int_16_ap_int_48_config2_s.v:1850]
WARNING: [Synth 8-6014] Unused sequential element grp_fu_303_p6_3_reg was removed.  [/home/eim32828/Desktop/Vitis_HLS_Gens/SampleNeuralNets_2_9_v2_Attempt_Fix/Custom/SampleNeuralNet_prj/solution1/syn/verilog/SampleNeuralNet_custom_dsp_dense_implementation_ap_int_16_ap_int_48_config2_s.v:1851]
WARNING: [Synth 8-6014] Unused sequential element grp_fu_303_p7_2_reg was removed.  [/home/eim32828/Desktop/Vitis_HLS_Gens/SampleNeuralNets_2_9_v2_Attempt_Fix/Custom/SampleNeuralNet_prj/solution1/syn/verilog/SampleNeuralNet_custom_dsp_dense_implementation_ap_int_16_ap_int_48_config2_s.v:1853]
WARNING: [Synth 8-6014] Unused sequential element grp_fu_321_p6_2_reg was removed.  [/home/eim32828/Desktop/Vitis_HLS_Gens/SampleNeuralNets_2_9_v2_Attempt_Fix/Custom/SampleNeuralNet_prj/solution1/syn/verilog/SampleNeuralNet_custom_dsp_dense_implementation_ap_int_16_ap_int_48_config2_s.v:1856]
WARNING: [Synth 8-6014] Unused sequential element grp_fu_321_p6_3_reg was removed.  [/home/eim32828/Desktop/Vitis_HLS_Gens/SampleNeuralNets_2_9_v2_Attempt_Fix/Custom/SampleNeuralNet_prj/solution1/syn/verilog/SampleNeuralNet_custom_dsp_dense_implementation_ap_int_16_ap_int_48_config2_s.v:1857]
WARNING: [Synth 8-6014] Unused sequential element grp_fu_321_p7_2_reg was removed.  [/home/eim32828/Desktop/Vitis_HLS_Gens/SampleNeuralNets_2_9_v2_Attempt_Fix/Custom/SampleNeuralNet_prj/solution1/syn/verilog/SampleNeuralNet_custom_dsp_dense_implementation_ap_int_16_ap_int_48_config2_s.v:1859]
WARNING: [Synth 8-6014] Unused sequential element grp_fu_339_p6_2_reg was removed.  [/home/eim32828/Desktop/Vitis_HLS_Gens/SampleNeuralNets_2_9_v2_Attempt_Fix/Custom/SampleNeuralNet_prj/solution1/syn/verilog/SampleNeuralNet_custom_dsp_dense_implementation_ap_int_16_ap_int_48_config2_s.v:1862]
WARNING: [Synth 8-6014] Unused sequential element grp_fu_339_p6_3_reg was removed.  [/home/eim32828/Desktop/Vitis_HLS_Gens/SampleNeuralNets_2_9_v2_Attempt_Fix/Custom/SampleNeuralNet_prj/solution1/syn/verilog/SampleNeuralNet_custom_dsp_dense_implementation_ap_int_16_ap_int_48_config2_s.v:1863]
WARNING: [Synth 8-6014] Unused sequential element grp_fu_339_p7_2_reg was removed.  [/home/eim32828/Desktop/Vitis_HLS_Gens/SampleNeuralNets_2_9_v2_Attempt_Fix/Custom/SampleNeuralNet_prj/solution1/syn/verilog/SampleNeuralNet_custom_dsp_dense_implementation_ap_int_16_ap_int_48_config2_s.v:1865]
WARNING: [Synth 8-6014] Unused sequential element grp_fu_357_p6_2_reg was removed.  [/home/eim32828/Desktop/Vitis_HLS_Gens/SampleNeuralNets_2_9_v2_Attempt_Fix/Custom/SampleNeuralNet_prj/solution1/syn/verilog/SampleNeuralNet_custom_dsp_dense_implementation_ap_int_16_ap_int_48_config2_s.v:1868]
WARNING: [Synth 8-6014] Unused sequential element grp_fu_357_p6_3_reg was removed.  [/home/eim32828/Desktop/Vitis_HLS_Gens/SampleNeuralNets_2_9_v2_Attempt_Fix/Custom/SampleNeuralNet_prj/solution1/syn/verilog/SampleNeuralNet_custom_dsp_dense_implementation_ap_int_16_ap_int_48_config2_s.v:1869]
WARNING: [Synth 8-6014] Unused sequential element grp_fu_357_p7_2_reg was removed.  [/home/eim32828/Desktop/Vitis_HLS_Gens/SampleNeuralNets_2_9_v2_Attempt_Fix/Custom/SampleNeuralNet_prj/solution1/syn/verilog/SampleNeuralNet_custom_dsp_dense_implementation_ap_int_16_ap_int_48_config2_s.v:1871]
WARNING: [Synth 8-6014] Unused sequential element grp_fu_381_p6_2_reg was removed.  [/home/eim32828/Desktop/Vitis_HLS_Gens/SampleNeuralNets_2_9_v2_Attempt_Fix/Custom/SampleNeuralNet_prj/solution1/syn/verilog/SampleNeuralNet_custom_dsp_dense_implementation_ap_int_16_ap_int_48_config2_s.v:1874]
WARNING: [Synth 8-6014] Unused sequential element grp_fu_381_p6_3_reg was removed.  [/home/eim32828/Desktop/Vitis_HLS_Gens/SampleNeuralNets_2_9_v2_Attempt_Fix/Custom/SampleNeuralNet_prj/solution1/syn/verilog/SampleNeuralNet_custom_dsp_dense_implementation_ap_int_16_ap_int_48_config2_s.v:1875]
WARNING: [Synth 8-6014] Unused sequential element grp_fu_381_p7_2_reg was removed.  [/home/eim32828/Desktop/Vitis_HLS_Gens/SampleNeuralNets_2_9_v2_Attempt_Fix/Custom/SampleNeuralNet_prj/solution1/syn/verilog/SampleNeuralNet_custom_dsp_dense_implementation_ap_int_16_ap_int_48_config2_s.v:1877]
WARNING: [Synth 8-6014] Unused sequential element grp_fu_399_p6_2_reg was removed.  [/home/eim32828/Desktop/Vitis_HLS_Gens/SampleNeuralNets_2_9_v2_Attempt_Fix/Custom/SampleNeuralNet_prj/solution1/syn/verilog/SampleNeuralNet_custom_dsp_dense_implementation_ap_int_16_ap_int_48_config2_s.v:1880]
WARNING: [Synth 8-6014] Unused sequential element grp_fu_399_p6_3_reg was removed.  [/home/eim32828/Desktop/Vitis_HLS_Gens/SampleNeuralNets_2_9_v2_Attempt_Fix/Custom/SampleNeuralNet_prj/solution1/syn/verilog/SampleNeuralNet_custom_dsp_dense_implementation_ap_int_16_ap_int_48_config2_s.v:1881]
WARNING: [Synth 8-6014] Unused sequential element grp_fu_399_p7_2_reg was removed.  [/home/eim32828/Desktop/Vitis_HLS_Gens/SampleNeuralNets_2_9_v2_Attempt_Fix/Custom/SampleNeuralNet_prj/solution1/syn/verilog/SampleNeuralNet_custom_dsp_dense_implementation_ap_int_16_ap_int_48_config2_s.v:1883]
WARNING: [Synth 8-6014] Unused sequential element grp_fu_417_p6_2_reg was removed.  [/home/eim32828/Desktop/Vitis_HLS_Gens/SampleNeuralNets_2_9_v2_Attempt_Fix/Custom/SampleNeuralNet_prj/solution1/syn/verilog/SampleNeuralNet_custom_dsp_dense_implementation_ap_int_16_ap_int_48_config2_s.v:1886]
WARNING: [Synth 8-6014] Unused sequential element grp_fu_417_p6_3_reg was removed.  [/home/eim32828/Desktop/Vitis_HLS_Gens/SampleNeuralNets_2_9_v2_Attempt_Fix/Custom/SampleNeuralNet_prj/solution1/syn/verilog/SampleNeuralNet_custom_dsp_dense_implementation_ap_int_16_ap_int_48_config2_s.v:1887]
WARNING: [Synth 8-6014] Unused sequential element grp_fu_417_p7_2_reg was removed.  [/home/eim32828/Desktop/Vitis_HLS_Gens/SampleNeuralNets_2_9_v2_Attempt_Fix/Custom/SampleNeuralNet_prj/solution1/syn/verilog/SampleNeuralNet_custom_dsp_dense_implementation_ap_int_16_ap_int_48_config2_s.v:1889]
WARNING: [Synth 8-6014] Unused sequential element grp_fu_435_p6_2_reg was removed.  [/home/eim32828/Desktop/Vitis_HLS_Gens/SampleNeuralNets_2_9_v2_Attempt_Fix/Custom/SampleNeuralNet_prj/solution1/syn/verilog/SampleNeuralNet_custom_dsp_dense_implementation_ap_int_16_ap_int_48_config2_s.v:1892]
WARNING: [Synth 8-6014] Unused sequential element grp_fu_435_p6_3_reg was removed.  [/home/eim32828/Desktop/Vitis_HLS_Gens/SampleNeuralNets_2_9_v2_Attempt_Fix/Custom/SampleNeuralNet_prj/solution1/syn/verilog/SampleNeuralNet_custom_dsp_dense_implementation_ap_int_16_ap_int_48_config2_s.v:1893]
WARNING: [Synth 8-6014] Unused sequential element grp_fu_435_p7_2_reg was removed.  [/home/eim32828/Desktop/Vitis_HLS_Gens/SampleNeuralNets_2_9_v2_Attempt_Fix/Custom/SampleNeuralNet_prj/solution1/syn/verilog/SampleNeuralNet_custom_dsp_dense_implementation_ap_int_16_ap_int_48_config2_s.v:1895]
WARNING: [Synth 8-6014] Unused sequential element grp_fu_453_p6_2_reg was removed.  [/home/eim32828/Desktop/Vitis_HLS_Gens/SampleNeuralNets_2_9_v2_Attempt_Fix/Custom/SampleNeuralNet_prj/solution1/syn/verilog/SampleNeuralNet_custom_dsp_dense_implementation_ap_int_16_ap_int_48_config2_s.v:1898]
WARNING: [Synth 8-6014] Unused sequential element grp_fu_453_p6_3_reg was removed.  [/home/eim32828/Desktop/Vitis_HLS_Gens/SampleNeuralNets_2_9_v2_Attempt_Fix/Custom/SampleNeuralNet_prj/solution1/syn/verilog/SampleNeuralNet_custom_dsp_dense_implementation_ap_int_16_ap_int_48_config2_s.v:1899]
WARNING: [Synth 8-6014] Unused sequential element grp_fu_453_p7_2_reg was removed.  [/home/eim32828/Desktop/Vitis_HLS_Gens/SampleNeuralNets_2_9_v2_Attempt_Fix/Custom/SampleNeuralNet_prj/solution1/syn/verilog/SampleNeuralNet_custom_dsp_dense_implementation_ap_int_16_ap_int_48_config2_s.v:1901]
WARNING: [Synth 8-6014] Unused sequential element grp_fu_471_p6_2_reg was removed.  [/home/eim32828/Desktop/Vitis_HLS_Gens/SampleNeuralNets_2_9_v2_Attempt_Fix/Custom/SampleNeuralNet_prj/solution1/syn/verilog/SampleNeuralNet_custom_dsp_dense_implementation_ap_int_16_ap_int_48_config2_s.v:1904]
WARNING: [Synth 8-6014] Unused sequential element grp_fu_471_p6_3_reg was removed.  [/home/eim32828/Desktop/Vitis_HLS_Gens/SampleNeuralNets_2_9_v2_Attempt_Fix/Custom/SampleNeuralNet_prj/solution1/syn/verilog/SampleNeuralNet_custom_dsp_dense_implementation_ap_int_16_ap_int_48_config2_s.v:1905]
WARNING: [Synth 8-6014] Unused sequential element grp_fu_471_p7_2_reg was removed.  [/home/eim32828/Desktop/Vitis_HLS_Gens/SampleNeuralNets_2_9_v2_Attempt_Fix/Custom/SampleNeuralNet_prj/solution1/syn/verilog/SampleNeuralNet_custom_dsp_dense_implementation_ap_int_16_ap_int_48_config2_s.v:1907]
WARNING: [Synth 8-6014] Unused sequential element grp_fu_489_p6_2_reg was removed.  [/home/eim32828/Desktop/Vitis_HLS_Gens/SampleNeuralNets_2_9_v2_Attempt_Fix/Custom/SampleNeuralNet_prj/solution1/syn/verilog/SampleNeuralNet_custom_dsp_dense_implementation_ap_int_16_ap_int_48_config2_s.v:1910]
WARNING: [Synth 8-6014] Unused sequential element grp_fu_489_p6_3_reg was removed.  [/home/eim32828/Desktop/Vitis_HLS_Gens/SampleNeuralNets_2_9_v2_Attempt_Fix/Custom/SampleNeuralNet_prj/solution1/syn/verilog/SampleNeuralNet_custom_dsp_dense_implementation_ap_int_16_ap_int_48_config2_s.v:1911]
WARNING: [Synth 8-6014] Unused sequential element grp_fu_489_p7_2_reg was removed.  [/home/eim32828/Desktop/Vitis_HLS_Gens/SampleNeuralNets_2_9_v2_Attempt_Fix/Custom/SampleNeuralNet_prj/solution1/syn/verilog/SampleNeuralNet_custom_dsp_dense_implementation_ap_int_16_ap_int_48_config2_s.v:1913]
WARNING: [Synth 8-6014] Unused sequential element grp_fu_525_p6_2_reg was removed.  [/home/eim32828/Desktop/Vitis_HLS_Gens/SampleNeuralNets_2_9_v2_Attempt_Fix/Custom/SampleNeuralNet_prj/solution1/syn/verilog/SampleNeuralNet_custom_dsp_dense_implementation_ap_int_16_ap_int_48_config2_s.v:1916]
WARNING: [Synth 8-6014] Unused sequential element grp_fu_525_p6_3_reg was removed.  [/home/eim32828/Desktop/Vitis_HLS_Gens/SampleNeuralNets_2_9_v2_Attempt_Fix/Custom/SampleNeuralNet_prj/solution1/syn/verilog/SampleNeuralNet_custom_dsp_dense_implementation_ap_int_16_ap_int_48_config2_s.v:1917]
WARNING: [Synth 8-6014] Unused sequential element grp_fu_267_p3_1_reg was removed.  [/home/eim32828/Desktop/Vitis_HLS_Gens/SampleNeuralNets_2_9_v2_Attempt_Fix/Custom/SampleNeuralNet_prj/solution1/syn/verilog/SampleNeuralNet_custom_dsp_dense_implementation_ap_int_16_ap_int_48_config2_s.v:552]
WARNING: [Synth 8-6014] Unused sequential element grp_fu_267_p6_1_reg was removed.  [/home/eim32828/Desktop/Vitis_HLS_Gens/SampleNeuralNets_2_9_v2_Attempt_Fix/Custom/SampleNeuralNet_prj/solution1/syn/verilog/SampleNeuralNet_custom_dsp_dense_implementation_ap_int_16_ap_int_48_config2_s.v:555]
WARNING: [Synth 8-6014] Unused sequential element grp_fu_267_p7_1_reg was removed.  [/home/eim32828/Desktop/Vitis_HLS_Gens/SampleNeuralNets_2_9_v2_Attempt_Fix/Custom/SampleNeuralNet_prj/solution1/syn/verilog/SampleNeuralNet_custom_dsp_dense_implementation_ap_int_16_ap_int_48_config2_s.v:556]
WARNING: [Synth 8-6014] Unused sequential element grp_fu_285_p3_1_reg was removed.  [/home/eim32828/Desktop/Vitis_HLS_Gens/SampleNeuralNets_2_9_v2_Attempt_Fix/Custom/SampleNeuralNet_prj/solution1/syn/verilog/SampleNeuralNet_custom_dsp_dense_implementation_ap_int_16_ap_int_48_config2_s.v:573]
WARNING: [Synth 8-6014] Unused sequential element grp_fu_285_p6_1_reg was removed.  [/home/eim32828/Desktop/Vitis_HLS_Gens/SampleNeuralNets_2_9_v2_Attempt_Fix/Custom/SampleNeuralNet_prj/solution1/syn/verilog/SampleNeuralNet_custom_dsp_dense_implementation_ap_int_16_ap_int_48_config2_s.v:576]
WARNING: [Synth 8-6014] Unused sequential element grp_fu_285_p7_1_reg was removed.  [/home/eim32828/Desktop/Vitis_HLS_Gens/SampleNeuralNets_2_9_v2_Attempt_Fix/Custom/SampleNeuralNet_prj/solution1/syn/verilog/SampleNeuralNet_custom_dsp_dense_implementation_ap_int_16_ap_int_48_config2_s.v:577]
WARNING: [Synth 8-6014] Unused sequential element grp_fu_303_p3_1_reg was removed.  [/home/eim32828/Desktop/Vitis_HLS_Gens/SampleNeuralNets_2_9_v2_Attempt_Fix/Custom/SampleNeuralNet_prj/solution1/syn/verilog/SampleNeuralNet_custom_dsp_dense_implementation_ap_int_16_ap_int_48_config2_s.v:594]
WARNING: [Synth 8-6014] Unused sequential element grp_fu_303_p6_1_reg was removed.  [/home/eim32828/Desktop/Vitis_HLS_Gens/SampleNeuralNets_2_9_v2_Attempt_Fix/Custom/SampleNeuralNet_prj/solution1/syn/verilog/SampleNeuralNet_custom_dsp_dense_implementation_ap_int_16_ap_int_48_config2_s.v:597]
WARNING: [Synth 8-6014] Unused sequential element grp_fu_303_p7_1_reg was removed.  [/home/eim32828/Desktop/Vitis_HLS_Gens/SampleNeuralNets_2_9_v2_Attempt_Fix/Custom/SampleNeuralNet_prj/solution1/syn/verilog/SampleNeuralNet_custom_dsp_dense_implementation_ap_int_16_ap_int_48_config2_s.v:598]
WARNING: [Synth 8-6014] Unused sequential element grp_fu_321_p3_1_reg was removed.  [/home/eim32828/Desktop/Vitis_HLS_Gens/SampleNeuralNets_2_9_v2_Attempt_Fix/Custom/SampleNeuralNet_prj/solution1/syn/verilog/SampleNeuralNet_custom_dsp_dense_implementation_ap_int_16_ap_int_48_config2_s.v:615]
WARNING: [Synth 8-6014] Unused sequential element grp_fu_321_p6_1_reg was removed.  [/home/eim32828/Desktop/Vitis_HLS_Gens/SampleNeuralNets_2_9_v2_Attempt_Fix/Custom/SampleNeuralNet_prj/solution1/syn/verilog/SampleNeuralNet_custom_dsp_dense_implementation_ap_int_16_ap_int_48_config2_s.v:618]
WARNING: [Synth 8-6014] Unused sequential element grp_fu_321_p7_1_reg was removed.  [/home/eim32828/Desktop/Vitis_HLS_Gens/SampleNeuralNets_2_9_v2_Attempt_Fix/Custom/SampleNeuralNet_prj/solution1/syn/verilog/SampleNeuralNet_custom_dsp_dense_implementation_ap_int_16_ap_int_48_config2_s.v:619]
WARNING: [Synth 8-6014] Unused sequential element grp_fu_339_p3_1_reg was removed.  [/home/eim32828/Desktop/Vitis_HLS_Gens/SampleNeuralNets_2_9_v2_Attempt_Fix/Custom/SampleNeuralNet_prj/solution1/syn/verilog/SampleNeuralNet_custom_dsp_dense_implementation_ap_int_16_ap_int_48_config2_s.v:636]
WARNING: [Synth 8-6014] Unused sequential element grp_fu_339_p6_1_reg was removed.  [/home/eim32828/Desktop/Vitis_HLS_Gens/SampleNeuralNets_2_9_v2_Attempt_Fix/Custom/SampleNeuralNet_prj/solution1/syn/verilog/SampleNeuralNet_custom_dsp_dense_implementation_ap_int_16_ap_int_48_config2_s.v:639]
WARNING: [Synth 8-6014] Unused sequential element grp_fu_339_p7_1_reg was removed.  [/home/eim32828/Desktop/Vitis_HLS_Gens/SampleNeuralNets_2_9_v2_Attempt_Fix/Custom/SampleNeuralNet_prj/solution1/syn/verilog/SampleNeuralNet_custom_dsp_dense_implementation_ap_int_16_ap_int_48_config2_s.v:640]
WARNING: [Synth 8-6014] Unused sequential element grp_fu_357_p3_1_reg was removed.  [/home/eim32828/Desktop/Vitis_HLS_Gens/SampleNeuralNets_2_9_v2_Attempt_Fix/Custom/SampleNeuralNet_prj/solution1/syn/verilog/SampleNeuralNet_custom_dsp_dense_implementation_ap_int_16_ap_int_48_config2_s.v:657]
WARNING: [Synth 8-6014] Unused sequential element grp_fu_357_p6_1_reg was removed.  [/home/eim32828/Desktop/Vitis_HLS_Gens/SampleNeuralNets_2_9_v2_Attempt_Fix/Custom/SampleNeuralNet_prj/solution1/syn/verilog/SampleNeuralNet_custom_dsp_dense_implementation_ap_int_16_ap_int_48_config2_s.v:660]
WARNING: [Synth 8-6014] Unused sequential element grp_fu_357_p7_1_reg was removed.  [/home/eim32828/Desktop/Vitis_HLS_Gens/SampleNeuralNets_2_9_v2_Attempt_Fix/Custom/SampleNeuralNet_prj/solution1/syn/verilog/SampleNeuralNet_custom_dsp_dense_implementation_ap_int_16_ap_int_48_config2_s.v:661]
WARNING: [Synth 8-6014] Unused sequential element grp_fu_381_p3_1_reg was removed.  [/home/eim32828/Desktop/Vitis_HLS_Gens/SampleNeuralNets_2_9_v2_Attempt_Fix/Custom/SampleNeuralNet_prj/solution1/syn/verilog/SampleNeuralNet_custom_dsp_dense_implementation_ap_int_16_ap_int_48_config2_s.v:678]
WARNING: [Synth 8-6014] Unused sequential element grp_fu_381_p6_1_reg was removed.  [/home/eim32828/Desktop/Vitis_HLS_Gens/SampleNeuralNets_2_9_v2_Attempt_Fix/Custom/SampleNeuralNet_prj/solution1/syn/verilog/SampleNeuralNet_custom_dsp_dense_implementation_ap_int_16_ap_int_48_config2_s.v:681]
WARNING: [Synth 8-6014] Unused sequential element grp_fu_399_p3_1_reg was removed.  [/home/eim32828/Desktop/Vitis_HLS_Gens/SampleNeuralNets_2_9_v2_Attempt_Fix/Custom/SampleNeuralNet_prj/solution1/syn/verilog/SampleNeuralNet_custom_dsp_dense_implementation_ap_int_16_ap_int_48_config2_s.v:699]
WARNING: [Synth 8-6014] Unused sequential element grp_fu_399_p6_1_reg was removed.  [/home/eim32828/Desktop/Vitis_HLS_Gens/SampleNeuralNets_2_9_v2_Attempt_Fix/Custom/SampleNeuralNet_prj/solution1/syn/verilog/SampleNeuralNet_custom_dsp_dense_implementation_ap_int_16_ap_int_48_config2_s.v:702]
WARNING: [Synth 8-6014] Unused sequential element grp_fu_399_p7_1_reg was removed.  [/home/eim32828/Desktop/Vitis_HLS_Gens/SampleNeuralNets_2_9_v2_Attempt_Fix/Custom/SampleNeuralNet_prj/solution1/syn/verilog/SampleNeuralNet_custom_dsp_dense_implementation_ap_int_16_ap_int_48_config2_s.v:703]
WARNING: [Synth 8-6014] Unused sequential element grp_fu_417_p3_1_reg was removed.  [/home/eim32828/Desktop/Vitis_HLS_Gens/SampleNeuralNets_2_9_v2_Attempt_Fix/Custom/SampleNeuralNet_prj/solution1/syn/verilog/SampleNeuralNet_custom_dsp_dense_implementation_ap_int_16_ap_int_48_config2_s.v:720]
WARNING: [Synth 8-6014] Unused sequential element grp_fu_417_p6_1_reg was removed.  [/home/eim32828/Desktop/Vitis_HLS_Gens/SampleNeuralNets_2_9_v2_Attempt_Fix/Custom/SampleNeuralNet_prj/solution1/syn/verilog/SampleNeuralNet_custom_dsp_dense_implementation_ap_int_16_ap_int_48_config2_s.v:723]
WARNING: [Synth 8-6014] Unused sequential element grp_fu_417_p7_1_reg was removed.  [/home/eim32828/Desktop/Vitis_HLS_Gens/SampleNeuralNets_2_9_v2_Attempt_Fix/Custom/SampleNeuralNet_prj/solution1/syn/verilog/SampleNeuralNet_custom_dsp_dense_implementation_ap_int_16_ap_int_48_config2_s.v:724]
WARNING: [Synth 8-6014] Unused sequential element grp_fu_435_p3_1_reg was removed.  [/home/eim32828/Desktop/Vitis_HLS_Gens/SampleNeuralNets_2_9_v2_Attempt_Fix/Custom/SampleNeuralNet_prj/solution1/syn/verilog/SampleNeuralNet_custom_dsp_dense_implementation_ap_int_16_ap_int_48_config2_s.v:741]
WARNING: [Synth 8-6014] Unused sequential element grp_fu_435_p6_1_reg was removed.  [/home/eim32828/Desktop/Vitis_HLS_Gens/SampleNeuralNets_2_9_v2_Attempt_Fix/Custom/SampleNeuralNet_prj/solution1/syn/verilog/SampleNeuralNet_custom_dsp_dense_implementation_ap_int_16_ap_int_48_config2_s.v:744]
WARNING: [Synth 8-6014] Unused sequential element grp_fu_435_p7_1_reg was removed.  [/home/eim32828/Desktop/Vitis_HLS_Gens/SampleNeuralNets_2_9_v2_Attempt_Fix/Custom/SampleNeuralNet_prj/solution1/syn/verilog/SampleNeuralNet_custom_dsp_dense_implementation_ap_int_16_ap_int_48_config2_s.v:745]
WARNING: [Synth 8-6014] Unused sequential element grp_fu_453_p3_1_reg was removed.  [/home/eim32828/Desktop/Vitis_HLS_Gens/SampleNeuralNets_2_9_v2_Attempt_Fix/Custom/SampleNeuralNet_prj/solution1/syn/verilog/SampleNeuralNet_custom_dsp_dense_implementation_ap_int_16_ap_int_48_config2_s.v:762]
WARNING: [Synth 8-6014] Unused sequential element grp_fu_453_p6_1_reg was removed.  [/home/eim32828/Desktop/Vitis_HLS_Gens/SampleNeuralNets_2_9_v2_Attempt_Fix/Custom/SampleNeuralNet_prj/solution1/syn/verilog/SampleNeuralNet_custom_dsp_dense_implementation_ap_int_16_ap_int_48_config2_s.v:765]
WARNING: [Synth 8-6014] Unused sequential element grp_fu_453_p7_1_reg was removed.  [/home/eim32828/Desktop/Vitis_HLS_Gens/SampleNeuralNets_2_9_v2_Attempt_Fix/Custom/SampleNeuralNet_prj/solution1/syn/verilog/SampleNeuralNet_custom_dsp_dense_implementation_ap_int_16_ap_int_48_config2_s.v:766]
WARNING: [Synth 8-6014] Unused sequential element grp_fu_471_p3_1_reg was removed.  [/home/eim32828/Desktop/Vitis_HLS_Gens/SampleNeuralNets_2_9_v2_Attempt_Fix/Custom/SampleNeuralNet_prj/solution1/syn/verilog/SampleNeuralNet_custom_dsp_dense_implementation_ap_int_16_ap_int_48_config2_s.v:783]
WARNING: [Synth 8-6014] Unused sequential element grp_fu_471_p6_1_reg was removed.  [/home/eim32828/Desktop/Vitis_HLS_Gens/SampleNeuralNets_2_9_v2_Attempt_Fix/Custom/SampleNeuralNet_prj/solution1/syn/verilog/SampleNeuralNet_custom_dsp_dense_implementation_ap_int_16_ap_int_48_config2_s.v:786]
WARNING: [Synth 8-6014] Unused sequential element grp_fu_471_p7_1_reg was removed.  [/home/eim32828/Desktop/Vitis_HLS_Gens/SampleNeuralNets_2_9_v2_Attempt_Fix/Custom/SampleNeuralNet_prj/solution1/syn/verilog/SampleNeuralNet_custom_dsp_dense_implementation_ap_int_16_ap_int_48_config2_s.v:787]
WARNING: [Synth 8-6014] Unused sequential element grp_fu_489_p3_1_reg was removed.  [/home/eim32828/Desktop/Vitis_HLS_Gens/SampleNeuralNets_2_9_v2_Attempt_Fix/Custom/SampleNeuralNet_prj/solution1/syn/verilog/SampleNeuralNet_custom_dsp_dense_implementation_ap_int_16_ap_int_48_config2_s.v:804]
WARNING: [Synth 8-6014] Unused sequential element grp_fu_489_p6_1_reg was removed.  [/home/eim32828/Desktop/Vitis_HLS_Gens/SampleNeuralNets_2_9_v2_Attempt_Fix/Custom/SampleNeuralNet_prj/solution1/syn/verilog/SampleNeuralNet_custom_dsp_dense_implementation_ap_int_16_ap_int_48_config2_s.v:807]
WARNING: [Synth 8-6014] Unused sequential element grp_fu_489_p7_1_reg was removed.  [/home/eim32828/Desktop/Vitis_HLS_Gens/SampleNeuralNets_2_9_v2_Attempt_Fix/Custom/SampleNeuralNet_prj/solution1/syn/verilog/SampleNeuralNet_custom_dsp_dense_implementation_ap_int_16_ap_int_48_config2_s.v:808]
INFO: [Common 17-14] Message 'Synth 8-6014' appears 100 times and further instances of the messages will be disabled. Use the Tcl command set_msg_config to change the current settings.
WARNING: [Synth 8-7129] Port addr[1] in module SampleNeuralNet_fifo_w48_d2_S_ShiftReg is either unconnected or has no load
WARNING: [Synth 8-7129] Port addr[1] in module SampleNeuralNet_fifo_w16_d2_S_ShiftReg is either unconnected or has no load
WARNING: [Synth 8-7129] Port reset in module SampleNeuralNet_icmp_48s_48s_1_2_1_sub is either unconnected or has no load
WARNING: [Synth 8-7129] Port ap_done_int in module SampleNeuralNet_flow_control_loop_pipe is either unconnected or has no load
WARNING: [Synth 8-7129] Port rst in module SampleNeuralNet_dsp_48ns_32ns_64ns_25ns_30s_18s_48ns_1ns_48_5_1_DSP_Builtin is either unconnected or has no load
WARNING: [Synth 8-7129] Port in3[47] in module SampleNeuralNet_dsp_48ns_32ns_64ns_25ns_30s_18s_48ns_1ns_48_5_1_DSP_Builtin is either unconnected or has no load
WARNING: [Synth 8-7129] Port in3[46] in module SampleNeuralNet_dsp_48ns_32ns_64ns_25ns_30s_18s_48ns_1ns_48_5_1_DSP_Builtin is either unconnected or has no load
WARNING: [Synth 8-7129] Port in3[45] in module SampleNeuralNet_dsp_48ns_32ns_64ns_25ns_30s_18s_48ns_1ns_48_5_1_DSP_Builtin is either unconnected or has no load
WARNING: [Synth 8-7129] Port in3[44] in module SampleNeuralNet_dsp_48ns_32ns_64ns_25ns_30s_18s_48ns_1ns_48_5_1_DSP_Builtin is either unconnected or has no load
WARNING: [Synth 8-7129] Port in3[43] in module SampleNeuralNet_dsp_48ns_32ns_64ns_25ns_30s_18s_48ns_1ns_48_5_1_DSP_Builtin is either unconnected or has no load
WARNING: [Synth 8-7129] Port in3[42] in module SampleNeuralNet_dsp_48ns_32ns_64ns_25ns_30s_18s_48ns_1ns_48_5_1_DSP_Builtin is either unconnected or has no load
WARNING: [Synth 8-7129] Port in3[41] in module SampleNeuralNet_dsp_48ns_32ns_64ns_25ns_30s_18s_48ns_1ns_48_5_1_DSP_Builtin is either unconnected or has no load
WARNING: [Synth 8-7129] Port in3[40] in module SampleNeuralNet_dsp_48ns_32ns_64ns_25ns_30s_18s_48ns_1ns_48_5_1_DSP_Builtin is either unconnected or has no load
WARNING: [Synth 8-7129] Port in3[39] in module SampleNeuralNet_dsp_48ns_32ns_64ns_25ns_30s_18s_48ns_1ns_48_5_1_DSP_Builtin is either unconnected or has no load
WARNING: [Synth 8-7129] Port in3[38] in module SampleNeuralNet_dsp_48ns_32ns_64ns_25ns_30s_18s_48ns_1ns_48_5_1_DSP_Builtin is either unconnected or has no load
WARNING: [Synth 8-7129] Port in3[37] in module SampleNeuralNet_dsp_48ns_32ns_64ns_25ns_30s_18s_48ns_1ns_48_5_1_DSP_Builtin is either unconnected or has no load
WARNING: [Synth 8-7129] Port in3[36] in module SampleNeuralNet_dsp_48ns_32ns_64ns_25ns_30s_18s_48ns_1ns_48_5_1_DSP_Builtin is either unconnected or has no load
WARNING: [Synth 8-7129] Port in3[35] in module SampleNeuralNet_dsp_48ns_32ns_64ns_25ns_30s_18s_48ns_1ns_48_5_1_DSP_Builtin is either unconnected or has no load
WARNING: [Synth 8-7129] Port in3[34] in module SampleNeuralNet_dsp_48ns_32ns_64ns_25ns_30s_18s_48ns_1ns_48_5_1_DSP_Builtin is either unconnected or has no load
WARNING: [Synth 8-7129] Port in3[33] in module SampleNeuralNet_dsp_48ns_32ns_64ns_25ns_30s_18s_48ns_1ns_48_5_1_DSP_Builtin is either unconnected or has no load
WARNING: [Synth 8-7129] Port in3[32] in module SampleNeuralNet_dsp_48ns_32ns_64ns_25ns_30s_18s_48ns_1ns_48_5_1_DSP_Builtin is either unconnected or has no load
WARNING: [Synth 8-7129] Port in3[31] in module SampleNeuralNet_dsp_48ns_32ns_64ns_25ns_30s_18s_48ns_1ns_48_5_1_DSP_Builtin is either unconnected or has no load
WARNING: [Synth 8-7129] Port in3[30] in module SampleNeuralNet_dsp_48ns_32ns_64ns_25ns_30s_18s_48ns_1ns_48_5_1_DSP_Builtin is either unconnected or has no load
WARNING: [Synth 8-7129] Port in3[29] in module SampleNeuralNet_dsp_48ns_32ns_64ns_25ns_30s_18s_48ns_1ns_48_5_1_DSP_Builtin is either unconnected or has no load
WARNING: [Synth 8-7129] Port in3[28] in module SampleNeuralNet_dsp_48ns_32ns_64ns_25ns_30s_18s_48ns_1ns_48_5_1_DSP_Builtin is either unconnected or has no load
WARNING: [Synth 8-7129] Port in3[27] in module SampleNeuralNet_dsp_48ns_32ns_64ns_25ns_30s_18s_48ns_1ns_48_5_1_DSP_Builtin is either unconnected or has no load
WARNING: [Synth 8-7129] Port in3[26] in module SampleNeuralNet_dsp_48ns_32ns_64ns_25ns_30s_18s_48ns_1ns_48_5_1_DSP_Builtin is either unconnected or has no load
WARNING: [Synth 8-7129] Port in3[25] in module SampleNeuralNet_dsp_48ns_32ns_64ns_25ns_30s_18s_48ns_1ns_48_5_1_DSP_Builtin is either unconnected or has no load
WARNING: [Synth 8-7129] Port in3[24] in module SampleNeuralNet_dsp_48ns_32ns_64ns_25ns_30s_18s_48ns_1ns_48_5_1_DSP_Builtin is either unconnected or has no load
WARNING: [Synth 8-7129] Port in3[23] in module SampleNeuralNet_dsp_48ns_32ns_64ns_25ns_30s_18s_48ns_1ns_48_5_1_DSP_Builtin is either unconnected or has no load
WARNING: [Synth 8-7129] Port in3[22] in module SampleNeuralNet_dsp_48ns_32ns_64ns_25ns_30s_18s_48ns_1ns_48_5_1_DSP_Builtin is either unconnected or has no load
WARNING: [Synth 8-7129] Port in3[21] in module SampleNeuralNet_dsp_48ns_32ns_64ns_25ns_30s_18s_48ns_1ns_48_5_1_DSP_Builtin is either unconnected or has no load
WARNING: [Synth 8-7129] Port in3[20] in module SampleNeuralNet_dsp_48ns_32ns_64ns_25ns_30s_18s_48ns_1ns_48_5_1_DSP_Builtin is either unconnected or has no load
WARNING: [Synth 8-7129] Port in3[19] in module SampleNeuralNet_dsp_48ns_32ns_64ns_25ns_30s_18s_48ns_1ns_48_5_1_DSP_Builtin is either unconnected or has no load
WARNING: [Synth 8-7129] Port in3[18] in module SampleNeuralNet_dsp_48ns_32ns_64ns_25ns_30s_18s_48ns_1ns_48_5_1_DSP_Builtin is either unconnected or has no load
WARNING: [Synth 8-7129] Port in3[17] in module SampleNeuralNet_dsp_48ns_32ns_64ns_25ns_30s_18s_48ns_1ns_48_5_1_DSP_Builtin is either unconnected or has no load
WARNING: [Synth 8-7129] Port in3[16] in module SampleNeuralNet_dsp_48ns_32ns_64ns_25ns_30s_18s_48ns_1ns_48_5_1_DSP_Builtin is either unconnected or has no load
WARNING: [Synth 8-7129] Port in3[15] in module SampleNeuralNet_dsp_48ns_32ns_64ns_25ns_30s_18s_48ns_1ns_48_5_1_DSP_Builtin is either unconnected or has no load
WARNING: [Synth 8-7129] Port in3[14] in module SampleNeuralNet_dsp_48ns_32ns_64ns_25ns_30s_18s_48ns_1ns_48_5_1_DSP_Builtin is either unconnected or has no load
WARNING: [Synth 8-7129] Port in3[13] in module SampleNeuralNet_dsp_48ns_32ns_64ns_25ns_30s_18s_48ns_1ns_48_5_1_DSP_Builtin is either unconnected or has no load
WARNING: [Synth 8-7129] Port in3[12] in module SampleNeuralNet_dsp_48ns_32ns_64ns_25ns_30s_18s_48ns_1ns_48_5_1_DSP_Builtin is either unconnected or has no load
WARNING: [Synth 8-7129] Port in3[11] in module SampleNeuralNet_dsp_48ns_32ns_64ns_25ns_30s_18s_48ns_1ns_48_5_1_DSP_Builtin is either unconnected or has no load
WARNING: [Synth 8-7129] Port in3[10] in module SampleNeuralNet_dsp_48ns_32ns_64ns_25ns_30s_18s_48ns_1ns_48_5_1_DSP_Builtin is either unconnected or has no load
WARNING: [Synth 8-7129] Port in3[9] in module SampleNeuralNet_dsp_48ns_32ns_64ns_25ns_30s_18s_48ns_1ns_48_5_1_DSP_Builtin is either unconnected or has no load
WARNING: [Synth 8-7129] Port in3[8] in module SampleNeuralNet_dsp_48ns_32ns_64ns_25ns_30s_18s_48ns_1ns_48_5_1_DSP_Builtin is either unconnected or has no load
WARNING: [Synth 8-7129] Port in3[7] in module SampleNeuralNet_dsp_48ns_32ns_64ns_25ns_30s_18s_48ns_1ns_48_5_1_DSP_Builtin is either unconnected or has no load
WARNING: [Synth 8-7129] Port in3[6] in module SampleNeuralNet_dsp_48ns_32ns_64ns_25ns_30s_18s_48ns_1ns_48_5_1_DSP_Builtin is either unconnected or has no load
WARNING: [Synth 8-7129] Port in3[5] in module SampleNeuralNet_dsp_48ns_32ns_64ns_25ns_30s_18s_48ns_1ns_48_5_1_DSP_Builtin is either unconnected or has no load
WARNING: [Synth 8-7129] Port in3[4] in module SampleNeuralNet_dsp_48ns_32ns_64ns_25ns_30s_18s_48ns_1ns_48_5_1_DSP_Builtin is either unconnected or has no load
WARNING: [Synth 8-7129] Port in3[3] in module SampleNeuralNet_dsp_48ns_32ns_64ns_25ns_30s_18s_48ns_1ns_48_5_1_DSP_Builtin is either unconnected or has no load
WARNING: [Synth 8-7129] Port in3[2] in module SampleNeuralNet_dsp_48ns_32ns_64ns_25ns_30s_18s_48ns_1ns_48_5_1_DSP_Builtin is either unconnected or has no load
WARNING: [Synth 8-7129] Port in3[1] in module SampleNeuralNet_dsp_48ns_32ns_64ns_25ns_30s_18s_48ns_1ns_48_5_1_DSP_Builtin is either unconnected or has no load
WARNING: [Synth 8-7129] Port in3[0] in module SampleNeuralNet_dsp_48ns_32ns_64ns_25ns_30s_18s_48ns_1ns_48_5_1_DSP_Builtin is either unconnected or has no load
WARNING: [Synth 8-7129] Port din1[29] in module SampleNeuralNet_dsp_48ns_32ns_64ns_25ns_30s_18s_48ns_1ns_48_5_1 is either unconnected or has no load
WARNING: [Synth 8-7129] Port din1[28] in module SampleNeuralNet_dsp_48ns_32ns_64ns_25ns_30s_18s_48ns_1ns_48_5_1 is either unconnected or has no load
WARNING: [Synth 8-7129] Port din1[27] in module SampleNeuralNet_dsp_48ns_32ns_64ns_25ns_30s_18s_48ns_1ns_48_5_1 is either unconnected or has no load
WARNING: [Synth 8-7129] Port din1[26] in module SampleNeuralNet_dsp_48ns_32ns_64ns_25ns_30s_18s_48ns_1ns_48_5_1 is either unconnected or has no load
WARNING: [Synth 8-7129] Port din1[25] in module SampleNeuralNet_dsp_48ns_32ns_64ns_25ns_30s_18s_48ns_1ns_48_5_1 is either unconnected or has no load
WARNING: [Synth 8-7129] Port rst in module SampleNeuralNet_dsp_48ns_32ns_64ns_25ns_30ns_18ns_48ns_1s_48_5_1_DSP_Builtin is either unconnected or has no load
WARNING: [Synth 8-7129] Port in3[47] in module SampleNeuralNet_dsp_48ns_32ns_64ns_25ns_30ns_18ns_48ns_1s_48_5_1_DSP_Builtin is either unconnected or has no load
WARNING: [Synth 8-7129] Port in3[46] in module SampleNeuralNet_dsp_48ns_32ns_64ns_25ns_30ns_18ns_48ns_1s_48_5_1_DSP_Builtin is either unconnected or has no load
WARNING: [Synth 8-7129] Port in3[45] in module SampleNeuralNet_dsp_48ns_32ns_64ns_25ns_30ns_18ns_48ns_1s_48_5_1_DSP_Builtin is either unconnected or has no load
WARNING: [Synth 8-7129] Port in3[44] in module SampleNeuralNet_dsp_48ns_32ns_64ns_25ns_30ns_18ns_48ns_1s_48_5_1_DSP_Builtin is either unconnected or has no load
WARNING: [Synth 8-7129] Port in3[43] in module SampleNeuralNet_dsp_48ns_32ns_64ns_25ns_30ns_18ns_48ns_1s_48_5_1_DSP_Builtin is either unconnected or has no load
WARNING: [Synth 8-7129] Port in3[42] in module SampleNeuralNet_dsp_48ns_32ns_64ns_25ns_30ns_18ns_48ns_1s_48_5_1_DSP_Builtin is either unconnected or has no load
WARNING: [Synth 8-7129] Port in3[41] in module SampleNeuralNet_dsp_48ns_32ns_64ns_25ns_30ns_18ns_48ns_1s_48_5_1_DSP_Builtin is either unconnected or has no load
WARNING: [Synth 8-7129] Port in3[40] in module SampleNeuralNet_dsp_48ns_32ns_64ns_25ns_30ns_18ns_48ns_1s_48_5_1_DSP_Builtin is either unconnected or has no load
WARNING: [Synth 8-7129] Port in3[39] in module SampleNeuralNet_dsp_48ns_32ns_64ns_25ns_30ns_18ns_48ns_1s_48_5_1_DSP_Builtin is either unconnected or has no load
WARNING: [Synth 8-7129] Port in3[38] in module SampleNeuralNet_dsp_48ns_32ns_64ns_25ns_30ns_18ns_48ns_1s_48_5_1_DSP_Builtin is either unconnected or has no load
WARNING: [Synth 8-7129] Port in3[37] in module SampleNeuralNet_dsp_48ns_32ns_64ns_25ns_30ns_18ns_48ns_1s_48_5_1_DSP_Builtin is either unconnected or has no load
WARNING: [Synth 8-7129] Port in3[36] in module SampleNeuralNet_dsp_48ns_32ns_64ns_25ns_30ns_18ns_48ns_1s_48_5_1_DSP_Builtin is either unconnected or has no load
WARNING: [Synth 8-7129] Port in3[35] in module SampleNeuralNet_dsp_48ns_32ns_64ns_25ns_30ns_18ns_48ns_1s_48_5_1_DSP_Builtin is either unconnected or has no load
WARNING: [Synth 8-7129] Port in3[34] in module SampleNeuralNet_dsp_48ns_32ns_64ns_25ns_30ns_18ns_48ns_1s_48_5_1_DSP_Builtin is either unconnected or has no load
WARNING: [Synth 8-7129] Port in3[33] in module SampleNeuralNet_dsp_48ns_32ns_64ns_25ns_30ns_18ns_48ns_1s_48_5_1_DSP_Builtin is either unconnected or has no load
WARNING: [Synth 8-7129] Port in3[32] in module SampleNeuralNet_dsp_48ns_32ns_64ns_25ns_30ns_18ns_48ns_1s_48_5_1_DSP_Builtin is either unconnected or has no load
WARNING: [Synth 8-7129] Port in3[31] in module SampleNeuralNet_dsp_48ns_32ns_64ns_25ns_30ns_18ns_48ns_1s_48_5_1_DSP_Builtin is either unconnected or has no load
WARNING: [Synth 8-7129] Port in3[30] in module SampleNeuralNet_dsp_48ns_32ns_64ns_25ns_30ns_18ns_48ns_1s_48_5_1_DSP_Builtin is either unconnected or has no load
WARNING: [Synth 8-7129] Port in3[29] in module SampleNeuralNet_dsp_48ns_32ns_64ns_25ns_30ns_18ns_48ns_1s_48_5_1_DSP_Builtin is either unconnected or has no load
WARNING: [Synth 8-7129] Port in3[28] in module SampleNeuralNet_dsp_48ns_32ns_64ns_25ns_30ns_18ns_48ns_1s_48_5_1_DSP_Builtin is either unconnected or has no load
WARNING: [Synth 8-7129] Port in3[27] in module SampleNeuralNet_dsp_48ns_32ns_64ns_25ns_30ns_18ns_48ns_1s_48_5_1_DSP_Builtin is either unconnected or has no load
WARNING: [Synth 8-7129] Port in3[26] in module SampleNeuralNet_dsp_48ns_32ns_64ns_25ns_30ns_18ns_48ns_1s_48_5_1_DSP_Builtin is either unconnected or has no load
WARNING: [Synth 8-7129] Port in3[25] in module SampleNeuralNet_dsp_48ns_32ns_64ns_25ns_30ns_18ns_48ns_1s_48_5_1_DSP_Builtin is either unconnected or has no load
WARNING: [Synth 8-7129] Port in3[24] in module SampleNeuralNet_dsp_48ns_32ns_64ns_25ns_30ns_18ns_48ns_1s_48_5_1_DSP_Builtin is either unconnected or has no load
WARNING: [Synth 8-7129] Port in3[23] in module SampleNeuralNet_dsp_48ns_32ns_64ns_25ns_30ns_18ns_48ns_1s_48_5_1_DSP_Builtin is either unconnected or has no load
WARNING: [Synth 8-7129] Port in3[22] in module SampleNeuralNet_dsp_48ns_32ns_64ns_25ns_30ns_18ns_48ns_1s_48_5_1_DSP_Builtin is either unconnected or has no load
WARNING: [Synth 8-7129] Port in3[21] in module SampleNeuralNet_dsp_48ns_32ns_64ns_25ns_30ns_18ns_48ns_1s_48_5_1_DSP_Builtin is either unconnected or has no load
WARNING: [Synth 8-7129] Port in3[20] in module SampleNeuralNet_dsp_48ns_32ns_64ns_25ns_30ns_18ns_48ns_1s_48_5_1_DSP_Builtin is either unconnected or has no load
WARNING: [Synth 8-7129] Port in3[19] in module SampleNeuralNet_dsp_48ns_32ns_64ns_25ns_30ns_18ns_48ns_1s_48_5_1_DSP_Builtin is either unconnected or has no load
WARNING: [Synth 8-7129] Port in3[18] in module SampleNeuralNet_dsp_48ns_32ns_64ns_25ns_30ns_18ns_48ns_1s_48_5_1_DSP_Builtin is either unconnected or has no load
WARNING: [Synth 8-7129] Port in3[17] in module SampleNeuralNet_dsp_48ns_32ns_64ns_25ns_30ns_18ns_48ns_1s_48_5_1_DSP_Builtin is either unconnected or has no load
WARNING: [Synth 8-7129] Port in3[16] in module SampleNeuralNet_dsp_48ns_32ns_64ns_25ns_30ns_18ns_48ns_1s_48_5_1_DSP_Builtin is either unconnected or has no load
WARNING: [Synth 8-7129] Port in3[15] in module SampleNeuralNet_dsp_48ns_32ns_64ns_25ns_30ns_18ns_48ns_1s_48_5_1_DSP_Builtin is either unconnected or has no load
WARNING: [Synth 8-7129] Port in3[14] in module SampleNeuralNet_dsp_48ns_32ns_64ns_25ns_30ns_18ns_48ns_1s_48_5_1_DSP_Builtin is either unconnected or has no load
WARNING: [Synth 8-7129] Port in3[13] in module SampleNeuralNet_dsp_48ns_32ns_64ns_25ns_30ns_18ns_48ns_1s_48_5_1_DSP_Builtin is either unconnected or has no load
WARNING: [Synth 8-7129] Port in3[12] in module SampleNeuralNet_dsp_48ns_32ns_64ns_25ns_30ns_18ns_48ns_1s_48_5_1_DSP_Builtin is either unconnected or has no load
WARNING: [Synth 8-7129] Port in3[11] in module SampleNeuralNet_dsp_48ns_32ns_64ns_25ns_30ns_18ns_48ns_1s_48_5_1_DSP_Builtin is either unconnected or has no load
WARNING: [Synth 8-7129] Port in3[10] in module SampleNeuralNet_dsp_48ns_32ns_64ns_25ns_30ns_18ns_48ns_1s_48_5_1_DSP_Builtin is either unconnected or has no load
WARNING: [Synth 8-7129] Port in3[9] in module SampleNeuralNet_dsp_48ns_32ns_64ns_25ns_30ns_18ns_48ns_1s_48_5_1_DSP_Builtin is either unconnected or has no load
WARNING: [Synth 8-7129] Port in3[8] in module SampleNeuralNet_dsp_48ns_32ns_64ns_25ns_30ns_18ns_48ns_1s_48_5_1_DSP_Builtin is either unconnected or has no load
WARNING: [Synth 8-7129] Port in3[7] in module SampleNeuralNet_dsp_48ns_32ns_64ns_25ns_30ns_18ns_48ns_1s_48_5_1_DSP_Builtin is either unconnected or has no load
INFO: [Common 17-14] Message 'Synth 8-7129' appears 100 times and further instances of the messages will be disabled. Use the Tcl command set_msg_config to change the current settings.
---------------------------------------------------------------------------------
Finished RTL Elaboration : Time (s): cpu = 00:00:04 ; elapsed = 00:00:05 . Memory (MB): peak = 2560.449 ; gain = 534.715 ; free physical = 83945 ; free virtual = 124364
---------------------------------------------------------------------------------
---------------------------------------------------------------------------------
Start Handling Custom Attributes
---------------------------------------------------------------------------------
---------------------------------------------------------------------------------
Finished Handling Custom Attributes : Time (s): cpu = 00:00:05 ; elapsed = 00:00:05 . Memory (MB): peak = 2578.262 ; gain = 552.527 ; free physical = 83936 ; free virtual = 124355
---------------------------------------------------------------------------------
---------------------------------------------------------------------------------
Finished RTL Optimization Phase 1 : Time (s): cpu = 00:00:05 ; elapsed = 00:00:05 . Memory (MB): peak = 2578.262 ; gain = 552.527 ; free physical = 83936 ; free virtual = 124355
---------------------------------------------------------------------------------
Netlist sorting complete. Time (s): cpu = 00:00:00.22 ; elapsed = 00:00:00.22 . Memory (MB): peak = 2578.262 ; gain = 0.000 ; free physical = 83936 ; free virtual = 124355
INFO: [Project 1-570] Preparing netlist for logic optimization

Processing XDC Constraints
Initializing timing engine
Parsing XDC File [/home/eim32828/Desktop/Vitis_HLS_Gens/SampleNeuralNets_2_9_v2_Attempt_Fix/Custom/Analysis_Constraints.xdc]
Finished Parsing XDC File [/home/eim32828/Desktop/Vitis_HLS_Gens/SampleNeuralNets_2_9_v2_Attempt_Fix/Custom/Analysis_Constraints.xdc]
Completed Processing XDC Constraints

Netlist sorting complete. Time (s): cpu = 00:00:00.01 ; elapsed = 00:00:00 . Memory (MB): peak = 2729.012 ; gain = 0.000 ; free physical = 83840 ; free virtual = 124259
INFO: [Project 1-111] Unisim Transformation Summary:
No Unisim elements were transformed.

Constraint Validation Runtime : Time (s): cpu = 00:00:00.29 ; elapsed = 00:00:00.16 . Memory (MB): peak = 2729.012 ; gain = 0.000 ; free physical = 83840 ; free virtual = 124259
---------------------------------------------------------------------------------
Finished Constraint Validation : Time (s): cpu = 00:00:12 ; elapsed = 00:00:12 . Memory (MB): peak = 2729.012 ; gain = 703.277 ; free physical = 83819 ; free virtual = 124247
---------------------------------------------------------------------------------
---------------------------------------------------------------------------------
Start Loading Part and Timing Information
---------------------------------------------------------------------------------
Loading part: xc7z010clg400-1
---------------------------------------------------------------------------------
Finished Loading Part and Timing Information : Time (s): cpu = 00:00:12 ; elapsed = 00:00:12 . Memory (MB): peak = 2737.016 ; gain = 711.281 ; free physical = 83819 ; free virtual = 124247
---------------------------------------------------------------------------------
---------------------------------------------------------------------------------
Start Applying 'set_property' XDC Constraints
---------------------------------------------------------------------------------
---------------------------------------------------------------------------------
Finished applying 'set_property' XDC Constraints : Time (s): cpu = 00:00:12 ; elapsed = 00:00:12 . Memory (MB): peak = 2737.016 ; gain = 711.281 ; free physical = 83819 ; free virtual = 124246
---------------------------------------------------------------------------------
---------------------------------------------------------------------------------
Finished RTL Optimization Phase 2 : Time (s): cpu = 00:00:13 ; elapsed = 00:00:13 . Memory (MB): peak = 2737.016 ; gain = 711.281 ; free physical = 83818 ; free virtual = 124259
---------------------------------------------------------------------------------
INFO: [Synth 8-223] decloning instance 'custom_dsp_dense_implementation_ap_int_16_ap_int_48_config2_U0/dsp_48ns_32ns_64ns_25ns_30s_18s_48ns_1ns_48_5_1_U10' (SampleNeuralNet_dsp_48ns_32ns_64ns_25ns_30s_18s_48ns_1ns_48_5_1) to 'custom_dsp_dense_implementation_ap_int_16_ap_int_48_config2_U0/dsp_48ns_32ns_64ns_25ns_30s_18s_48ns_1ns_48_5_1_U11'
INFO: [Synth 8-223] decloning instance 'custom_dsp_dense_implementation_ap_int_16_ap_int_48_config2_U0/dsp_48ns_32ns_64ns_25ns_30s_18s_48ns_1ns_48_5_1_U10' (SampleNeuralNet_dsp_48ns_32ns_64ns_25ns_30s_18s_48ns_1ns_48_5_1) to 'custom_dsp_dense_implementation_ap_int_16_ap_int_48_config2_U0/dsp_48ns_32ns_64ns_25ns_30s_18s_48ns_1ns_48_5_1_U12'
INFO: [Synth 8-223] decloning instance 'custom_dsp_dense_implementation_ap_int_16_ap_int_48_config2_U0/dsp_48ns_32ns_64ns_25ns_30s_18s_48ns_1ns_48_5_1_U10' (SampleNeuralNet_dsp_48ns_32ns_64ns_25ns_30s_18s_48ns_1ns_48_5_1) to 'custom_dsp_dense_implementation_ap_int_16_ap_int_48_config2_U0/dsp_48ns_32ns_64ns_25ns_30s_18s_48ns_1ns_48_5_1_U13'
INFO: [Synth 8-223] decloning instance 'custom_dsp_dense_implementation_ap_int_16_ap_int_48_config2_U0/dsp_48ns_32ns_64ns_25ns_30s_18s_48ns_1ns_48_5_1_U10' (SampleNeuralNet_dsp_48ns_32ns_64ns_25ns_30s_18s_48ns_1ns_48_5_1) to 'custom_dsp_dense_implementation_ap_int_16_ap_int_48_config2_U0/dsp_48ns_32ns_64ns_25ns_30s_18s_48ns_1ns_48_5_1_U14'
INFO: [Synth 8-223] decloning instance 'custom_dsp_dense_implementation_ap_int_16_ap_int_48_config2_U0/dsp_48ns_32ns_64ns_25ns_30s_18s_48ns_1ns_48_5_1_U10' (SampleNeuralNet_dsp_48ns_32ns_64ns_25ns_30s_18s_48ns_1ns_48_5_1) to 'custom_dsp_dense_implementation_ap_int_16_ap_int_48_config2_U0/dsp_48ns_32ns_64ns_25ns_30s_18s_48ns_1ns_48_5_1_U15'
INFO: [Synth 8-223] decloning instance 'custom_dsp_dense_implementation_ap_int_16_ap_int_48_config2_U0/dsp_48ns_32ns_64ns_25ns_30s_18s_48ns_1ns_48_5_1_U10' (SampleNeuralNet_dsp_48ns_32ns_64ns_25ns_30s_18s_48ns_1ns_48_5_1) to 'custom_dsp_dense_implementation_ap_int_16_ap_int_48_config2_U0/dsp_48ns_32ns_64ns_25ns_30s_18s_48ns_1ns_48_5_1_U16'
INFO: [Synth 8-223] decloning instance 'custom_dsp_dense_implementation_ap_int_16_ap_int_48_config4_U0/dsp_48ns_32ns_64ns_25ns_30ns_18ns_48ns_1s_48_5_1_U47' (SampleNeuralNet_dsp_48ns_32ns_64ns_25ns_30ns_18ns_48ns_1s_48_5_1) to 'custom_dsp_dense_implementation_ap_int_16_ap_int_48_config4_U0/dsp_48ns_32ns_64ns_25ns_30ns_18ns_48ns_1s_48_5_1_U50'
INFO: [Synth 8-223] decloning instance 'custom_dsp_dense_implementation_ap_int_16_ap_int_48_config4_U0/dsp_48ns_32ns_64ns_25ns_30s_18s_48ns_1ns_48_5_1_U52' (SampleNeuralNet_dsp_48ns_32ns_64ns_25ns_30s_18s_48ns_1ns_48_5_1) to 'custom_dsp_dense_implementation_ap_int_16_ap_int_48_config4_U0/dsp_48ns_32ns_64ns_25ns_30s_18s_48ns_1ns_48_5_1_U53'
INFO: [Synth 8-223] decloning instance 'custom_dsp_dense_implementation_ap_int_16_ap_int_48_config4_U0/dsp_48ns_32ns_64ns_25ns_30s_18s_48ns_1ns_48_5_1_U52' (SampleNeuralNet_dsp_48ns_32ns_64ns_25ns_30s_18s_48ns_1ns_48_5_1) to 'custom_dsp_dense_implementation_ap_int_16_ap_int_48_config4_U0/dsp_48ns_32ns_64ns_25ns_30s_18s_48ns_1ns_48_5_1_U54'
INFO: [Synth 8-223] decloning instance 'custom_dsp_dense_implementation_ap_int_16_ap_int_48_config4_U0/dsp_48ns_32ns_64ns_25ns_30s_18s_48ns_1ns_48_5_1_U52' (SampleNeuralNet_dsp_48ns_32ns_64ns_25ns_30s_18s_48ns_1ns_48_5_1) to 'custom_dsp_dense_implementation_ap_int_16_ap_int_48_config4_U0/dsp_48ns_32ns_64ns_25ns_30s_18s_48ns_1ns_48_5_1_U55'
INFO: [Synth 8-223] decloning instance 'custom_dsp_dense_implementation_ap_int_16_ap_int_48_config4_U0/dsp_48ns_32ns_64ns_25ns_30s_18s_48ns_1ns_48_5_1_U52' (SampleNeuralNet_dsp_48ns_32ns_64ns_25ns_30s_18s_48ns_1ns_48_5_1) to 'custom_dsp_dense_implementation_ap_int_16_ap_int_48_config4_U0/dsp_48ns_32ns_64ns_25ns_30s_18s_48ns_1ns_48_5_1_U56'
INFO: [Synth 8-223] decloning instance 'custom_dsp_dense_implementation_ap_int_16_ap_int_48_config4_U0/dsp_48ns_32ns_64ns_25ns_30s_18s_48ns_1ns_48_5_1_U52' (SampleNeuralNet_dsp_48ns_32ns_64ns_25ns_30s_18s_48ns_1ns_48_5_1) to 'custom_dsp_dense_implementation_ap_int_16_ap_int_48_config4_U0/dsp_48ns_32ns_64ns_25ns_30s_18s_48ns_1ns_48_5_1_U57'
INFO: [Synth 8-223] decloning instance 'custom_dsp_dense_implementation_ap_int_16_ap_int_48_config4_U0/dsp_48ns_32ns_64ns_25ns_30s_18s_48ns_1ns_48_5_1_U52' (SampleNeuralNet_dsp_48ns_32ns_64ns_25ns_30s_18s_48ns_1ns_48_5_1) to 'custom_dsp_dense_implementation_ap_int_16_ap_int_48_config4_U0/dsp_48ns_32ns_64ns_25ns_30s_18s_48ns_1ns_48_5_1_U58'
INFO: [Synth 8-223] decloning instance 'custom_dsp_dense_implementation_ap_int_16_ap_int_48_config6_U0/dsp_48ns_32ns_64ns_25ns_30ns_18ns_48ns_1s_48_5_1_U90' (SampleNeuralNet_dsp_48ns_32ns_64ns_25ns_30ns_18ns_48ns_1s_48_5_1) to 'custom_dsp_dense_implementation_ap_int_16_ap_int_48_config6_U0/dsp_48ns_32ns_64ns_25ns_30ns_18ns_48ns_1s_48_5_1_U92'
INFO: [Synth 8-223] decloning instance 'custom_dsp_dense_implementation_ap_int_16_ap_int_48_config6_U0/dsp_48ns_32ns_64ns_25ns_30s_18s_48ns_1ns_48_5_1_U95' (SampleNeuralNet_dsp_48ns_32ns_64ns_25ns_30s_18s_48ns_1ns_48_5_1) to 'custom_dsp_dense_implementation_ap_int_16_ap_int_48_config6_U0/dsp_48ns_32ns_64ns_25ns_30s_18s_48ns_1ns_48_5_1_U96'
INFO: [Synth 8-223] decloning instance 'custom_dsp_dense_implementation_ap_int_16_ap_int_48_config6_U0/dsp_48ns_32ns_64ns_25ns_30s_18s_48ns_1ns_48_5_1_U95' (SampleNeuralNet_dsp_48ns_32ns_64ns_25ns_30s_18s_48ns_1ns_48_5_1) to 'custom_dsp_dense_implementation_ap_int_16_ap_int_48_config6_U0/dsp_48ns_32ns_64ns_25ns_30s_18s_48ns_1ns_48_5_1_U97'
INFO: [Synth 8-223] decloning instance 'custom_dsp_dense_implementation_ap_int_16_ap_int_48_config6_U0/dsp_48ns_32ns_64ns_25ns_30s_18s_48ns_1ns_48_5_1_U95' (SampleNeuralNet_dsp_48ns_32ns_64ns_25ns_30s_18s_48ns_1ns_48_5_1) to 'custom_dsp_dense_implementation_ap_int_16_ap_int_48_config6_U0/dsp_48ns_32ns_64ns_25ns_30s_18s_48ns_1ns_48_5_1_U98'
INFO: [Synth 8-223] decloning instance 'custom_dsp_dense_implementation_ap_int_16_ap_int_48_config6_U0/dsp_48ns_32ns_64ns_25ns_30s_18s_48ns_1ns_48_5_1_U95' (SampleNeuralNet_dsp_48ns_32ns_64ns_25ns_30s_18s_48ns_1ns_48_5_1) to 'custom_dsp_dense_implementation_ap_int_16_ap_int_48_config6_U0/dsp_48ns_32ns_64ns_25ns_30s_18s_48ns_1ns_48_5_1_U99'
INFO: [Synth 8-223] decloning instance 'custom_dsp_dense_implementation_ap_int_16_ap_int_48_config6_U0/dsp_48ns_32ns_64ns_25ns_30s_18s_48ns_1ns_48_5_1_U95' (SampleNeuralNet_dsp_48ns_32ns_64ns_25ns_30s_18s_48ns_1ns_48_5_1) to 'custom_dsp_dense_implementation_ap_int_16_ap_int_48_config6_U0/dsp_48ns_32ns_64ns_25ns_30s_18s_48ns_1ns_48_5_1_U100'
INFO: [Synth 8-223] decloning instance 'custom_dsp_dense_implementation_ap_int_16_ap_int_48_config6_U0/dsp_48ns_32ns_64ns_25ns_30s_18s_48ns_1ns_48_5_1_U95' (SampleNeuralNet_dsp_48ns_32ns_64ns_25ns_30s_18s_48ns_1ns_48_5_1) to 'custom_dsp_dense_implementation_ap_int_16_ap_int_48_config6_U0/dsp_48ns_32ns_64ns_25ns_30s_18s_48ns_1ns_48_5_1_U101'
---------------------------------------------------------------------------------
Start RTL Component Statistics 
---------------------------------------------------------------------------------
Detailed RTL Component Info : 
+---Adders : 
	   3 Input   26 Bit       Adders := 24    
	   3 Input   25 Bit       Adders := 24    
	   2 Input    7 Bit       Adders := 1     
	   3 Input    7 Bit       Adders := 8     
	   2 Input    6 Bit       Adders := 16    
	   2 Input    4 Bit       Adders := 6     
	   2 Input    3 Bit       Adders := 40    
	   2 Input    2 Bit       Adders := 40    
+---XORs : 
	   2 Input      1 Bit         XORs := 80    
+---Registers : 
	              128 Bit    Registers := 32    
	              117 Bit    Registers := 6     
	               48 Bit    Registers := 141   
	               30 Bit    Registers := 3     
	               25 Bit    Registers := 76    
	               24 Bit    Registers := 24    
	               16 Bit    Registers := 205   
	                7 Bit    Registers := 1     
	                6 Bit    Registers := 8     
	                4 Bit    Registers := 10    
	                3 Bit    Registers := 45    
	                2 Bit    Registers := 40    
	                1 Bit    Registers := 433   
+---ROMs : 
	                    ROMs := 3     
+---Muxes : 
	   2 Input  128 Bit        Muxes := 1     
	   2 Input   50 Bit        Muxes := 8     
	   2 Input   48 Bit        Muxes := 139   
	   2 Input   16 Bit        Muxes := 128   
	   2 Input    4 Bit        Muxes := 11    
	   6 Input    2 Bit        Muxes := 1     
	   2 Input    2 Bit        Muxes := 88    
	   2 Input    1 Bit        Muxes := 209   
	   9 Input    1 Bit        Muxes := 16    
	   4 Input    1 Bit        Muxes := 8     
---------------------------------------------------------------------------------
Finished RTL Component Statistics 
---------------------------------------------------------------------------------
---------------------------------------------------------------------------------
Start Part Resource Summary
---------------------------------------------------------------------------------
Part Resources:
DSPs: 80 (col length:40)
BRAMs: 120 (col length: RAMB18 40 RAMB36 20)
---------------------------------------------------------------------------------
Finished Part Resource Summary
---------------------------------------------------------------------------------
---------------------------------------------------------------------------------
Start Cross Boundary and Area Optimization
---------------------------------------------------------------------------------
WARNING: [Synth 8-7080] Parallel synthesis criteria is not met
DSP Report: Generating DSP SampleNeuralNet_dsp_48ns_32ns_64ns_25ns_30ns_18ns_48ns_1s_48_5_1_DSP_Builtin_U/p_reg_reg, operation Mode is: ((C:0x0) or P)+((D+A'')*B'')'.
DSP Report: register SampleNeuralNet_dsp_48ns_32ns_64ns_25ns_30ns_18ns_48ns_1s_48_5_1_DSP_Builtin_U/a1_reg_reg is absorbed into DSP SampleNeuralNet_dsp_48ns_32ns_64ns_25ns_30ns_18ns_48ns_1s_48_5_1_DSP_Builtin_U/p_reg_reg.
DSP Report: register SampleNeuralNet_dsp_48ns_32ns_64ns_25ns_30ns_18ns_48ns_1s_48_5_1_DSP_Builtin_U/a2_reg_reg is absorbed into DSP SampleNeuralNet_dsp_48ns_32ns_64ns_25ns_30ns_18ns_48ns_1s_48_5_1_DSP_Builtin_U/p_reg_reg.
DSP Report: register SampleNeuralNet_dsp_48ns_32ns_64ns_25ns_30ns_18ns_48ns_1s_48_5_1_DSP_Builtin_U/b1_reg_reg is absorbed into DSP SampleNeuralNet_dsp_48ns_32ns_64ns_25ns_30ns_18ns_48ns_1s_48_5_1_DSP_Builtin_U/p_reg_reg.
DSP Report: register SampleNeuralNet_dsp_48ns_32ns_64ns_25ns_30ns_18ns_48ns_1s_48_5_1_DSP_Builtin_U/b2_reg_reg is absorbed into DSP SampleNeuralNet_dsp_48ns_32ns_64ns_25ns_30ns_18ns_48ns_1s_48_5_1_DSP_Builtin_U/p_reg_reg.
DSP Report: register SampleNeuralNet_dsp_48ns_32ns_64ns_25ns_30ns_18ns_48ns_1s_48_5_1_DSP_Builtin_U/p_reg_reg is absorbed into DSP SampleNeuralNet_dsp_48ns_32ns_64ns_25ns_30ns_18ns_48ns_1s_48_5_1_DSP_Builtin_U/p_reg_reg.
DSP Report: register SampleNeuralNet_dsp_48ns_32ns_64ns_25ns_30ns_18ns_48ns_1s_48_5_1_DSP_Builtin_U/m_reg_reg is absorbed into DSP SampleNeuralNet_dsp_48ns_32ns_64ns_25ns_30ns_18ns_48ns_1s_48_5_1_DSP_Builtin_U/p_reg_reg.
DSP Report: operator SampleNeuralNet_dsp_48ns_32ns_64ns_25ns_30ns_18ns_48ns_1s_48_5_1_DSP_Builtin_U/p is absorbed into DSP SampleNeuralNet_dsp_48ns_32ns_64ns_25ns_30ns_18ns_48ns_1s_48_5_1_DSP_Builtin_U/p_reg_reg.
DSP Report: operator SampleNeuralNet_dsp_48ns_32ns_64ns_25ns_30ns_18ns_48ns_1s_48_5_1_DSP_Builtin_U/m is absorbed into DSP SampleNeuralNet_dsp_48ns_32ns_64ns_25ns_30ns_18ns_48ns_1s_48_5_1_DSP_Builtin_U/p_reg_reg.
DSP Report: operator SampleNeuralNet_dsp_48ns_32ns_64ns_25ns_30ns_18ns_48ns_1s_48_5_1_DSP_Builtin_U/ad is absorbed into DSP SampleNeuralNet_dsp_48ns_32ns_64ns_25ns_30ns_18ns_48ns_1s_48_5_1_DSP_Builtin_U/p_reg_reg.
DSP Report: Generating DSP SampleNeuralNet_dsp_48ns_32ns_64ns_25ns_30s_18ns_48ns_1s_48_5_1_DSP_Builtin_U/p_reg_reg, operation Mode is: ((C:0x0) or P)+((D+A'')*B'')'.
DSP Report: register SampleNeuralNet_dsp_48ns_32ns_64ns_25ns_30s_18ns_48ns_1s_48_5_1_DSP_Builtin_U/a1_reg_reg is absorbed into DSP SampleNeuralNet_dsp_48ns_32ns_64ns_25ns_30s_18ns_48ns_1s_48_5_1_DSP_Builtin_U/p_reg_reg.
DSP Report: register SampleNeuralNet_dsp_48ns_32ns_64ns_25ns_30s_18ns_48ns_1s_48_5_1_DSP_Builtin_U/a2_reg_reg is absorbed into DSP SampleNeuralNet_dsp_48ns_32ns_64ns_25ns_30s_18ns_48ns_1s_48_5_1_DSP_Builtin_U/p_reg_reg.
DSP Report: register SampleNeuralNet_dsp_48ns_32ns_64ns_25ns_30s_18ns_48ns_1s_48_5_1_DSP_Builtin_U/b1_reg_reg is absorbed into DSP SampleNeuralNet_dsp_48ns_32ns_64ns_25ns_30s_18ns_48ns_1s_48_5_1_DSP_Builtin_U/p_reg_reg.
DSP Report: register SampleNeuralNet_dsp_48ns_32ns_64ns_25ns_30s_18ns_48ns_1s_48_5_1_DSP_Builtin_U/b2_reg_reg is absorbed into DSP SampleNeuralNet_dsp_48ns_32ns_64ns_25ns_30s_18ns_48ns_1s_48_5_1_DSP_Builtin_U/p_reg_reg.
DSP Report: register SampleNeuralNet_dsp_48ns_32ns_64ns_25ns_30s_18ns_48ns_1s_48_5_1_DSP_Builtin_U/p_reg_reg is absorbed into DSP SampleNeuralNet_dsp_48ns_32ns_64ns_25ns_30s_18ns_48ns_1s_48_5_1_DSP_Builtin_U/p_reg_reg.
DSP Report: register SampleNeuralNet_dsp_48ns_32ns_64ns_25ns_30s_18ns_48ns_1s_48_5_1_DSP_Builtin_U/m_reg_reg is absorbed into DSP SampleNeuralNet_dsp_48ns_32ns_64ns_25ns_30s_18ns_48ns_1s_48_5_1_DSP_Builtin_U/p_reg_reg.
DSP Report: operator SampleNeuralNet_dsp_48ns_32ns_64ns_25ns_30s_18ns_48ns_1s_48_5_1_DSP_Builtin_U/p is absorbed into DSP SampleNeuralNet_dsp_48ns_32ns_64ns_25ns_30s_18ns_48ns_1s_48_5_1_DSP_Builtin_U/p_reg_reg.
DSP Report: operator SampleNeuralNet_dsp_48ns_32ns_64ns_25ns_30s_18ns_48ns_1s_48_5_1_DSP_Builtin_U/m is absorbed into DSP SampleNeuralNet_dsp_48ns_32ns_64ns_25ns_30s_18ns_48ns_1s_48_5_1_DSP_Builtin_U/p_reg_reg.
DSP Report: operator SampleNeuralNet_dsp_48ns_32ns_64ns_25ns_30s_18ns_48ns_1s_48_5_1_DSP_Builtin_U/ad is absorbed into DSP SampleNeuralNet_dsp_48ns_32ns_64ns_25ns_30s_18ns_48ns_1s_48_5_1_DSP_Builtin_U/p_reg_reg.
DSP Report: Generating DSP SampleNeuralNet_dsp_48ns_32ns_64ns_25ns_30ns_18ns_48ns_1s_48_5_1_DSP_Builtin_U/p_reg_reg, operation Mode is: ((C:0x0) or P)+((D+A'')*B'')'.
DSP Report: register SampleNeuralNet_dsp_48ns_32ns_64ns_25ns_30ns_18ns_48ns_1s_48_5_1_DSP_Builtin_U/a1_reg_reg is absorbed into DSP SampleNeuralNet_dsp_48ns_32ns_64ns_25ns_30ns_18ns_48ns_1s_48_5_1_DSP_Builtin_U/p_reg_reg.
DSP Report: register SampleNeuralNet_dsp_48ns_32ns_64ns_25ns_30ns_18ns_48ns_1s_48_5_1_DSP_Builtin_U/a2_reg_reg is absorbed into DSP SampleNeuralNet_dsp_48ns_32ns_64ns_25ns_30ns_18ns_48ns_1s_48_5_1_DSP_Builtin_U/p_reg_reg.
DSP Report: register SampleNeuralNet_dsp_48ns_32ns_64ns_25ns_30ns_18ns_48ns_1s_48_5_1_DSP_Builtin_U/b1_reg_reg is absorbed into DSP SampleNeuralNet_dsp_48ns_32ns_64ns_25ns_30ns_18ns_48ns_1s_48_5_1_DSP_Builtin_U/p_reg_reg.
DSP Report: register SampleNeuralNet_dsp_48ns_32ns_64ns_25ns_30ns_18ns_48ns_1s_48_5_1_DSP_Builtin_U/b2_reg_reg is absorbed into DSP SampleNeuralNet_dsp_48ns_32ns_64ns_25ns_30ns_18ns_48ns_1s_48_5_1_DSP_Builtin_U/p_reg_reg.
DSP Report: register SampleNeuralNet_dsp_48ns_32ns_64ns_25ns_30ns_18ns_48ns_1s_48_5_1_DSP_Builtin_U/p_reg_reg is absorbed into DSP SampleNeuralNet_dsp_48ns_32ns_64ns_25ns_30ns_18ns_48ns_1s_48_5_1_DSP_Builtin_U/p_reg_reg.
DSP Report: register SampleNeuralNet_dsp_48ns_32ns_64ns_25ns_30ns_18ns_48ns_1s_48_5_1_DSP_Builtin_U/m_reg_reg is absorbed into DSP SampleNeuralNet_dsp_48ns_32ns_64ns_25ns_30ns_18ns_48ns_1s_48_5_1_DSP_Builtin_U/p_reg_reg.
DSP Report: operator SampleNeuralNet_dsp_48ns_32ns_64ns_25ns_30ns_18ns_48ns_1s_48_5_1_DSP_Builtin_U/p is absorbed into DSP SampleNeuralNet_dsp_48ns_32ns_64ns_25ns_30ns_18ns_48ns_1s_48_5_1_DSP_Builtin_U/p_reg_reg.
DSP Report: operator SampleNeuralNet_dsp_48ns_32ns_64ns_25ns_30ns_18ns_48ns_1s_48_5_1_DSP_Builtin_U/m is absorbed into DSP SampleNeuralNet_dsp_48ns_32ns_64ns_25ns_30ns_18ns_48ns_1s_48_5_1_DSP_Builtin_U/p_reg_reg.
DSP Report: operator SampleNeuralNet_dsp_48ns_32ns_64ns_25ns_30ns_18ns_48ns_1s_48_5_1_DSP_Builtin_U/ad is absorbed into DSP SampleNeuralNet_dsp_48ns_32ns_64ns_25ns_30ns_18ns_48ns_1s_48_5_1_DSP_Builtin_U/p_reg_reg.
DSP Report: Generating DSP SampleNeuralNet_dsp_48ns_32ns_64ns_25ns_30ns_18ns_48ns_1s_48_5_1_DSP_Builtin_U/p_reg_reg, operation Mode is: ((C:0x0) or P)+((D+A'')*B'')'.
DSP Report: register SampleNeuralNet_dsp_48ns_32ns_64ns_25ns_30ns_18ns_48ns_1s_48_5_1_DSP_Builtin_U/a1_reg_reg is absorbed into DSP SampleNeuralNet_dsp_48ns_32ns_64ns_25ns_30ns_18ns_48ns_1s_48_5_1_DSP_Builtin_U/p_reg_reg.
DSP Report: register SampleNeuralNet_dsp_48ns_32ns_64ns_25ns_30ns_18ns_48ns_1s_48_5_1_DSP_Builtin_U/a2_reg_reg is absorbed into DSP SampleNeuralNet_dsp_48ns_32ns_64ns_25ns_30ns_18ns_48ns_1s_48_5_1_DSP_Builtin_U/p_reg_reg.
DSP Report: register SampleNeuralNet_dsp_48ns_32ns_64ns_25ns_30ns_18ns_48ns_1s_48_5_1_DSP_Builtin_U/b1_reg_reg is absorbed into DSP SampleNeuralNet_dsp_48ns_32ns_64ns_25ns_30ns_18ns_48ns_1s_48_5_1_DSP_Builtin_U/p_reg_reg.
DSP Report: register SampleNeuralNet_dsp_48ns_32ns_64ns_25ns_30ns_18ns_48ns_1s_48_5_1_DSP_Builtin_U/b2_reg_reg is absorbed into DSP SampleNeuralNet_dsp_48ns_32ns_64ns_25ns_30ns_18ns_48ns_1s_48_5_1_DSP_Builtin_U/p_reg_reg.
DSP Report: register SampleNeuralNet_dsp_48ns_32ns_64ns_25ns_30ns_18ns_48ns_1s_48_5_1_DSP_Builtin_U/p_reg_reg is absorbed into DSP SampleNeuralNet_dsp_48ns_32ns_64ns_25ns_30ns_18ns_48ns_1s_48_5_1_DSP_Builtin_U/p_reg_reg.
DSP Report: register SampleNeuralNet_dsp_48ns_32ns_64ns_25ns_30ns_18ns_48ns_1s_48_5_1_DSP_Builtin_U/m_reg_reg is absorbed into DSP SampleNeuralNet_dsp_48ns_32ns_64ns_25ns_30ns_18ns_48ns_1s_48_5_1_DSP_Builtin_U/p_reg_reg.
DSP Report: operator SampleNeuralNet_dsp_48ns_32ns_64ns_25ns_30ns_18ns_48ns_1s_48_5_1_DSP_Builtin_U/p is absorbed into DSP SampleNeuralNet_dsp_48ns_32ns_64ns_25ns_30ns_18ns_48ns_1s_48_5_1_DSP_Builtin_U/p_reg_reg.
DSP Report: operator SampleNeuralNet_dsp_48ns_32ns_64ns_25ns_30ns_18ns_48ns_1s_48_5_1_DSP_Builtin_U/m is absorbed into DSP SampleNeuralNet_dsp_48ns_32ns_64ns_25ns_30ns_18ns_48ns_1s_48_5_1_DSP_Builtin_U/p_reg_reg.
DSP Report: operator SampleNeuralNet_dsp_48ns_32ns_64ns_25ns_30ns_18ns_48ns_1s_48_5_1_DSP_Builtin_U/ad is absorbed into DSP SampleNeuralNet_dsp_48ns_32ns_64ns_25ns_30ns_18ns_48ns_1s_48_5_1_DSP_Builtin_U/p_reg_reg.
DSP Report: Generating DSP SampleNeuralNet_dsp_48ns_32ns_64ns_25ns_30ns_18ns_48ns_1s_48_5_1_DSP_Builtin_U/p_reg_reg, operation Mode is: ((C:0x0) or P)+((D+A'')*B'')'.
DSP Report: register SampleNeuralNet_dsp_48ns_32ns_64ns_25ns_30ns_18ns_48ns_1s_48_5_1_DSP_Builtin_U/a1_reg_reg is absorbed into DSP SampleNeuralNet_dsp_48ns_32ns_64ns_25ns_30ns_18ns_48ns_1s_48_5_1_DSP_Builtin_U/p_reg_reg.
DSP Report: register SampleNeuralNet_dsp_48ns_32ns_64ns_25ns_30ns_18ns_48ns_1s_48_5_1_DSP_Builtin_U/a2_reg_reg is absorbed into DSP SampleNeuralNet_dsp_48ns_32ns_64ns_25ns_30ns_18ns_48ns_1s_48_5_1_DSP_Builtin_U/p_reg_reg.
DSP Report: register SampleNeuralNet_dsp_48ns_32ns_64ns_25ns_30ns_18ns_48ns_1s_48_5_1_DSP_Builtin_U/b1_reg_reg is absorbed into DSP SampleNeuralNet_dsp_48ns_32ns_64ns_25ns_30ns_18ns_48ns_1s_48_5_1_DSP_Builtin_U/p_reg_reg.
DSP Report: register SampleNeuralNet_dsp_48ns_32ns_64ns_25ns_30ns_18ns_48ns_1s_48_5_1_DSP_Builtin_U/b2_reg_reg is absorbed into DSP SampleNeuralNet_dsp_48ns_32ns_64ns_25ns_30ns_18ns_48ns_1s_48_5_1_DSP_Builtin_U/p_reg_reg.
DSP Report: register SampleNeuralNet_dsp_48ns_32ns_64ns_25ns_30ns_18ns_48ns_1s_48_5_1_DSP_Builtin_U/p_reg_reg is absorbed into DSP SampleNeuralNet_dsp_48ns_32ns_64ns_25ns_30ns_18ns_48ns_1s_48_5_1_DSP_Builtin_U/p_reg_reg.
DSP Report: register SampleNeuralNet_dsp_48ns_32ns_64ns_25ns_30ns_18ns_48ns_1s_48_5_1_DSP_Builtin_U/m_reg_reg is absorbed into DSP SampleNeuralNet_dsp_48ns_32ns_64ns_25ns_30ns_18ns_48ns_1s_48_5_1_DSP_Builtin_U/p_reg_reg.
DSP Report: operator SampleNeuralNet_dsp_48ns_32ns_64ns_25ns_30ns_18ns_48ns_1s_48_5_1_DSP_Builtin_U/p is absorbed into DSP SampleNeuralNet_dsp_48ns_32ns_64ns_25ns_30ns_18ns_48ns_1s_48_5_1_DSP_Builtin_U/p_reg_reg.
DSP Report: operator SampleNeuralNet_dsp_48ns_32ns_64ns_25ns_30ns_18ns_48ns_1s_48_5_1_DSP_Builtin_U/m is absorbed into DSP SampleNeuralNet_dsp_48ns_32ns_64ns_25ns_30ns_18ns_48ns_1s_48_5_1_DSP_Builtin_U/p_reg_reg.
DSP Report: operator SampleNeuralNet_dsp_48ns_32ns_64ns_25ns_30ns_18ns_48ns_1s_48_5_1_DSP_Builtin_U/ad is absorbed into DSP SampleNeuralNet_dsp_48ns_32ns_64ns_25ns_30ns_18ns_48ns_1s_48_5_1_DSP_Builtin_U/p_reg_reg.
DSP Report: Generating DSP SampleNeuralNet_dsp_48ns_32ns_64ns_25ns_30ns_18ns_48ns_1s_48_5_1_DSP_Builtin_U/p_reg_reg, operation Mode is: ((C:0x0) or P)+((D+A'')*B'')'.
DSP Report: register SampleNeuralNet_dsp_48ns_32ns_64ns_25ns_30ns_18ns_48ns_1s_48_5_1_DSP_Builtin_U/a1_reg_reg is absorbed into DSP SampleNeuralNet_dsp_48ns_32ns_64ns_25ns_30ns_18ns_48ns_1s_48_5_1_DSP_Builtin_U/p_reg_reg.
DSP Report: register SampleNeuralNet_dsp_48ns_32ns_64ns_25ns_30ns_18ns_48ns_1s_48_5_1_DSP_Builtin_U/a2_reg_reg is absorbed into DSP SampleNeuralNet_dsp_48ns_32ns_64ns_25ns_30ns_18ns_48ns_1s_48_5_1_DSP_Builtin_U/p_reg_reg.
DSP Report: register SampleNeuralNet_dsp_48ns_32ns_64ns_25ns_30ns_18ns_48ns_1s_48_5_1_DSP_Builtin_U/b1_reg_reg is absorbed into DSP SampleNeuralNet_dsp_48ns_32ns_64ns_25ns_30ns_18ns_48ns_1s_48_5_1_DSP_Builtin_U/p_reg_reg.
DSP Report: register SampleNeuralNet_dsp_48ns_32ns_64ns_25ns_30ns_18ns_48ns_1s_48_5_1_DSP_Builtin_U/b2_reg_reg is absorbed into DSP SampleNeuralNet_dsp_48ns_32ns_64ns_25ns_30ns_18ns_48ns_1s_48_5_1_DSP_Builtin_U/p_reg_reg.
DSP Report: register SampleNeuralNet_dsp_48ns_32ns_64ns_25ns_30ns_18ns_48ns_1s_48_5_1_DSP_Builtin_U/p_reg_reg is absorbed into DSP SampleNeuralNet_dsp_48ns_32ns_64ns_25ns_30ns_18ns_48ns_1s_48_5_1_DSP_Builtin_U/p_reg_reg.
DSP Report: register SampleNeuralNet_dsp_48ns_32ns_64ns_25ns_30ns_18ns_48ns_1s_48_5_1_DSP_Builtin_U/m_reg_reg is absorbed into DSP SampleNeuralNet_dsp_48ns_32ns_64ns_25ns_30ns_18ns_48ns_1s_48_5_1_DSP_Builtin_U/p_reg_reg.
DSP Report: operator SampleNeuralNet_dsp_48ns_32ns_64ns_25ns_30ns_18ns_48ns_1s_48_5_1_DSP_Builtin_U/p is absorbed into DSP SampleNeuralNet_dsp_48ns_32ns_64ns_25ns_30ns_18ns_48ns_1s_48_5_1_DSP_Builtin_U/p_reg_reg.
DSP Report: operator SampleNeuralNet_dsp_48ns_32ns_64ns_25ns_30ns_18ns_48ns_1s_48_5_1_DSP_Builtin_U/m is absorbed into DSP SampleNeuralNet_dsp_48ns_32ns_64ns_25ns_30ns_18ns_48ns_1s_48_5_1_DSP_Builtin_U/p_reg_reg.
DSP Report: operator SampleNeuralNet_dsp_48ns_32ns_64ns_25ns_30ns_18ns_48ns_1s_48_5_1_DSP_Builtin_U/ad is absorbed into DSP SampleNeuralNet_dsp_48ns_32ns_64ns_25ns_30ns_18ns_48ns_1s_48_5_1_DSP_Builtin_U/p_reg_reg.
DSP Report: Generating DSP SampleNeuralNet_dsp_48ns_32ns_64ns_25ns_30s_18ns_48ns_1s_48_5_1_DSP_Builtin_U/p_reg_reg, operation Mode is: ((C:0x0) or P)+((D+A'')*B'')'.
DSP Report: register SampleNeuralNet_dsp_48ns_32ns_64ns_25ns_30s_18ns_48ns_1s_48_5_1_DSP_Builtin_U/a1_reg_reg is absorbed into DSP SampleNeuralNet_dsp_48ns_32ns_64ns_25ns_30s_18ns_48ns_1s_48_5_1_DSP_Builtin_U/p_reg_reg.
DSP Report: register SampleNeuralNet_dsp_48ns_32ns_64ns_25ns_30s_18ns_48ns_1s_48_5_1_DSP_Builtin_U/a2_reg_reg is absorbed into DSP SampleNeuralNet_dsp_48ns_32ns_64ns_25ns_30s_18ns_48ns_1s_48_5_1_DSP_Builtin_U/p_reg_reg.
DSP Report: register SampleNeuralNet_dsp_48ns_32ns_64ns_25ns_30s_18ns_48ns_1s_48_5_1_DSP_Builtin_U/b1_reg_reg is absorbed into DSP SampleNeuralNet_dsp_48ns_32ns_64ns_25ns_30s_18ns_48ns_1s_48_5_1_DSP_Builtin_U/p_reg_reg.
DSP Report: register SampleNeuralNet_dsp_48ns_32ns_64ns_25ns_30s_18ns_48ns_1s_48_5_1_DSP_Builtin_U/b2_reg_reg is absorbed into DSP SampleNeuralNet_dsp_48ns_32ns_64ns_25ns_30s_18ns_48ns_1s_48_5_1_DSP_Builtin_U/p_reg_reg.
DSP Report: register SampleNeuralNet_dsp_48ns_32ns_64ns_25ns_30s_18ns_48ns_1s_48_5_1_DSP_Builtin_U/p_reg_reg is absorbed into DSP SampleNeuralNet_dsp_48ns_32ns_64ns_25ns_30s_18ns_48ns_1s_48_5_1_DSP_Builtin_U/p_reg_reg.
DSP Report: register SampleNeuralNet_dsp_48ns_32ns_64ns_25ns_30s_18ns_48ns_1s_48_5_1_DSP_Builtin_U/m_reg_reg is absorbed into DSP SampleNeuralNet_dsp_48ns_32ns_64ns_25ns_30s_18ns_48ns_1s_48_5_1_DSP_Builtin_U/p_reg_reg.
DSP Report: operator SampleNeuralNet_dsp_48ns_32ns_64ns_25ns_30s_18ns_48ns_1s_48_5_1_DSP_Builtin_U/p is absorbed into DSP SampleNeuralNet_dsp_48ns_32ns_64ns_25ns_30s_18ns_48ns_1s_48_5_1_DSP_Builtin_U/p_reg_reg.
DSP Report: operator SampleNeuralNet_dsp_48ns_32ns_64ns_25ns_30s_18ns_48ns_1s_48_5_1_DSP_Builtin_U/m is absorbed into DSP SampleNeuralNet_dsp_48ns_32ns_64ns_25ns_30s_18ns_48ns_1s_48_5_1_DSP_Builtin_U/p_reg_reg.
DSP Report: operator SampleNeuralNet_dsp_48ns_32ns_64ns_25ns_30s_18ns_48ns_1s_48_5_1_DSP_Builtin_U/ad is absorbed into DSP SampleNeuralNet_dsp_48ns_32ns_64ns_25ns_30s_18ns_48ns_1s_48_5_1_DSP_Builtin_U/p_reg_reg.
DSP Report: Generating DSP SampleNeuralNet_dsp_48ns_32ns_64ns_25ns_30s_18s_48ns_1ns_48_5_1_DSP_Builtin_U/p_reg_reg, operation Mode is: ((C:0x0) or P)+((D+A'')*B'')'.
DSP Report: register SampleNeuralNet_dsp_48ns_32ns_64ns_25ns_30s_18s_48ns_1ns_48_5_1_DSP_Builtin_U/a1_reg_reg is absorbed into DSP SampleNeuralNet_dsp_48ns_32ns_64ns_25ns_30s_18s_48ns_1ns_48_5_1_DSP_Builtin_U/p_reg_reg.
DSP Report: register SampleNeuralNet_dsp_48ns_32ns_64ns_25ns_30s_18s_48ns_1ns_48_5_1_DSP_Builtin_U/a2_reg_reg is absorbed into DSP SampleNeuralNet_dsp_48ns_32ns_64ns_25ns_30s_18s_48ns_1ns_48_5_1_DSP_Builtin_U/p_reg_reg.
DSP Report: register SampleNeuralNet_dsp_48ns_32ns_64ns_25ns_30s_18s_48ns_1ns_48_5_1_DSP_Builtin_U/b1_reg_reg is absorbed into DSP SampleNeuralNet_dsp_48ns_32ns_64ns_25ns_30s_18s_48ns_1ns_48_5_1_DSP_Builtin_U/p_reg_reg.
DSP Report: register SampleNeuralNet_dsp_48ns_32ns_64ns_25ns_30s_18s_48ns_1ns_48_5_1_DSP_Builtin_U/b2_reg_reg is absorbed into DSP SampleNeuralNet_dsp_48ns_32ns_64ns_25ns_30s_18s_48ns_1ns_48_5_1_DSP_Builtin_U/p_reg_reg.
DSP Report: register SampleNeuralNet_dsp_48ns_32ns_64ns_25ns_30s_18s_48ns_1ns_48_5_1_DSP_Builtin_U/p_reg_reg is absorbed into DSP SampleNeuralNet_dsp_48ns_32ns_64ns_25ns_30s_18s_48ns_1ns_48_5_1_DSP_Builtin_U/p_reg_reg.
DSP Report: register SampleNeuralNet_dsp_48ns_32ns_64ns_25ns_30s_18s_48ns_1ns_48_5_1_DSP_Builtin_U/m_reg_reg is absorbed into DSP SampleNeuralNet_dsp_48ns_32ns_64ns_25ns_30s_18s_48ns_1ns_48_5_1_DSP_Builtin_U/p_reg_reg.
DSP Report: operator SampleNeuralNet_dsp_48ns_32ns_64ns_25ns_30s_18s_48ns_1ns_48_5_1_DSP_Builtin_U/p is absorbed into DSP SampleNeuralNet_dsp_48ns_32ns_64ns_25ns_30s_18s_48ns_1ns_48_5_1_DSP_Builtin_U/p_reg_reg.
DSP Report: operator SampleNeuralNet_dsp_48ns_32ns_64ns_25ns_30s_18s_48ns_1ns_48_5_1_DSP_Builtin_U/m is absorbed into DSP SampleNeuralNet_dsp_48ns_32ns_64ns_25ns_30s_18s_48ns_1ns_48_5_1_DSP_Builtin_U/p_reg_reg.
DSP Report: operator SampleNeuralNet_dsp_48ns_32ns_64ns_25ns_30s_18s_48ns_1ns_48_5_1_DSP_Builtin_U/ad is absorbed into DSP SampleNeuralNet_dsp_48ns_32ns_64ns_25ns_30s_18s_48ns_1ns_48_5_1_DSP_Builtin_U/p_reg_reg.
DSP Report: Generating DSP SampleNeuralNet_dsp_48ns_32ns_64ns_25ns_30s_18s_48ns_1ns_48_5_1_DSP_Builtin_U/p_reg_reg, operation Mode is: ((C:0x0) or P)+((D+A'')*B'')'.
DSP Report: register SampleNeuralNet_dsp_48ns_32ns_64ns_25ns_30s_18s_48ns_1ns_48_5_1_DSP_Builtin_U/a1_reg_reg is absorbed into DSP SampleNeuralNet_dsp_48ns_32ns_64ns_25ns_30s_18s_48ns_1ns_48_5_1_DSP_Builtin_U/p_reg_reg.
DSP Report: register SampleNeuralNet_dsp_48ns_32ns_64ns_25ns_30s_18s_48ns_1ns_48_5_1_DSP_Builtin_U/a2_reg_reg is absorbed into DSP SampleNeuralNet_dsp_48ns_32ns_64ns_25ns_30s_18s_48ns_1ns_48_5_1_DSP_Builtin_U/p_reg_reg.
DSP Report: register SampleNeuralNet_dsp_48ns_32ns_64ns_25ns_30s_18s_48ns_1ns_48_5_1_DSP_Builtin_U/b1_reg_reg is absorbed into DSP SampleNeuralNet_dsp_48ns_32ns_64ns_25ns_30s_18s_48ns_1ns_48_5_1_DSP_Builtin_U/p_reg_reg.
DSP Report: register SampleNeuralNet_dsp_48ns_32ns_64ns_25ns_30s_18s_48ns_1ns_48_5_1_DSP_Builtin_U/b2_reg_reg is absorbed into DSP SampleNeuralNet_dsp_48ns_32ns_64ns_25ns_30s_18s_48ns_1ns_48_5_1_DSP_Builtin_U/p_reg_reg.
DSP Report: register SampleNeuralNet_dsp_48ns_32ns_64ns_25ns_30s_18s_48ns_1ns_48_5_1_DSP_Builtin_U/p_reg_reg is absorbed into DSP SampleNeuralNet_dsp_48ns_32ns_64ns_25ns_30s_18s_48ns_1ns_48_5_1_DSP_Builtin_U/p_reg_reg.
DSP Report: register SampleNeuralNet_dsp_48ns_32ns_64ns_25ns_30s_18s_48ns_1ns_48_5_1_DSP_Builtin_U/m_reg_reg is absorbed into DSP SampleNeuralNet_dsp_48ns_32ns_64ns_25ns_30s_18s_48ns_1ns_48_5_1_DSP_Builtin_U/p_reg_reg.
DSP Report: operator SampleNeuralNet_dsp_48ns_32ns_64ns_25ns_30s_18s_48ns_1ns_48_5_1_DSP_Builtin_U/p is absorbed into DSP SampleNeuralNet_dsp_48ns_32ns_64ns_25ns_30s_18s_48ns_1ns_48_5_1_DSP_Builtin_U/p_reg_reg.
DSP Report: operator SampleNeuralNet_dsp_48ns_32ns_64ns_25ns_30s_18s_48ns_1ns_48_5_1_DSP_Builtin_U/m is absorbed into DSP SampleNeuralNet_dsp_48ns_32ns_64ns_25ns_30s_18s_48ns_1ns_48_5_1_DSP_Builtin_U/p_reg_reg.
DSP Report: operator SampleNeuralNet_dsp_48ns_32ns_64ns_25ns_30s_18s_48ns_1ns_48_5_1_DSP_Builtin_U/ad is absorbed into DSP SampleNeuralNet_dsp_48ns_32ns_64ns_25ns_30s_18s_48ns_1ns_48_5_1_DSP_Builtin_U/p_reg_reg.
DSP Report: Generating DSP SampleNeuralNet_dsp_48ns_32ns_64ns_25ns_30ns_18ns_48ns_1s_48_5_1_DSP_Builtin_U/p_reg_reg, operation Mode is: ((C:0x0) or P)+((D+A'')*B'')'.
DSP Report: register SampleNeuralNet_dsp_48ns_32ns_64ns_25ns_30ns_18ns_48ns_1s_48_5_1_DSP_Builtin_U/a1_reg_reg is absorbed into DSP SampleNeuralNet_dsp_48ns_32ns_64ns_25ns_30ns_18ns_48ns_1s_48_5_1_DSP_Builtin_U/p_reg_reg.
DSP Report: register SampleNeuralNet_dsp_48ns_32ns_64ns_25ns_30ns_18ns_48ns_1s_48_5_1_DSP_Builtin_U/a2_reg_reg is absorbed into DSP SampleNeuralNet_dsp_48ns_32ns_64ns_25ns_30ns_18ns_48ns_1s_48_5_1_DSP_Builtin_U/p_reg_reg.
DSP Report: register SampleNeuralNet_dsp_48ns_32ns_64ns_25ns_30ns_18ns_48ns_1s_48_5_1_DSP_Builtin_U/b1_reg_reg is absorbed into DSP SampleNeuralNet_dsp_48ns_32ns_64ns_25ns_30ns_18ns_48ns_1s_48_5_1_DSP_Builtin_U/p_reg_reg.
DSP Report: register SampleNeuralNet_dsp_48ns_32ns_64ns_25ns_30ns_18ns_48ns_1s_48_5_1_DSP_Builtin_U/b2_reg_reg is absorbed into DSP SampleNeuralNet_dsp_48ns_32ns_64ns_25ns_30ns_18ns_48ns_1s_48_5_1_DSP_Builtin_U/p_reg_reg.
DSP Report: register SampleNeuralNet_dsp_48ns_32ns_64ns_25ns_30ns_18ns_48ns_1s_48_5_1_DSP_Builtin_U/p_reg_reg is absorbed into DSP SampleNeuralNet_dsp_48ns_32ns_64ns_25ns_30ns_18ns_48ns_1s_48_5_1_DSP_Builtin_U/p_reg_reg.
DSP Report: register SampleNeuralNet_dsp_48ns_32ns_64ns_25ns_30ns_18ns_48ns_1s_48_5_1_DSP_Builtin_U/m_reg_reg is absorbed into DSP SampleNeuralNet_dsp_48ns_32ns_64ns_25ns_30ns_18ns_48ns_1s_48_5_1_DSP_Builtin_U/p_reg_reg.
DSP Report: operator SampleNeuralNet_dsp_48ns_32ns_64ns_25ns_30ns_18ns_48ns_1s_48_5_1_DSP_Builtin_U/p is absorbed into DSP SampleNeuralNet_dsp_48ns_32ns_64ns_25ns_30ns_18ns_48ns_1s_48_5_1_DSP_Builtin_U/p_reg_reg.
DSP Report: operator SampleNeuralNet_dsp_48ns_32ns_64ns_25ns_30ns_18ns_48ns_1s_48_5_1_DSP_Builtin_U/m is absorbed into DSP SampleNeuralNet_dsp_48ns_32ns_64ns_25ns_30ns_18ns_48ns_1s_48_5_1_DSP_Builtin_U/p_reg_reg.
DSP Report: operator SampleNeuralNet_dsp_48ns_32ns_64ns_25ns_30ns_18ns_48ns_1s_48_5_1_DSP_Builtin_U/ad is absorbed into DSP SampleNeuralNet_dsp_48ns_32ns_64ns_25ns_30ns_18ns_48ns_1s_48_5_1_DSP_Builtin_U/p_reg_reg.
DSP Report: Generating DSP SampleNeuralNet_dsp_48ns_32ns_64ns_25ns_30s_18ns_48ns_1s_48_5_1_DSP_Builtin_U/p_reg_reg, operation Mode is: ((C:0x0) or P)+((D+A'')*B'')'.
DSP Report: register SampleNeuralNet_dsp_48ns_32ns_64ns_25ns_30s_18ns_48ns_1s_48_5_1_DSP_Builtin_U/a1_reg_reg is absorbed into DSP SampleNeuralNet_dsp_48ns_32ns_64ns_25ns_30s_18ns_48ns_1s_48_5_1_DSP_Builtin_U/p_reg_reg.
DSP Report: register SampleNeuralNet_dsp_48ns_32ns_64ns_25ns_30s_18ns_48ns_1s_48_5_1_DSP_Builtin_U/a2_reg_reg is absorbed into DSP SampleNeuralNet_dsp_48ns_32ns_64ns_25ns_30s_18ns_48ns_1s_48_5_1_DSP_Builtin_U/p_reg_reg.
DSP Report: register SampleNeuralNet_dsp_48ns_32ns_64ns_25ns_30s_18ns_48ns_1s_48_5_1_DSP_Builtin_U/b1_reg_reg is absorbed into DSP SampleNeuralNet_dsp_48ns_32ns_64ns_25ns_30s_18ns_48ns_1s_48_5_1_DSP_Builtin_U/p_reg_reg.
DSP Report: register SampleNeuralNet_dsp_48ns_32ns_64ns_25ns_30s_18ns_48ns_1s_48_5_1_DSP_Builtin_U/b2_reg_reg is absorbed into DSP SampleNeuralNet_dsp_48ns_32ns_64ns_25ns_30s_18ns_48ns_1s_48_5_1_DSP_Builtin_U/p_reg_reg.
DSP Report: register SampleNeuralNet_dsp_48ns_32ns_64ns_25ns_30s_18ns_48ns_1s_48_5_1_DSP_Builtin_U/p_reg_reg is absorbed into DSP SampleNeuralNet_dsp_48ns_32ns_64ns_25ns_30s_18ns_48ns_1s_48_5_1_DSP_Builtin_U/p_reg_reg.
DSP Report: register SampleNeuralNet_dsp_48ns_32ns_64ns_25ns_30s_18ns_48ns_1s_48_5_1_DSP_Builtin_U/m_reg_reg is absorbed into DSP SampleNeuralNet_dsp_48ns_32ns_64ns_25ns_30s_18ns_48ns_1s_48_5_1_DSP_Builtin_U/p_reg_reg.
DSP Report: operator SampleNeuralNet_dsp_48ns_32ns_64ns_25ns_30s_18ns_48ns_1s_48_5_1_DSP_Builtin_U/p is absorbed into DSP SampleNeuralNet_dsp_48ns_32ns_64ns_25ns_30s_18ns_48ns_1s_48_5_1_DSP_Builtin_U/p_reg_reg.
DSP Report: operator SampleNeuralNet_dsp_48ns_32ns_64ns_25ns_30s_18ns_48ns_1s_48_5_1_DSP_Builtin_U/m is absorbed into DSP SampleNeuralNet_dsp_48ns_32ns_64ns_25ns_30s_18ns_48ns_1s_48_5_1_DSP_Builtin_U/p_reg_reg.
DSP Report: operator SampleNeuralNet_dsp_48ns_32ns_64ns_25ns_30s_18ns_48ns_1s_48_5_1_DSP_Builtin_U/ad is absorbed into DSP SampleNeuralNet_dsp_48ns_32ns_64ns_25ns_30s_18ns_48ns_1s_48_5_1_DSP_Builtin_U/p_reg_reg.
DSP Report: Generating DSP SampleNeuralNet_dsp_48ns_32ns_64ns_25ns_30ns_18ns_48ns_1s_48_5_1_DSP_Builtin_U/p_reg_reg, operation Mode is: ((C:0x0) or P)+((D+A'')*B'')'.
DSP Report: register SampleNeuralNet_dsp_48ns_32ns_64ns_25ns_30ns_18ns_48ns_1s_48_5_1_DSP_Builtin_U/a1_reg_reg is absorbed into DSP SampleNeuralNet_dsp_48ns_32ns_64ns_25ns_30ns_18ns_48ns_1s_48_5_1_DSP_Builtin_U/p_reg_reg.
DSP Report: register SampleNeuralNet_dsp_48ns_32ns_64ns_25ns_30ns_18ns_48ns_1s_48_5_1_DSP_Builtin_U/a2_reg_reg is absorbed into DSP SampleNeuralNet_dsp_48ns_32ns_64ns_25ns_30ns_18ns_48ns_1s_48_5_1_DSP_Builtin_U/p_reg_reg.
DSP Report: register SampleNeuralNet_dsp_48ns_32ns_64ns_25ns_30ns_18ns_48ns_1s_48_5_1_DSP_Builtin_U/b1_reg_reg is absorbed into DSP SampleNeuralNet_dsp_48ns_32ns_64ns_25ns_30ns_18ns_48ns_1s_48_5_1_DSP_Builtin_U/p_reg_reg.
DSP Report: register SampleNeuralNet_dsp_48ns_32ns_64ns_25ns_30ns_18ns_48ns_1s_48_5_1_DSP_Builtin_U/b2_reg_reg is absorbed into DSP SampleNeuralNet_dsp_48ns_32ns_64ns_25ns_30ns_18ns_48ns_1s_48_5_1_DSP_Builtin_U/p_reg_reg.
DSP Report: register SampleNeuralNet_dsp_48ns_32ns_64ns_25ns_30ns_18ns_48ns_1s_48_5_1_DSP_Builtin_U/p_reg_reg is absorbed into DSP SampleNeuralNet_dsp_48ns_32ns_64ns_25ns_30ns_18ns_48ns_1s_48_5_1_DSP_Builtin_U/p_reg_reg.
DSP Report: register SampleNeuralNet_dsp_48ns_32ns_64ns_25ns_30ns_18ns_48ns_1s_48_5_1_DSP_Builtin_U/m_reg_reg is absorbed into DSP SampleNeuralNet_dsp_48ns_32ns_64ns_25ns_30ns_18ns_48ns_1s_48_5_1_DSP_Builtin_U/p_reg_reg.
DSP Report: operator SampleNeuralNet_dsp_48ns_32ns_64ns_25ns_30ns_18ns_48ns_1s_48_5_1_DSP_Builtin_U/p is absorbed into DSP SampleNeuralNet_dsp_48ns_32ns_64ns_25ns_30ns_18ns_48ns_1s_48_5_1_DSP_Builtin_U/p_reg_reg.
DSP Report: operator SampleNeuralNet_dsp_48ns_32ns_64ns_25ns_30ns_18ns_48ns_1s_48_5_1_DSP_Builtin_U/m is absorbed into DSP SampleNeuralNet_dsp_48ns_32ns_64ns_25ns_30ns_18ns_48ns_1s_48_5_1_DSP_Builtin_U/p_reg_reg.
DSP Report: operator SampleNeuralNet_dsp_48ns_32ns_64ns_25ns_30ns_18ns_48ns_1s_48_5_1_DSP_Builtin_U/ad is absorbed into DSP SampleNeuralNet_dsp_48ns_32ns_64ns_25ns_30ns_18ns_48ns_1s_48_5_1_DSP_Builtin_U/p_reg_reg.
DSP Report: Generating DSP SampleNeuralNet_dsp_48ns_32ns_64ns_25ns_30ns_18ns_48ns_1s_48_5_1_DSP_Builtin_U/p_reg_reg, operation Mode is: ((C:0x0) or P)+((D+A'')*B'')'.
DSP Report: register SampleNeuralNet_dsp_48ns_32ns_64ns_25ns_30ns_18ns_48ns_1s_48_5_1_DSP_Builtin_U/a1_reg_reg is absorbed into DSP SampleNeuralNet_dsp_48ns_32ns_64ns_25ns_30ns_18ns_48ns_1s_48_5_1_DSP_Builtin_U/p_reg_reg.
DSP Report: register SampleNeuralNet_dsp_48ns_32ns_64ns_25ns_30ns_18ns_48ns_1s_48_5_1_DSP_Builtin_U/a2_reg_reg is absorbed into DSP SampleNeuralNet_dsp_48ns_32ns_64ns_25ns_30ns_18ns_48ns_1s_48_5_1_DSP_Builtin_U/p_reg_reg.
DSP Report: register SampleNeuralNet_dsp_48ns_32ns_64ns_25ns_30ns_18ns_48ns_1s_48_5_1_DSP_Builtin_U/b1_reg_reg is absorbed into DSP SampleNeuralNet_dsp_48ns_32ns_64ns_25ns_30ns_18ns_48ns_1s_48_5_1_DSP_Builtin_U/p_reg_reg.
DSP Report: register SampleNeuralNet_dsp_48ns_32ns_64ns_25ns_30ns_18ns_48ns_1s_48_5_1_DSP_Builtin_U/b2_reg_reg is absorbed into DSP SampleNeuralNet_dsp_48ns_32ns_64ns_25ns_30ns_18ns_48ns_1s_48_5_1_DSP_Builtin_U/p_reg_reg.
DSP Report: register SampleNeuralNet_dsp_48ns_32ns_64ns_25ns_30ns_18ns_48ns_1s_48_5_1_DSP_Builtin_U/p_reg_reg is absorbed into DSP SampleNeuralNet_dsp_48ns_32ns_64ns_25ns_30ns_18ns_48ns_1s_48_5_1_DSP_Builtin_U/p_reg_reg.
DSP Report: register SampleNeuralNet_dsp_48ns_32ns_64ns_25ns_30ns_18ns_48ns_1s_48_5_1_DSP_Builtin_U/m_reg_reg is absorbed into DSP SampleNeuralNet_dsp_48ns_32ns_64ns_25ns_30ns_18ns_48ns_1s_48_5_1_DSP_Builtin_U/p_reg_reg.
DSP Report: operator SampleNeuralNet_dsp_48ns_32ns_64ns_25ns_30ns_18ns_48ns_1s_48_5_1_DSP_Builtin_U/p is absorbed into DSP SampleNeuralNet_dsp_48ns_32ns_64ns_25ns_30ns_18ns_48ns_1s_48_5_1_DSP_Builtin_U/p_reg_reg.
DSP Report: operator SampleNeuralNet_dsp_48ns_32ns_64ns_25ns_30ns_18ns_48ns_1s_48_5_1_DSP_Builtin_U/m is absorbed into DSP SampleNeuralNet_dsp_48ns_32ns_64ns_25ns_30ns_18ns_48ns_1s_48_5_1_DSP_Builtin_U/p_reg_reg.
DSP Report: operator SampleNeuralNet_dsp_48ns_32ns_64ns_25ns_30ns_18ns_48ns_1s_48_5_1_DSP_Builtin_U/ad is absorbed into DSP SampleNeuralNet_dsp_48ns_32ns_64ns_25ns_30ns_18ns_48ns_1s_48_5_1_DSP_Builtin_U/p_reg_reg.
DSP Report: Generating DSP SampleNeuralNet_dsp_48ns_32ns_64ns_25ns_30s_18ns_48ns_1s_48_5_1_DSP_Builtin_U/p_reg_reg, operation Mode is: ((C:0x0) or P)+((D+A'')*B'')'.
DSP Report: register SampleNeuralNet_dsp_48ns_32ns_64ns_25ns_30s_18ns_48ns_1s_48_5_1_DSP_Builtin_U/a1_reg_reg is absorbed into DSP SampleNeuralNet_dsp_48ns_32ns_64ns_25ns_30s_18ns_48ns_1s_48_5_1_DSP_Builtin_U/p_reg_reg.
DSP Report: register SampleNeuralNet_dsp_48ns_32ns_64ns_25ns_30s_18ns_48ns_1s_48_5_1_DSP_Builtin_U/a2_reg_reg is absorbed into DSP SampleNeuralNet_dsp_48ns_32ns_64ns_25ns_30s_18ns_48ns_1s_48_5_1_DSP_Builtin_U/p_reg_reg.
DSP Report: register SampleNeuralNet_dsp_48ns_32ns_64ns_25ns_30s_18ns_48ns_1s_48_5_1_DSP_Builtin_U/b1_reg_reg is absorbed into DSP SampleNeuralNet_dsp_48ns_32ns_64ns_25ns_30s_18ns_48ns_1s_48_5_1_DSP_Builtin_U/p_reg_reg.
DSP Report: register SampleNeuralNet_dsp_48ns_32ns_64ns_25ns_30s_18ns_48ns_1s_48_5_1_DSP_Builtin_U/b2_reg_reg is absorbed into DSP SampleNeuralNet_dsp_48ns_32ns_64ns_25ns_30s_18ns_48ns_1s_48_5_1_DSP_Builtin_U/p_reg_reg.
DSP Report: register SampleNeuralNet_dsp_48ns_32ns_64ns_25ns_30s_18ns_48ns_1s_48_5_1_DSP_Builtin_U/p_reg_reg is absorbed into DSP SampleNeuralNet_dsp_48ns_32ns_64ns_25ns_30s_18ns_48ns_1s_48_5_1_DSP_Builtin_U/p_reg_reg.
DSP Report: register SampleNeuralNet_dsp_48ns_32ns_64ns_25ns_30s_18ns_48ns_1s_48_5_1_DSP_Builtin_U/m_reg_reg is absorbed into DSP SampleNeuralNet_dsp_48ns_32ns_64ns_25ns_30s_18ns_48ns_1s_48_5_1_DSP_Builtin_U/p_reg_reg.
DSP Report: operator SampleNeuralNet_dsp_48ns_32ns_64ns_25ns_30s_18ns_48ns_1s_48_5_1_DSP_Builtin_U/p is absorbed into DSP SampleNeuralNet_dsp_48ns_32ns_64ns_25ns_30s_18ns_48ns_1s_48_5_1_DSP_Builtin_U/p_reg_reg.
DSP Report: operator SampleNeuralNet_dsp_48ns_32ns_64ns_25ns_30s_18ns_48ns_1s_48_5_1_DSP_Builtin_U/m is absorbed into DSP SampleNeuralNet_dsp_48ns_32ns_64ns_25ns_30s_18ns_48ns_1s_48_5_1_DSP_Builtin_U/p_reg_reg.
DSP Report: operator SampleNeuralNet_dsp_48ns_32ns_64ns_25ns_30s_18ns_48ns_1s_48_5_1_DSP_Builtin_U/ad is absorbed into DSP SampleNeuralNet_dsp_48ns_32ns_64ns_25ns_30s_18ns_48ns_1s_48_5_1_DSP_Builtin_U/p_reg_reg.
DSP Report: Generating DSP SampleNeuralNet_dsp_48ns_32ns_64ns_25ns_30ns_18ns_48ns_1s_48_5_1_DSP_Builtin_U/p_reg_reg, operation Mode is: ((C:0x0) or P)+((D+A'')*B'')'.
DSP Report: register SampleNeuralNet_dsp_48ns_32ns_64ns_25ns_30ns_18ns_48ns_1s_48_5_1_DSP_Builtin_U/a1_reg_reg is absorbed into DSP SampleNeuralNet_dsp_48ns_32ns_64ns_25ns_30ns_18ns_48ns_1s_48_5_1_DSP_Builtin_U/p_reg_reg.
DSP Report: register SampleNeuralNet_dsp_48ns_32ns_64ns_25ns_30ns_18ns_48ns_1s_48_5_1_DSP_Builtin_U/a2_reg_reg is absorbed into DSP SampleNeuralNet_dsp_48ns_32ns_64ns_25ns_30ns_18ns_48ns_1s_48_5_1_DSP_Builtin_U/p_reg_reg.
DSP Report: register SampleNeuralNet_dsp_48ns_32ns_64ns_25ns_30ns_18ns_48ns_1s_48_5_1_DSP_Builtin_U/b1_reg_reg is absorbed into DSP SampleNeuralNet_dsp_48ns_32ns_64ns_25ns_30ns_18ns_48ns_1s_48_5_1_DSP_Builtin_U/p_reg_reg.
DSP Report: register SampleNeuralNet_dsp_48ns_32ns_64ns_25ns_30ns_18ns_48ns_1s_48_5_1_DSP_Builtin_U/b2_reg_reg is absorbed into DSP SampleNeuralNet_dsp_48ns_32ns_64ns_25ns_30ns_18ns_48ns_1s_48_5_1_DSP_Builtin_U/p_reg_reg.
DSP Report: register SampleNeuralNet_dsp_48ns_32ns_64ns_25ns_30ns_18ns_48ns_1s_48_5_1_DSP_Builtin_U/p_reg_reg is absorbed into DSP SampleNeuralNet_dsp_48ns_32ns_64ns_25ns_30ns_18ns_48ns_1s_48_5_1_DSP_Builtin_U/p_reg_reg.
DSP Report: register SampleNeuralNet_dsp_48ns_32ns_64ns_25ns_30ns_18ns_48ns_1s_48_5_1_DSP_Builtin_U/m_reg_reg is absorbed into DSP SampleNeuralNet_dsp_48ns_32ns_64ns_25ns_30ns_18ns_48ns_1s_48_5_1_DSP_Builtin_U/p_reg_reg.
DSP Report: operator SampleNeuralNet_dsp_48ns_32ns_64ns_25ns_30ns_18ns_48ns_1s_48_5_1_DSP_Builtin_U/p is absorbed into DSP SampleNeuralNet_dsp_48ns_32ns_64ns_25ns_30ns_18ns_48ns_1s_48_5_1_DSP_Builtin_U/p_reg_reg.
DSP Report: operator SampleNeuralNet_dsp_48ns_32ns_64ns_25ns_30ns_18ns_48ns_1s_48_5_1_DSP_Builtin_U/m is absorbed into DSP SampleNeuralNet_dsp_48ns_32ns_64ns_25ns_30ns_18ns_48ns_1s_48_5_1_DSP_Builtin_U/p_reg_reg.
DSP Report: operator SampleNeuralNet_dsp_48ns_32ns_64ns_25ns_30ns_18ns_48ns_1s_48_5_1_DSP_Builtin_U/ad is absorbed into DSP SampleNeuralNet_dsp_48ns_32ns_64ns_25ns_30ns_18ns_48ns_1s_48_5_1_DSP_Builtin_U/p_reg_reg.
DSP Report: Generating DSP SampleNeuralNet_dsp_48ns_32ns_64ns_25ns_30s_18s_48ns_1ns_48_5_1_DSP_Builtin_U/p_reg_reg, operation Mode is: ((C:0x0) or P)+((D+A'')*B'')'.
DSP Report: register SampleNeuralNet_dsp_48ns_32ns_64ns_25ns_30s_18s_48ns_1ns_48_5_1_DSP_Builtin_U/a1_reg_reg is absorbed into DSP SampleNeuralNet_dsp_48ns_32ns_64ns_25ns_30s_18s_48ns_1ns_48_5_1_DSP_Builtin_U/p_reg_reg.
DSP Report: register SampleNeuralNet_dsp_48ns_32ns_64ns_25ns_30s_18s_48ns_1ns_48_5_1_DSP_Builtin_U/a2_reg_reg is absorbed into DSP SampleNeuralNet_dsp_48ns_32ns_64ns_25ns_30s_18s_48ns_1ns_48_5_1_DSP_Builtin_U/p_reg_reg.
DSP Report: register SampleNeuralNet_dsp_48ns_32ns_64ns_25ns_30s_18s_48ns_1ns_48_5_1_DSP_Builtin_U/b1_reg_reg is absorbed into DSP SampleNeuralNet_dsp_48ns_32ns_64ns_25ns_30s_18s_48ns_1ns_48_5_1_DSP_Builtin_U/p_reg_reg.
DSP Report: register SampleNeuralNet_dsp_48ns_32ns_64ns_25ns_30s_18s_48ns_1ns_48_5_1_DSP_Builtin_U/b2_reg_reg is absorbed into DSP SampleNeuralNet_dsp_48ns_32ns_64ns_25ns_30s_18s_48ns_1ns_48_5_1_DSP_Builtin_U/p_reg_reg.
DSP Report: register SampleNeuralNet_dsp_48ns_32ns_64ns_25ns_30s_18s_48ns_1ns_48_5_1_DSP_Builtin_U/p_reg_reg is absorbed into DSP SampleNeuralNet_dsp_48ns_32ns_64ns_25ns_30s_18s_48ns_1ns_48_5_1_DSP_Builtin_U/p_reg_reg.
DSP Report: register SampleNeuralNet_dsp_48ns_32ns_64ns_25ns_30s_18s_48ns_1ns_48_5_1_DSP_Builtin_U/m_reg_reg is absorbed into DSP SampleNeuralNet_dsp_48ns_32ns_64ns_25ns_30s_18s_48ns_1ns_48_5_1_DSP_Builtin_U/p_reg_reg.
DSP Report: operator SampleNeuralNet_dsp_48ns_32ns_64ns_25ns_30s_18s_48ns_1ns_48_5_1_DSP_Builtin_U/p is absorbed into DSP SampleNeuralNet_dsp_48ns_32ns_64ns_25ns_30s_18s_48ns_1ns_48_5_1_DSP_Builtin_U/p_reg_reg.
DSP Report: operator SampleNeuralNet_dsp_48ns_32ns_64ns_25ns_30s_18s_48ns_1ns_48_5_1_DSP_Builtin_U/m is absorbed into DSP SampleNeuralNet_dsp_48ns_32ns_64ns_25ns_30s_18s_48ns_1ns_48_5_1_DSP_Builtin_U/p_reg_reg.
DSP Report: operator SampleNeuralNet_dsp_48ns_32ns_64ns_25ns_30s_18s_48ns_1ns_48_5_1_DSP_Builtin_U/ad is absorbed into DSP SampleNeuralNet_dsp_48ns_32ns_64ns_25ns_30s_18s_48ns_1ns_48_5_1_DSP_Builtin_U/p_reg_reg.
DSP Report: Generating DSP SampleNeuralNet_dsp_48ns_32ns_64ns_25ns_30s_18s_48ns_1ns_48_5_1_DSP_Builtin_U/p_reg_reg, operation Mode is: ((C:0x0) or P)+((D+A'')*B'')'.
DSP Report: register SampleNeuralNet_dsp_48ns_32ns_64ns_25ns_30s_18s_48ns_1ns_48_5_1_DSP_Builtin_U/a1_reg_reg is absorbed into DSP SampleNeuralNet_dsp_48ns_32ns_64ns_25ns_30s_18s_48ns_1ns_48_5_1_DSP_Builtin_U/p_reg_reg.
DSP Report: register SampleNeuralNet_dsp_48ns_32ns_64ns_25ns_30s_18s_48ns_1ns_48_5_1_DSP_Builtin_U/a2_reg_reg is absorbed into DSP SampleNeuralNet_dsp_48ns_32ns_64ns_25ns_30s_18s_48ns_1ns_48_5_1_DSP_Builtin_U/p_reg_reg.
DSP Report: register SampleNeuralNet_dsp_48ns_32ns_64ns_25ns_30s_18s_48ns_1ns_48_5_1_DSP_Builtin_U/b1_reg_reg is absorbed into DSP SampleNeuralNet_dsp_48ns_32ns_64ns_25ns_30s_18s_48ns_1ns_48_5_1_DSP_Builtin_U/p_reg_reg.
DSP Report: register SampleNeuralNet_dsp_48ns_32ns_64ns_25ns_30s_18s_48ns_1ns_48_5_1_DSP_Builtin_U/b2_reg_reg is absorbed into DSP SampleNeuralNet_dsp_48ns_32ns_64ns_25ns_30s_18s_48ns_1ns_48_5_1_DSP_Builtin_U/p_reg_reg.
DSP Report: register SampleNeuralNet_dsp_48ns_32ns_64ns_25ns_30s_18s_48ns_1ns_48_5_1_DSP_Builtin_U/p_reg_reg is absorbed into DSP SampleNeuralNet_dsp_48ns_32ns_64ns_25ns_30s_18s_48ns_1ns_48_5_1_DSP_Builtin_U/p_reg_reg.
DSP Report: register SampleNeuralNet_dsp_48ns_32ns_64ns_25ns_30s_18s_48ns_1ns_48_5_1_DSP_Builtin_U/m_reg_reg is absorbed into DSP SampleNeuralNet_dsp_48ns_32ns_64ns_25ns_30s_18s_48ns_1ns_48_5_1_DSP_Builtin_U/p_reg_reg.
DSP Report: operator SampleNeuralNet_dsp_48ns_32ns_64ns_25ns_30s_18s_48ns_1ns_48_5_1_DSP_Builtin_U/p is absorbed into DSP SampleNeuralNet_dsp_48ns_32ns_64ns_25ns_30s_18s_48ns_1ns_48_5_1_DSP_Builtin_U/p_reg_reg.
DSP Report: operator SampleNeuralNet_dsp_48ns_32ns_64ns_25ns_30s_18s_48ns_1ns_48_5_1_DSP_Builtin_U/m is absorbed into DSP SampleNeuralNet_dsp_48ns_32ns_64ns_25ns_30s_18s_48ns_1ns_48_5_1_DSP_Builtin_U/p_reg_reg.
DSP Report: operator SampleNeuralNet_dsp_48ns_32ns_64ns_25ns_30s_18s_48ns_1ns_48_5_1_DSP_Builtin_U/ad is absorbed into DSP SampleNeuralNet_dsp_48ns_32ns_64ns_25ns_30s_18s_48ns_1ns_48_5_1_DSP_Builtin_U/p_reg_reg.
DSP Report: Generating DSP SampleNeuralNet_dsp_48ns_32ns_64ns_25ns_30ns_18ns_48ns_1s_48_5_1_DSP_Builtin_U/p_reg_reg, operation Mode is: ((C:0x0) or P)+((D+A'')*B'')'.
DSP Report: register SampleNeuralNet_dsp_48ns_32ns_64ns_25ns_30ns_18ns_48ns_1s_48_5_1_DSP_Builtin_U/a1_reg_reg is absorbed into DSP SampleNeuralNet_dsp_48ns_32ns_64ns_25ns_30ns_18ns_48ns_1s_48_5_1_DSP_Builtin_U/p_reg_reg.
DSP Report: register SampleNeuralNet_dsp_48ns_32ns_64ns_25ns_30ns_18ns_48ns_1s_48_5_1_DSP_Builtin_U/a2_reg_reg is absorbed into DSP SampleNeuralNet_dsp_48ns_32ns_64ns_25ns_30ns_18ns_48ns_1s_48_5_1_DSP_Builtin_U/p_reg_reg.
DSP Report: register SampleNeuralNet_dsp_48ns_32ns_64ns_25ns_30ns_18ns_48ns_1s_48_5_1_DSP_Builtin_U/b1_reg_reg is absorbed into DSP SampleNeuralNet_dsp_48ns_32ns_64ns_25ns_30ns_18ns_48ns_1s_48_5_1_DSP_Builtin_U/p_reg_reg.
DSP Report: register SampleNeuralNet_dsp_48ns_32ns_64ns_25ns_30ns_18ns_48ns_1s_48_5_1_DSP_Builtin_U/b2_reg_reg is absorbed into DSP SampleNeuralNet_dsp_48ns_32ns_64ns_25ns_30ns_18ns_48ns_1s_48_5_1_DSP_Builtin_U/p_reg_reg.
DSP Report: register SampleNeuralNet_dsp_48ns_32ns_64ns_25ns_30ns_18ns_48ns_1s_48_5_1_DSP_Builtin_U/p_reg_reg is absorbed into DSP SampleNeuralNet_dsp_48ns_32ns_64ns_25ns_30ns_18ns_48ns_1s_48_5_1_DSP_Builtin_U/p_reg_reg.
DSP Report: register SampleNeuralNet_dsp_48ns_32ns_64ns_25ns_30ns_18ns_48ns_1s_48_5_1_DSP_Builtin_U/m_reg_reg is absorbed into DSP SampleNeuralNet_dsp_48ns_32ns_64ns_25ns_30ns_18ns_48ns_1s_48_5_1_DSP_Builtin_U/p_reg_reg.
DSP Report: operator SampleNeuralNet_dsp_48ns_32ns_64ns_25ns_30ns_18ns_48ns_1s_48_5_1_DSP_Builtin_U/p is absorbed into DSP SampleNeuralNet_dsp_48ns_32ns_64ns_25ns_30ns_18ns_48ns_1s_48_5_1_DSP_Builtin_U/p_reg_reg.
DSP Report: operator SampleNeuralNet_dsp_48ns_32ns_64ns_25ns_30ns_18ns_48ns_1s_48_5_1_DSP_Builtin_U/m is absorbed into DSP SampleNeuralNet_dsp_48ns_32ns_64ns_25ns_30ns_18ns_48ns_1s_48_5_1_DSP_Builtin_U/p_reg_reg.
DSP Report: operator SampleNeuralNet_dsp_48ns_32ns_64ns_25ns_30ns_18ns_48ns_1s_48_5_1_DSP_Builtin_U/ad is absorbed into DSP SampleNeuralNet_dsp_48ns_32ns_64ns_25ns_30ns_18ns_48ns_1s_48_5_1_DSP_Builtin_U/p_reg_reg.
DSP Report: Generating DSP SampleNeuralNet_dsp_48ns_32ns_64ns_25ns_30s_18ns_48ns_1s_48_5_1_DSP_Builtin_U/p_reg_reg, operation Mode is: ((C:0x0) or P)+((D+A'')*B'')'.
DSP Report: register SampleNeuralNet_dsp_48ns_32ns_64ns_25ns_30s_18ns_48ns_1s_48_5_1_DSP_Builtin_U/a1_reg_reg is absorbed into DSP SampleNeuralNet_dsp_48ns_32ns_64ns_25ns_30s_18ns_48ns_1s_48_5_1_DSP_Builtin_U/p_reg_reg.
DSP Report: register SampleNeuralNet_dsp_48ns_32ns_64ns_25ns_30s_18ns_48ns_1s_48_5_1_DSP_Builtin_U/a2_reg_reg is absorbed into DSP SampleNeuralNet_dsp_48ns_32ns_64ns_25ns_30s_18ns_48ns_1s_48_5_1_DSP_Builtin_U/p_reg_reg.
DSP Report: register SampleNeuralNet_dsp_48ns_32ns_64ns_25ns_30s_18ns_48ns_1s_48_5_1_DSP_Builtin_U/b1_reg_reg is absorbed into DSP SampleNeuralNet_dsp_48ns_32ns_64ns_25ns_30s_18ns_48ns_1s_48_5_1_DSP_Builtin_U/p_reg_reg.
DSP Report: register SampleNeuralNet_dsp_48ns_32ns_64ns_25ns_30s_18ns_48ns_1s_48_5_1_DSP_Builtin_U/b2_reg_reg is absorbed into DSP SampleNeuralNet_dsp_48ns_32ns_64ns_25ns_30s_18ns_48ns_1s_48_5_1_DSP_Builtin_U/p_reg_reg.
DSP Report: register SampleNeuralNet_dsp_48ns_32ns_64ns_25ns_30s_18ns_48ns_1s_48_5_1_DSP_Builtin_U/p_reg_reg is absorbed into DSP SampleNeuralNet_dsp_48ns_32ns_64ns_25ns_30s_18ns_48ns_1s_48_5_1_DSP_Builtin_U/p_reg_reg.
DSP Report: register SampleNeuralNet_dsp_48ns_32ns_64ns_25ns_30s_18ns_48ns_1s_48_5_1_DSP_Builtin_U/m_reg_reg is absorbed into DSP SampleNeuralNet_dsp_48ns_32ns_64ns_25ns_30s_18ns_48ns_1s_48_5_1_DSP_Builtin_U/p_reg_reg.
DSP Report: operator SampleNeuralNet_dsp_48ns_32ns_64ns_25ns_30s_18ns_48ns_1s_48_5_1_DSP_Builtin_U/p is absorbed into DSP SampleNeuralNet_dsp_48ns_32ns_64ns_25ns_30s_18ns_48ns_1s_48_5_1_DSP_Builtin_U/p_reg_reg.
DSP Report: operator SampleNeuralNet_dsp_48ns_32ns_64ns_25ns_30s_18ns_48ns_1s_48_5_1_DSP_Builtin_U/m is absorbed into DSP SampleNeuralNet_dsp_48ns_32ns_64ns_25ns_30s_18ns_48ns_1s_48_5_1_DSP_Builtin_U/p_reg_reg.
DSP Report: operator SampleNeuralNet_dsp_48ns_32ns_64ns_25ns_30s_18ns_48ns_1s_48_5_1_DSP_Builtin_U/ad is absorbed into DSP SampleNeuralNet_dsp_48ns_32ns_64ns_25ns_30s_18ns_48ns_1s_48_5_1_DSP_Builtin_U/p_reg_reg.
DSP Report: Generating DSP SampleNeuralNet_dsp_48ns_32ns_64ns_25ns_30ns_18ns_48ns_1s_48_5_1_DSP_Builtin_U/p_reg_reg, operation Mode is: ((C:0x0) or P)+((D+A'')*B'')'.
DSP Report: register SampleNeuralNet_dsp_48ns_32ns_64ns_25ns_30ns_18ns_48ns_1s_48_5_1_DSP_Builtin_U/a1_reg_reg is absorbed into DSP SampleNeuralNet_dsp_48ns_32ns_64ns_25ns_30ns_18ns_48ns_1s_48_5_1_DSP_Builtin_U/p_reg_reg.
DSP Report: register SampleNeuralNet_dsp_48ns_32ns_64ns_25ns_30ns_18ns_48ns_1s_48_5_1_DSP_Builtin_U/a2_reg_reg is absorbed into DSP SampleNeuralNet_dsp_48ns_32ns_64ns_25ns_30ns_18ns_48ns_1s_48_5_1_DSP_Builtin_U/p_reg_reg.
DSP Report: register SampleNeuralNet_dsp_48ns_32ns_64ns_25ns_30ns_18ns_48ns_1s_48_5_1_DSP_Builtin_U/b1_reg_reg is absorbed into DSP SampleNeuralNet_dsp_48ns_32ns_64ns_25ns_30ns_18ns_48ns_1s_48_5_1_DSP_Builtin_U/p_reg_reg.
DSP Report: register SampleNeuralNet_dsp_48ns_32ns_64ns_25ns_30ns_18ns_48ns_1s_48_5_1_DSP_Builtin_U/b2_reg_reg is absorbed into DSP SampleNeuralNet_dsp_48ns_32ns_64ns_25ns_30ns_18ns_48ns_1s_48_5_1_DSP_Builtin_U/p_reg_reg.
DSP Report: register SampleNeuralNet_dsp_48ns_32ns_64ns_25ns_30ns_18ns_48ns_1s_48_5_1_DSP_Builtin_U/p_reg_reg is absorbed into DSP SampleNeuralNet_dsp_48ns_32ns_64ns_25ns_30ns_18ns_48ns_1s_48_5_1_DSP_Builtin_U/p_reg_reg.
DSP Report: register SampleNeuralNet_dsp_48ns_32ns_64ns_25ns_30ns_18ns_48ns_1s_48_5_1_DSP_Builtin_U/m_reg_reg is absorbed into DSP SampleNeuralNet_dsp_48ns_32ns_64ns_25ns_30ns_18ns_48ns_1s_48_5_1_DSP_Builtin_U/p_reg_reg.
DSP Report: operator SampleNeuralNet_dsp_48ns_32ns_64ns_25ns_30ns_18ns_48ns_1s_48_5_1_DSP_Builtin_U/p is absorbed into DSP SampleNeuralNet_dsp_48ns_32ns_64ns_25ns_30ns_18ns_48ns_1s_48_5_1_DSP_Builtin_U/p_reg_reg.
DSP Report: operator SampleNeuralNet_dsp_48ns_32ns_64ns_25ns_30ns_18ns_48ns_1s_48_5_1_DSP_Builtin_U/m is absorbed into DSP SampleNeuralNet_dsp_48ns_32ns_64ns_25ns_30ns_18ns_48ns_1s_48_5_1_DSP_Builtin_U/p_reg_reg.
DSP Report: operator SampleNeuralNet_dsp_48ns_32ns_64ns_25ns_30ns_18ns_48ns_1s_48_5_1_DSP_Builtin_U/ad is absorbed into DSP SampleNeuralNet_dsp_48ns_32ns_64ns_25ns_30ns_18ns_48ns_1s_48_5_1_DSP_Builtin_U/p_reg_reg.
DSP Report: Generating DSP SampleNeuralNet_dsp_48ns_32ns_64ns_25ns_30s_18ns_48ns_1s_48_5_1_DSP_Builtin_U/p_reg_reg, operation Mode is: ((C:0x0) or P)+((D+A'')*B'')'.
DSP Report: register SampleNeuralNet_dsp_48ns_32ns_64ns_25ns_30s_18ns_48ns_1s_48_5_1_DSP_Builtin_U/a1_reg_reg is absorbed into DSP SampleNeuralNet_dsp_48ns_32ns_64ns_25ns_30s_18ns_48ns_1s_48_5_1_DSP_Builtin_U/p_reg_reg.
DSP Report: register SampleNeuralNet_dsp_48ns_32ns_64ns_25ns_30s_18ns_48ns_1s_48_5_1_DSP_Builtin_U/a2_reg_reg is absorbed into DSP SampleNeuralNet_dsp_48ns_32ns_64ns_25ns_30s_18ns_48ns_1s_48_5_1_DSP_Builtin_U/p_reg_reg.
DSP Report: register SampleNeuralNet_dsp_48ns_32ns_64ns_25ns_30s_18ns_48ns_1s_48_5_1_DSP_Builtin_U/b1_reg_reg is absorbed into DSP SampleNeuralNet_dsp_48ns_32ns_64ns_25ns_30s_18ns_48ns_1s_48_5_1_DSP_Builtin_U/p_reg_reg.
DSP Report: register SampleNeuralNet_dsp_48ns_32ns_64ns_25ns_30s_18ns_48ns_1s_48_5_1_DSP_Builtin_U/b2_reg_reg is absorbed into DSP SampleNeuralNet_dsp_48ns_32ns_64ns_25ns_30s_18ns_48ns_1s_48_5_1_DSP_Builtin_U/p_reg_reg.
DSP Report: register SampleNeuralNet_dsp_48ns_32ns_64ns_25ns_30s_18ns_48ns_1s_48_5_1_DSP_Builtin_U/p_reg_reg is absorbed into DSP SampleNeuralNet_dsp_48ns_32ns_64ns_25ns_30s_18ns_48ns_1s_48_5_1_DSP_Builtin_U/p_reg_reg.
DSP Report: register SampleNeuralNet_dsp_48ns_32ns_64ns_25ns_30s_18ns_48ns_1s_48_5_1_DSP_Builtin_U/m_reg_reg is absorbed into DSP SampleNeuralNet_dsp_48ns_32ns_64ns_25ns_30s_18ns_48ns_1s_48_5_1_DSP_Builtin_U/p_reg_reg.
DSP Report: operator SampleNeuralNet_dsp_48ns_32ns_64ns_25ns_30s_18ns_48ns_1s_48_5_1_DSP_Builtin_U/p is absorbed into DSP SampleNeuralNet_dsp_48ns_32ns_64ns_25ns_30s_18ns_48ns_1s_48_5_1_DSP_Builtin_U/p_reg_reg.
DSP Report: operator SampleNeuralNet_dsp_48ns_32ns_64ns_25ns_30s_18ns_48ns_1s_48_5_1_DSP_Builtin_U/m is absorbed into DSP SampleNeuralNet_dsp_48ns_32ns_64ns_25ns_30s_18ns_48ns_1s_48_5_1_DSP_Builtin_U/p_reg_reg.
DSP Report: operator SampleNeuralNet_dsp_48ns_32ns_64ns_25ns_30s_18ns_48ns_1s_48_5_1_DSP_Builtin_U/ad is absorbed into DSP SampleNeuralNet_dsp_48ns_32ns_64ns_25ns_30s_18ns_48ns_1s_48_5_1_DSP_Builtin_U/p_reg_reg.
DSP Report: Generating DSP SampleNeuralNet_dsp_48ns_32ns_64ns_25ns_30ns_18ns_48ns_1s_48_5_1_DSP_Builtin_U/p_reg_reg, operation Mode is: ((C:0x0) or P)+((D+A'')*B'')'.
DSP Report: register SampleNeuralNet_dsp_48ns_32ns_64ns_25ns_30ns_18ns_48ns_1s_48_5_1_DSP_Builtin_U/a1_reg_reg is absorbed into DSP SampleNeuralNet_dsp_48ns_32ns_64ns_25ns_30ns_18ns_48ns_1s_48_5_1_DSP_Builtin_U/p_reg_reg.
DSP Report: register SampleNeuralNet_dsp_48ns_32ns_64ns_25ns_30ns_18ns_48ns_1s_48_5_1_DSP_Builtin_U/a2_reg_reg is absorbed into DSP SampleNeuralNet_dsp_48ns_32ns_64ns_25ns_30ns_18ns_48ns_1s_48_5_1_DSP_Builtin_U/p_reg_reg.
DSP Report: register SampleNeuralNet_dsp_48ns_32ns_64ns_25ns_30ns_18ns_48ns_1s_48_5_1_DSP_Builtin_U/b1_reg_reg is absorbed into DSP SampleNeuralNet_dsp_48ns_32ns_64ns_25ns_30ns_18ns_48ns_1s_48_5_1_DSP_Builtin_U/p_reg_reg.
DSP Report: register SampleNeuralNet_dsp_48ns_32ns_64ns_25ns_30ns_18ns_48ns_1s_48_5_1_DSP_Builtin_U/b2_reg_reg is absorbed into DSP SampleNeuralNet_dsp_48ns_32ns_64ns_25ns_30ns_18ns_48ns_1s_48_5_1_DSP_Builtin_U/p_reg_reg.
DSP Report: register SampleNeuralNet_dsp_48ns_32ns_64ns_25ns_30ns_18ns_48ns_1s_48_5_1_DSP_Builtin_U/p_reg_reg is absorbed into DSP SampleNeuralNet_dsp_48ns_32ns_64ns_25ns_30ns_18ns_48ns_1s_48_5_1_DSP_Builtin_U/p_reg_reg.
DSP Report: register SampleNeuralNet_dsp_48ns_32ns_64ns_25ns_30ns_18ns_48ns_1s_48_5_1_DSP_Builtin_U/m_reg_reg is absorbed into DSP SampleNeuralNet_dsp_48ns_32ns_64ns_25ns_30ns_18ns_48ns_1s_48_5_1_DSP_Builtin_U/p_reg_reg.
DSP Report: operator SampleNeuralNet_dsp_48ns_32ns_64ns_25ns_30ns_18ns_48ns_1s_48_5_1_DSP_Builtin_U/p is absorbed into DSP SampleNeuralNet_dsp_48ns_32ns_64ns_25ns_30ns_18ns_48ns_1s_48_5_1_DSP_Builtin_U/p_reg_reg.
DSP Report: operator SampleNeuralNet_dsp_48ns_32ns_64ns_25ns_30ns_18ns_48ns_1s_48_5_1_DSP_Builtin_U/m is absorbed into DSP SampleNeuralNet_dsp_48ns_32ns_64ns_25ns_30ns_18ns_48ns_1s_48_5_1_DSP_Builtin_U/p_reg_reg.
DSP Report: operator SampleNeuralNet_dsp_48ns_32ns_64ns_25ns_30ns_18ns_48ns_1s_48_5_1_DSP_Builtin_U/ad is absorbed into DSP SampleNeuralNet_dsp_48ns_32ns_64ns_25ns_30ns_18ns_48ns_1s_48_5_1_DSP_Builtin_U/p_reg_reg.
DSP Report: Generating DSP SampleNeuralNet_dsp_48ns_32ns_64ns_25ns_30ns_18ns_48ns_1s_48_5_1_DSP_Builtin_U/p_reg_reg, operation Mode is: ((C:0x0) or P)+((D+A'')*B'')'.
DSP Report: register SampleNeuralNet_dsp_48ns_32ns_64ns_25ns_30ns_18ns_48ns_1s_48_5_1_DSP_Builtin_U/a1_reg_reg is absorbed into DSP SampleNeuralNet_dsp_48ns_32ns_64ns_25ns_30ns_18ns_48ns_1s_48_5_1_DSP_Builtin_U/p_reg_reg.
DSP Report: register SampleNeuralNet_dsp_48ns_32ns_64ns_25ns_30ns_18ns_48ns_1s_48_5_1_DSP_Builtin_U/a2_reg_reg is absorbed into DSP SampleNeuralNet_dsp_48ns_32ns_64ns_25ns_30ns_18ns_48ns_1s_48_5_1_DSP_Builtin_U/p_reg_reg.
DSP Report: register SampleNeuralNet_dsp_48ns_32ns_64ns_25ns_30ns_18ns_48ns_1s_48_5_1_DSP_Builtin_U/b1_reg_reg is absorbed into DSP SampleNeuralNet_dsp_48ns_32ns_64ns_25ns_30ns_18ns_48ns_1s_48_5_1_DSP_Builtin_U/p_reg_reg.
DSP Report: register SampleNeuralNet_dsp_48ns_32ns_64ns_25ns_30ns_18ns_48ns_1s_48_5_1_DSP_Builtin_U/b2_reg_reg is absorbed into DSP SampleNeuralNet_dsp_48ns_32ns_64ns_25ns_30ns_18ns_48ns_1s_48_5_1_DSP_Builtin_U/p_reg_reg.
DSP Report: register SampleNeuralNet_dsp_48ns_32ns_64ns_25ns_30ns_18ns_48ns_1s_48_5_1_DSP_Builtin_U/p_reg_reg is absorbed into DSP SampleNeuralNet_dsp_48ns_32ns_64ns_25ns_30ns_18ns_48ns_1s_48_5_1_DSP_Builtin_U/p_reg_reg.
DSP Report: register SampleNeuralNet_dsp_48ns_32ns_64ns_25ns_30ns_18ns_48ns_1s_48_5_1_DSP_Builtin_U/m_reg_reg is absorbed into DSP SampleNeuralNet_dsp_48ns_32ns_64ns_25ns_30ns_18ns_48ns_1s_48_5_1_DSP_Builtin_U/p_reg_reg.
DSP Report: operator SampleNeuralNet_dsp_48ns_32ns_64ns_25ns_30ns_18ns_48ns_1s_48_5_1_DSP_Builtin_U/p is absorbed into DSP SampleNeuralNet_dsp_48ns_32ns_64ns_25ns_30ns_18ns_48ns_1s_48_5_1_DSP_Builtin_U/p_reg_reg.
DSP Report: operator SampleNeuralNet_dsp_48ns_32ns_64ns_25ns_30ns_18ns_48ns_1s_48_5_1_DSP_Builtin_U/m is absorbed into DSP SampleNeuralNet_dsp_48ns_32ns_64ns_25ns_30ns_18ns_48ns_1s_48_5_1_DSP_Builtin_U/p_reg_reg.
DSP Report: operator SampleNeuralNet_dsp_48ns_32ns_64ns_25ns_30ns_18ns_48ns_1s_48_5_1_DSP_Builtin_U/ad is absorbed into DSP SampleNeuralNet_dsp_48ns_32ns_64ns_25ns_30ns_18ns_48ns_1s_48_5_1_DSP_Builtin_U/p_reg_reg.
DSP Report: Generating DSP SampleNeuralNet_dsp_48ns_32ns_64ns_25ns_30s_18s_48ns_1ns_48_5_1_DSP_Builtin_U/p_reg_reg, operation Mode is: ((C:0x0) or P)+((D+A'')*B'')'.
DSP Report: register SampleNeuralNet_dsp_48ns_32ns_64ns_25ns_30s_18s_48ns_1ns_48_5_1_DSP_Builtin_U/a1_reg_reg is absorbed into DSP SampleNeuralNet_dsp_48ns_32ns_64ns_25ns_30s_18s_48ns_1ns_48_5_1_DSP_Builtin_U/p_reg_reg.
DSP Report: register SampleNeuralNet_dsp_48ns_32ns_64ns_25ns_30s_18s_48ns_1ns_48_5_1_DSP_Builtin_U/a2_reg_reg is absorbed into DSP SampleNeuralNet_dsp_48ns_32ns_64ns_25ns_30s_18s_48ns_1ns_48_5_1_DSP_Builtin_U/p_reg_reg.
DSP Report: register SampleNeuralNet_dsp_48ns_32ns_64ns_25ns_30s_18s_48ns_1ns_48_5_1_DSP_Builtin_U/b1_reg_reg is absorbed into DSP SampleNeuralNet_dsp_48ns_32ns_64ns_25ns_30s_18s_48ns_1ns_48_5_1_DSP_Builtin_U/p_reg_reg.
DSP Report: register SampleNeuralNet_dsp_48ns_32ns_64ns_25ns_30s_18s_48ns_1ns_48_5_1_DSP_Builtin_U/b2_reg_reg is absorbed into DSP SampleNeuralNet_dsp_48ns_32ns_64ns_25ns_30s_18s_48ns_1ns_48_5_1_DSP_Builtin_U/p_reg_reg.
DSP Report: register SampleNeuralNet_dsp_48ns_32ns_64ns_25ns_30s_18s_48ns_1ns_48_5_1_DSP_Builtin_U/p_reg_reg is absorbed into DSP SampleNeuralNet_dsp_48ns_32ns_64ns_25ns_30s_18s_48ns_1ns_48_5_1_DSP_Builtin_U/p_reg_reg.
DSP Report: register SampleNeuralNet_dsp_48ns_32ns_64ns_25ns_30s_18s_48ns_1ns_48_5_1_DSP_Builtin_U/m_reg_reg is absorbed into DSP SampleNeuralNet_dsp_48ns_32ns_64ns_25ns_30s_18s_48ns_1ns_48_5_1_DSP_Builtin_U/p_reg_reg.
DSP Report: operator SampleNeuralNet_dsp_48ns_32ns_64ns_25ns_30s_18s_48ns_1ns_48_5_1_DSP_Builtin_U/p is absorbed into DSP SampleNeuralNet_dsp_48ns_32ns_64ns_25ns_30s_18s_48ns_1ns_48_5_1_DSP_Builtin_U/p_reg_reg.
DSP Report: operator SampleNeuralNet_dsp_48ns_32ns_64ns_25ns_30s_18s_48ns_1ns_48_5_1_DSP_Builtin_U/m is absorbed into DSP SampleNeuralNet_dsp_48ns_32ns_64ns_25ns_30s_18s_48ns_1ns_48_5_1_DSP_Builtin_U/p_reg_reg.
DSP Report: operator SampleNeuralNet_dsp_48ns_32ns_64ns_25ns_30s_18s_48ns_1ns_48_5_1_DSP_Builtin_U/ad is absorbed into DSP SampleNeuralNet_dsp_48ns_32ns_64ns_25ns_30s_18s_48ns_1ns_48_5_1_DSP_Builtin_U/p_reg_reg.
DSP Report: Generating DSP SampleNeuralNet_dsp_48ns_32ns_64ns_25ns_30s_18s_48ns_1ns_48_5_1_DSP_Builtin_U/p_reg_reg, operation Mode is: ((C:0x0) or P)+((D+A'')*B'')'.
DSP Report: register SampleNeuralNet_dsp_48ns_32ns_64ns_25ns_30s_18s_48ns_1ns_48_5_1_DSP_Builtin_U/a1_reg_reg is absorbed into DSP SampleNeuralNet_dsp_48ns_32ns_64ns_25ns_30s_18s_48ns_1ns_48_5_1_DSP_Builtin_U/p_reg_reg.
DSP Report: register SampleNeuralNet_dsp_48ns_32ns_64ns_25ns_30s_18s_48ns_1ns_48_5_1_DSP_Builtin_U/a2_reg_reg is absorbed into DSP SampleNeuralNet_dsp_48ns_32ns_64ns_25ns_30s_18s_48ns_1ns_48_5_1_DSP_Builtin_U/p_reg_reg.
DSP Report: register SampleNeuralNet_dsp_48ns_32ns_64ns_25ns_30s_18s_48ns_1ns_48_5_1_DSP_Builtin_U/b1_reg_reg is absorbed into DSP SampleNeuralNet_dsp_48ns_32ns_64ns_25ns_30s_18s_48ns_1ns_48_5_1_DSP_Builtin_U/p_reg_reg.
DSP Report: register SampleNeuralNet_dsp_48ns_32ns_64ns_25ns_30s_18s_48ns_1ns_48_5_1_DSP_Builtin_U/b2_reg_reg is absorbed into DSP SampleNeuralNet_dsp_48ns_32ns_64ns_25ns_30s_18s_48ns_1ns_48_5_1_DSP_Builtin_U/p_reg_reg.
DSP Report: register SampleNeuralNet_dsp_48ns_32ns_64ns_25ns_30s_18s_48ns_1ns_48_5_1_DSP_Builtin_U/p_reg_reg is absorbed into DSP SampleNeuralNet_dsp_48ns_32ns_64ns_25ns_30s_18s_48ns_1ns_48_5_1_DSP_Builtin_U/p_reg_reg.
DSP Report: register SampleNeuralNet_dsp_48ns_32ns_64ns_25ns_30s_18s_48ns_1ns_48_5_1_DSP_Builtin_U/m_reg_reg is absorbed into DSP SampleNeuralNet_dsp_48ns_32ns_64ns_25ns_30s_18s_48ns_1ns_48_5_1_DSP_Builtin_U/p_reg_reg.
DSP Report: operator SampleNeuralNet_dsp_48ns_32ns_64ns_25ns_30s_18s_48ns_1ns_48_5_1_DSP_Builtin_U/p is absorbed into DSP SampleNeuralNet_dsp_48ns_32ns_64ns_25ns_30s_18s_48ns_1ns_48_5_1_DSP_Builtin_U/p_reg_reg.
DSP Report: operator SampleNeuralNet_dsp_48ns_32ns_64ns_25ns_30s_18s_48ns_1ns_48_5_1_DSP_Builtin_U/m is absorbed into DSP SampleNeuralNet_dsp_48ns_32ns_64ns_25ns_30s_18s_48ns_1ns_48_5_1_DSP_Builtin_U/p_reg_reg.
DSP Report: operator SampleNeuralNet_dsp_48ns_32ns_64ns_25ns_30s_18s_48ns_1ns_48_5_1_DSP_Builtin_U/ad is absorbed into DSP SampleNeuralNet_dsp_48ns_32ns_64ns_25ns_30s_18s_48ns_1ns_48_5_1_DSP_Builtin_U/p_reg_reg.
---------------------------------------------------------------------------------
Finished Cross Boundary and Area Optimization : Time (s): cpu = 00:00:22 ; elapsed = 00:00:22 . Memory (MB): peak = 2737.016 ; gain = 711.281 ; free physical = 83805 ; free virtual = 124246
---------------------------------------------------------------------------------
 Sort Area is  SampleNeuralNet_dsp_48ns_32ns_64ns_25ns_30ns_18ns_48ns_1s_48_5_1_DSP_Builtin_U/p_reg_reg_0 : 0 0 : 3672 3672 : Used 1 time 0
 Sort Area is  SampleNeuralNet_dsp_48ns_32ns_64ns_25ns_30ns_18ns_48ns_1s_48_5_1_DSP_Builtin_U/p_reg_reg_12 : 0 0 : 3672 3672 : Used 1 time 0
 Sort Area is  SampleNeuralNet_dsp_48ns_32ns_64ns_25ns_30ns_18ns_48ns_1s_48_5_1_DSP_Builtin_U/p_reg_reg_14 : 0 0 : 3672 3672 : Used 1 time 0
 Sort Area is  SampleNeuralNet_dsp_48ns_32ns_64ns_25ns_30ns_18ns_48ns_1s_48_5_1_DSP_Builtin_U/p_reg_reg_16 : 0 0 : 3672 3672 : Used 1 time 0
 Sort Area is  SampleNeuralNet_dsp_48ns_32ns_64ns_25ns_30ns_18ns_48ns_1s_48_5_1_DSP_Builtin_U/p_reg_reg_17 : 0 0 : 3672 3672 : Used 1 time 0
 Sort Area is  SampleNeuralNet_dsp_48ns_32ns_64ns_25ns_30ns_18ns_48ns_1s_48_5_1_DSP_Builtin_U/p_reg_reg_3 : 0 0 : 3672 3672 : Used 1 time 0
 Sort Area is  SampleNeuralNet_dsp_48ns_32ns_64ns_25ns_30ns_18ns_48ns_1s_48_5_1_DSP_Builtin_U/p_reg_reg_4 : 0 0 : 3672 3672 : Used 1 time 0
 Sort Area is  SampleNeuralNet_dsp_48ns_32ns_64ns_25ns_30ns_18ns_48ns_1s_48_5_1_DSP_Builtin_U/p_reg_reg_5 : 0 0 : 3672 3672 : Used 1 time 0
 Sort Area is  SampleNeuralNet_dsp_48ns_32ns_64ns_25ns_30ns_18ns_48ns_1s_48_5_1_DSP_Builtin_U/p_reg_reg_6 : 0 0 : 3672 3672 : Used 1 time 0
 Sort Area is  SampleNeuralNet_dsp_48ns_32ns_64ns_25ns_30ns_18ns_48ns_1s_48_5_1_DSP_Builtin_U/p_reg_reg_a : 0 0 : 3672 3672 : Used 1 time 0
 Sort Area is  SampleNeuralNet_dsp_48ns_32ns_64ns_25ns_30ns_18ns_48ns_1s_48_5_1_DSP_Builtin_U/p_reg_reg_c : 0 0 : 3672 3672 : Used 1 time 0
 Sort Area is  SampleNeuralNet_dsp_48ns_32ns_64ns_25ns_30ns_18ns_48ns_1s_48_5_1_DSP_Builtin_U/p_reg_reg_d : 0 0 : 3672 3672 : Used 1 time 0
 Sort Area is  SampleNeuralNet_dsp_48ns_32ns_64ns_25ns_30ns_18ns_48ns_1s_48_5_1_DSP_Builtin_U/p_reg_reg_f : 0 0 : 3672 3672 : Used 1 time 0
 Sort Area is  SampleNeuralNet_dsp_48ns_32ns_64ns_25ns_30s_18ns_48ns_1s_48_5_1_DSP_Builtin_U/p_reg_reg_13 : 0 0 : 3672 3672 : Used 1 time 0
 Sort Area is  SampleNeuralNet_dsp_48ns_32ns_64ns_25ns_30s_18ns_48ns_1s_48_5_1_DSP_Builtin_U/p_reg_reg_15 : 0 0 : 3672 3672 : Used 1 time 0
 Sort Area is  SampleNeuralNet_dsp_48ns_32ns_64ns_25ns_30s_18ns_48ns_1s_48_5_1_DSP_Builtin_U/p_reg_reg_2 : 0 0 : 3672 3672 : Used 1 time 0
 Sort Area is  SampleNeuralNet_dsp_48ns_32ns_64ns_25ns_30s_18ns_48ns_1s_48_5_1_DSP_Builtin_U/p_reg_reg_7 : 0 0 : 3672 3672 : Used 1 time 0
 Sort Area is  SampleNeuralNet_dsp_48ns_32ns_64ns_25ns_30s_18ns_48ns_1s_48_5_1_DSP_Builtin_U/p_reg_reg_b : 0 0 : 3672 3672 : Used 1 time 0
 Sort Area is  SampleNeuralNet_dsp_48ns_32ns_64ns_25ns_30s_18ns_48ns_1s_48_5_1_DSP_Builtin_U/p_reg_reg_e : 0 0 : 3672 3672 : Used 1 time 0
 Sort Area is  SampleNeuralNet_dsp_48ns_32ns_64ns_25ns_30s_18s_48ns_1ns_48_5_1_DSP_Builtin_U/p_reg_reg_10 : 0 0 : 3672 3672 : Used 1 time 0
 Sort Area is  SampleNeuralNet_dsp_48ns_32ns_64ns_25ns_30s_18s_48ns_1ns_48_5_1_DSP_Builtin_U/p_reg_reg_11 : 0 0 : 3672 3672 : Used 1 time 0
 Sort Area is  SampleNeuralNet_dsp_48ns_32ns_64ns_25ns_30s_18s_48ns_1ns_48_5_1_DSP_Builtin_U/p_reg_reg_18 : 0 0 : 3672 3672 : Used 1 time 0
 Sort Area is  SampleNeuralNet_dsp_48ns_32ns_64ns_25ns_30s_18s_48ns_1ns_48_5_1_DSP_Builtin_U/p_reg_reg_19 : 0 0 : 3672 3672 : Used 1 time 0
 Sort Area is  SampleNeuralNet_dsp_48ns_32ns_64ns_25ns_30s_18s_48ns_1ns_48_5_1_DSP_Builtin_U/p_reg_reg_8 : 0 0 : 3672 3672 : Used 1 time 0
 Sort Area is  SampleNeuralNet_dsp_48ns_32ns_64ns_25ns_30s_18s_48ns_1ns_48_5_1_DSP_Builtin_U/p_reg_reg_9 : 0 0 : 3672 3672 : Used 1 time 0
---------------------------------------------------------------------------------
Start ROM, RAM, DSP, Shift Register and Retiming Reporting
---------------------------------------------------------------------------------

DSP: Preliminary Mapping Report (see note below. The ' indicates corresponding REG is set)
+-----------------------------------------------------------------------------+-------------------------------+--------+--------+--------+--------+--------+------+------+------+------+-------+------+------+
|Module Name                                                                  | DSP Mapping                   | A Size | B Size | C Size | D Size | P Size | AREG | BREG | CREG | DREG | ADREG | MREG | PREG | 
+-----------------------------------------------------------------------------+-------------------------------+--------+--------+--------+--------+--------+------+------+------+------+-------+------+------+
|SampleNeuralNet_dsp_48ns_32ns_64ns_25ns_30ns_18ns_48ns_1s_48_5_1_DSP_Builtin | ((C:0x0) or P)+((D+A'')*B'')' | 25     | 18     | 48     | 25     | 48     | 2    | 2    | 0    | 0    | 0     | 1    | 1    | 
|SampleNeuralNet_dsp_48ns_32ns_64ns_25ns_30s_18ns_48ns_1s_48_5_1_DSP_Builtin  | ((C:0x0) or P)+((D+A'')*B'')' | 25     | 18     | 48     | 25     | 48     | 2    | 2    | 0    | 0    | 0     | 1    | 1    | 
|SampleNeuralNet_dsp_48ns_32ns_64ns_25ns_30ns_18ns_48ns_1s_48_5_1_DSP_Builtin | ((C:0x0) or P)+((D+A'')*B'')' | 25     | 18     | 48     | 25     | 48     | 2    | 2    | 0    | 0    | 0     | 1    | 1    | 
|SampleNeuralNet_dsp_48ns_32ns_64ns_25ns_30ns_18ns_48ns_1s_48_5_1_DSP_Builtin | ((C:0x0) or P)+((D+A'')*B'')' | 25     | 18     | 48     | 25     | 48     | 2    | 2    | 0    | 0    | 0     | 1    | 1    | 
|SampleNeuralNet_dsp_48ns_32ns_64ns_25ns_30ns_18ns_48ns_1s_48_5_1_DSP_Builtin | ((C:0x0) or P)+((D+A'')*B'')' | 25     | 18     | 48     | 25     | 48     | 2    | 2    | 0    | 0    | 0     | 1    | 1    | 
|SampleNeuralNet_dsp_48ns_32ns_64ns_25ns_30ns_18ns_48ns_1s_48_5_1_DSP_Builtin | ((C:0x0) or P)+((D+A'')*B'')' | 25     | 18     | 48     | 25     | 48     | 2    | 2    | 0    | 0    | 0     | 1    | 1    | 
|SampleNeuralNet_dsp_48ns_32ns_64ns_25ns_30s_18ns_48ns_1s_48_5_1_DSP_Builtin  | ((C:0x0) or P)+((D+A'')*B'')' | 25     | 18     | 48     | 25     | 48     | 2    | 2    | 0    | 0    | 0     | 1    | 1    | 
|SampleNeuralNet_dsp_48ns_32ns_64ns_25ns_30s_18s_48ns_1ns_48_5_1_DSP_Builtin  | ((C:0x0) or P)+((D+A'')*B'')' | 25     | 18     | 48     | 25     | 48     | 2    | 2    | 0    | 0    | 0     | 1    | 1    | 
|SampleNeuralNet_dsp_48ns_32ns_64ns_25ns_30s_18s_48ns_1ns_48_5_1_DSP_Builtin  | ((C:0x0) or P)+((D+A'')*B'')' | 25     | 18     | 48     | 25     | 48     | 2    | 2    | 0    | 0    | 0     | 1    | 1    | 
|SampleNeuralNet_dsp_48ns_32ns_64ns_25ns_30ns_18ns_48ns_1s_48_5_1_DSP_Builtin | ((C:0x0) or P)+((D+A'')*B'')' | 25     | 18     | 48     | 25     | 48     | 2    | 2    | 0    | 0    | 0     | 1    | 1    | 
|SampleNeuralNet_dsp_48ns_32ns_64ns_25ns_30s_18ns_48ns_1s_48_5_1_DSP_Builtin  | ((C:0x0) or P)+((D+A'')*B'')' | 25     | 18     | 48     | 25     | 48     | 2    | 2    | 0    | 0    | 0     | 1    | 1    | 
|SampleNeuralNet_dsp_48ns_32ns_64ns_25ns_30ns_18ns_48ns_1s_48_5_1_DSP_Builtin | ((C:0x0) or P)+((D+A'')*B'')' | 25     | 18     | 48     | 25     | 48     | 2    | 2    | 0    | 0    | 0     | 1    | 1    | 
|SampleNeuralNet_dsp_48ns_32ns_64ns_25ns_30ns_18ns_48ns_1s_48_5_1_DSP_Builtin | ((C:0x0) or P)+((D+A'')*B'')' | 25     | 18     | 48     | 25     | 48     | 2    | 2    | 0    | 0    | 0     | 1    | 1    | 
|SampleNeuralNet_dsp_48ns_32ns_64ns_25ns_30s_18ns_48ns_1s_48_5_1_DSP_Builtin  | ((C:0x0) or P)+((D+A'')*B'')' | 25     | 18     | 48     | 25     | 48     | 2    | 2    | 0    | 0    | 0     | 1    | 1    | 
|SampleNeuralNet_dsp_48ns_32ns_64ns_25ns_30ns_18ns_48ns_1s_48_5_1_DSP_Builtin | ((C:0x0) or P)+((D+A'')*B'')' | 25     | 18     | 48     | 25     | 48     | 2    | 2    | 0    | 0    | 0     | 1    | 1    | 
|SampleNeuralNet_dsp_48ns_32ns_64ns_25ns_30s_18s_48ns_1ns_48_5_1_DSP_Builtin  | ((C:0x0) or P)+((D+A'')*B'')' | 25     | 18     | 48     | 25     | 48     | 2    | 2    | 0    | 0    | 0     | 1    | 1    | 
|SampleNeuralNet_dsp_48ns_32ns_64ns_25ns_30s_18s_48ns_1ns_48_5_1_DSP_Builtin  | ((C:0x0) or P)+((D+A'')*B'')' | 25     | 18     | 48     | 25     | 48     | 2    | 2    | 0    | 0    | 0     | 1    | 1    | 
|SampleNeuralNet_dsp_48ns_32ns_64ns_25ns_30ns_18ns_48ns_1s_48_5_1_DSP_Builtin | ((C:0x0) or P)+((D+A'')*B'')' | 25     | 18     | 48     | 25     | 48     | 2    | 2    | 0    | 0    | 0     | 1    | 1    | 
|SampleNeuralNet_dsp_48ns_32ns_64ns_25ns_30s_18ns_48ns_1s_48_5_1_DSP_Builtin  | ((C:0x0) or P)+((D+A'')*B'')' | 25     | 18     | 48     | 25     | 48     | 2    | 2    | 0    | 0    | 0     | 1    | 1    | 
|SampleNeuralNet_dsp_48ns_32ns_64ns_25ns_30ns_18ns_48ns_1s_48_5_1_DSP_Builtin | ((C:0x0) or P)+((D+A'')*B'')' | 25     | 18     | 48     | 25     | 48     | 2    | 2    | 0    | 0    | 0     | 1    | 1    | 
|SampleNeuralNet_dsp_48ns_32ns_64ns_25ns_30s_18ns_48ns_1s_48_5_1_DSP_Builtin  | ((C:0x0) or P)+((D+A'')*B'')' | 25     | 18     | 48     | 25     | 48     | 2    | 2    | 0    | 0    | 0     | 1    | 1    | 
|SampleNeuralNet_dsp_48ns_32ns_64ns_25ns_30ns_18ns_48ns_1s_48_5_1_DSP_Builtin | ((C:0x0) or P)+((D+A'')*B'')' | 25     | 18     | 48     | 25     | 48     | 2    | 2    | 0    | 0    | 0     | 1    | 1    | 
|SampleNeuralNet_dsp_48ns_32ns_64ns_25ns_30ns_18ns_48ns_1s_48_5_1_DSP_Builtin | ((C:0x0) or P)+((D+A'')*B'')' | 25     | 18     | 48     | 25     | 48     | 2    | 2    | 0    | 0    | 0     | 1    | 1    | 
|SampleNeuralNet_dsp_48ns_32ns_64ns_25ns_30s_18s_48ns_1ns_48_5_1_DSP_Builtin  | ((C:0x0) or P)+((D+A'')*B'')' | 25     | 18     | 48     | 25     | 48     | 2    | 2    | 0    | 0    | 0     | 1    | 1    | 
|SampleNeuralNet_dsp_48ns_32ns_64ns_25ns_30s_18s_48ns_1ns_48_5_1_DSP_Builtin  | ((C:0x0) or P)+((D+A'')*B'')' | 25     | 18     | 48     | 25     | 48     | 2    | 2    | 0    | 0    | 0     | 1    | 1    | 
+-----------------------------------------------------------------------------+-------------------------------+--------+--------+--------+--------+--------+------+------+------+------+-------+------+------+

Note: The table above is a preliminary report that shows the DSPs inferred at the current stage of the synthesis flow. Some DSP may be reimplemented as non DSP primitives later in the synthesis flow. Multiple instantiated DSPs are reported only once.
---------------------------------------------------------------------------------
Finished ROM, RAM, DSP, Shift Register and Retiming Reporting
---------------------------------------------------------------------------------
---------------------------------------------------------------------------------
Start Applying XDC Timing Constraints
---------------------------------------------------------------------------------
---------------------------------------------------------------------------------
Finished Applying XDC Timing Constraints : Time (s): cpu = 00:00:28 ; elapsed = 00:00:28 . Memory (MB): peak = 2737.016 ; gain = 711.281 ; free physical = 83797 ; free virtual = 124238
---------------------------------------------------------------------------------
---------------------------------------------------------------------------------
Start Timing Optimization
---------------------------------------------------------------------------------
---------------------------------------------------------------------------------
Finished Timing Optimization : Time (s): cpu = 00:00:31 ; elapsed = 00:00:32 . Memory (MB): peak = 2737.016 ; gain = 711.281 ; free physical = 83796 ; free virtual = 124236
---------------------------------------------------------------------------------
---------------------------------------------------------------------------------
Start Technology Mapping
---------------------------------------------------------------------------------
---------------------------------------------------------------------------------
Finished Technology Mapping : Time (s): cpu = 00:00:34 ; elapsed = 00:00:35 . Memory (MB): peak = 2737.016 ; gain = 711.281 ; free physical = 83796 ; free virtual = 124236
---------------------------------------------------------------------------------
---------------------------------------------------------------------------------
Start IO Insertion
---------------------------------------------------------------------------------
---------------------------------------------------------------------------------
Start Flattening Before IO Insertion
---------------------------------------------------------------------------------
---------------------------------------------------------------------------------
Finished Flattening Before IO Insertion
---------------------------------------------------------------------------------
---------------------------------------------------------------------------------
Start Final Netlist Cleanup
---------------------------------------------------------------------------------
---------------------------------------------------------------------------------
Finished Final Netlist Cleanup
---------------------------------------------------------------------------------
---------------------------------------------------------------------------------
Finished IO Insertion : Time (s): cpu = 00:00:38 ; elapsed = 00:00:38 . Memory (MB): peak = 2737.016 ; gain = 711.281 ; free physical = 83796 ; free virtual = 124236
---------------------------------------------------------------------------------
---------------------------------------------------------------------------------
Start Renaming Generated Instances
---------------------------------------------------------------------------------
---------------------------------------------------------------------------------
Finished Renaming Generated Instances : Time (s): cpu = 00:00:38 ; elapsed = 00:00:38 . Memory (MB): peak = 2737.016 ; gain = 711.281 ; free physical = 83796 ; free virtual = 124236
---------------------------------------------------------------------------------
---------------------------------------------------------------------------------
Start Rebuilding User Hierarchy
---------------------------------------------------------------------------------
---------------------------------------------------------------------------------
Finished Rebuilding User Hierarchy : Time (s): cpu = 00:00:38 ; elapsed = 00:00:39 . Memory (MB): peak = 2737.016 ; gain = 711.281 ; free physical = 83796 ; free virtual = 124236
---------------------------------------------------------------------------------
---------------------------------------------------------------------------------
Start Renaming Generated Ports
---------------------------------------------------------------------------------
---------------------------------------------------------------------------------
Finished Renaming Generated Ports : Time (s): cpu = 00:00:38 ; elapsed = 00:00:39 . Memory (MB): peak = 2737.016 ; gain = 711.281 ; free physical = 83796 ; free virtual = 124236
---------------------------------------------------------------------------------
---------------------------------------------------------------------------------
Start Handling Custom Attributes
---------------------------------------------------------------------------------
---------------------------------------------------------------------------------
Finished Handling Custom Attributes : Time (s): cpu = 00:00:39 ; elapsed = 00:00:39 . Memory (MB): peak = 2737.016 ; gain = 711.281 ; free physical = 83796 ; free virtual = 124236
---------------------------------------------------------------------------------
---------------------------------------------------------------------------------
Start Renaming Generated Nets
---------------------------------------------------------------------------------
---------------------------------------------------------------------------------
Finished Renaming Generated Nets : Time (s): cpu = 00:00:39 ; elapsed = 00:00:39 . Memory (MB): peak = 2737.016 ; gain = 711.281 ; free physical = 83796 ; free virtual = 124236
---------------------------------------------------------------------------------
---------------------------------------------------------------------------------
Start ROM, RAM, DSP, Shift Register and Retiming Reporting
---------------------------------------------------------------------------------

Static Shift Register Report:
+----------------+--------------------------------------------------------------------------------------------------------+--------+-------+--------------+--------------------+-------------------+--------+---------+
|Module Name     | RTL Name                                                                                               | Length | Width | Reset Signal | Pull out first Reg | Pull out last Reg | SRL16E | SRLC32E | 
+----------------+--------------------------------------------------------------------------------------------------------+--------+-------+--------------+--------------------+-------------------+--------+---------+
|SampleNeuralNet | custom_dsp_dense_implementation_ap_int_16_ap_int_48_config2_U0/lshr_128ns_7ns_128_7_1_U1/buff3_reg[15] | 4      | 16    | NO           | YES                | NO                | 16     | 0       | 
|SampleNeuralNet | custom_dsp_dense_implementation_ap_int_16_ap_int_48_config2_U0/lshr_128s_7ns_128_7_1_U2/buff3_reg[15]  | 4      | 5     | NO           | NO                 | NO                | 5      | 0       | 
|SampleNeuralNet | custom_dsp_dense_implementation_ap_int_16_ap_int_48_config2_U0/dspInit_reg_654_pp0_iter10_reg_reg[0]   | 10     | 1     | NO           | NO                 | YES               | 1      | 0       | 
|SampleNeuralNet | custom_dsp_dense_implementation_ap_int_16_ap_int_48_config2_U0/dspInit_reg_654_pp0_iter15_reg_reg[0]   | 4      | 1     | NO           | NO                 | YES               | 1      | 0       | 
|SampleNeuralNet | custom_dsp_dense_implementation_ap_int_16_ap_int_48_config2_U0/icmp_ln56_reg_650_pp0_iter15_reg_reg[0] | 15     | 1     | NO           | NO                 | YES               | 1      | 0       | 
|SampleNeuralNet | custom_dsp_dense_implementation_ap_int_16_ap_int_48_config2_U0/tmp_11_reg_640_pp0_iter3_reg_reg[0]     | 4      | 1     | NO           | NO                 | NO                | 1      | 0       | 
|SampleNeuralNet | custom_dsp_dense_implementation_ap_int_16_ap_int_48_config2_U0/ap_loop_exit_ready_pp0_iter16_reg_reg   | 16     | 1     | NO           | NO                 | YES               | 1      | 0       | 
|SampleNeuralNet | custom_dsp_dense_implementation_ap_int_16_ap_int_48_config4_U0/lshr_128s_7ns_128_7_1_U44/buff3_reg[15] | 4      | 5     | NO           | NO                 | NO                | 5      | 0       | 
|SampleNeuralNet | custom_dsp_dense_implementation_ap_int_16_ap_int_48_config4_U0/ap_loop_exit_ready_pp0_iter15_reg_reg   | 15     | 1     | NO           | NO                 | YES               | 1      | 0       | 
|SampleNeuralNet | custom_dsp_dense_implementation_ap_int_16_ap_int_48_config4_U0/dspInit_reg_960_pp0_iter10_reg_reg[0]   | 7      | 1     | NO           | NO                 | YES               | 1      | 0       | 
|SampleNeuralNet | custom_dsp_dense_implementation_ap_int_16_ap_int_48_config4_U0/icmp_ln56_reg_951_pp0_iter15_reg_reg[0] | 15     | 1     | NO           | NO                 | YES               | 1      | 0       | 
|SampleNeuralNet | custom_dsp_dense_implementation_ap_int_16_ap_int_48_config4_U0/dspInit_reg_960_pp0_iter15_reg_reg[0]   | 4      | 1     | NO           | NO                 | YES               | 1      | 0       | 
|SampleNeuralNet | custom_dsp_dense_implementation_ap_int_16_ap_int_48_config4_U0/tmp_5_reg_974_pp0_iter10_reg_reg[15]    | 8      | 16    | NO           | YES                | YES               | 16     | 0       | 
|SampleNeuralNet | custom_dsp_dense_implementation_ap_int_16_ap_int_48_config4_U0/tmp_10_reg_941_pp0_iter3_reg_reg[0]     | 4      | 1     | NO           | NO                 | NO                | 1      | 0       | 
|SampleNeuralNet | custom_dsp_dense_implementation_ap_int_16_ap_int_48_config6_U0/lshr_128s_7ns_128_7_1_U87/buff3_reg[15] | 4      | 5     | NO           | NO                 | NO                | 5      | 0       | 
|SampleNeuralNet | custom_dsp_dense_implementation_ap_int_16_ap_int_48_config6_U0/ap_loop_exit_ready_pp0_iter15_reg_reg   | 15     | 1     | NO           | NO                 | YES               | 1      | 0       | 
|SampleNeuralNet | custom_dsp_dense_implementation_ap_int_16_ap_int_48_config6_U0/dspInit_reg_960_pp0_iter10_reg_reg[0]   | 7      | 1     | NO           | NO                 | YES               | 1      | 0       | 
|SampleNeuralNet | custom_dsp_dense_implementation_ap_int_16_ap_int_48_config6_U0/icmp_ln56_reg_951_pp0_iter15_reg_reg[0] | 15     | 1     | NO           | NO                 | YES               | 1      | 0       | 
|SampleNeuralNet | custom_dsp_dense_implementation_ap_int_16_ap_int_48_config6_U0/dspInit_reg_960_pp0_iter15_reg_reg[0]   | 4      | 1     | NO           | NO                 | YES               | 1      | 0       | 
|SampleNeuralNet | custom_dsp_dense_implementation_ap_int_16_ap_int_48_config6_U0/tmp_7_reg_974_pp0_iter10_reg_reg[15]    | 8      | 16    | NO           | YES                | YES               | 16     | 0       | 
|SampleNeuralNet | custom_dsp_dense_implementation_ap_int_16_ap_int_48_config6_U0/tmp_8_reg_941_pp0_iter3_reg_reg[0]      | 4      | 1     | NO           | NO                 | NO                | 1      | 0       | 
+----------------+--------------------------------------------------------------------------------------------------------+--------+-------+--------------+--------------------+-------------------+--------+---------+


Dynamic Shift Register Report:
+------------+--------------+--------+------------+--------+---------+--------+--------+--------+
|Module Name | RTL Name     | Length | Data Width | SRL16E | SRLC32E | Mux F7 | Mux F8 | Mux F9 | 
+------------+--------------+--------+------------+--------+---------+--------+--------+--------+
|dsrl        | fifo_reg[17] | 50     | 50         | 0      | 50      | 0      | 0      | 0      | 
|dsrl__8     | fifo_reg[17] | 50     | 50         | 0      | 50      | 0      | 0      | 0      | 
+------------+--------------+--------+------------+--------+---------+--------+--------+--------+

---------------------------------------------------------------------------------
Finished ROM, RAM, DSP, Shift Register and Retiming Reporting
---------------------------------------------------------------------------------
---------------------------------------------------------------------------------
Start Writing Synthesis Report
---------------------------------------------------------------------------------

DSP Final Report (the ' indicates corresponding REG is set)
+-----------------------------------------------------------------------------+-------------------+--------+--------+--------+--------+--------+------+------+------+------+-------+------+------+
|Module Name                                                                  | DSP Mapping       | A Size | B Size | C Size | D Size | P Size | AREG | BREG | CREG | DREG | ADREG | MREG | PREG | 
+-----------------------------------------------------------------------------+-------------------+--------+--------+--------+--------+--------+------+------+------+------+-------+------+------+
|SampleNeuralNet_dsp_48ns_32ns_64ns_25ns_30ns_18ns_48ns_1s_48_5_1_DSP_Builtin | (C+(D+A''*B'')')' | 2      | 1      | 0      | 0      | 48     | 2    | 2    | 2    | 2    | 0     | 1    | 1    | 
|SampleNeuralNet_dsp_48ns_32ns_64ns_25ns_30ns_18ns_48ns_1s_48_5_1_DSP_Builtin | (C+(D+A''*B'')')' | 2      | 1      | 0      | 0      | 48     | 2    | 2    | 2    | 2    | 0     | 1    | 1    | 
|SampleNeuralNet_dsp_48ns_32ns_64ns_25ns_30ns_18ns_48ns_1s_48_5_1_DSP_Builtin | (C+(D+A''*B'')')' | 3      | 1      | 0      | 0      | 48     | 2    | 2    | 2    | 2    | 0     | 1    | 1    | 
|SampleNeuralNet_dsp_48ns_32ns_64ns_25ns_30ns_18ns_48ns_1s_48_5_1_DSP_Builtin | (C+(D+A''*B'')')' | 3      | 1      | 0      | 0      | 48     | 2    | 2    | 2    | 2    | 0     | 1    | 1    | 
|SampleNeuralNet_dsp_48ns_32ns_64ns_25ns_30ns_18ns_48ns_1s_48_5_1_DSP_Builtin | (C+(D+A''*B'')')' | 4      | 1      | 0      | 0      | 48     | 2    | 2    | 2    | 2    | 0     | 1    | 1    | 
|SampleNeuralNet_dsp_48ns_32ns_64ns_25ns_30s_18ns_48ns_1s_48_5_1_DSP_Builtin  | (C+(D+A''*B'')')' | 30     | 1      | 0      | 0      | 48     | 2    | 2    | 2    | 2    | 0     | 1    | 1    | 
|SampleNeuralNet_dsp_48ns_32ns_64ns_25ns_30s_18ns_48ns_1s_48_5_1_DSP_Builtin  | (C+(D+A''*B'')')' | 30     | 1      | 0      | 0      | 48     | 2    | 2    | 2    | 2    | 0     | 1    | 1    | 
|SampleNeuralNet_dsp_48ns_32ns_64ns_25ns_30s_18s_48ns_1ns_48_5_1_DSP_Builtin  | (P+(D+A''*B'')')' | 30     | 18     | -      | 0      | 48     | 2    | 2    | -    | 2    | 0     | 1    | 1    | 
|SampleNeuralNet_dsp_48ns_32ns_64ns_25ns_30s_18s_48ns_1ns_48_5_1_DSP_Builtin  | Dynamic           | -      | -      | -      | -      | 48     | -    | -    | -    | -    | 0     | 1    | 1    | 
|SampleNeuralNet_dsp_48ns_32ns_64ns_25ns_30ns_18ns_48ns_1s_48_5_1_DSP_Builtin | (C+(D+A''*B'')')' | 4      | 1      | 0      | 0      | 48     | 2    | 2    | 2    | 2    | 0     | 1    | 1    | 
|SampleNeuralNet_dsp_48ns_32ns_64ns_25ns_30ns_18ns_48ns_1s_48_5_1_DSP_Builtin | (C+(D+A''*B'')')' | 2      | 1      | 0      | 0      | 48     | 2    | 2    | 2    | 2    | 0     | 1    | 1    | 
|SampleNeuralNet_dsp_48ns_32ns_64ns_25ns_30ns_18ns_48ns_1s_48_5_1_DSP_Builtin | (C+(D+A''*B'')')' | 2      | 1      | 0      | 0      | 48     | 2    | 2    | 2    | 2    | 0     | 1    | 1    | 
|SampleNeuralNet_dsp_48ns_32ns_64ns_25ns_30ns_18ns_48ns_1s_48_5_1_DSP_Builtin | (C+(D+A''*B'')')' | 3      | 1      | 0      | 0      | 48     | 2    | 2    | 2    | 2    | 0     | 1    | 1    | 
|SampleNeuralNet_dsp_48ns_32ns_64ns_25ns_30s_18ns_48ns_1s_48_5_1_DSP_Builtin  | (C+(D+A''*B'')')' | 30     | 1      | 0      | 0      | 48     | 2    | 2    | 2    | 2    | 0     | 1    | 1    | 
|SampleNeuralNet_dsp_48ns_32ns_64ns_25ns_30s_18ns_48ns_1s_48_5_1_DSP_Builtin  | (C+(D+A''*B'')')' | 30     | 1      | 0      | 0      | 48     | 2    | 2    | 2    | 2    | 0     | 1    | 1    | 
|SampleNeuralNet_dsp_48ns_32ns_64ns_25ns_30s_18s_48ns_1ns_48_5_1_DSP_Builtin  | (P+(D+A''*B'')')' | 30     | 18     | -      | 0      | 48     | 2    | 2    | -    | 2    | 0     | 1    | 1    | 
|SampleNeuralNet_dsp_48ns_32ns_64ns_25ns_30s_18s_48ns_1ns_48_5_1_DSP_Builtin  | Dynamic           | -      | -      | -      | -      | 48     | -    | -    | -    | -    | 0     | 1    | 1    | 
|SampleNeuralNet_dsp_48ns_32ns_64ns_25ns_30ns_18ns_48ns_1s_48_5_1_DSP_Builtin | (C+(D+A''*B'')')' | 5      | 1      | 0      | 0      | 48     | 2    | 2    | 2    | 2    | 0     | 1    | 1    | 
|SampleNeuralNet_dsp_48ns_32ns_64ns_25ns_30ns_18ns_48ns_1s_48_5_1_DSP_Builtin | (C+(D+A''*B'')')' | 2      | 1      | 0      | 0      | 48     | 2    | 2    | 2    | 2    | 0     | 1    | 1    | 
|SampleNeuralNet_dsp_48ns_32ns_64ns_25ns_30ns_18ns_48ns_1s_48_5_1_DSP_Builtin | (C+(D+A''*B'')')' | 3      | 1      | 0      | 0      | 48     | 2    | 2    | 2    | 2    | 0     | 1    | 1    | 
|SampleNeuralNet_dsp_48ns_32ns_64ns_25ns_30ns_18ns_48ns_1s_48_5_1_DSP_Builtin | (C+(D+A''*B'')')' | 3      | 1      | 0      | 0      | 48     | 2    | 2    | 2    | 2    | 0     | 1    | 1    | 
|SampleNeuralNet_dsp_48ns_32ns_64ns_25ns_30s_18ns_48ns_1s_48_5_1_DSP_Builtin  | (C+(D+A''*B'')')' | 30     | 1      | 0      | 0      | 48     | 2    | 2    | 2    | 2    | 0     | 1    | 1    | 
|SampleNeuralNet_dsp_48ns_32ns_64ns_25ns_30s_18ns_48ns_1s_48_5_1_DSP_Builtin  | (C+(D+A''*B'')')' | 30     | 1      | 0      | 0      | 48     | 2    | 2    | 2    | 2    | 0     | 1    | 1    | 
|SampleNeuralNet_dsp_48ns_32ns_64ns_25ns_30s_18s_48ns_1ns_48_5_1_DSP_Builtin  | Dynamic           | -      | -      | -      | -      | 48     | -    | -    | -    | -    | 0     | 1    | 1    | 
|SampleNeuralNet_dsp_48ns_32ns_64ns_25ns_30s_18s_48ns_1ns_48_5_1_DSP_Builtin  | (P+(D+A''*B'')')' | 30     | 18     | -      | 0      | 48     | 2    | 2    | -    | 2    | 0     | 1    | 1    | 
+-----------------------------------------------------------------------------+-------------------+--------+--------+--------+--------+--------+------+------+------+------+-------+------+------+


Report BlackBoxes: 
+-+--------------+----------+
| |BlackBox name |Instances |
+-+--------------+----------+
+-+--------------+----------+

Report Cell Usage: 
+------+---------+------+
|      |Cell     |Count |
+------+---------+------+
|1     |CARRY4   |   330|
|2     |DSP48E1  |    25|
|4     |LUT1     |   393|
|5     |LUT2     |   420|
|6     |LUT3     |  2902|
|7     |LUT4     |   662|
|8     |LUT5     |   535|
|9     |LUT6     |   974|
|10    |MUXF7    |    48|
|11    |RAMB18E1 |     3|
|14    |SRL16E   |    78|
|15    |SRLC32E  |   400|
|16    |FDRE     |  9817|
|17    |FDSE     |    99|
+------+---------+------+
---------------------------------------------------------------------------------
Finished Writing Synthesis Report : Time (s): cpu = 00:00:39 ; elapsed = 00:00:39 . Memory (MB): peak = 2737.016 ; gain = 711.281 ; free physical = 83796 ; free virtual = 124236
---------------------------------------------------------------------------------
Synthesis finished with 0 errors, 0 critical warnings and 183 warnings.
Synthesis Optimization Runtime : Time (s): cpu = 00:00:35 ; elapsed = 00:00:36 . Memory (MB): peak = 2737.016 ; gain = 560.531 ; free physical = 83796 ; free virtual = 124236
Synthesis Optimization Complete : Time (s): cpu = 00:00:39 ; elapsed = 00:00:40 . Memory (MB): peak = 2737.023 ; gain = 711.281 ; free physical = 83796 ; free virtual = 124236
INFO: [Project 1-571] Translating synthesized netlist
Netlist sorting complete. Time (s): cpu = 00:00:00.1 ; elapsed = 00:00:00.1 . Memory (MB): peak = 2737.023 ; gain = 0.000 ; free physical = 84086 ; free virtual = 124526
INFO: [Netlist 29-17] Analyzing 406 Unisim elements for replacement
INFO: [Netlist 29-28] Unisim Transformation completed in 0 CPU seconds
INFO: [Project 1-570] Preparing netlist for logic optimization
Parsing XDC File [/home/eim32828/Desktop/Vitis_HLS_Gens/SampleNeuralNets_2_9_v2_Attempt_Fix/Custom/Analysis_Constraints.xdc]
Finished Parsing XDC File [/home/eim32828/Desktop/Vitis_HLS_Gens/SampleNeuralNets_2_9_v2_Attempt_Fix/Custom/Analysis_Constraints.xdc]
INFO: [Opt 31-138] Pushed 0 inverter(s) to 0 load pin(s).
Netlist sorting complete. Time (s): cpu = 00:00:00 ; elapsed = 00:00:00 . Memory (MB): peak = 2793.043 ; gain = 0.000 ; free physical = 84082 ; free virtual = 124522
INFO: [Project 1-111] Unisim Transformation Summary:
No Unisim elements were transformed.

Synth Design complete | Checksum: 795d4325
INFO: [Common 17-83] Releasing license: Synthesis
100 Infos, 207 Warnings, 0 Critical Warnings and 0 Errors encountered.
synth_design completed successfully
synth_design: Time (s): cpu = 00:00:48 ; elapsed = 00:00:46 . Memory (MB): peak = 2793.043 ; gain = 1109.457 ; free physical = 84081 ; free virtual = 124522
INFO: [Common 17-2834] synth_design peak Physical Memory [PSS] (MB): overall = 2530.329; main = 2224.565; forked = 453.686
INFO: [Common 17-2834] synth_design peak Virtual Memory [VSS] (MB): overall = 3762.844; main = 2793.043; forked = 1025.828
# report_timing_summary -file ./Analysis_Verilog/Timing_Report_Synthesis.rpt
INFO: [Timing 38-35] Done setting XDC timing constraints.
INFO: [Timing 38-91] UpdateTimingParams: Speed grade: -1, Delay Type: min_max.
INFO: [Timing 38-191] Multithreading enabled for timing update using a maximum of 8 CPUs
WARNING: [Timing 38-242] The property HD.CLK_SRC of clock port "ap_clk" is not set. In out-of-context mode, this prevents timing estimation for clock delay/skew
Resolution: Set the HD.CLK_SRC property of the out-of-context port to the location of the clock buffer instance in the top-level design
report_timing_summary: Time (s): cpu = 00:00:07 ; elapsed = 00:00:06 . Memory (MB): peak = 2870.855 ; gain = 77.812 ; free physical = 84037 ; free virtual = 124477
# report_timing -max_paths 20 -file ./Analysis_Verilog/Timing_Paths_Synthesis.rpt
INFO: [Timing 38-91] UpdateTimingParams: Speed grade: -1, Delay Type: max.
INFO: [Timing 38-191] Multithreading enabled for timing update using a maximum of 8 CPUs
INFO: [Timing 38-78] ReportTimingParams: -max_paths 20 -nworst 1 -delay_type max -sort_by slack.
# report_utilization -hierarchical -file ./Analysis_Verilog/Utilization_Report_Synthesis.rpt
# set dsps [get_cells -hierarchical -filter {REF_NAME == DSP48E1}]
# set fh [open "./Analysis_Verilog/DSP_Properties.rpt" w]
# puts $fh "DSP48E1 count: [llength $dsps]"
# puts $fh ""
# foreach dsp $dsps {
#     puts $fh "--------------------------------------------------"
#     puts $fh "DSP: $dsp"
# 
#     foreach prop {
#         AREG
#         BREG
#         MREG
#         PREG
#         CREG
#         OPMODEREG
#         ALUMODEREG
#         USE_MULT
#         PRIMITIVE_TYPE
#     } {
#         puts $fh "$prop = [get_property $prop $dsp]"
#     }
# 
#     puts $fh ""
# }
# close $fh
# write_checkpoint -force ./Analysis_Verilog/Post_Synthesis.dcp
INFO: [Timing 38-480] Writing timing data to binary archive.
Write ShapeDB Complete: Time (s): cpu = 00:00:00.03 ; elapsed = 00:00:00.01 . Memory (MB): peak = 2920.684 ; gain = 0.000 ; free physical = 84020 ; free virtual = 124461
INFO: [Common 17-1381] The checkpoint '/home/eim32828/Desktop/Vitis_HLS_Gens/SampleNeuralNets_2_9_v2_Attempt_Fix/Custom/Analysis_Verilog/Post_Synthesis.dcp' has been generated.
# opt_design
Command: opt_design
Attempting to get a license for feature 'Implementation' and/or device 'xc7z010'
INFO: [Common 17-349] Got license for feature 'Implementation' and/or device 'xc7z010'
Running DRC as a precondition to command opt_design

Starting DRC Task
INFO: [DRC 23-27] Running DRC with 8 threads
INFO: [Project 1-461] DRC finished with 0 Errors
INFO: [Project 1-462] Please refer to the DRC report (report_drc) for more information.

Time (s): cpu = 00:00:00.99 ; elapsed = 00:00:00.61 . Memory (MB): peak = 2974.969 ; gain = 50.793 ; free physical = 83969 ; free virtual = 124432

Starting Cache Timing Information Task
Ending Cache Timing Information Task | Checksum: 12c8f769f

Time (s): cpu = 00:00:00 ; elapsed = 00:00:00.01 . Memory (MB): peak = 2974.969 ; gain = 0.000 ; free physical = 83969 ; free virtual = 124432

Starting Logic Optimization Task

Phase 1 Initialization

Phase 1.1 Core Generation And Design Setup
Phase 1.1 Core Generation And Design Setup | Checksum: 12c8f769f

Time (s): cpu = 00:00:00 ; elapsed = 00:00:00.01 . Memory (MB): peak = 3176.957 ; gain = 0.000 ; free physical = 83735 ; free virtual = 124198

Phase 1.2 Setup Constraints And Sort Netlist
Phase 1.2 Setup Constraints And Sort Netlist | Checksum: 12c8f769f

Time (s): cpu = 00:00:00.01 ; elapsed = 00:00:00.01 . Memory (MB): peak = 3176.957 ; gain = 0.000 ; free physical = 83735 ; free virtual = 124198
Phase 1 Initialization | Checksum: 12c8f769f

Time (s): cpu = 00:00:00.01 ; elapsed = 00:00:00.01 . Memory (MB): peak = 3176.957 ; gain = 0.000 ; free physical = 83735 ; free virtual = 124198

Phase 2 Timer Update And Timing Data Collection

Phase 2.1 Timer Update
Phase 2.1 Timer Update | Checksum: 12c8f769f

Time (s): cpu = 00:00:00.31 ; elapsed = 00:00:00.1 . Memory (MB): peak = 3176.957 ; gain = 0.000 ; free physical = 83735 ; free virtual = 124198

Phase 2.2 Timing Data Collection
Phase 2.2 Timing Data Collection | Checksum: 12c8f769f

Time (s): cpu = 00:00:00.33 ; elapsed = 00:00:00.12 . Memory (MB): peak = 3176.957 ; gain = 0.000 ; free physical = 83735 ; free virtual = 124198
Phase 2 Timer Update And Timing Data Collection | Checksum: 12c8f769f

Time (s): cpu = 00:00:00.33 ; elapsed = 00:00:00.12 . Memory (MB): peak = 3176.957 ; gain = 0.000 ; free physical = 83735 ; free virtual = 124198

Phase 3 Retarget
INFO: [Opt 31-1834] Total Chains To Be Transformed Were: 0 AND Number of Transformed insts Created are: 0
INFO: [Opt 31-138] Pushed 0 inverter(s) to 0 load pin(s).
INFO: [Opt 31-49] Retargeted 0 cell(s).
Phase 3 Retarget | Checksum: 1bc08d91f

Time (s): cpu = 00:00:00.45 ; elapsed = 00:00:00.25 . Memory (MB): peak = 3176.957 ; gain = 0.000 ; free physical = 83735 ; free virtual = 124198
Retarget | Checksum: 1bc08d91f
INFO: [Opt 31-389] Phase Retarget created 24 cells and removed 32 cells

Phase 4 Constant propagation
INFO: [Opt 31-138] Pushed 0 inverter(s) to 0 load pin(s).
Phase 4 Constant propagation | Checksum: 22d5f8b66

Time (s): cpu = 00:00:00.53 ; elapsed = 00:00:00.33 . Memory (MB): peak = 3176.957 ; gain = 0.000 ; free physical = 83735 ; free virtual = 124198
Constant propagation | Checksum: 22d5f8b66
INFO: [Opt 31-389] Phase Constant propagation created 48 cells and removed 56 cells

Phase 5 Sweep
Phase 5 Sweep | Checksum: 199b46d85

Time (s): cpu = 00:00:00.65 ; elapsed = 00:00:00.45 . Memory (MB): peak = 3176.957 ; gain = 0.000 ; free physical = 83735 ; free virtual = 124197
Sweep | Checksum: 199b46d85
INFO: [Opt 31-389] Phase Sweep created 0 cells and removed 16 cells

Phase 6 BUFG optimization
Phase 6 BUFG optimization | Checksum: 199b46d85

Time (s): cpu = 00:00:00.69 ; elapsed = 00:00:00.48 . Memory (MB): peak = 3176.957 ; gain = 0.000 ; free physical = 83735 ; free virtual = 124197
BUFG optimization | Checksum: 199b46d85
INFO: [Opt 31-662] Phase BUFG optimization created 0 cells of which 0 are BUFGs and removed 0 cells.

Phase 7 Shift Register Optimization
INFO: [Opt 31-1064] SRL Remap converted 0 SRLs to 0 registers and converted 0 registers of register chains to 0 SRLs
Phase 7 Shift Register Optimization | Checksum: 21a8a35b2

Time (s): cpu = 00:00:00.71 ; elapsed = 00:00:00.5 . Memory (MB): peak = 3176.957 ; gain = 0.000 ; free physical = 83735 ; free virtual = 124197
Shift Register Optimization | Checksum: 21a8a35b2
INFO: [Opt 31-389] Phase Shift Register Optimization created 7 cells and removed 0 cells

Phase 8 Post Processing Netlist
Phase 8 Post Processing Netlist | Checksum: 21a8a35b2

Time (s): cpu = 00:00:00.74 ; elapsed = 00:00:00.54 . Memory (MB): peak = 3176.957 ; gain = 0.000 ; free physical = 83735 ; free virtual = 124197
Post Processing Netlist | Checksum: 21a8a35b2
INFO: [Opt 31-389] Phase Post Processing Netlist created 0 cells and removed 0 cells

Phase 9 Finalization

Phase 9.1 Finalizing Design Cores and Updating Shapes
Phase 9.1 Finalizing Design Cores and Updating Shapes | Checksum: 8f020a14

Time (s): cpu = 00:00:00.9 ; elapsed = 00:00:00.63 . Memory (MB): peak = 3176.957 ; gain = 0.000 ; free physical = 83735 ; free virtual = 124197

Phase 9.2 Verifying Netlist Connectivity

Starting Connectivity Check Task

Time (s): cpu = 00:00:00.01 ; elapsed = 00:00:00.01 . Memory (MB): peak = 3176.957 ; gain = 0.000 ; free physical = 83735 ; free virtual = 124197
Phase 9.2 Verifying Netlist Connectivity | Checksum: 8f020a14

Time (s): cpu = 00:00:00.92 ; elapsed = 00:00:00.64 . Memory (MB): peak = 3176.957 ; gain = 0.000 ; free physical = 83735 ; free virtual = 124197
Phase 9 Finalization | Checksum: 8f020a14

Time (s): cpu = 00:00:00.92 ; elapsed = 00:00:00.64 . Memory (MB): peak = 3176.957 ; gain = 0.000 ; free physical = 83735 ; free virtual = 124197
Opt_design Change Summary
=========================


-------------------------------------------------------------------------------------------------------------------------
|  Phase                        |  #Cells created  |  #Cells Removed  |  #Constrained objects preventing optimizations  |
-------------------------------------------------------------------------------------------------------------------------
|  Retarget                     |              24  |              32  |                                              0  |
|  Constant propagation         |              48  |              56  |                                              0  |
|  Sweep                        |               0  |              16  |                                              0  |
|  BUFG optimization            |               0  |               0  |                                              0  |
|  Shift Register Optimization  |               7  |               0  |                                              0  |
|  Post Processing Netlist      |               0  |               0  |                                              0  |
-------------------------------------------------------------------------------------------------------------------------


Ending Logic Optimization Task | Checksum: 8f020a14

Time (s): cpu = 00:00:00.92 ; elapsed = 00:00:00.64 . Memory (MB): peak = 3176.957 ; gain = 0.000 ; free physical = 83735 ; free virtual = 124197

Starting Power Optimization Task
INFO: [Pwropt 34-132] Skipping clock gating for clocks with a period < 2.00 ns.
INFO: [Pwropt 34-9] Applying IDT optimizations ...
INFO: [Pwropt 34-10] Applying ODC optimizations ...
INFO: [Timing 38-35] Done setting XDC timing constraints.
Running Vector-less Activity Propagation...

Finished Running Vector-less Activity Propagation


Starting PowerOpt Patch Enables Task
INFO: [Pwropt 34-162] WRITE_MODE attribute of 0 BRAM(s) out of a total of 3 has been updated to save power. Run report_power_opt to get a complete listing of the BRAMs updated.
INFO: [Pwropt 34-201] Structural ODC has moved 0 WE to EN ports
Number of BRAM Ports augmented: 4 newly gated: 0 Total Ports: 6
Number of Flops added for Enable Generation: 4

Ending PowerOpt Patch Enables Task | Checksum: 14a24531f

Time (s): cpu = 00:00:00.05 ; elapsed = 00:00:00.04 . Memory (MB): peak = 3353.012 ; gain = 0.000 ; free physical = 83694 ; free virtual = 124156
Ending Power Optimization Task | Checksum: 14a24531f

Time (s): cpu = 00:00:03 ; elapsed = 00:00:01 . Memory (MB): peak = 3353.012 ; gain = 176.055 ; free physical = 83694 ; free virtual = 124156

Starting Final Cleanup Task

Starting Logic Optimization Task
INFO: [Timing 38-35] Done setting XDC timing constraints.
Ending Logic Optimization Task | Checksum: 119c0c1f4

Time (s): cpu = 00:00:01 ; elapsed = 00:00:00.48 . Memory (MB): peak = 3353.012 ; gain = 0.000 ; free physical = 83693 ; free virtual = 124156
Ending Final Cleanup Task | Checksum: 119c0c1f4

Time (s): cpu = 00:00:03 ; elapsed = 00:00:02 . Memory (MB): peak = 3353.012 ; gain = 0.000 ; free physical = 83693 ; free virtual = 124156

Starting Netlist Obfuscation Task
Netlist sorting complete. Time (s): cpu = 00:00:00 ; elapsed = 00:00:00 . Memory (MB): peak = 3353.012 ; gain = 0.000 ; free physical = 83693 ; free virtual = 124156
Ending Netlist Obfuscation Task | Checksum: 119c0c1f4

Time (s): cpu = 00:00:00.01 ; elapsed = 00:00:00 . Memory (MB): peak = 3353.012 ; gain = 0.000 ; free physical = 83693 ; free virtual = 124156
INFO: [Common 17-83] Releasing license: Implementation
23 Infos, 0 Warnings, 0 Critical Warnings and 0 Errors encountered.
opt_design completed successfully
opt_design: Time (s): cpu = 00:00:09 ; elapsed = 00:00:06 . Memory (MB): peak = 3353.012 ; gain = 428.836 ; free physical = 83693 ; free virtual = 124156
# place_design
Command: place_design
Attempting to get a license for feature 'Implementation' and/or device 'xc7z010'
INFO: [Common 17-349] Got license for feature 'Implementation' and/or device 'xc7z010'
INFO: [Common 17-83] Releasing license: Implementation
INFO: [DRC 23-27] Running DRC with 8 threads
INFO: [Vivado_Tcl 4-198] DRC finished with 0 Errors
INFO: [Vivado_Tcl 4-199] Please refer to the DRC report (report_drc) for more information.
Running DRC as a precondition to command place_design
INFO: [DRC 23-27] Running DRC with 8 threads
INFO: [Vivado_Tcl 4-198] DRC finished with 0 Errors
INFO: [Vivado_Tcl 4-199] Please refer to the DRC report (report_drc) for more information.
INFO: [Place 30-611] Multithreading enabled for place_design using a maximum of 8 CPUs

Starting Placer Task

Phase 1 Placer Initialization

Phase 1.1 Placer Initialization Netlist Sorting
Netlist sorting complete. Time (s): cpu = 00:00:00.01 ; elapsed = 00:00:00.01 . Memory (MB): peak = 3353.012 ; gain = 0.000 ; free physical = 83692 ; free virtual = 124154
Phase 1.1 Placer Initialization Netlist Sorting | Checksum: 6dc4fccc

Time (s): cpu = 00:00:00.01 ; elapsed = 00:00:00.01 . Memory (MB): peak = 3353.012 ; gain = 0.000 ; free physical = 83692 ; free virtual = 124154
Netlist sorting complete. Time (s): cpu = 00:00:00 ; elapsed = 00:00:00 . Memory (MB): peak = 3353.012 ; gain = 0.000 ; free physical = 83692 ; free virtual = 124154

Phase 1.2 IO Placement/ Clock Placement/ Build Placer Device
INFO: [Timing 38-35] Done setting XDC timing constraints.
Phase 1.2 IO Placement/ Clock Placement/ Build Placer Device | Checksum: 6f4e1b7a

Time (s): cpu = 00:00:02 ; elapsed = 00:00:00.64 . Memory (MB): peak = 3353.012 ; gain = 0.000 ; free physical = 83692 ; free virtual = 124154

Phase 1.3 Build Placer Netlist Model
Phase 1.3 Build Placer Netlist Model | Checksum: 1e4a89bd8

Time (s): cpu = 00:00:04 ; elapsed = 00:00:02 . Memory (MB): peak = 3353.012 ; gain = 0.000 ; free physical = 83691 ; free virtual = 124154

Phase 1.4 Constrain Clocks/Macros
Phase 1.4 Constrain Clocks/Macros | Checksum: 1e4a89bd8

Time (s): cpu = 00:00:04 ; elapsed = 00:00:02 . Memory (MB): peak = 3353.012 ; gain = 0.000 ; free physical = 83691 ; free virtual = 124154
Phase 1 Placer Initialization | Checksum: 1e4a89bd8

Time (s): cpu = 00:00:04 ; elapsed = 00:00:02 . Memory (MB): peak = 3353.012 ; gain = 0.000 ; free physical = 83691 ; free virtual = 124154

Phase 2 Global Placement

Phase 2.1 Floorplanning
Phase 2.1 Floorplanning | Checksum: 16177dbb8

Time (s): cpu = 00:00:05 ; elapsed = 00:00:02 . Memory (MB): peak = 3353.012 ; gain = 0.000 ; free physical = 83691 ; free virtual = 124154

Phase 2.2 Update Timing before SLR Path Opt
Phase 2.2 Update Timing before SLR Path Opt | Checksum: 2233d6164

Time (s): cpu = 00:00:06 ; elapsed = 00:00:02 . Memory (MB): peak = 3353.012 ; gain = 0.000 ; free physical = 83690 ; free virtual = 124153

Phase 2.3 Post-Processing in Floorplanning
Phase 2.3 Post-Processing in Floorplanning | Checksum: 2233d6164

Time (s): cpu = 00:00:06 ; elapsed = 00:00:02 . Memory (MB): peak = 3353.012 ; gain = 0.000 ; free physical = 83690 ; free virtual = 124153

Phase 2.4 Global Placement Core

Phase 2.4.1 UpdateTiming Before Physical Synthesis
Phase 2.4.1 UpdateTiming Before Physical Synthesis | Checksum: 239b0e50d

Time (s): cpu = 00:00:20 ; elapsed = 00:00:06 . Memory (MB): peak = 3353.012 ; gain = 0.000 ; free physical = 83653 ; free virtual = 124116

Phase 2.4.2 Physical Synthesis In Placer
INFO: [Physopt 32-1035] Found 71 LUTNM shape to break, 91 LUT instances to create LUTNM shape
INFO: [Physopt 32-1044] Break lutnm for timing: one critical 71, two critical 0, total 71, new lutff created 0
INFO: [Physopt 32-1138] End 1 Pass. Optimized 81 nets or LUTs. Breaked 71 LUTs, combined 10 existing LUTs and moved 0 existing LUT
INFO: [Physopt 32-1408] Pass 1. Identified 4 candidate nets for high-fanout optimization.
INFO: [Physopt 32-81] Processed net custom_dsp_dense_implementation_ap_int_16_ap_int_48_config6_U0/ap_block_pp0_stage0_subdone. Replicated 6 times.
INFO: [Physopt 32-81] Processed net thresholded_relu_ap_int_48_ap_int_48_ap_int_16_thresholdedrelu_config3_U0/p_0_in. Replicated 6 times.
INFO: [Physopt 32-232] Optimized 2 nets. Created 12 new instances.
INFO: [Physopt 32-775] End 1 Pass. Optimized 2 nets or cells. Created 12 new cells, deleted 0 existing cell and moved 0 existing cell
Netlist sorting complete. Time (s): cpu = 00:00:00.04 ; elapsed = 00:00:00.03 . Memory (MB): peak = 3353.012 ; gain = 0.000 ; free physical = 83653 ; free virtual = 124115
INFO: [Physopt 32-456] No candidate cells for DSP register optimization found in the design.
INFO: [Physopt 32-775] End 2 Pass. Optimized 0 net or cell. Created 0 new cell, deleted 0 existing cell and moved 0 existing cell
INFO: [Physopt 32-1123] No candidate cells found for Shift Register to Pipeline optimization
INFO: [Physopt 32-775] End 2 Pass. Optimized 0 net or cell. Created 0 new cell, deleted 0 existing cell and moved 0 existing cell
INFO: [Physopt 32-1402] Pass 1: Identified 8 candidate cells for Shift Register optimization.
INFO: [Physopt 32-775] End 1 Pass. Optimized 0 net or cell. Created 0 new cell, deleted 0 existing cell and moved 0 existing cell
INFO: [Physopt 32-526] No candidate cells for BRAM register optimization found in the design
INFO: [Physopt 32-775] End 1 Pass. Optimized 0 net or cell. Created 0 new cell, deleted 0 existing cell and moved 0 existing cell
INFO: [Physopt 32-846] No candidate cells for URAM register optimization found in the design
INFO: [Physopt 32-775] End 1 Pass. Optimized 0 net or cell. Created 0 new cell, deleted 0 existing cell and moved 0 existing cell
INFO: [Physopt 32-846] No candidate cells for URAM register optimization found in the design
INFO: [Physopt 32-775] End 1 Pass. Optimized 0 net or cell. Created 0 new cell, deleted 0 existing cell and moved 0 existing cell
INFO: [Physopt 32-949] No candidate nets found for dynamic/static region interface net replication
INFO: [Physopt 32-775] End 1 Pass. Optimized 0 net or cell. Created 0 new cell, deleted 0 existing cell and moved 0 existing cell
Netlist sorting complete. Time (s): cpu = 00:00:00 ; elapsed = 00:00:00 . Memory (MB): peak = 3353.012 ; gain = 0.000 ; free physical = 83653 ; free virtual = 124115
INFO: [Physopt 32-68] No nets found for critical-cell optimization.
INFO: [Physopt 32-232] Optimized 0 net. Created 0 new instance.
INFO: [Physopt 32-775] End 1 Pass. Optimized 0 net or cell. Created 0 new cell, deleted 0 existing cell and moved 0 existing cell
Netlist sorting complete. Time (s): cpu = 00:00:00 ; elapsed = 00:00:00 . Memory (MB): peak = 3353.012 ; gain = 0.000 ; free physical = 83653 ; free virtual = 124115

Summary of Physical Synthesis Optimizations
============================================


-----------------------------------------------------------------------------------------------------------------------------------------------------------
|  Optimization                                     |  Added Cells  |  Removed Cells  |  Optimized Cells/Nets  |  Dont Touch  |  Iterations  |  Elapsed   |
-----------------------------------------------------------------------------------------------------------------------------------------------------------
|  LUT Combining                                    |           71  |             10  |                    81  |           0  |           1  |  00:00:00  |
|  Retime                                           |            0  |              0  |                     0  |           0  |           1  |  00:00:00  |
|  Very High Fanout                                 |           12  |              0  |                     2  |           0  |           1  |  00:00:00  |
|  DSP Register                                     |            0  |              0  |                     0  |           0  |           1  |  00:00:00  |
|  Shift Register to Pipeline                       |            0  |              0  |                     0  |           0  |           1  |  00:00:00  |
|  Shift Register                                   |            0  |              0  |                     0  |           0  |           1  |  00:00:00  |
|  BRAM Register                                    |            0  |              0  |                     0  |           0  |           1  |  00:00:00  |
|  URAM Register                                    |            0  |              0  |                     0  |           0  |           1  |  00:00:00  |
|  Dynamic/Static Region Interface Net Replication  |            0  |              0  |                     0  |           0  |           1  |  00:00:00  |
|  Critical Cell                                    |            0  |              0  |                     0  |           0  |           1  |  00:00:00  |
|  Total                                            |           83  |             10  |                    83  |           0  |          10  |  00:00:01  |
-----------------------------------------------------------------------------------------------------------------------------------------------------------


Phase 2.4.2 Physical Synthesis In Placer | Checksum: 1a23331ad

Time (s): cpu = 00:00:22 ; elapsed = 00:00:07 . Memory (MB): peak = 3353.012 ; gain = 0.000 ; free physical = 83653 ; free virtual = 124115
Phase 2.4 Global Placement Core | Checksum: 20c4382a9

Time (s): cpu = 00:00:23 ; elapsed = 00:00:07 . Memory (MB): peak = 3353.012 ; gain = 0.000 ; free physical = 83653 ; free virtual = 124115
Phase 2 Global Placement | Checksum: 20c4382a9

Time (s): cpu = 00:00:23 ; elapsed = 00:00:07 . Memory (MB): peak = 3353.012 ; gain = 0.000 ; free physical = 83653 ; free virtual = 124115

Phase 3 Detail Placement

Phase 3.1 Commit Multi Column Macros
Phase 3.1 Commit Multi Column Macros | Checksum: 23d2e09da

Time (s): cpu = 00:00:24 ; elapsed = 00:00:07 . Memory (MB): peak = 3353.012 ; gain = 0.000 ; free physical = 83652 ; free virtual = 124115

Phase 3.2 Commit Most Macros & LUTRAMs
Phase 3.2 Commit Most Macros & LUTRAMs | Checksum: 150e01ece

Time (s): cpu = 00:00:25 ; elapsed = 00:00:08 . Memory (MB): peak = 3353.012 ; gain = 0.000 ; free physical = 83652 ; free virtual = 124115

Phase 3.3 Area Swap Optimization
Phase 3.3 Area Swap Optimization | Checksum: 16ef46c8d

Time (s): cpu = 00:00:25 ; elapsed = 00:00:08 . Memory (MB): peak = 3353.012 ; gain = 0.000 ; free physical = 83652 ; free virtual = 124115

Phase 3.4 Pipeline Register Optimization
Phase 3.4 Pipeline Register Optimization | Checksum: 20b939306

Time (s): cpu = 00:00:25 ; elapsed = 00:00:08 . Memory (MB): peak = 3353.012 ; gain = 0.000 ; free physical = 83652 ; free virtual = 124115

Phase 3.5 Fast Optimization
Phase 3.5 Fast Optimization | Checksum: 20afc7c4a

Time (s): cpu = 00:00:29 ; elapsed = 00:00:09 . Memory (MB): peak = 3353.012 ; gain = 0.000 ; free physical = 83652 ; free virtual = 124115

Phase 3.6 Small Shape Detail Placement
Phase 3.6 Small Shape Detail Placement | Checksum: 11cf03140

Time (s): cpu = 00:00:31 ; elapsed = 00:00:11 . Memory (MB): peak = 3353.012 ; gain = 0.000 ; free physical = 83652 ; free virtual = 124115

Phase 3.7 Re-assign LUT pins
Phase 3.7 Re-assign LUT pins | Checksum: 15ac3859f

Time (s): cpu = 00:00:31 ; elapsed = 00:00:12 . Memory (MB): peak = 3353.012 ; gain = 0.000 ; free physical = 83652 ; free virtual = 124115

Phase 3.8 Pipeline Register Optimization
Phase 3.8 Pipeline Register Optimization | Checksum: 194d5a274

Time (s): cpu = 00:00:31 ; elapsed = 00:00:12 . Memory (MB): peak = 3353.012 ; gain = 0.000 ; free physical = 83652 ; free virtual = 124115

Phase 3.9 Fast Optimization
Phase 3.9 Fast Optimization | Checksum: 11c90546d

Time (s): cpu = 00:00:36 ; elapsed = 00:00:14 . Memory (MB): peak = 3353.012 ; gain = 0.000 ; free physical = 83651 ; free virtual = 124114
Phase 3 Detail Placement | Checksum: 11c90546d

Time (s): cpu = 00:00:36 ; elapsed = 00:00:14 . Memory (MB): peak = 3353.012 ; gain = 0.000 ; free physical = 83651 ; free virtual = 124114

Phase 4 Post Placement Optimization and Clean-Up

Phase 4.1 Post Commit Optimization
INFO: [Timing 38-35] Done setting XDC timing constraints.

Phase 4.1.1 Post Placement Optimization
Post Placement Optimization Initialization | Checksum: 1ee26c0c8

Phase 4.1.1.1 BUFG Insertion

Starting Physical Synthesis Task

Phase 1 Physical Synthesis Initialization
INFO: [Physopt 32-721] Multithreading enabled for phys_opt_design using a maximum of 8 CPUs
INFO: [Physopt 32-619] Estimated Timing Summary | WNS=-4.347 | TNS=-3147.866 |
Phase 1 Physical Synthesis Initialization | Checksum: 234232590

Time (s): cpu = 00:00:01 ; elapsed = 00:00:00.43 . Memory (MB): peak = 3353.012 ; gain = 0.000 ; free physical = 83647 ; free virtual = 124110
INFO: [Place 46-56] BUFG insertion identified 0 candidate nets. Inserted BUFG: 0, Replicated BUFG Driver: 0, Skipped due to Placement/Routing Conflicts: 0, Skipped due to Timing Degradation: 0, Skipped due to netlist editing failed: 0.
Ending Physical Synthesis Task | Checksum: 1b9ed4895

Time (s): cpu = 00:00:01 ; elapsed = 00:00:00.52 . Memory (MB): peak = 3353.012 ; gain = 0.000 ; free physical = 83647 ; free virtual = 124110
Phase 4.1.1.1 BUFG Insertion | Checksum: 1ee26c0c8

Time (s): cpu = 00:00:41 ; elapsed = 00:00:16 . Memory (MB): peak = 3353.012 ; gain = 0.000 ; free physical = 83647 ; free virtual = 124110

Phase 4.1.1.2 Post Placement Timing Optimization
INFO: [Place 30-746] Post Placement Timing Summary WNS=-3.369. For the most accurate timing information please run report_timing.
Phase 4.1.1.2 Post Placement Timing Optimization | Checksum: 2db3f1901

Time (s): cpu = 00:00:51 ; elapsed = 00:00:24 . Memory (MB): peak = 3353.012 ; gain = 0.000 ; free physical = 83647 ; free virtual = 124110

Time (s): cpu = 00:00:51 ; elapsed = 00:00:24 . Memory (MB): peak = 3353.012 ; gain = 0.000 ; free physical = 83647 ; free virtual = 124110
Phase 4.1 Post Commit Optimization | Checksum: 2db3f1901

Time (s): cpu = 00:00:51 ; elapsed = 00:00:25 . Memory (MB): peak = 3353.012 ; gain = 0.000 ; free physical = 83647 ; free virtual = 124110

Phase 4.2 Post Placement Cleanup
Phase 4.2 Post Placement Cleanup | Checksum: 2db3f1901

Time (s): cpu = 00:00:51 ; elapsed = 00:00:25 . Memory (MB): peak = 3353.012 ; gain = 0.000 ; free physical = 83647 ; free virtual = 124110

Phase 4.3 Placer Reporting

Phase 4.3.1 Print Estimated Congestion
INFO: [Place 30-612] Post-Placement Estimated Congestion 
 ____________________________________________________
|           | Global Congestion | Short Congestion  |
| Direction | Region Size       | Region Size       |
|___________|___________________|___________________|
|      North|                1x1|                2x2|
|___________|___________________|___________________|
|      South|                1x1|                1x1|
|___________|___________________|___________________|
|       East|                1x1|                1x1|
|___________|___________________|___________________|
|       West|                1x1|                1x1|
|___________|___________________|___________________|

Phase 4.3.1 Print Estimated Congestion | Checksum: 2db3f1901

Time (s): cpu = 00:00:51 ; elapsed = 00:00:25 . Memory (MB): peak = 3353.012 ; gain = 0.000 ; free physical = 83647 ; free virtual = 124110
Phase 4.3 Placer Reporting | Checksum: 2db3f1901

Time (s): cpu = 00:00:51 ; elapsed = 00:00:25 . Memory (MB): peak = 3353.012 ; gain = 0.000 ; free physical = 83647 ; free virtual = 124110

Phase 4.4 Final Placement Cleanup
Netlist sorting complete. Time (s): cpu = 00:00:00 ; elapsed = 00:00:00 . Memory (MB): peak = 3353.012 ; gain = 0.000 ; free physical = 83647 ; free virtual = 124110

Time (s): cpu = 00:00:51 ; elapsed = 00:00:25 . Memory (MB): peak = 3353.012 ; gain = 0.000 ; free physical = 83647 ; free virtual = 124110
Phase 4 Post Placement Optimization and Clean-Up | Checksum: 2cbc75161

Time (s): cpu = 00:00:51 ; elapsed = 00:00:25 . Memory (MB): peak = 3353.012 ; gain = 0.000 ; free physical = 83647 ; free virtual = 124110
Ending Placer Task | Checksum: 1d78bee3f

Time (s): cpu = 00:00:51 ; elapsed = 00:00:25 . Memory (MB): peak = 3353.012 ; gain = 0.000 ; free physical = 83647 ; free virtual = 124110
41 Infos, 0 Warnings, 0 Critical Warnings and 0 Errors encountered.
place_design completed successfully
place_design: Time (s): cpu = 00:00:53 ; elapsed = 00:00:26 . Memory (MB): peak = 3353.012 ; gain = 0.000 ; free physical = 83647 ; free virtual = 124110
# route_design
Command: route_design
Attempting to get a license for feature 'Implementation' and/or device 'xc7z010'
INFO: [Common 17-349] Got license for feature 'Implementation' and/or device 'xc7z010'
Running DRC as a precondition to command route_design
INFO: [DRC 23-27] Running DRC with 8 threads
INFO: [Vivado_Tcl 4-198] DRC finished with 0 Errors
INFO: [Vivado_Tcl 4-199] Please refer to the DRC report (report_drc) for more information.


Starting Routing Task
INFO: [Route 35-254] Multithreading enabled for route_design using a maximum of 8 CPUs

Phase 1 Build RT Design
Checksum: PlaceDB: f2a9ac9f ConstDB: 0 ShapeSum: 7b49ea75 RouteDB: 6998572b
WARNING: [Route 35-197] Clock port "ap_clk" does not have an associated HD.CLK_SRC. Without this constraint, timing analysis may not be accurate and upstream checks cannot be done to ensure correct clock placement.
WARNING: [Route 35-198] Port "ap_rst" does not have an associated HD.PARTPIN_LOCS, which will prevent the partial routing of the signal "ap_rst". Without this partial route, timing analysis to/from this port will not be accurate, and no routing information for this port can be exported.
WARNING: [Route 35-198] Port "input_layer_ap_vld" does not have an associated HD.PARTPIN_LOCS, which will prevent the partial routing of the signal "input_layer_ap_vld". Without this partial route, timing analysis to/from this port will not be accurate, and no routing information for this port can be exported.
WARNING: [Route 35-198] Port "ap_start" does not have an associated HD.PARTPIN_LOCS, which will prevent the partial routing of the signal "ap_start". Without this partial route, timing analysis to/from this port will not be accurate, and no routing information for this port can be exported.
WARNING: [Route 35-198] Port "input_layer[66]" does not have an associated HD.PARTPIN_LOCS, which will prevent the partial routing of the signal "input_layer[66]". Without this partial route, timing analysis to/from this port will not be accurate, and no routing information for this port can be exported.
WARNING: [Route 35-198] Port "input_layer[117]" does not have an associated HD.PARTPIN_LOCS, which will prevent the partial routing of the signal "input_layer[117]". Without this partial route, timing analysis to/from this port will not be accurate, and no routing information for this port can be exported.
WARNING: [Route 35-198] Port "input_layer[109]" does not have an associated HD.PARTPIN_LOCS, which will prevent the partial routing of the signal "input_layer[109]". Without this partial route, timing analysis to/from this port will not be accurate, and no routing information for this port can be exported.
WARNING: [Route 35-198] Port "input_layer[37]" does not have an associated HD.PARTPIN_LOCS, which will prevent the partial routing of the signal "input_layer[37]". Without this partial route, timing analysis to/from this port will not be accurate, and no routing information for this port can be exported.
WARNING: [Route 35-198] Port "input_layer[21]" does not have an associated HD.PARTPIN_LOCS, which will prevent the partial routing of the signal "input_layer[21]". Without this partial route, timing analysis to/from this port will not be accurate, and no routing information for this port can be exported.
WARNING: [Route 35-198] Port "input_layer[69]" does not have an associated HD.PARTPIN_LOCS, which will prevent the partial routing of the signal "input_layer[69]". Without this partial route, timing analysis to/from this port will not be accurate, and no routing information for this port can be exported.
WARNING: [Route 35-198] Port "input_layer[53]" does not have an associated HD.PARTPIN_LOCS, which will prevent the partial routing of the signal "input_layer[53]". Without this partial route, timing analysis to/from this port will not be accurate, and no routing information for this port can be exported.
WARNING: [Route 35-198] Port "input_layer[5]" does not have an associated HD.PARTPIN_LOCS, which will prevent the partial routing of the signal "input_layer[5]". Without this partial route, timing analysis to/from this port will not be accurate, and no routing information for this port can be exported.
WARNING: [Route 35-198] Port "input_layer[114]" does not have an associated HD.PARTPIN_LOCS, which will prevent the partial routing of the signal "input_layer[114]". Without this partial route, timing analysis to/from this port will not be accurate, and no routing information for this port can be exported.
WARNING: [Route 35-198] Port "input_layer[98]" does not have an associated HD.PARTPIN_LOCS, which will prevent the partial routing of the signal "input_layer[98]". Without this partial route, timing analysis to/from this port will not be accurate, and no routing information for this port can be exported.
WARNING: [Route 35-198] Port "input_layer[82]" does not have an associated HD.PARTPIN_LOCS, which will prevent the partial routing of the signal "input_layer[82]". Without this partial route, timing analysis to/from this port will not be accurate, and no routing information for this port can be exported.
WARNING: [Route 35-198] Port "input_layer[100]" does not have an associated HD.PARTPIN_LOCS, which will prevent the partial routing of the signal "input_layer[100]". Without this partial route, timing analysis to/from this port will not be accurate, and no routing information for this port can be exported.
WARNING: [Route 35-198] Port "input_layer[20]" does not have an associated HD.PARTPIN_LOCS, which will prevent the partial routing of the signal "input_layer[20]". Without this partial route, timing analysis to/from this port will not be accurate, and no routing information for this port can be exported.
WARNING: [Route 35-198] Port "input_layer[85]" does not have an associated HD.PARTPIN_LOCS, which will prevent the partial routing of the signal "input_layer[85]". Without this partial route, timing analysis to/from this port will not be accurate, and no routing information for this port can be exported.
WARNING: [Route 35-198] Port "input_layer[50]" does not have an associated HD.PARTPIN_LOCS, which will prevent the partial routing of the signal "input_layer[50]". Without this partial route, timing analysis to/from this port will not be accurate, and no routing information for this port can be exported.
WARNING: [Route 35-198] Port "input_layer[34]" does not have an associated HD.PARTPIN_LOCS, which will prevent the partial routing of the signal "input_layer[34]". Without this partial route, timing analysis to/from this port will not be accurate, and no routing information for this port can be exported.
WARNING: [Route 35-198] Port "input_layer[19]" does not have an associated HD.PARTPIN_LOCS, which will prevent the partial routing of the signal "input_layer[19]". Without this partial route, timing analysis to/from this port will not be accurate, and no routing information for this port can be exported.
WARNING: [Route 35-198] Port "input_layer[18]" does not have an associated HD.PARTPIN_LOCS, which will prevent the partial routing of the signal "input_layer[18]". Without this partial route, timing analysis to/from this port will not be accurate, and no routing information for this port can be exported.
WARNING: [Route 35-198] Port "input_layer[2]" does not have an associated HD.PARTPIN_LOCS, which will prevent the partial routing of the signal "input_layer[2]". Without this partial route, timing analysis to/from this port will not be accurate, and no routing information for this port can be exported.
WARNING: [Route 35-198] Port "input_layer[112]" does not have an associated HD.PARTPIN_LOCS, which will prevent the partial routing of the signal "input_layer[112]". Without this partial route, timing analysis to/from this port will not be accurate, and no routing information for this port can be exported.
WARNING: [Route 35-198] Port "input_layer[96]" does not have an associated HD.PARTPIN_LOCS, which will prevent the partial routing of the signal "input_layer[96]". Without this partial route, timing analysis to/from this port will not be accurate, and no routing information for this port can be exported.
WARNING: [Route 35-198] Port "input_layer[68]" does not have an associated HD.PARTPIN_LOCS, which will prevent the partial routing of the signal "input_layer[68]". Without this partial route, timing analysis to/from this port will not be accurate, and no routing information for this port can be exported.
WARNING: [Route 35-198] Port "input_layer[64]" does not have an associated HD.PARTPIN_LOCS, which will prevent the partial routing of the signal "input_layer[64]". Without this partial route, timing analysis to/from this port will not be accurate, and no routing information for this port can be exported.
WARNING: [Route 35-198] Port "input_layer[4]" does not have an associated HD.PARTPIN_LOCS, which will prevent the partial routing of the signal "input_layer[4]". Without this partial route, timing analysis to/from this port will not be accurate, and no routing information for this port can be exported.
WARNING: [Route 35-198] Port "input_layer[116]" does not have an associated HD.PARTPIN_LOCS, which will prevent the partial routing of the signal "input_layer[116]". Without this partial route, timing analysis to/from this port will not be accurate, and no routing information for this port can be exported.
WARNING: [Route 35-198] Port "input_layer[103]" does not have an associated HD.PARTPIN_LOCS, which will prevent the partial routing of the signal "input_layer[103]". Without this partial route, timing analysis to/from this port will not be accurate, and no routing information for this port can be exported.
WARNING: [Route 35-198] Port "input_layer[55]" does not have an associated HD.PARTPIN_LOCS, which will prevent the partial routing of the signal "input_layer[55]". Without this partial route, timing analysis to/from this port will not be accurate, and no routing information for this port can be exported.
WARNING: [Route 35-198] Port "input_layer[7]" does not have an associated HD.PARTPIN_LOCS, which will prevent the partial routing of the signal "input_layer[7]". Without this partial route, timing analysis to/from this port will not be accurate, and no routing information for this port can be exported.
WARNING: [Route 35-198] Port "input_layer[125]" does not have an associated HD.PARTPIN_LOCS, which will prevent the partial routing of the signal "input_layer[125]". Without this partial route, timing analysis to/from this port will not be accurate, and no routing information for this port can be exported.
WARNING: [Route 35-198] Port "input_layer[101]" does not have an associated HD.PARTPIN_LOCS, which will prevent the partial routing of the signal "input_layer[101]". Without this partial route, timing analysis to/from this port will not be accurate, and no routing information for this port can be exported.
WARNING: [Route 35-198] Port "input_layer[90]" does not have an associated HD.PARTPIN_LOCS, which will prevent the partial routing of the signal "input_layer[90]". Without this partial route, timing analysis to/from this port will not be accurate, and no routing information for this port can be exported.
WARNING: [Route 35-198] Port "input_layer[58]" does not have an associated HD.PARTPIN_LOCS, which will prevent the partial routing of the signal "input_layer[58]". Without this partial route, timing analysis to/from this port will not be accurate, and no routing information for this port can be exported.
WARNING: [Route 35-198] Port "input_layer[42]" does not have an associated HD.PARTPIN_LOCS, which will prevent the partial routing of the signal "input_layer[42]". Without this partial route, timing analysis to/from this port will not be accurate, and no routing information for this port can be exported.
WARNING: [Route 35-198] Port "input_layer[30]" does not have an associated HD.PARTPIN_LOCS, which will prevent the partial routing of the signal "input_layer[30]". Without this partial route, timing analysis to/from this port will not be accurate, and no routing information for this port can be exported.
WARNING: [Route 35-198] Port "input_layer[10]" does not have an associated HD.PARTPIN_LOCS, which will prevent the partial routing of the signal "input_layer[10]". Without this partial route, timing analysis to/from this port will not be accurate, and no routing information for this port can be exported.
WARNING: [Route 35-198] Port "input_layer[99]" does not have an associated HD.PARTPIN_LOCS, which will prevent the partial routing of the signal "input_layer[99]". Without this partial route, timing analysis to/from this port will not be accurate, and no routing information for this port can be exported.
WARNING: [Route 35-198] Port "input_layer[119]" does not have an associated HD.PARTPIN_LOCS, which will prevent the partial routing of the signal "input_layer[119]". Without this partial route, timing analysis to/from this port will not be accurate, and no routing information for this port can be exported.
WARNING: [Route 35-198] Port "input_layer[87]" does not have an associated HD.PARTPIN_LOCS, which will prevent the partial routing of the signal "input_layer[87]". Without this partial route, timing analysis to/from this port will not be accurate, and no routing information for this port can be exported.
WARNING: [Route 35-198] Port "input_layer[84]" does not have an associated HD.PARTPIN_LOCS, which will prevent the partial routing of the signal "input_layer[84]". Without this partial route, timing analysis to/from this port will not be accurate, and no routing information for this port can be exported.
WARNING: [Route 35-198] Port "input_layer[71]" does not have an associated HD.PARTPIN_LOCS, which will prevent the partial routing of the signal "input_layer[71]". Without this partial route, timing analysis to/from this port will not be accurate, and no routing information for this port can be exported.
WARNING: [Route 35-198] Port "input_layer[52]" does not have an associated HD.PARTPIN_LOCS, which will prevent the partial routing of the signal "input_layer[52]". Without this partial route, timing analysis to/from this port will not be accurate, and no routing information for this port can be exported.
WARNING: [Route 35-198] Port "input_layer[36]" does not have an associated HD.PARTPIN_LOCS, which will prevent the partial routing of the signal "input_layer[36]". Without this partial route, timing analysis to/from this port will not be accurate, and no routing information for this port can be exported.
WARNING: [Route 35-198] Port "input_layer[94]" does not have an associated HD.PARTPIN_LOCS, which will prevent the partial routing of the signal "input_layer[94]". Without this partial route, timing analysis to/from this port will not be accurate, and no routing information for this port can be exported.
WARNING: [Route 35-198] Port "input_layer[61]" does not have an associated HD.PARTPIN_LOCS, which will prevent the partial routing of the signal "input_layer[61]". Without this partial route, timing analysis to/from this port will not be accurate, and no routing information for this port can be exported.
WARNING: [Route 35-198] Port "input_layer[45]" does not have an associated HD.PARTPIN_LOCS, which will prevent the partial routing of the signal "input_layer[45]". Without this partial route, timing analysis to/from this port will not be accurate, and no routing information for this port can be exported.
WARNING: [Route 35-198] Port "input_layer[13]" does not have an associated HD.PARTPIN_LOCS, which will prevent the partial routing of the signal "input_layer[13]". Without this partial route, timing analysis to/from this port will not be accurate, and no routing information for this port can be exported.
WARNING: [Route 35-198] Port "input_layer[79]" does not have an associated HD.PARTPIN_LOCS, which will prevent the partial routing of the signal "input_layer[79]". Without this partial route, timing analysis to/from this port will not be accurate, and no routing information for this port can be exported.
WARNING: [Route 35-198] Port "input_layer[74]" does not have an associated HD.PARTPIN_LOCS, which will prevent the partial routing of the signal "input_layer[74]". Without this partial route, timing analysis to/from this port will not be accurate, and no routing information for this port can be exported.
WARNING: [Route 35-198] Port "input_layer[31]" does not have an associated HD.PARTPIN_LOCS, which will prevent the partial routing of the signal "input_layer[31]". Without this partial route, timing analysis to/from this port will not be accurate, and no routing information for this port can be exported.
WARNING: [Route 35-198] Port "input_layer[26]" does not have an associated HD.PARTPIN_LOCS, which will prevent the partial routing of the signal "input_layer[26]". Without this partial route, timing analysis to/from this port will not be accurate, and no routing information for this port can be exported.
WARNING: [Route 35-198] Port "input_layer[122]" does not have an associated HD.PARTPIN_LOCS, which will prevent the partial routing of the signal "input_layer[122]". Without this partial route, timing analysis to/from this port will not be accurate, and no routing information for this port can be exported.
WARNING: [Route 35-198] Port "input_layer[106]" does not have an associated HD.PARTPIN_LOCS, which will prevent the partial routing of the signal "input_layer[106]". Without this partial route, timing analysis to/from this port will not be accurate, and no routing information for this port can be exported.
WARNING: [Route 35-198] Port "input_layer[15]" does not have an associated HD.PARTPIN_LOCS, which will prevent the partial routing of the signal "input_layer[15]". Without this partial route, timing analysis to/from this port will not be accurate, and no routing information for this port can be exported.
WARNING: [Route 35-198] Port "input_layer[83]" does not have an associated HD.PARTPIN_LOCS, which will prevent the partial routing of the signal "input_layer[83]". Without this partial route, timing analysis to/from this port will not be accurate, and no routing information for this port can be exported.
WARNING: [Route 35-198] Port "input_layer[115]" does not have an associated HD.PARTPIN_LOCS, which will prevent the partial routing of the signal "input_layer[115]". Without this partial route, timing analysis to/from this port will not be accurate, and no routing information for this port can be exported.
WARNING: [Route 35-198] Port "input_layer[65]" does not have an associated HD.PARTPIN_LOCS, which will prevent the partial routing of the signal "input_layer[65]". Without this partial route, timing analysis to/from this port will not be accurate, and no routing information for this port can be exported.
WARNING: [Route 35-198] Port "input_layer[51]" does not have an associated HD.PARTPIN_LOCS, which will prevent the partial routing of the signal "input_layer[51]". Without this partial route, timing analysis to/from this port will not be accurate, and no routing information for this port can be exported.
WARNING: [Route 35-198] Port "input_layer[49]" does not have an associated HD.PARTPIN_LOCS, which will prevent the partial routing of the signal "input_layer[49]". Without this partial route, timing analysis to/from this port will not be accurate, and no routing information for this port can be exported.
WARNING: [Route 35-198] Port "input_layer[35]" does not have an associated HD.PARTPIN_LOCS, which will prevent the partial routing of the signal "input_layer[35]". Without this partial route, timing analysis to/from this port will not be accurate, and no routing information for this port can be exported.
WARNING: [Route 35-198] Port "input_layer[17]" does not have an associated HD.PARTPIN_LOCS, which will prevent the partial routing of the signal "input_layer[17]". Without this partial route, timing analysis to/from this port will not be accurate, and no routing information for this port can be exported.
WARNING: [Route 35-198] Port "input_layer[1]" does not have an associated HD.PARTPIN_LOCS, which will prevent the partial routing of the signal "input_layer[1]". Without this partial route, timing analysis to/from this port will not be accurate, and no routing information for this port can be exported.
WARNING: [Route 35-198] Port "input_layer[121]" does not have an associated HD.PARTPIN_LOCS, which will prevent the partial routing of the signal "input_layer[121]". Without this partial route, timing analysis to/from this port will not be accurate, and no routing information for this port can be exported.
WARNING: [Route 35-198] Port "input_layer[105]" does not have an associated HD.PARTPIN_LOCS, which will prevent the partial routing of the signal "input_layer[105]". Without this partial route, timing analysis to/from this port will not be accurate, and no routing information for this port can be exported.
WARNING: [Route 35-198] Port "input_layer[80]" does not have an associated HD.PARTPIN_LOCS, which will prevent the partial routing of the signal "input_layer[80]". Without this partial route, timing analysis to/from this port will not be accurate, and no routing information for this port can be exported.
WARNING: [Route 35-198] Port "input_layer[9]" does not have an associated HD.PARTPIN_LOCS, which will prevent the partial routing of the signal "input_layer[9]". Without this partial route, timing analysis to/from this port will not be accurate, and no routing information for this port can be exported.
WARNING: [Route 35-198] Port "input_layer[0]" does not have an associated HD.PARTPIN_LOCS, which will prevent the partial routing of the signal "input_layer[0]". Without this partial route, timing analysis to/from this port will not be accurate, and no routing information for this port can be exported.
WARNING: [Route 35-198] Port "input_layer[127]" does not have an associated HD.PARTPIN_LOCS, which will prevent the partial routing of the signal "input_layer[127]". Without this partial route, timing analysis to/from this port will not be accurate, and no routing information for this port can be exported.
WARNING: [Route 35-198] Port "input_layer[93]" does not have an associated HD.PARTPIN_LOCS, which will prevent the partial routing of the signal "input_layer[93]". Without this partial route, timing analysis to/from this port will not be accurate, and no routing information for this port can be exported.
WARNING: [Route 35-198] Port "input_layer[77]" does not have an associated HD.PARTPIN_LOCS, which will prevent the partial routing of the signal "input_layer[77]". Without this partial route, timing analysis to/from this port will not be accurate, and no routing information for this port can be exported.
WARNING: [Route 35-198] Port "input_layer[47]" does not have an associated HD.PARTPIN_LOCS, which will prevent the partial routing of the signal "input_layer[47]". Without this partial route, timing analysis to/from this port will not be accurate, and no routing information for this port can be exported.
WARNING: [Route 35-198] Port "input_layer[29]" does not have an associated HD.PARTPIN_LOCS, which will prevent the partial routing of the signal "input_layer[29]". Without this partial route, timing analysis to/from this port will not be accurate, and no routing information for this port can be exported.
WARNING: [Route 35-198] Port "input_layer[67]" does not have an associated HD.PARTPIN_LOCS, which will prevent the partial routing of the signal "input_layer[67]". Without this partial route, timing analysis to/from this port will not be accurate, and no routing information for this port can be exported.
WARNING: [Route 35-198] Port "input_layer[3]" does not have an associated HD.PARTPIN_LOCS, which will prevent the partial routing of the signal "input_layer[3]". Without this partial route, timing analysis to/from this port will not be accurate, and no routing information for this port can be exported.
WARNING: [Route 35-198] Port "input_layer[113]" does not have an associated HD.PARTPIN_LOCS, which will prevent the partial routing of the signal "input_layer[113]". Without this partial route, timing analysis to/from this port will not be accurate, and no routing information for this port can be exported.
WARNING: [Route 35-198] Port "input_layer[97]" does not have an associated HD.PARTPIN_LOCS, which will prevent the partial routing of the signal "input_layer[97]". Without this partial route, timing analysis to/from this port will not be accurate, and no routing information for this port can be exported.
WARNING: [Route 35-198] Port "input_layer[81]" does not have an associated HD.PARTPIN_LOCS, which will prevent the partial routing of the signal "input_layer[81]". Without this partial route, timing analysis to/from this port will not be accurate, and no routing information for this port can be exported.
WARNING: [Route 35-198] Port "input_layer[54]" does not have an associated HD.PARTPIN_LOCS, which will prevent the partial routing of the signal "input_layer[54]". Without this partial route, timing analysis to/from this port will not be accurate, and no routing information for this port can be exported.
WARNING: [Route 35-198] Port "input_layer[48]" does not have an associated HD.PARTPIN_LOCS, which will prevent the partial routing of the signal "input_layer[48]". Without this partial route, timing analysis to/from this port will not be accurate, and no routing information for this port can be exported.
WARNING: [Route 35-198] Port "input_layer[38]" does not have an associated HD.PARTPIN_LOCS, which will prevent the partial routing of the signal "input_layer[38]". Without this partial route, timing analysis to/from this port will not be accurate, and no routing information for this port can be exported.
WARNING: [Route 35-198] Port "input_layer[33]" does not have an associated HD.PARTPIN_LOCS, which will prevent the partial routing of the signal "input_layer[33]". Without this partial route, timing analysis to/from this port will not be accurate, and no routing information for this port can be exported.
WARNING: [Route 35-198] Port "input_layer[22]" does not have an associated HD.PARTPIN_LOCS, which will prevent the partial routing of the signal "input_layer[22]". Without this partial route, timing analysis to/from this port will not be accurate, and no routing information for this port can be exported.
WARNING: [Route 35-198] Port "input_layer[118]" does not have an associated HD.PARTPIN_LOCS, which will prevent the partial routing of the signal "input_layer[118]". Without this partial route, timing analysis to/from this port will not be accurate, and no routing information for this port can be exported.
WARNING: [Route 35-198] Port "input_layer[102]" does not have an associated HD.PARTPIN_LOCS, which will prevent the partial routing of the signal "input_layer[102]". Without this partial route, timing analysis to/from this port will not be accurate, and no routing information for this port can be exported.
WARNING: [Route 35-198] Port "input_layer[86]" does not have an associated HD.PARTPIN_LOCS, which will prevent the partial routing of the signal "input_layer[86]". Without this partial route, timing analysis to/from this port will not be accurate, and no routing information for this port can be exported.
WARNING: [Route 35-198] Port "input_layer[70]" does not have an associated HD.PARTPIN_LOCS, which will prevent the partial routing of the signal "input_layer[70]". Without this partial route, timing analysis to/from this port will not be accurate, and no routing information for this port can be exported.
WARNING: [Route 35-198] Port "input_layer[32]" does not have an associated HD.PARTPIN_LOCS, which will prevent the partial routing of the signal "input_layer[32]". Without this partial route, timing analysis to/from this port will not be accurate, and no routing information for this port can be exported.
WARNING: [Route 35-198] Port "input_layer[16]" does not have an associated HD.PARTPIN_LOCS, which will prevent the partial routing of the signal "input_layer[16]". Without this partial route, timing analysis to/from this port will not be accurate, and no routing information for this port can be exported.
WARNING: [Route 35-198] Port "input_layer[6]" does not have an associated HD.PARTPIN_LOCS, which will prevent the partial routing of the signal "input_layer[6]". Without this partial route, timing analysis to/from this port will not be accurate, and no routing information for this port can be exported.
WARNING: [Route 35-198] Port "input_layer[89]" does not have an associated HD.PARTPIN_LOCS, which will prevent the partial routing of the signal "input_layer[89]". Without this partial route, timing analysis to/from this port will not be accurate, and no routing information for this port can be exported.
WARNING: [Route 35-198] Port "input_layer[41]" does not have an associated HD.PARTPIN_LOCS, which will prevent the partial routing of the signal "input_layer[41]". Without this partial route, timing analysis to/from this port will not be accurate, and no routing information for this port can be exported.
WARNING: [Route 35-198] Port "input_layer[25]" does not have an associated HD.PARTPIN_LOCS, which will prevent the partial routing of the signal "input_layer[25]". Without this partial route, timing analysis to/from this port will not be accurate, and no routing information for this port can be exported.
WARNING: [Route 35-198] Port "input_layer[110]" does not have an associated HD.PARTPIN_LOCS, which will prevent the partial routing of the signal "input_layer[110]". Without this partial route, timing analysis to/from this port will not be accurate, and no routing information for this port can be exported.
WARNING: [Route 35-198] Port "input_layer[107]" does not have an associated HD.PARTPIN_LOCS, which will prevent the partial routing of the signal "input_layer[107]". Without this partial route, timing analysis to/from this port will not be accurate, and no routing information for this port can be exported.
WARNING: [Route 35-198] Port "input_layer[78]" does not have an associated HD.PARTPIN_LOCS, which will prevent the partial routing of the signal "input_layer[78]". Without this partial route, timing analysis to/from this port will not be accurate, and no routing information for this port can be exported.
WARNING: [Route 35-198] Port "input_layer[73]" does not have an associated HD.PARTPIN_LOCS, which will prevent the partial routing of the signal "input_layer[73]". Without this partial route, timing analysis to/from this port will not be accurate, and no routing information for this port can be exported.
WARNING: [Route 35-198] Port "input_layer[92]" does not have an associated HD.PARTPIN_LOCS, which will prevent the partial routing of the signal "input_layer[92]". Without this partial route, timing analysis to/from this port will not be accurate, and no routing information for this port can be exported.
WARNING: [Route 35-198] Port "input_layer[76]" does not have an associated HD.PARTPIN_LOCS, which will prevent the partial routing of the signal "input_layer[76]". Without this partial route, timing analysis to/from this port will not be accurate, and no routing information for this port can be exported.
INFO: [Common 17-14] Message 'Route 35-198' appears 100 times and further instances of the messages will be disabled. Use the Tcl command set_msg_config to change the current settings.
WARNING: [Constraints 18-8777] Unable to split tiles. All required files are not available.
Post Restoration Checksum: NetGraph: 860496b3 | NumContArr: 314ced94 | Constraints: c2a8fa9d | Timing: c2a8fa9d
Phase 1 Build RT Design | Checksum: 23ca37981

Time (s): cpu = 00:00:09 ; elapsed = 00:00:06 . Memory (MB): peak = 3353.012 ; gain = 0.000 ; free physical = 83639 ; free virtual = 124101

Phase 2 Router Initialization

Phase 2.1 Fix Topology Constraints
Phase 2.1 Fix Topology Constraints | Checksum: 23ca37981

Time (s): cpu = 00:00:09 ; elapsed = 00:00:06 . Memory (MB): peak = 3353.012 ; gain = 0.000 ; free physical = 83639 ; free virtual = 124101

Phase 2.2 Pre Route Cleanup
Phase 2.2 Pre Route Cleanup | Checksum: 23ca37981

Time (s): cpu = 00:00:09 ; elapsed = 00:00:06 . Memory (MB): peak = 3353.012 ; gain = 0.000 ; free physical = 83639 ; free virtual = 124101
 Number of Nodes with overlaps = 0

Phase 2.3 Update Timing
Phase 2.3 Update Timing | Checksum: 3430942d5

Time (s): cpu = 00:00:11 ; elapsed = 00:00:07 . Memory (MB): peak = 3353.012 ; gain = 0.000 ; free physical = 83639 ; free virtual = 124101
INFO: [Route 35-416] Intermediate Timing Summary | WNS=-3.081 | TNS=-2197.133| WHS=0.059  | THS=0.000  |


Router Utilization Summary
  Global Vertical Routing Utilization    = 0 %
  Global Horizontal Routing Utilization  = 0 %
  Routable Net Status*
  *Does not include unroutable nets such as driverless and loadless.
  Run report_route_status for detailed report.
  Number of Failed Nets               = 13162
    (Failed Nets is the sum of unrouted and partially routed nets)
  Number of Unrouted Nets             = 13162
  Number of Partially Routed Nets     = 0
  Number of Node Overlaps             = 0

Phase 2 Router Initialization | Checksum: 271e7f5ad

Time (s): cpu = 00:00:13 ; elapsed = 00:00:07 . Memory (MB): peak = 3353.012 ; gain = 0.000 ; free physical = 83639 ; free virtual = 124101

Phase 3 Global Routing
Phase 3 Global Routing | Checksum: 271e7f5ad

Time (s): cpu = 00:00:13 ; elapsed = 00:00:07 . Memory (MB): peak = 3353.012 ; gain = 0.000 ; free physical = 83639 ; free virtual = 124101

Phase 4 Initial Routing

Phase 4.1 Initial Net Routing Pass
Phase 4.1 Initial Net Routing Pass | Checksum: 27992929e

Time (s): cpu = 00:00:14 ; elapsed = 00:00:08 . Memory (MB): peak = 3353.012 ; gain = 0.000 ; free physical = 83639 ; free virtual = 124101
Phase 4 Initial Routing | Checksum: 27992929e

Time (s): cpu = 00:00:14 ; elapsed = 00:00:08 . Memory (MB): peak = 3353.012 ; gain = 0.000 ; free physical = 83639 ; free virtual = 124101

Phase 5 Rip-up And Reroute

Phase 5.1 Global Iteration 0
 Number of Nodes with overlaps = 628
 Number of Nodes with overlaps = 68
 Number of Nodes with overlaps = 24
 Number of Nodes with overlaps = 8
 Number of Nodes with overlaps = 3
 Number of Nodes with overlaps = 2
 Number of Nodes with overlaps = 1
 Number of Nodes with overlaps = 0
INFO: [Route 35-416] Intermediate Timing Summary | WNS=-3.855 | TNS=-4677.698| WHS=N/A    | THS=N/A    |

Phase 5.1 Global Iteration 0 | Checksum: 3265ef220

Time (s): cpu = 00:00:20 ; elapsed = 00:00:12 . Memory (MB): peak = 3353.012 ; gain = 0.000 ; free physical = 83634 ; free virtual = 124097

Phase 5.2 Global Iteration 1
 Number of Nodes with overlaps = 65
 Number of Nodes with overlaps = 6
 Number of Nodes with overlaps = 1
 Number of Nodes with overlaps = 0
INFO: [Route 35-416] Intermediate Timing Summary | WNS=-3.685 | TNS=-4663.016| WHS=N/A    | THS=N/A    |

Phase 5.2 Global Iteration 1 | Checksum: 29a772f4a

Time (s): cpu = 00:00:22 ; elapsed = 00:00:13 . Memory (MB): peak = 3353.012 ; gain = 0.000 ; free physical = 83634 ; free virtual = 124097

Phase 5.3 Global Iteration 2
 Number of Nodes with overlaps = 60
 Number of Nodes with overlaps = 6
 Number of Nodes with overlaps = 3
 Number of Nodes with overlaps = 0
INFO: [Route 35-416] Intermediate Timing Summary | WNS=-3.852 | TNS=-4735.945| WHS=N/A    | THS=N/A    |

Phase 5.3 Global Iteration 2 | Checksum: 1fca28cbb

Time (s): cpu = 00:00:23 ; elapsed = 00:00:13 . Memory (MB): peak = 3353.012 ; gain = 0.000 ; free physical = 83634 ; free virtual = 124097
Phase 5 Rip-up And Reroute | Checksum: 1fca28cbb

Time (s): cpu = 00:00:23 ; elapsed = 00:00:13 . Memory (MB): peak = 3353.012 ; gain = 0.000 ; free physical = 83634 ; free virtual = 124097

Phase 6 Delay and Skew Optimization

Phase 6.1 Delay CleanUp

Phase 6.1.1 Update Timing
Phase 6.1.1 Update Timing | Checksum: 1fca28cbb

Time (s): cpu = 00:00:24 ; elapsed = 00:00:14 . Memory (MB): peak = 3353.012 ; gain = 0.000 ; free physical = 83634 ; free virtual = 124097
INFO: [Route 35-416] Intermediate Timing Summary | WNS=-3.685 | TNS=-4663.016| WHS=N/A    | THS=N/A    |

 Number of Nodes with overlaps = 0
Phase 6.1 Delay CleanUp | Checksum: 1f8dbfc03

Time (s): cpu = 00:00:24 ; elapsed = 00:00:14 . Memory (MB): peak = 3353.012 ; gain = 0.000 ; free physical = 83634 ; free virtual = 124097

Phase 6.2 Clock Skew Optimization
Phase 6.2 Clock Skew Optimization | Checksum: 1f8dbfc03

Time (s): cpu = 00:00:24 ; elapsed = 00:00:14 . Memory (MB): peak = 3353.012 ; gain = 0.000 ; free physical = 83634 ; free virtual = 124097
Phase 6 Delay and Skew Optimization | Checksum: 1f8dbfc03

Time (s): cpu = 00:00:24 ; elapsed = 00:00:14 . Memory (MB): peak = 3353.012 ; gain = 0.000 ; free physical = 83634 ; free virtual = 124097

Phase 7 Post Hold Fix

Phase 7.1 Hold Fix Iter
INFO: [Route 35-416] Intermediate Timing Summary | WNS=-3.672 | TNS=-4639.962| WHS=0.052  | THS=0.000  |

Phase 7.1 Hold Fix Iter | Checksum: 210748e13

Time (s): cpu = 00:00:25 ; elapsed = 00:00:14 . Memory (MB): peak = 3353.012 ; gain = 0.000 ; free physical = 83634 ; free virtual = 124097
Phase 7 Post Hold Fix | Checksum: 210748e13

Time (s): cpu = 00:00:25 ; elapsed = 00:00:14 . Memory (MB): peak = 3353.012 ; gain = 0.000 ; free physical = 83634 ; free virtual = 124097

Phase 8 Route finalize

Router Utilization Summary
  Global Vertical Routing Utilization    = 4.9603 %
  Global Horizontal Routing Utilization  = 7.52551 %
  Routable Net Status*
  *Does not include unroutable nets such as driverless and loadless.
  Run report_route_status for detailed report.
  Number of Failed Nets               = 0
    (Failed Nets is the sum of unrouted and partially routed nets)
  Number of Unrouted Nets             = 0
  Number of Partially Routed Nets     = 0
  Number of Node Overlaps             = 0


--GLOBAL Congestion:
Utilization threshold used for congestion level computation: 0.85
Congestion Report
North Dir 1x1 Area, Max Cong = 45.045%, No Congested Regions.
South Dir 1x1 Area, Max Cong = 58.5586%, No Congested Regions.
East Dir 1x1 Area, Max Cong = 66.1765%, No Congested Regions.
West Dir 1x1 Area, Max Cong = 69.1176%, No Congested Regions.

------------------------------
Reporting congestion hotspots
------------------------------
Direction: North
----------------
Congested clusters found at Level 0
Effective congestion level: 0 Aspect Ratio: 1 Sparse Ratio: 0
Direction: South
----------------
Congested clusters found at Level 0
Effective congestion level: 0 Aspect Ratio: 1 Sparse Ratio: 0
Direction: East
----------------
Congested clusters found at Level 0
Effective congestion level: 0 Aspect Ratio: 1 Sparse Ratio: 0
Direction: West
----------------
Congested clusters found at Level 0
Effective congestion level: 0 Aspect Ratio: 1 Sparse Ratio: 0

Phase 8 Route finalize | Checksum: 210748e13

Time (s): cpu = 00:00:26 ; elapsed = 00:00:14 . Memory (MB): peak = 3353.012 ; gain = 0.000 ; free physical = 83634 ; free virtual = 124097

Phase 9 Verifying routed nets

 Verification completed successfully
Phase 9 Verifying routed nets | Checksum: 210748e13

Time (s): cpu = 00:00:26 ; elapsed = 00:00:14 . Memory (MB): peak = 3353.012 ; gain = 0.000 ; free physical = 83633 ; free virtual = 124096

Phase 10 Depositing Routes
Phase 10 Depositing Routes | Checksum: 1b18d6d48

Time (s): cpu = 00:00:26 ; elapsed = 00:00:15 . Memory (MB): peak = 3353.012 ; gain = 0.000 ; free physical = 83633 ; free virtual = 124096

Phase 11 Post Process Routing
Phase 11 Post Process Routing | Checksum: 1b18d6d48

Time (s): cpu = 00:00:26 ; elapsed = 00:00:15 . Memory (MB): peak = 3353.012 ; gain = 0.000 ; free physical = 83633 ; free virtual = 124096

Phase 12 Post Router Timing
INFO: [Route 35-57] Estimated Timing Summary | WNS=-3.672 | TNS=-4639.962| WHS=0.052  | THS=0.000  |

WARNING: [Route 35-328] Router estimated timing not met.
Resolution: For a complete and accurate timing signoff, report_timing_summary must be run after route_design. Alternatively, route_design can be run with the -timing_summary option to enable a complete timing signoff at the end of route_design.
Phase 12 Post Router Timing | Checksum: 1b18d6d48

Time (s): cpu = 00:00:26 ; elapsed = 00:00:15 . Memory (MB): peak = 3353.012 ; gain = 0.000 ; free physical = 83633 ; free virtual = 124096
Total Elapsed time in route_design: 14.76 secs

Phase 13 Post-Route Event Processing
Phase 13 Post-Route Event Processing | Checksum: 17ddd21b5

Time (s): cpu = 00:00:26 ; elapsed = 00:00:15 . Memory (MB): peak = 3353.012 ; gain = 0.000 ; free physical = 83633 ; free virtual = 124096
INFO: [Route 35-16] Router Completed Successfully
Ending Routing Task | Checksum: 17ddd21b5

Time (s): cpu = 00:00:26 ; elapsed = 00:00:15 . Memory (MB): peak = 3353.012 ; gain = 0.000 ; free physical = 83633 ; free virtual = 124096

Routing Is Done.
INFO: [Common 17-83] Releasing license: Implementation
15 Infos, 103 Warnings, 0 Critical Warnings and 0 Errors encountered.
route_design completed successfully
route_design: Time (s): cpu = 00:00:28 ; elapsed = 00:00:16 . Memory (MB): peak = 3353.012 ; gain = 0.000 ; free physical = 83633 ; free virtual = 124096
# report_timing_summary -file ./Analysis_Verilog/Timing_Report_Implementation.rpt
INFO: [Timing 38-91] UpdateTimingParams: Speed grade: -1, Delay Type: min_max.
INFO: [Timing 38-191] Multithreading enabled for timing update using a maximum of 8 CPUs
WARNING: [Timing 38-242] The property HD.CLK_SRC of clock port "ap_clk" is not set. In out-of-context mode, this prevents timing estimation for clock delay/skew
Resolution: Set the HD.CLK_SRC property of the out-of-context port to the location of the clock buffer instance in the top-level design
# report_timing -max_paths 20 -file ./Analysis_Verilog/Timing_Paths_Implementation.rpt
INFO: [Timing 38-91] UpdateTimingParams: Speed grade: -1, Delay Type: max.
INFO: [Timing 38-191] Multithreading enabled for timing update using a maximum of 8 CPUs
INFO: [Timing 38-78] ReportTimingParams: -max_paths 20 -nworst 1 -delay_type max -sort_by slack.
# report_utilization -hierarchical -file ./Analysis_Verilog/Utilization_Report_Implementation.rpt
# write_checkpoint -force ./Analysis_Verilog/Post_Implementation.dcp
INFO: [Timing 38-480] Writing timing data to binary archive.
Write ShapeDB Complete: Time (s): cpu = 00:00:00.09 ; elapsed = 00:00:00.02 . Memory (MB): peak = 3353.012 ; gain = 0.000 ; free physical = 83645 ; free virtual = 124110
Wrote PlaceDB: Time (s): cpu = 00:00:01 ; elapsed = 00:00:00.43 . Memory (MB): peak = 3353.012 ; gain = 0.000 ; free physical = 83629 ; free virtual = 124106
Wrote PulsedLatchDB: Time (s): cpu = 00:00:00 ; elapsed = 00:00:00 . Memory (MB): peak = 3353.012 ; gain = 0.000 ; free physical = 83629 ; free virtual = 124106
Writing XDEF routing.
Writing XDEF routing logical nets.
Writing XDEF routing special nets.
Wrote RouteStorage: Time (s): cpu = 00:00:00.14 ; elapsed = 00:00:00.08 . Memory (MB): peak = 3353.012 ; gain = 0.000 ; free physical = 83628 ; free virtual = 124106
Wrote Netlist Cache: Time (s): cpu = 00:00:00 ; elapsed = 00:00:00.01 . Memory (MB): peak = 3353.012 ; gain = 0.000 ; free physical = 83626 ; free virtual = 124105
Wrote Device Cache: Time (s): cpu = 00:00:00.01 ; elapsed = 00:00:00 . Memory (MB): peak = 3353.012 ; gain = 0.000 ; free physical = 83625 ; free virtual = 124105
Write Physdb Complete: Time (s): cpu = 00:00:01 ; elapsed = 00:00:00.66 . Memory (MB): peak = 3353.012 ; gain = 0.000 ; free physical = 83625 ; free virtual = 124106
INFO: [Common 17-1381] The checkpoint '/home/eim32828/Desktop/Vitis_HLS_Gens/SampleNeuralNets_2_9_v2_Attempt_Fix/Custom/Analysis_Verilog/Post_Implementation.dcp' has been generated.
INFO: [Common 17-206] Exiting Vivado at Thu Sep  3 04:39:13 2026...
