
****** Vivado v2024.1 (64-bit)
  **** SW Build 5076996 on Wed May 22 18:36:09 MDT 2024
  **** IP Build 5075265 on Wed May 22 21:45:21 MDT 2024
  **** SharedData Build 5076995 on Wed May 22 18:29:18 MDT 2024
  **** Start of session at: Wed Sep  2 01:08:44 2026
    ** Copyright 1986-2022 Xilinx, Inc. All Rights Reserved.
    ** Copyright 2022-2024 Advanced Micro Devices, Inc. All Rights Reserved.

source Analyze_Build_Verilog.tcl
# read_verilog [glob ./SampleNeuralNet_prj/solution1/syn/verilog/*.v]
read_verilog: Time (s): cpu = 00:00:16 ; elapsed = 00:00:20 . Memory (MB): peak = 1683.277 ; gain = 343.953 ; free physical = 85186 ; free virtual = 124482
# synth_design \
#     -top SampleNeuralNet \
#     -part xc7z010clg400-1 \
#     -mode out_of_context
Command: synth_design -top SampleNeuralNet -part xc7z010clg400-1 -mode out_of_context
Starting synth_design
Attempting to get a license for feature 'Synthesis' and/or device 'xc7z010'
INFO: [Common 17-349] Got license for feature 'Synthesis' and/or device 'xc7z010'
INFO: [Synth 8-7079] Multithreading enabled for synth_design using a maximum of 4 processes.
INFO: [Synth 8-7078] Launching helper process for spawning children vivado processes
INFO: [Synth 8-7075] Helper process launched with PID 1240664
---------------------------------------------------------------------------------
Starting Synthesize : Time (s): cpu = 00:00:03 ; elapsed = 00:00:03 . Memory (MB): peak = 2114.867 ; gain = 425.617 ; free physical = 84451 ; free virtual = 123746
---------------------------------------------------------------------------------
WARNING: [Synth 8-10515] begin/end is required for generate-for in this mode of Verilog [/home/eim32828/Desktop/Vitis_HLS_Gens/SampleNeuralNets_2_9_v2/Custom/SampleNeuralNet_prj/solution1/syn/verilog/SampleNeuralNet_frp_pipeline_valid.v:72]
INFO: [Synth 8-6157] synthesizing module 'SampleNeuralNet' [/home/eim32828/Desktop/Vitis_HLS_Gens/SampleNeuralNets_2_9_v2/Custom/SampleNeuralNet_prj/solution1/syn/verilog/SampleNeuralNet.v:9]
INFO: [Synth 8-6157] synthesizing module 'SampleNeuralNet_custom_dsp_dense_implementation_ap_int_16_ap_int_48_config2_s' [/home/eim32828/Desktop/Vitis_HLS_Gens/SampleNeuralNets_2_9_v2/Custom/SampleNeuralNet_prj/solution1/syn/verilog/SampleNeuralNet_custom_dsp_dense_implementation_ap_int_16_ap_int_48_config2_s.v:9]
INFO: [Synth 8-6157] synthesizing module 'SampleNeuralNet_custom_dsp_dense_implementation_ap_int_16_ap_int_48_config2_s_w2_ROM_NP_BRAM_2R' [/home/eim32828/Desktop/Vitis_HLS_Gens/SampleNeuralNets_2_9_v2/Custom/SampleNeuralNet_prj/solution1/syn/verilog/SampleNeuralNet_custom_dsp_dense_implementation_ap_int_16_ap_int_48_config2_s_w2_ROM_NP_BRAM_2R.v:7]
	Parameter DataWidth bound to: 117 - type: integer 
	Parameter AddressWidth bound to: 3 - type: integer 
	Parameter AddressRange bound to: 8 - type: integer 
INFO: [Synth 8-3876] $readmem data file './SampleNeuralNet_custom_dsp_dense_implementation_ap_int_16_ap_int_48_config2_s_w2_ROM_NP_BRAM_2R.dat' is read successfully [/home/eim32828/Desktop/Vitis_HLS_Gens/SampleNeuralNets_2_9_v2/Custom/SampleNeuralNet_prj/solution1/syn/verilog/SampleNeuralNet_custom_dsp_dense_implementation_ap_int_16_ap_int_48_config2_s_w2_ROM_NP_BRAM_2R.v:32]
INFO: [Synth 8-6155] done synthesizing module 'SampleNeuralNet_custom_dsp_dense_implementation_ap_int_16_ap_int_48_config2_s_w2_ROM_NP_BRAM_2R' (0#1) [/home/eim32828/Desktop/Vitis_HLS_Gens/SampleNeuralNets_2_9_v2/Custom/SampleNeuralNet_prj/solution1/syn/verilog/SampleNeuralNet_custom_dsp_dense_implementation_ap_int_16_ap_int_48_config2_s_w2_ROM_NP_BRAM_2R.v:7]
INFO: [Synth 8-6157] synthesizing module 'SampleNeuralNet_lshr_128ns_7ns_128_7_1' [/home/eim32828/Desktop/Vitis_HLS_Gens/SampleNeuralNets_2_9_v2/Custom/SampleNeuralNet_prj/solution1/syn/verilog/SampleNeuralNet_lshr_128ns_7ns_128_7_1.v:9]
	Parameter ID bound to: 1 - type: integer 
	Parameter NUM_STAGE bound to: 7 - type: integer 
	Parameter din0_WIDTH bound to: 128 - type: integer 
	Parameter din1_WIDTH bound to: 7 - type: integer 
	Parameter dout_WIDTH bound to: 128 - type: integer 
	Parameter OP bound to: 1 - type: integer 
INFO: [Synth 8-6155] done synthesizing module 'SampleNeuralNet_lshr_128ns_7ns_128_7_1' (0#1) [/home/eim32828/Desktop/Vitis_HLS_Gens/SampleNeuralNets_2_9_v2/Custom/SampleNeuralNet_prj/solution1/syn/verilog/SampleNeuralNet_lshr_128ns_7ns_128_7_1.v:9]
INFO: [Synth 8-6157] synthesizing module 'SampleNeuralNet_lshr_128s_7ns_128_7_1' [/home/eim32828/Desktop/Vitis_HLS_Gens/SampleNeuralNets_2_9_v2/Custom/SampleNeuralNet_prj/solution1/syn/verilog/SampleNeuralNet_lshr_128s_7ns_128_7_1.v:9]
	Parameter ID bound to: 1 - type: integer 
	Parameter NUM_STAGE bound to: 7 - type: integer 
	Parameter din0_WIDTH bound to: 128 - type: integer 
	Parameter din1_WIDTH bound to: 7 - type: integer 
	Parameter dout_WIDTH bound to: 128 - type: integer 
	Parameter OP bound to: 1 - type: integer 
INFO: [Synth 8-6155] done synthesizing module 'SampleNeuralNet_lshr_128s_7ns_128_7_1' (0#1) [/home/eim32828/Desktop/Vitis_HLS_Gens/SampleNeuralNets_2_9_v2/Custom/SampleNeuralNet_prj/solution1/syn/verilog/SampleNeuralNet_lshr_128s_7ns_128_7_1.v:9]
INFO: [Synth 8-6157] synthesizing module 'SampleNeuralNet_dsp_48ns_32ns_64ns_25ns_30ns_18ns_48ns_1s_48_5_1' [/home/eim32828/Desktop/Vitis_HLS_Gens/SampleNeuralNets_2_9_v2/Custom/SampleNeuralNet_prj/solution1/syn/verilog/SampleNeuralNet_dsp_48ns_32ns_64ns_25ns_30ns_18ns_48ns_1s_48_5_1.v:156]
	Parameter ID bound to: 1 - type: integer 
	Parameter NUM_STAGE bound to: 5 - type: integer 
	Parameter din0_WIDTH bound to: 25 - type: integer 
	Parameter din1_WIDTH bound to: 30 - type: integer 
	Parameter din2_WIDTH bound to: 18 - type: integer 
	Parameter din3_WIDTH bound to: 48 - type: integer 
	Parameter din4_WIDTH bound to: 1 - type: integer 
	Parameter dout_WIDTH bound to: 48 - type: integer 
INFO: [Synth 8-6157] synthesizing module 'SampleNeuralNet_dsp_48ns_32ns_64ns_25ns_30ns_18ns_48ns_1s_48_5_1_DSP_Builtin' [/home/eim32828/Desktop/Vitis_HLS_Gens/SampleNeuralNets_2_9_v2/Custom/SampleNeuralNet_prj/solution1/syn/verilog/SampleNeuralNet_dsp_48ns_32ns_64ns_25ns_30ns_18ns_48ns_1s_48_5_1.v:9]
INFO: [Synth 8-6155] done synthesizing module 'SampleNeuralNet_dsp_48ns_32ns_64ns_25ns_30ns_18ns_48ns_1s_48_5_1_DSP_Builtin' (0#1) [/home/eim32828/Desktop/Vitis_HLS_Gens/SampleNeuralNets_2_9_v2/Custom/SampleNeuralNet_prj/solution1/syn/verilog/SampleNeuralNet_dsp_48ns_32ns_64ns_25ns_30ns_18ns_48ns_1s_48_5_1.v:9]
WARNING: [Synth 8-689] width (30) of port connection 'in1' does not match port width (25) of module 'SampleNeuralNet_dsp_48ns_32ns_64ns_25ns_30ns_18ns_48ns_1s_48_5_1_DSP_Builtin' [/home/eim32828/Desktop/Vitis_HLS_Gens/SampleNeuralNets_2_9_v2/Custom/SampleNeuralNet_prj/solution1/syn/verilog/SampleNeuralNet_dsp_48ns_32ns_64ns_25ns_30ns_18ns_48ns_1s_48_5_1.v:190]
INFO: [Synth 8-6155] done synthesizing module 'SampleNeuralNet_dsp_48ns_32ns_64ns_25ns_30ns_18ns_48ns_1s_48_5_1' (0#1) [/home/eim32828/Desktop/Vitis_HLS_Gens/SampleNeuralNets_2_9_v2/Custom/SampleNeuralNet_prj/solution1/syn/verilog/SampleNeuralNet_dsp_48ns_32ns_64ns_25ns_30ns_18ns_48ns_1s_48_5_1.v:156]
INFO: [Synth 8-6157] synthesizing module 'SampleNeuralNet_dsp_48ns_32ns_64ns_25ns_30s_18ns_48ns_1s_48_5_1' [/home/eim32828/Desktop/Vitis_HLS_Gens/SampleNeuralNets_2_9_v2/Custom/SampleNeuralNet_prj/solution1/syn/verilog/SampleNeuralNet_dsp_48ns_32ns_64ns_25ns_30s_18ns_48ns_1s_48_5_1.v:156]
	Parameter ID bound to: 1 - type: integer 
	Parameter NUM_STAGE bound to: 5 - type: integer 
	Parameter din0_WIDTH bound to: 25 - type: integer 
	Parameter din1_WIDTH bound to: 30 - type: integer 
	Parameter din2_WIDTH bound to: 18 - type: integer 
	Parameter din3_WIDTH bound to: 48 - type: integer 
	Parameter din4_WIDTH bound to: 1 - type: integer 
	Parameter dout_WIDTH bound to: 48 - type: integer 
INFO: [Synth 8-6157] synthesizing module 'SampleNeuralNet_dsp_48ns_32ns_64ns_25ns_30s_18ns_48ns_1s_48_5_1_DSP_Builtin' [/home/eim32828/Desktop/Vitis_HLS_Gens/SampleNeuralNets_2_9_v2/Custom/SampleNeuralNet_prj/solution1/syn/verilog/SampleNeuralNet_dsp_48ns_32ns_64ns_25ns_30s_18ns_48ns_1s_48_5_1.v:9]
INFO: [Synth 8-6155] done synthesizing module 'SampleNeuralNet_dsp_48ns_32ns_64ns_25ns_30s_18ns_48ns_1s_48_5_1_DSP_Builtin' (0#1) [/home/eim32828/Desktop/Vitis_HLS_Gens/SampleNeuralNets_2_9_v2/Custom/SampleNeuralNet_prj/solution1/syn/verilog/SampleNeuralNet_dsp_48ns_32ns_64ns_25ns_30s_18ns_48ns_1s_48_5_1.v:9]
WARNING: [Synth 8-689] width (30) of port connection 'in1' does not match port width (25) of module 'SampleNeuralNet_dsp_48ns_32ns_64ns_25ns_30s_18ns_48ns_1s_48_5_1_DSP_Builtin' [/home/eim32828/Desktop/Vitis_HLS_Gens/SampleNeuralNets_2_9_v2/Custom/SampleNeuralNet_prj/solution1/syn/verilog/SampleNeuralNet_dsp_48ns_32ns_64ns_25ns_30s_18ns_48ns_1s_48_5_1.v:190]
INFO: [Synth 8-6155] done synthesizing module 'SampleNeuralNet_dsp_48ns_32ns_64ns_25ns_30s_18ns_48ns_1s_48_5_1' (0#1) [/home/eim32828/Desktop/Vitis_HLS_Gens/SampleNeuralNets_2_9_v2/Custom/SampleNeuralNet_prj/solution1/syn/verilog/SampleNeuralNet_dsp_48ns_32ns_64ns_25ns_30s_18ns_48ns_1s_48_5_1.v:156]
INFO: [Synth 8-6157] synthesizing module 'SampleNeuralNet_dsp_48ns_32ns_64ns_25ns_30s_18s_48ns_1ns_48_5_1' [/home/eim32828/Desktop/Vitis_HLS_Gens/SampleNeuralNets_2_9_v2/Custom/SampleNeuralNet_prj/solution1/syn/verilog/SampleNeuralNet_dsp_48ns_32ns_64ns_25ns_30s_18s_48ns_1ns_48_5_1.v:156]
	Parameter ID bound to: 1 - type: integer 
	Parameter NUM_STAGE bound to: 5 - type: integer 
	Parameter din0_WIDTH bound to: 25 - type: integer 
	Parameter din1_WIDTH bound to: 30 - type: integer 
	Parameter din2_WIDTH bound to: 18 - type: integer 
	Parameter din3_WIDTH bound to: 48 - type: integer 
	Parameter din4_WIDTH bound to: 1 - type: integer 
	Parameter dout_WIDTH bound to: 48 - type: integer 
INFO: [Synth 8-6157] synthesizing module 'SampleNeuralNet_dsp_48ns_32ns_64ns_25ns_30s_18s_48ns_1ns_48_5_1_DSP_Builtin' [/home/eim32828/Desktop/Vitis_HLS_Gens/SampleNeuralNets_2_9_v2/Custom/SampleNeuralNet_prj/solution1/syn/verilog/SampleNeuralNet_dsp_48ns_32ns_64ns_25ns_30s_18s_48ns_1ns_48_5_1.v:9]
INFO: [Synth 8-6155] done synthesizing module 'SampleNeuralNet_dsp_48ns_32ns_64ns_25ns_30s_18s_48ns_1ns_48_5_1_DSP_Builtin' (0#1) [/home/eim32828/Desktop/Vitis_HLS_Gens/SampleNeuralNets_2_9_v2/Custom/SampleNeuralNet_prj/solution1/syn/verilog/SampleNeuralNet_dsp_48ns_32ns_64ns_25ns_30s_18s_48ns_1ns_48_5_1.v:9]
WARNING: [Synth 8-689] width (30) of port connection 'in1' does not match port width (25) of module 'SampleNeuralNet_dsp_48ns_32ns_64ns_25ns_30s_18s_48ns_1ns_48_5_1_DSP_Builtin' [/home/eim32828/Desktop/Vitis_HLS_Gens/SampleNeuralNets_2_9_v2/Custom/SampleNeuralNet_prj/solution1/syn/verilog/SampleNeuralNet_dsp_48ns_32ns_64ns_25ns_30s_18s_48ns_1ns_48_5_1.v:190]
INFO: [Synth 8-6155] done synthesizing module 'SampleNeuralNet_dsp_48ns_32ns_64ns_25ns_30s_18s_48ns_1ns_48_5_1' (0#1) [/home/eim32828/Desktop/Vitis_HLS_Gens/SampleNeuralNets_2_9_v2/Custom/SampleNeuralNet_prj/solution1/syn/verilog/SampleNeuralNet_dsp_48ns_32ns_64ns_25ns_30s_18s_48ns_1ns_48_5_1.v:156]
INFO: [Synth 8-6157] synthesizing module 'SampleNeuralNet_flow_control_loop_pipe' [/home/eim32828/Desktop/Vitis_HLS_Gens/SampleNeuralNets_2_9_v2/Custom/SampleNeuralNet_prj/solution1/syn/verilog/SampleNeuralNet_flow_control_loop_pipe.v:11]
INFO: [Synth 8-6155] done synthesizing module 'SampleNeuralNet_flow_control_loop_pipe' (0#1) [/home/eim32828/Desktop/Vitis_HLS_Gens/SampleNeuralNets_2_9_v2/Custom/SampleNeuralNet_prj/solution1/syn/verilog/SampleNeuralNet_flow_control_loop_pipe.v:11]
INFO: [Synth 8-6157] synthesizing module 'SampleNeuralNet_frp_pipeline_valid' [/home/eim32828/Desktop/Vitis_HLS_Gens/SampleNeuralNets_2_9_v2/Custom/SampleNeuralNet_prj/solution1/syn/verilog/SampleNeuralNet_frp_pipeline_valid.v:11]
	Parameter PipelineLatency bound to: 17 - type: integer 
	Parameter PipelineII bound to: 1 - type: integer 
	Parameter ExitLatency bound to: -1 - type: integer 
	Parameter CeilLog2Stages bound to: 5 - type: integer 
WARNING: [Synth 8-11581] system function call 'value$plusargs' not supported [/home/eim32828/Desktop/Vitis_HLS_Gens/SampleNeuralNets_2_9_v2/Custom/SampleNeuralNet_prj/solution1/syn/verilog/SampleNeuralNet_frp_pipeline_valid.v:54]
INFO: [Synth 8-6155] done synthesizing module 'SampleNeuralNet_frp_pipeline_valid' (0#1) [/home/eim32828/Desktop/Vitis_HLS_Gens/SampleNeuralNets_2_9_v2/Custom/SampleNeuralNet_prj/solution1/syn/verilog/SampleNeuralNet_frp_pipeline_valid.v:11]
INFO: [Synth 8-6157] synthesizing module 'SampleNeuralNet_frp_fifoout' [/home/eim32828/Desktop/Vitis_HLS_Gens/SampleNeuralNets_2_9_v2/Custom/SampleNeuralNet_prj/solution1/syn/verilog/SampleNeuralNet_frp_fifoout.v:11]
	Parameter BlockingType bound to: 0 - type: integer 
	Parameter PipeLatency bound to: 17 - type: integer 
	Parameter PipelineII bound to: 1 - type: integer 
	Parameter DataWidth bound to: 48 - type: integer 
	Parameter NumWrites bound to: 1 - type: integer 
	Parameter CeilLog2Stages bound to: 5 - type: integer 
	Parameter CeilLog2FDepth bound to: 5 - type: integer 
	Parameter PfAllDoneEnable bound to: 0 - type: integer 
WARNING: [Synth 8-11581] system function call 'value$plusargs' not supported [/home/eim32828/Desktop/Vitis_HLS_Gens/SampleNeuralNets_2_9_v2/Custom/SampleNeuralNet_prj/solution1/syn/verilog/SampleNeuralNet_frp_fifoout.v:86]
INFO: [Synth 8-6155] done synthesizing module 'SampleNeuralNet_frp_fifoout' (0#1) [/home/eim32828/Desktop/Vitis_HLS_Gens/SampleNeuralNets_2_9_v2/Custom/SampleNeuralNet_prj/solution1/syn/verilog/SampleNeuralNet_frp_fifoout.v:11]
INFO: [Synth 8-6155] done synthesizing module 'SampleNeuralNet_custom_dsp_dense_implementation_ap_int_16_ap_int_48_config2_s' (0#1) [/home/eim32828/Desktop/Vitis_HLS_Gens/SampleNeuralNets_2_9_v2/Custom/SampleNeuralNet_prj/solution1/syn/verilog/SampleNeuralNet_custom_dsp_dense_implementation_ap_int_16_ap_int_48_config2_s.v:9]
INFO: [Synth 8-6157] synthesizing module 'SampleNeuralNet_thresholded_relu_ap_int_48_ap_int_48_ap_int_16_thresholdedrelu_config3_s' [/home/eim32828/Desktop/Vitis_HLS_Gens/SampleNeuralNets_2_9_v2/Custom/SampleNeuralNet_prj/solution1/syn/verilog/SampleNeuralNet_thresholded_relu_ap_int_48_ap_int_48_ap_int_16_thresholdedrelu_config3_s.v:9]
INFO: [Synth 8-6157] synthesizing module 'SampleNeuralNet_icmp_48s_48s_1_2_1' [/home/eim32828/Desktop/Vitis_HLS_Gens/SampleNeuralNets_2_9_v2/Custom/SampleNeuralNet_prj/solution1/syn/verilog/SampleNeuralNet_icmp_48s_48s_1_2_1.v:9]
	Parameter ID bound to: 1 - type: integer 
	Parameter NUM_STAGE bound to: 2 - type: integer 
	Parameter din0_WIDTH bound to: 48 - type: integer 
	Parameter din1_WIDTH bound to: 48 - type: integer 
	Parameter dout_WIDTH bound to: 1 - type: integer 
	Parameter OP_CODE bound to: 6 - type: integer 
INFO: [Synth 8-6157] synthesizing module 'SampleNeuralNet_icmp_48s_48s_1_2_1_sub' [/home/eim32828/Desktop/Vitis_HLS_Gens/SampleNeuralNets_2_9_v2/Custom/SampleNeuralNet_prj/solution1/syn/verilog/SampleNeuralNet_icmp_48s_48s_1_2_1_sub.v:11]
INFO: [Synth 8-6157] synthesizing module 'SampleNeuralNet_icmp_48s_48s_1_2_1_sub_comb_adder' [/home/eim32828/Desktop/Vitis_HLS_Gens/SampleNeuralNets_2_9_v2/Custom/SampleNeuralNet_prj/solution1/syn/verilog/SampleNeuralNet_icmp_48s_48s_1_2_1_sub.v:103]
	Parameter N bound to: 24 - type: integer 
INFO: [Synth 8-6155] done synthesizing module 'SampleNeuralNet_icmp_48s_48s_1_2_1_sub_comb_adder' (0#1) [/home/eim32828/Desktop/Vitis_HLS_Gens/SampleNeuralNets_2_9_v2/Custom/SampleNeuralNet_prj/solution1/syn/verilog/SampleNeuralNet_icmp_48s_48s_1_2_1_sub.v:103]
INFO: [Synth 8-6157] synthesizing module 'SampleNeuralNet_icmp_48s_48s_1_2_1_sub_comb_adder__parameterized0' [/home/eim32828/Desktop/Vitis_HLS_Gens/SampleNeuralNets_2_9_v2/Custom/SampleNeuralNet_prj/solution1/syn/verilog/SampleNeuralNet_icmp_48s_48s_1_2_1_sub.v:103]
	Parameter N bound to: 25 - type: integer 
INFO: [Synth 8-6155] done synthesizing module 'SampleNeuralNet_icmp_48s_48s_1_2_1_sub_comb_adder__parameterized0' (0#1) [/home/eim32828/Desktop/Vitis_HLS_Gens/SampleNeuralNets_2_9_v2/Custom/SampleNeuralNet_prj/solution1/syn/verilog/SampleNeuralNet_icmp_48s_48s_1_2_1_sub.v:103]
INFO: [Synth 8-6155] done synthesizing module 'SampleNeuralNet_icmp_48s_48s_1_2_1_sub' (0#1) [/home/eim32828/Desktop/Vitis_HLS_Gens/SampleNeuralNets_2_9_v2/Custom/SampleNeuralNet_prj/solution1/syn/verilog/SampleNeuralNet_icmp_48s_48s_1_2_1_sub.v:11]
INFO: [Synth 8-6155] done synthesizing module 'SampleNeuralNet_icmp_48s_48s_1_2_1' (0#1) [/home/eim32828/Desktop/Vitis_HLS_Gens/SampleNeuralNets_2_9_v2/Custom/SampleNeuralNet_prj/solution1/syn/verilog/SampleNeuralNet_icmp_48s_48s_1_2_1.v:9]
INFO: [Synth 8-6155] done synthesizing module 'SampleNeuralNet_thresholded_relu_ap_int_48_ap_int_48_ap_int_16_thresholdedrelu_config3_s' (0#1) [/home/eim32828/Desktop/Vitis_HLS_Gens/SampleNeuralNets_2_9_v2/Custom/SampleNeuralNet_prj/solution1/syn/verilog/SampleNeuralNet_thresholded_relu_ap_int_48_ap_int_48_ap_int_16_thresholdedrelu_config3_s.v:9]
INFO: [Synth 8-6157] synthesizing module 'SampleNeuralNet_custom_dsp_dense_implementation_ap_int_16_ap_int_48_config4_s' [/home/eim32828/Desktop/Vitis_HLS_Gens/SampleNeuralNets_2_9_v2/Custom/SampleNeuralNet_prj/solution1/syn/verilog/SampleNeuralNet_custom_dsp_dense_implementation_ap_int_16_ap_int_48_config4_s.v:9]
INFO: [Synth 8-6157] synthesizing module 'SampleNeuralNet_custom_dsp_dense_implementation_ap_int_16_ap_int_48_config4_s_w4_ROM_NP_BRAM_2R' [/home/eim32828/Desktop/Vitis_HLS_Gens/SampleNeuralNets_2_9_v2/Custom/SampleNeuralNet_prj/solution1/syn/verilog/SampleNeuralNet_custom_dsp_dense_implementation_ap_int_16_ap_int_48_config4_s_w4_ROM_NP_BRAM_2R.v:7]
	Parameter DataWidth bound to: 117 - type: integer 
	Parameter AddressWidth bound to: 3 - type: integer 
	Parameter AddressRange bound to: 8 - type: integer 
INFO: [Synth 8-3876] $readmem data file './SampleNeuralNet_custom_dsp_dense_implementation_ap_int_16_ap_int_48_config4_s_w4_ROM_NP_BRAM_2R.dat' is read successfully [/home/eim32828/Desktop/Vitis_HLS_Gens/SampleNeuralNets_2_9_v2/Custom/SampleNeuralNet_prj/solution1/syn/verilog/SampleNeuralNet_custom_dsp_dense_implementation_ap_int_16_ap_int_48_config4_s_w4_ROM_NP_BRAM_2R.v:32]
INFO: [Synth 8-6155] done synthesizing module 'SampleNeuralNet_custom_dsp_dense_implementation_ap_int_16_ap_int_48_config4_s_w4_ROM_NP_BRAM_2R' (0#1) [/home/eim32828/Desktop/Vitis_HLS_Gens/SampleNeuralNets_2_9_v2/Custom/SampleNeuralNet_prj/solution1/syn/verilog/SampleNeuralNet_custom_dsp_dense_implementation_ap_int_16_ap_int_48_config4_s_w4_ROM_NP_BRAM_2R.v:7]
INFO: [Synth 8-6157] synthesizing module 'SampleNeuralNet_sparsemux_17_4_16_1_1' [/home/eim32828/Desktop/Vitis_HLS_Gens/SampleNeuralNets_2_9_v2/Custom/SampleNeuralNet_prj/solution1/syn/verilog/SampleNeuralNet_sparsemux_17_4_16_1_1.v:9]
	Parameter din0_WIDTH bound to: 16 - type: integer 
	Parameter din1_WIDTH bound to: 16 - type: integer 
	Parameter din2_WIDTH bound to: 16 - type: integer 
	Parameter din3_WIDTH bound to: 16 - type: integer 
	Parameter din4_WIDTH bound to: 16 - type: integer 
	Parameter din5_WIDTH bound to: 16 - type: integer 
	Parameter din6_WIDTH bound to: 16 - type: integer 
	Parameter din7_WIDTH bound to: 16 - type: integer 
	Parameter def_WIDTH bound to: 16 - type: integer 
	Parameter sel_WIDTH bound to: 4 - type: integer 
	Parameter dout_WIDTH bound to: 16 - type: integer 
	Parameter CASE0 bound to: 4'b0001 
	Parameter CASE1 bound to: 4'b0010 
	Parameter CASE2 bound to: 4'b0011 
	Parameter CASE3 bound to: 4'b0100 
	Parameter CASE4 bound to: 4'b0101 
	Parameter CASE5 bound to: 4'b0110 
	Parameter CASE6 bound to: 4'b0111 
	Parameter CASE7 bound to: 4'b1000 
	Parameter ID bound to: 1 - type: integer 
	Parameter NUM_STAGE bound to: 1 - type: integer 
INFO: [Synth 8-6155] done synthesizing module 'SampleNeuralNet_sparsemux_17_4_16_1_1' (0#1) [/home/eim32828/Desktop/Vitis_HLS_Gens/SampleNeuralNets_2_9_v2/Custom/SampleNeuralNet_prj/solution1/syn/verilog/SampleNeuralNet_sparsemux_17_4_16_1_1.v:9]
INFO: [Synth 8-6155] done synthesizing module 'SampleNeuralNet_custom_dsp_dense_implementation_ap_int_16_ap_int_48_config4_s' (0#1) [/home/eim32828/Desktop/Vitis_HLS_Gens/SampleNeuralNets_2_9_v2/Custom/SampleNeuralNet_prj/solution1/syn/verilog/SampleNeuralNet_custom_dsp_dense_implementation_ap_int_16_ap_int_48_config4_s.v:9]
INFO: [Synth 8-6157] synthesizing module 'SampleNeuralNet_thresholded_relu_ap_int_48_ap_int_48_ap_int_16_thresholdedrelu_config5_s' [/home/eim32828/Desktop/Vitis_HLS_Gens/SampleNeuralNets_2_9_v2/Custom/SampleNeuralNet_prj/solution1/syn/verilog/SampleNeuralNet_thresholded_relu_ap_int_48_ap_int_48_ap_int_16_thresholdedrelu_config5_s.v:9]
INFO: [Synth 8-6155] done synthesizing module 'SampleNeuralNet_thresholded_relu_ap_int_48_ap_int_48_ap_int_16_thresholdedrelu_config5_s' (0#1) [/home/eim32828/Desktop/Vitis_HLS_Gens/SampleNeuralNets_2_9_v2/Custom/SampleNeuralNet_prj/solution1/syn/verilog/SampleNeuralNet_thresholded_relu_ap_int_48_ap_int_48_ap_int_16_thresholdedrelu_config5_s.v:9]
INFO: [Synth 8-6157] synthesizing module 'SampleNeuralNet_custom_dsp_dense_implementation_ap_int_16_ap_int_48_config6_s' [/home/eim32828/Desktop/Vitis_HLS_Gens/SampleNeuralNets_2_9_v2/Custom/SampleNeuralNet_prj/solution1/syn/verilog/SampleNeuralNet_custom_dsp_dense_implementation_ap_int_16_ap_int_48_config6_s.v:9]
INFO: [Synth 8-6157] synthesizing module 'SampleNeuralNet_custom_dsp_dense_implementation_ap_int_16_ap_int_48_config6_s_w6_ROM_NP_BRAM_2R' [/home/eim32828/Desktop/Vitis_HLS_Gens/SampleNeuralNets_2_9_v2/Custom/SampleNeuralNet_prj/solution1/syn/verilog/SampleNeuralNet_custom_dsp_dense_implementation_ap_int_16_ap_int_48_config6_s_w6_ROM_NP_BRAM_2R.v:7]
	Parameter DataWidth bound to: 117 - type: integer 
	Parameter AddressWidth bound to: 3 - type: integer 
	Parameter AddressRange bound to: 8 - type: integer 
INFO: [Synth 8-3876] $readmem data file './SampleNeuralNet_custom_dsp_dense_implementation_ap_int_16_ap_int_48_config6_s_w6_ROM_NP_BRAM_2R.dat' is read successfully [/home/eim32828/Desktop/Vitis_HLS_Gens/SampleNeuralNets_2_9_v2/Custom/SampleNeuralNet_prj/solution1/syn/verilog/SampleNeuralNet_custom_dsp_dense_implementation_ap_int_16_ap_int_48_config6_s_w6_ROM_NP_BRAM_2R.v:32]
INFO: [Synth 8-6155] done synthesizing module 'SampleNeuralNet_custom_dsp_dense_implementation_ap_int_16_ap_int_48_config6_s_w6_ROM_NP_BRAM_2R' (0#1) [/home/eim32828/Desktop/Vitis_HLS_Gens/SampleNeuralNets_2_9_v2/Custom/SampleNeuralNet_prj/solution1/syn/verilog/SampleNeuralNet_custom_dsp_dense_implementation_ap_int_16_ap_int_48_config6_s_w6_ROM_NP_BRAM_2R.v:7]
INFO: [Synth 8-6155] done synthesizing module 'SampleNeuralNet_custom_dsp_dense_implementation_ap_int_16_ap_int_48_config6_s' (0#1) [/home/eim32828/Desktop/Vitis_HLS_Gens/SampleNeuralNets_2_9_v2/Custom/SampleNeuralNet_prj/solution1/syn/verilog/SampleNeuralNet_custom_dsp_dense_implementation_ap_int_16_ap_int_48_config6_s.v:9]
INFO: [Synth 8-6157] synthesizing module 'SampleNeuralNet_thresholded_relu_ap_int_48_ap_int_48_ap_int_16_thresholdedrelu_config7_s' [/home/eim32828/Desktop/Vitis_HLS_Gens/SampleNeuralNets_2_9_v2/Custom/SampleNeuralNet_prj/solution1/syn/verilog/SampleNeuralNet_thresholded_relu_ap_int_48_ap_int_48_ap_int_16_thresholdedrelu_config7_s.v:9]
INFO: [Synth 8-6155] done synthesizing module 'SampleNeuralNet_thresholded_relu_ap_int_48_ap_int_48_ap_int_16_thresholdedrelu_config7_s' (0#1) [/home/eim32828/Desktop/Vitis_HLS_Gens/SampleNeuralNets_2_9_v2/Custom/SampleNeuralNet_prj/solution1/syn/verilog/SampleNeuralNet_thresholded_relu_ap_int_48_ap_int_48_ap_int_16_thresholdedrelu_config7_s.v:9]
INFO: [Synth 8-6157] synthesizing module 'SampleNeuralNet_fifo_w48_d2_S' [/home/eim32828/Desktop/Vitis_HLS_Gens/SampleNeuralNets_2_9_v2/Custom/SampleNeuralNet_prj/solution1/syn/verilog/SampleNeuralNet_fifo_w48_d2_S.v:11]
INFO: [Synth 8-6157] synthesizing module 'SampleNeuralNet_fifo_w48_d2_S_ShiftReg' [/home/eim32828/Desktop/Vitis_HLS_Gens/SampleNeuralNets_2_9_v2/Custom/SampleNeuralNet_prj/solution1/syn/verilog/SampleNeuralNet_fifo_w48_d2_S.v:129]
	Parameter DATA_WIDTH bound to: 48 - type: integer 
	Parameter ADDR_WIDTH bound to: 2 - type: integer 
	Parameter DEPTH bound to: 2 - type: integer 
INFO: [Synth 8-6155] done synthesizing module 'SampleNeuralNet_fifo_w48_d2_S_ShiftReg' (0#1) [/home/eim32828/Desktop/Vitis_HLS_Gens/SampleNeuralNets_2_9_v2/Custom/SampleNeuralNet_prj/solution1/syn/verilog/SampleNeuralNet_fifo_w48_d2_S.v:129]
INFO: [Synth 8-6155] done synthesizing module 'SampleNeuralNet_fifo_w48_d2_S' (0#1) [/home/eim32828/Desktop/Vitis_HLS_Gens/SampleNeuralNets_2_9_v2/Custom/SampleNeuralNet_prj/solution1/syn/verilog/SampleNeuralNet_fifo_w48_d2_S.v:11]
INFO: [Synth 8-6157] synthesizing module 'SampleNeuralNet_fifo_w16_d2_S' [/home/eim32828/Desktop/Vitis_HLS_Gens/SampleNeuralNets_2_9_v2/Custom/SampleNeuralNet_prj/solution1/syn/verilog/SampleNeuralNet_fifo_w16_d2_S.v:11]
INFO: [Synth 8-6157] synthesizing module 'SampleNeuralNet_fifo_w16_d2_S_ShiftReg' [/home/eim32828/Desktop/Vitis_HLS_Gens/SampleNeuralNets_2_9_v2/Custom/SampleNeuralNet_prj/solution1/syn/verilog/SampleNeuralNet_fifo_w16_d2_S.v:129]
	Parameter DATA_WIDTH bound to: 16 - type: integer 
	Parameter ADDR_WIDTH bound to: 2 - type: integer 
	Parameter DEPTH bound to: 2 - type: integer 
INFO: [Synth 8-6155] done synthesizing module 'SampleNeuralNet_fifo_w16_d2_S_ShiftReg' (0#1) [/home/eim32828/Desktop/Vitis_HLS_Gens/SampleNeuralNets_2_9_v2/Custom/SampleNeuralNet_prj/solution1/syn/verilog/SampleNeuralNet_fifo_w16_d2_S.v:129]
INFO: [Synth 8-6155] done synthesizing module 'SampleNeuralNet_fifo_w16_d2_S' (0#1) [/home/eim32828/Desktop/Vitis_HLS_Gens/SampleNeuralNets_2_9_v2/Custom/SampleNeuralNet_prj/solution1/syn/verilog/SampleNeuralNet_fifo_w16_d2_S.v:11]
INFO: [Synth 8-6155] done synthesizing module 'SampleNeuralNet' (0#1) [/home/eim32828/Desktop/Vitis_HLS_Gens/SampleNeuralNets_2_9_v2/Custom/SampleNeuralNet_prj/solution1/syn/verilog/SampleNeuralNet.v:9]
WARNING: [Synth 8-6014] Unused sequential element genblk1[0].v1_reg was removed.  [/home/eim32828/Desktop/Vitis_HLS_Gens/SampleNeuralNets_2_9_v2/Custom/SampleNeuralNet_prj/solution1/syn/verilog/SampleNeuralNet_frp_pipeline_valid.v:69]
WARNING: [Synth 8-6014] Unused sequential element genblk1[1].v1_reg was removed.  [/home/eim32828/Desktop/Vitis_HLS_Gens/SampleNeuralNets_2_9_v2/Custom/SampleNeuralNet_prj/solution1/syn/verilog/SampleNeuralNet_frp_pipeline_valid.v:69]
WARNING: [Synth 8-6014] Unused sequential element genblk1[2].v1_reg was removed.  [/home/eim32828/Desktop/Vitis_HLS_Gens/SampleNeuralNets_2_9_v2/Custom/SampleNeuralNet_prj/solution1/syn/verilog/SampleNeuralNet_frp_pipeline_valid.v:69]
WARNING: [Synth 8-6014] Unused sequential element genblk1[3].v1_reg was removed.  [/home/eim32828/Desktop/Vitis_HLS_Gens/SampleNeuralNets_2_9_v2/Custom/SampleNeuralNet_prj/solution1/syn/verilog/SampleNeuralNet_frp_pipeline_valid.v:69]
WARNING: [Synth 8-6014] Unused sequential element genblk1[4].v1_reg was removed.  [/home/eim32828/Desktop/Vitis_HLS_Gens/SampleNeuralNets_2_9_v2/Custom/SampleNeuralNet_prj/solution1/syn/verilog/SampleNeuralNet_frp_pipeline_valid.v:69]
WARNING: [Synth 8-6014] Unused sequential element genblk1[5].v1_reg was removed.  [/home/eim32828/Desktop/Vitis_HLS_Gens/SampleNeuralNets_2_9_v2/Custom/SampleNeuralNet_prj/solution1/syn/verilog/SampleNeuralNet_frp_pipeline_valid.v:69]
WARNING: [Synth 8-6014] Unused sequential element genblk1[6].v1_reg was removed.  [/home/eim32828/Desktop/Vitis_HLS_Gens/SampleNeuralNets_2_9_v2/Custom/SampleNeuralNet_prj/solution1/syn/verilog/SampleNeuralNet_frp_pipeline_valid.v:69]
WARNING: [Synth 8-6014] Unused sequential element genblk1[7].v1_reg was removed.  [/home/eim32828/Desktop/Vitis_HLS_Gens/SampleNeuralNets_2_9_v2/Custom/SampleNeuralNet_prj/solution1/syn/verilog/SampleNeuralNet_frp_pipeline_valid.v:69]
WARNING: [Synth 8-6014] Unused sequential element genblk1[8].v1_reg was removed.  [/home/eim32828/Desktop/Vitis_HLS_Gens/SampleNeuralNets_2_9_v2/Custom/SampleNeuralNet_prj/solution1/syn/verilog/SampleNeuralNet_frp_pipeline_valid.v:69]
WARNING: [Synth 8-6014] Unused sequential element genblk1[9].v1_reg was removed.  [/home/eim32828/Desktop/Vitis_HLS_Gens/SampleNeuralNets_2_9_v2/Custom/SampleNeuralNet_prj/solution1/syn/verilog/SampleNeuralNet_frp_pipeline_valid.v:69]
WARNING: [Synth 8-6014] Unused sequential element genblk1[10].v1_reg was removed.  [/home/eim32828/Desktop/Vitis_HLS_Gens/SampleNeuralNets_2_9_v2/Custom/SampleNeuralNet_prj/solution1/syn/verilog/SampleNeuralNet_frp_pipeline_valid.v:69]
WARNING: [Synth 8-6014] Unused sequential element genblk1[11].v1_reg was removed.  [/home/eim32828/Desktop/Vitis_HLS_Gens/SampleNeuralNets_2_9_v2/Custom/SampleNeuralNet_prj/solution1/syn/verilog/SampleNeuralNet_frp_pipeline_valid.v:69]
WARNING: [Synth 8-6014] Unused sequential element genblk1[12].v1_reg was removed.  [/home/eim32828/Desktop/Vitis_HLS_Gens/SampleNeuralNets_2_9_v2/Custom/SampleNeuralNet_prj/solution1/syn/verilog/SampleNeuralNet_frp_pipeline_valid.v:69]
WARNING: [Synth 8-6014] Unused sequential element genblk1[13].v1_reg was removed.  [/home/eim32828/Desktop/Vitis_HLS_Gens/SampleNeuralNets_2_9_v2/Custom/SampleNeuralNet_prj/solution1/syn/verilog/SampleNeuralNet_frp_pipeline_valid.v:69]
WARNING: [Synth 8-6014] Unused sequential element genblk1[14].v1_reg was removed.  [/home/eim32828/Desktop/Vitis_HLS_Gens/SampleNeuralNets_2_9_v2/Custom/SampleNeuralNet_prj/solution1/syn/verilog/SampleNeuralNet_frp_pipeline_valid.v:69]
WARNING: [Synth 8-6014] Unused sequential element genblk1[15].v1_reg was removed.  [/home/eim32828/Desktop/Vitis_HLS_Gens/SampleNeuralNets_2_9_v2/Custom/SampleNeuralNet_prj/solution1/syn/verilog/SampleNeuralNet_frp_pipeline_valid.v:69]
WARNING: [Synth 8-6014] Unused sequential element incr_reg was removed.  [/home/eim32828/Desktop/Vitis_HLS_Gens/SampleNeuralNets_2_9_v2/Custom/SampleNeuralNet_prj/solution1/syn/verilog/SampleNeuralNet_frp_pipeline_valid.v:112]
WARNING: [Synth 8-6014] Unused sequential element ap_done_reg_reg was removed.  [/home/eim32828/Desktop/Vitis_HLS_Gens/SampleNeuralNets_2_9_v2/Custom/SampleNeuralNet_prj/solution1/syn/verilog/SampleNeuralNet_custom_dsp_dense_implementation_ap_int_16_ap_int_48_config2_s.v:1090]
WARNING: [Synth 8-6014] Unused sequential element grp_fu_249_p6_2_reg was removed.  [/home/eim32828/Desktop/Vitis_HLS_Gens/SampleNeuralNets_2_9_v2/Custom/SampleNeuralNet_prj/solution1/syn/verilog/SampleNeuralNet_custom_dsp_dense_implementation_ap_int_16_ap_int_48_config2_s.v:1832]
WARNING: [Synth 8-6014] Unused sequential element grp_fu_249_p6_3_reg was removed.  [/home/eim32828/Desktop/Vitis_HLS_Gens/SampleNeuralNets_2_9_v2/Custom/SampleNeuralNet_prj/solution1/syn/verilog/SampleNeuralNet_custom_dsp_dense_implementation_ap_int_16_ap_int_48_config2_s.v:1833]
WARNING: [Synth 8-6014] Unused sequential element grp_fu_249_p7_2_reg was removed.  [/home/eim32828/Desktop/Vitis_HLS_Gens/SampleNeuralNets_2_9_v2/Custom/SampleNeuralNet_prj/solution1/syn/verilog/SampleNeuralNet_custom_dsp_dense_implementation_ap_int_16_ap_int_48_config2_s.v:1835]
WARNING: [Synth 8-6014] Unused sequential element grp_fu_267_p6_2_reg was removed.  [/home/eim32828/Desktop/Vitis_HLS_Gens/SampleNeuralNets_2_9_v2/Custom/SampleNeuralNet_prj/solution1/syn/verilog/SampleNeuralNet_custom_dsp_dense_implementation_ap_int_16_ap_int_48_config2_s.v:1838]
WARNING: [Synth 8-6014] Unused sequential element grp_fu_267_p6_3_reg was removed.  [/home/eim32828/Desktop/Vitis_HLS_Gens/SampleNeuralNets_2_9_v2/Custom/SampleNeuralNet_prj/solution1/syn/verilog/SampleNeuralNet_custom_dsp_dense_implementation_ap_int_16_ap_int_48_config2_s.v:1839]
WARNING: [Synth 8-6014] Unused sequential element grp_fu_267_p7_2_reg was removed.  [/home/eim32828/Desktop/Vitis_HLS_Gens/SampleNeuralNets_2_9_v2/Custom/SampleNeuralNet_prj/solution1/syn/verilog/SampleNeuralNet_custom_dsp_dense_implementation_ap_int_16_ap_int_48_config2_s.v:1841]
WARNING: [Synth 8-6014] Unused sequential element grp_fu_285_p6_2_reg was removed.  [/home/eim32828/Desktop/Vitis_HLS_Gens/SampleNeuralNets_2_9_v2/Custom/SampleNeuralNet_prj/solution1/syn/verilog/SampleNeuralNet_custom_dsp_dense_implementation_ap_int_16_ap_int_48_config2_s.v:1844]
WARNING: [Synth 8-6014] Unused sequential element grp_fu_285_p6_3_reg was removed.  [/home/eim32828/Desktop/Vitis_HLS_Gens/SampleNeuralNets_2_9_v2/Custom/SampleNeuralNet_prj/solution1/syn/verilog/SampleNeuralNet_custom_dsp_dense_implementation_ap_int_16_ap_int_48_config2_s.v:1845]
WARNING: [Synth 8-6014] Unused sequential element grp_fu_285_p7_2_reg was removed.  [/home/eim32828/Desktop/Vitis_HLS_Gens/SampleNeuralNets_2_9_v2/Custom/SampleNeuralNet_prj/solution1/syn/verilog/SampleNeuralNet_custom_dsp_dense_implementation_ap_int_16_ap_int_48_config2_s.v:1847]
WARNING: [Synth 8-6014] Unused sequential element grp_fu_303_p6_2_reg was removed.  [/home/eim32828/Desktop/Vitis_HLS_Gens/SampleNeuralNets_2_9_v2/Custom/SampleNeuralNet_prj/solution1/syn/verilog/SampleNeuralNet_custom_dsp_dense_implementation_ap_int_16_ap_int_48_config2_s.v:1850]
WARNING: [Synth 8-6014] Unused sequential element grp_fu_303_p6_3_reg was removed.  [/home/eim32828/Desktop/Vitis_HLS_Gens/SampleNeuralNets_2_9_v2/Custom/SampleNeuralNet_prj/solution1/syn/verilog/SampleNeuralNet_custom_dsp_dense_implementation_ap_int_16_ap_int_48_config2_s.v:1851]
WARNING: [Synth 8-6014] Unused sequential element grp_fu_303_p7_2_reg was removed.  [/home/eim32828/Desktop/Vitis_HLS_Gens/SampleNeuralNets_2_9_v2/Custom/SampleNeuralNet_prj/solution1/syn/verilog/SampleNeuralNet_custom_dsp_dense_implementation_ap_int_16_ap_int_48_config2_s.v:1853]
WARNING: [Synth 8-6014] Unused sequential element grp_fu_321_p6_2_reg was removed.  [/home/eim32828/Desktop/Vitis_HLS_Gens/SampleNeuralNets_2_9_v2/Custom/SampleNeuralNet_prj/solution1/syn/verilog/SampleNeuralNet_custom_dsp_dense_implementation_ap_int_16_ap_int_48_config2_s.v:1856]
WARNING: [Synth 8-6014] Unused sequential element grp_fu_321_p6_3_reg was removed.  [/home/eim32828/Desktop/Vitis_HLS_Gens/SampleNeuralNets_2_9_v2/Custom/SampleNeuralNet_prj/solution1/syn/verilog/SampleNeuralNet_custom_dsp_dense_implementation_ap_int_16_ap_int_48_config2_s.v:1857]
WARNING: [Synth 8-6014] Unused sequential element grp_fu_321_p7_2_reg was removed.  [/home/eim32828/Desktop/Vitis_HLS_Gens/SampleNeuralNets_2_9_v2/Custom/SampleNeuralNet_prj/solution1/syn/verilog/SampleNeuralNet_custom_dsp_dense_implementation_ap_int_16_ap_int_48_config2_s.v:1859]
WARNING: [Synth 8-6014] Unused sequential element grp_fu_339_p6_2_reg was removed.  [/home/eim32828/Desktop/Vitis_HLS_Gens/SampleNeuralNets_2_9_v2/Custom/SampleNeuralNet_prj/solution1/syn/verilog/SampleNeuralNet_custom_dsp_dense_implementation_ap_int_16_ap_int_48_config2_s.v:1862]
WARNING: [Synth 8-6014] Unused sequential element grp_fu_339_p6_3_reg was removed.  [/home/eim32828/Desktop/Vitis_HLS_Gens/SampleNeuralNets_2_9_v2/Custom/SampleNeuralNet_prj/solution1/syn/verilog/SampleNeuralNet_custom_dsp_dense_implementation_ap_int_16_ap_int_48_config2_s.v:1863]
WARNING: [Synth 8-6014] Unused sequential element grp_fu_339_p7_2_reg was removed.  [/home/eim32828/Desktop/Vitis_HLS_Gens/SampleNeuralNets_2_9_v2/Custom/SampleNeuralNet_prj/solution1/syn/verilog/SampleNeuralNet_custom_dsp_dense_implementation_ap_int_16_ap_int_48_config2_s.v:1865]
WARNING: [Synth 8-6014] Unused sequential element grp_fu_357_p6_2_reg was removed.  [/home/eim32828/Desktop/Vitis_HLS_Gens/SampleNeuralNets_2_9_v2/Custom/SampleNeuralNet_prj/solution1/syn/verilog/SampleNeuralNet_custom_dsp_dense_implementation_ap_int_16_ap_int_48_config2_s.v:1868]
WARNING: [Synth 8-6014] Unused sequential element grp_fu_357_p6_3_reg was removed.  [/home/eim32828/Desktop/Vitis_HLS_Gens/SampleNeuralNets_2_9_v2/Custom/SampleNeuralNet_prj/solution1/syn/verilog/SampleNeuralNet_custom_dsp_dense_implementation_ap_int_16_ap_int_48_config2_s.v:1869]
WARNING: [Synth 8-6014] Unused sequential element grp_fu_357_p7_2_reg was removed.  [/home/eim32828/Desktop/Vitis_HLS_Gens/SampleNeuralNets_2_9_v2/Custom/SampleNeuralNet_prj/solution1/syn/verilog/SampleNeuralNet_custom_dsp_dense_implementation_ap_int_16_ap_int_48_config2_s.v:1871]
WARNING: [Synth 8-6014] Unused sequential element grp_fu_381_p6_2_reg was removed.  [/home/eim32828/Desktop/Vitis_HLS_Gens/SampleNeuralNets_2_9_v2/Custom/SampleNeuralNet_prj/solution1/syn/verilog/SampleNeuralNet_custom_dsp_dense_implementation_ap_int_16_ap_int_48_config2_s.v:1874]
WARNING: [Synth 8-6014] Unused sequential element grp_fu_381_p6_3_reg was removed.  [/home/eim32828/Desktop/Vitis_HLS_Gens/SampleNeuralNets_2_9_v2/Custom/SampleNeuralNet_prj/solution1/syn/verilog/SampleNeuralNet_custom_dsp_dense_implementation_ap_int_16_ap_int_48_config2_s.v:1875]
WARNING: [Synth 8-6014] Unused sequential element grp_fu_381_p7_2_reg was removed.  [/home/eim32828/Desktop/Vitis_HLS_Gens/SampleNeuralNets_2_9_v2/Custom/SampleNeuralNet_prj/solution1/syn/verilog/SampleNeuralNet_custom_dsp_dense_implementation_ap_int_16_ap_int_48_config2_s.v:1877]
WARNING: [Synth 8-6014] Unused sequential element grp_fu_399_p6_2_reg was removed.  [/home/eim32828/Desktop/Vitis_HLS_Gens/SampleNeuralNets_2_9_v2/Custom/SampleNeuralNet_prj/solution1/syn/verilog/SampleNeuralNet_custom_dsp_dense_implementation_ap_int_16_ap_int_48_config2_s.v:1880]
WARNING: [Synth 8-6014] Unused sequential element grp_fu_399_p6_3_reg was removed.  [/home/eim32828/Desktop/Vitis_HLS_Gens/SampleNeuralNets_2_9_v2/Custom/SampleNeuralNet_prj/solution1/syn/verilog/SampleNeuralNet_custom_dsp_dense_implementation_ap_int_16_ap_int_48_config2_s.v:1881]
WARNING: [Synth 8-6014] Unused sequential element grp_fu_399_p7_2_reg was removed.  [/home/eim32828/Desktop/Vitis_HLS_Gens/SampleNeuralNets_2_9_v2/Custom/SampleNeuralNet_prj/solution1/syn/verilog/SampleNeuralNet_custom_dsp_dense_implementation_ap_int_16_ap_int_48_config2_s.v:1883]
WARNING: [Synth 8-6014] Unused sequential element grp_fu_417_p6_2_reg was removed.  [/home/eim32828/Desktop/Vitis_HLS_Gens/SampleNeuralNets_2_9_v2/Custom/SampleNeuralNet_prj/solution1/syn/verilog/SampleNeuralNet_custom_dsp_dense_implementation_ap_int_16_ap_int_48_config2_s.v:1886]
WARNING: [Synth 8-6014] Unused sequential element grp_fu_417_p6_3_reg was removed.  [/home/eim32828/Desktop/Vitis_HLS_Gens/SampleNeuralNets_2_9_v2/Custom/SampleNeuralNet_prj/solution1/syn/verilog/SampleNeuralNet_custom_dsp_dense_implementation_ap_int_16_ap_int_48_config2_s.v:1887]
WARNING: [Synth 8-6014] Unused sequential element grp_fu_417_p7_2_reg was removed.  [/home/eim32828/Desktop/Vitis_HLS_Gens/SampleNeuralNets_2_9_v2/Custom/SampleNeuralNet_prj/solution1/syn/verilog/SampleNeuralNet_custom_dsp_dense_implementation_ap_int_16_ap_int_48_config2_s.v:1889]
WARNING: [Synth 8-6014] Unused sequential element grp_fu_435_p6_2_reg was removed.  [/home/eim32828/Desktop/Vitis_HLS_Gens/SampleNeuralNets_2_9_v2/Custom/SampleNeuralNet_prj/solution1/syn/verilog/SampleNeuralNet_custom_dsp_dense_implementation_ap_int_16_ap_int_48_config2_s.v:1892]
WARNING: [Synth 8-6014] Unused sequential element grp_fu_435_p6_3_reg was removed.  [/home/eim32828/Desktop/Vitis_HLS_Gens/SampleNeuralNets_2_9_v2/Custom/SampleNeuralNet_prj/solution1/syn/verilog/SampleNeuralNet_custom_dsp_dense_implementation_ap_int_16_ap_int_48_config2_s.v:1893]
WARNING: [Synth 8-6014] Unused sequential element grp_fu_435_p7_2_reg was removed.  [/home/eim32828/Desktop/Vitis_HLS_Gens/SampleNeuralNets_2_9_v2/Custom/SampleNeuralNet_prj/solution1/syn/verilog/SampleNeuralNet_custom_dsp_dense_implementation_ap_int_16_ap_int_48_config2_s.v:1895]
WARNING: [Synth 8-6014] Unused sequential element grp_fu_453_p6_2_reg was removed.  [/home/eim32828/Desktop/Vitis_HLS_Gens/SampleNeuralNets_2_9_v2/Custom/SampleNeuralNet_prj/solution1/syn/verilog/SampleNeuralNet_custom_dsp_dense_implementation_ap_int_16_ap_int_48_config2_s.v:1898]
WARNING: [Synth 8-6014] Unused sequential element grp_fu_453_p6_3_reg was removed.  [/home/eim32828/Desktop/Vitis_HLS_Gens/SampleNeuralNets_2_9_v2/Custom/SampleNeuralNet_prj/solution1/syn/verilog/SampleNeuralNet_custom_dsp_dense_implementation_ap_int_16_ap_int_48_config2_s.v:1899]
WARNING: [Synth 8-6014] Unused sequential element grp_fu_453_p7_2_reg was removed.  [/home/eim32828/Desktop/Vitis_HLS_Gens/SampleNeuralNets_2_9_v2/Custom/SampleNeuralNet_prj/solution1/syn/verilog/SampleNeuralNet_custom_dsp_dense_implementation_ap_int_16_ap_int_48_config2_s.v:1901]
WARNING: [Synth 8-6014] Unused sequential element grp_fu_471_p6_2_reg was removed.  [/home/eim32828/Desktop/Vitis_HLS_Gens/SampleNeuralNets_2_9_v2/Custom/SampleNeuralNet_prj/solution1/syn/verilog/SampleNeuralNet_custom_dsp_dense_implementation_ap_int_16_ap_int_48_config2_s.v:1904]
WARNING: [Synth 8-6014] Unused sequential element grp_fu_471_p6_3_reg was removed.  [/home/eim32828/Desktop/Vitis_HLS_Gens/SampleNeuralNets_2_9_v2/Custom/SampleNeuralNet_prj/solution1/syn/verilog/SampleNeuralNet_custom_dsp_dense_implementation_ap_int_16_ap_int_48_config2_s.v:1905]
WARNING: [Synth 8-6014] Unused sequential element grp_fu_471_p7_2_reg was removed.  [/home/eim32828/Desktop/Vitis_HLS_Gens/SampleNeuralNets_2_9_v2/Custom/SampleNeuralNet_prj/solution1/syn/verilog/SampleNeuralNet_custom_dsp_dense_implementation_ap_int_16_ap_int_48_config2_s.v:1907]
WARNING: [Synth 8-6014] Unused sequential element grp_fu_489_p6_2_reg was removed.  [/home/eim32828/Desktop/Vitis_HLS_Gens/SampleNeuralNets_2_9_v2/Custom/SampleNeuralNet_prj/solution1/syn/verilog/SampleNeuralNet_custom_dsp_dense_implementation_ap_int_16_ap_int_48_config2_s.v:1910]
WARNING: [Synth 8-6014] Unused sequential element grp_fu_489_p6_3_reg was removed.  [/home/eim32828/Desktop/Vitis_HLS_Gens/SampleNeuralNets_2_9_v2/Custom/SampleNeuralNet_prj/solution1/syn/verilog/SampleNeuralNet_custom_dsp_dense_implementation_ap_int_16_ap_int_48_config2_s.v:1911]
WARNING: [Synth 8-6014] Unused sequential element grp_fu_489_p7_2_reg was removed.  [/home/eim32828/Desktop/Vitis_HLS_Gens/SampleNeuralNets_2_9_v2/Custom/SampleNeuralNet_prj/solution1/syn/verilog/SampleNeuralNet_custom_dsp_dense_implementation_ap_int_16_ap_int_48_config2_s.v:1913]
WARNING: [Synth 8-6014] Unused sequential element grp_fu_525_p6_2_reg was removed.  [/home/eim32828/Desktop/Vitis_HLS_Gens/SampleNeuralNets_2_9_v2/Custom/SampleNeuralNet_prj/solution1/syn/verilog/SampleNeuralNet_custom_dsp_dense_implementation_ap_int_16_ap_int_48_config2_s.v:1916]
WARNING: [Synth 8-6014] Unused sequential element grp_fu_525_p6_3_reg was removed.  [/home/eim32828/Desktop/Vitis_HLS_Gens/SampleNeuralNets_2_9_v2/Custom/SampleNeuralNet_prj/solution1/syn/verilog/SampleNeuralNet_custom_dsp_dense_implementation_ap_int_16_ap_int_48_config2_s.v:1917]
WARNING: [Synth 8-6014] Unused sequential element grp_fu_267_p3_1_reg was removed.  [/home/eim32828/Desktop/Vitis_HLS_Gens/SampleNeuralNets_2_9_v2/Custom/SampleNeuralNet_prj/solution1/syn/verilog/SampleNeuralNet_custom_dsp_dense_implementation_ap_int_16_ap_int_48_config2_s.v:552]
WARNING: [Synth 8-6014] Unused sequential element grp_fu_267_p6_1_reg was removed.  [/home/eim32828/Desktop/Vitis_HLS_Gens/SampleNeuralNets_2_9_v2/Custom/SampleNeuralNet_prj/solution1/syn/verilog/SampleNeuralNet_custom_dsp_dense_implementation_ap_int_16_ap_int_48_config2_s.v:555]
WARNING: [Synth 8-6014] Unused sequential element grp_fu_267_p7_1_reg was removed.  [/home/eim32828/Desktop/Vitis_HLS_Gens/SampleNeuralNets_2_9_v2/Custom/SampleNeuralNet_prj/solution1/syn/verilog/SampleNeuralNet_custom_dsp_dense_implementation_ap_int_16_ap_int_48_config2_s.v:556]
WARNING: [Synth 8-6014] Unused sequential element grp_fu_285_p3_1_reg was removed.  [/home/eim32828/Desktop/Vitis_HLS_Gens/SampleNeuralNets_2_9_v2/Custom/SampleNeuralNet_prj/solution1/syn/verilog/SampleNeuralNet_custom_dsp_dense_implementation_ap_int_16_ap_int_48_config2_s.v:573]
WARNING: [Synth 8-6014] Unused sequential element grp_fu_285_p6_1_reg was removed.  [/home/eim32828/Desktop/Vitis_HLS_Gens/SampleNeuralNets_2_9_v2/Custom/SampleNeuralNet_prj/solution1/syn/verilog/SampleNeuralNet_custom_dsp_dense_implementation_ap_int_16_ap_int_48_config2_s.v:576]
WARNING: [Synth 8-6014] Unused sequential element grp_fu_285_p7_1_reg was removed.  [/home/eim32828/Desktop/Vitis_HLS_Gens/SampleNeuralNets_2_9_v2/Custom/SampleNeuralNet_prj/solution1/syn/verilog/SampleNeuralNet_custom_dsp_dense_implementation_ap_int_16_ap_int_48_config2_s.v:577]
WARNING: [Synth 8-6014] Unused sequential element grp_fu_303_p3_1_reg was removed.  [/home/eim32828/Desktop/Vitis_HLS_Gens/SampleNeuralNets_2_9_v2/Custom/SampleNeuralNet_prj/solution1/syn/verilog/SampleNeuralNet_custom_dsp_dense_implementation_ap_int_16_ap_int_48_config2_s.v:594]
WARNING: [Synth 8-6014] Unused sequential element grp_fu_303_p6_1_reg was removed.  [/home/eim32828/Desktop/Vitis_HLS_Gens/SampleNeuralNets_2_9_v2/Custom/SampleNeuralNet_prj/solution1/syn/verilog/SampleNeuralNet_custom_dsp_dense_implementation_ap_int_16_ap_int_48_config2_s.v:597]
WARNING: [Synth 8-6014] Unused sequential element grp_fu_303_p7_1_reg was removed.  [/home/eim32828/Desktop/Vitis_HLS_Gens/SampleNeuralNets_2_9_v2/Custom/SampleNeuralNet_prj/solution1/syn/verilog/SampleNeuralNet_custom_dsp_dense_implementation_ap_int_16_ap_int_48_config2_s.v:598]
WARNING: [Synth 8-6014] Unused sequential element grp_fu_321_p3_1_reg was removed.  [/home/eim32828/Desktop/Vitis_HLS_Gens/SampleNeuralNets_2_9_v2/Custom/SampleNeuralNet_prj/solution1/syn/verilog/SampleNeuralNet_custom_dsp_dense_implementation_ap_int_16_ap_int_48_config2_s.v:615]
WARNING: [Synth 8-6014] Unused sequential element grp_fu_321_p6_1_reg was removed.  [/home/eim32828/Desktop/Vitis_HLS_Gens/SampleNeuralNets_2_9_v2/Custom/SampleNeuralNet_prj/solution1/syn/verilog/SampleNeuralNet_custom_dsp_dense_implementation_ap_int_16_ap_int_48_config2_s.v:618]
WARNING: [Synth 8-6014] Unused sequential element grp_fu_321_p7_1_reg was removed.  [/home/eim32828/Desktop/Vitis_HLS_Gens/SampleNeuralNets_2_9_v2/Custom/SampleNeuralNet_prj/solution1/syn/verilog/SampleNeuralNet_custom_dsp_dense_implementation_ap_int_16_ap_int_48_config2_s.v:619]
WARNING: [Synth 8-6014] Unused sequential element grp_fu_339_p3_1_reg was removed.  [/home/eim32828/Desktop/Vitis_HLS_Gens/SampleNeuralNets_2_9_v2/Custom/SampleNeuralNet_prj/solution1/syn/verilog/SampleNeuralNet_custom_dsp_dense_implementation_ap_int_16_ap_int_48_config2_s.v:636]
WARNING: [Synth 8-6014] Unused sequential element grp_fu_339_p6_1_reg was removed.  [/home/eim32828/Desktop/Vitis_HLS_Gens/SampleNeuralNets_2_9_v2/Custom/SampleNeuralNet_prj/solution1/syn/verilog/SampleNeuralNet_custom_dsp_dense_implementation_ap_int_16_ap_int_48_config2_s.v:639]
WARNING: [Synth 8-6014] Unused sequential element grp_fu_339_p7_1_reg was removed.  [/home/eim32828/Desktop/Vitis_HLS_Gens/SampleNeuralNets_2_9_v2/Custom/SampleNeuralNet_prj/solution1/syn/verilog/SampleNeuralNet_custom_dsp_dense_implementation_ap_int_16_ap_int_48_config2_s.v:640]
WARNING: [Synth 8-6014] Unused sequential element grp_fu_357_p3_1_reg was removed.  [/home/eim32828/Desktop/Vitis_HLS_Gens/SampleNeuralNets_2_9_v2/Custom/SampleNeuralNet_prj/solution1/syn/verilog/SampleNeuralNet_custom_dsp_dense_implementation_ap_int_16_ap_int_48_config2_s.v:657]
WARNING: [Synth 8-6014] Unused sequential element grp_fu_357_p6_1_reg was removed.  [/home/eim32828/Desktop/Vitis_HLS_Gens/SampleNeuralNets_2_9_v2/Custom/SampleNeuralNet_prj/solution1/syn/verilog/SampleNeuralNet_custom_dsp_dense_implementation_ap_int_16_ap_int_48_config2_s.v:660]
WARNING: [Synth 8-6014] Unused sequential element grp_fu_357_p7_1_reg was removed.  [/home/eim32828/Desktop/Vitis_HLS_Gens/SampleNeuralNets_2_9_v2/Custom/SampleNeuralNet_prj/solution1/syn/verilog/SampleNeuralNet_custom_dsp_dense_implementation_ap_int_16_ap_int_48_config2_s.v:661]
WARNING: [Synth 8-6014] Unused sequential element grp_fu_381_p3_1_reg was removed.  [/home/eim32828/Desktop/Vitis_HLS_Gens/SampleNeuralNets_2_9_v2/Custom/SampleNeuralNet_prj/solution1/syn/verilog/SampleNeuralNet_custom_dsp_dense_implementation_ap_int_16_ap_int_48_config2_s.v:678]
WARNING: [Synth 8-6014] Unused sequential element grp_fu_381_p6_1_reg was removed.  [/home/eim32828/Desktop/Vitis_HLS_Gens/SampleNeuralNets_2_9_v2/Custom/SampleNeuralNet_prj/solution1/syn/verilog/SampleNeuralNet_custom_dsp_dense_implementation_ap_int_16_ap_int_48_config2_s.v:681]
WARNING: [Synth 8-6014] Unused sequential element grp_fu_399_p3_1_reg was removed.  [/home/eim32828/Desktop/Vitis_HLS_Gens/SampleNeuralNets_2_9_v2/Custom/SampleNeuralNet_prj/solution1/syn/verilog/SampleNeuralNet_custom_dsp_dense_implementation_ap_int_16_ap_int_48_config2_s.v:699]
WARNING: [Synth 8-6014] Unused sequential element grp_fu_399_p6_1_reg was removed.  [/home/eim32828/Desktop/Vitis_HLS_Gens/SampleNeuralNets_2_9_v2/Custom/SampleNeuralNet_prj/solution1/syn/verilog/SampleNeuralNet_custom_dsp_dense_implementation_ap_int_16_ap_int_48_config2_s.v:702]
WARNING: [Synth 8-6014] Unused sequential element grp_fu_399_p7_1_reg was removed.  [/home/eim32828/Desktop/Vitis_HLS_Gens/SampleNeuralNets_2_9_v2/Custom/SampleNeuralNet_prj/solution1/syn/verilog/SampleNeuralNet_custom_dsp_dense_implementation_ap_int_16_ap_int_48_config2_s.v:703]
WARNING: [Synth 8-6014] Unused sequential element grp_fu_417_p3_1_reg was removed.  [/home/eim32828/Desktop/Vitis_HLS_Gens/SampleNeuralNets_2_9_v2/Custom/SampleNeuralNet_prj/solution1/syn/verilog/SampleNeuralNet_custom_dsp_dense_implementation_ap_int_16_ap_int_48_config2_s.v:720]
WARNING: [Synth 8-6014] Unused sequential element grp_fu_417_p6_1_reg was removed.  [/home/eim32828/Desktop/Vitis_HLS_Gens/SampleNeuralNets_2_9_v2/Custom/SampleNeuralNet_prj/solution1/syn/verilog/SampleNeuralNet_custom_dsp_dense_implementation_ap_int_16_ap_int_48_config2_s.v:723]
WARNING: [Synth 8-6014] Unused sequential element grp_fu_417_p7_1_reg was removed.  [/home/eim32828/Desktop/Vitis_HLS_Gens/SampleNeuralNets_2_9_v2/Custom/SampleNeuralNet_prj/solution1/syn/verilog/SampleNeuralNet_custom_dsp_dense_implementation_ap_int_16_ap_int_48_config2_s.v:724]
WARNING: [Synth 8-6014] Unused sequential element grp_fu_435_p3_1_reg was removed.  [/home/eim32828/Desktop/Vitis_HLS_Gens/SampleNeuralNets_2_9_v2/Custom/SampleNeuralNet_prj/solution1/syn/verilog/SampleNeuralNet_custom_dsp_dense_implementation_ap_int_16_ap_int_48_config2_s.v:741]
WARNING: [Synth 8-6014] Unused sequential element grp_fu_435_p6_1_reg was removed.  [/home/eim32828/Desktop/Vitis_HLS_Gens/SampleNeuralNets_2_9_v2/Custom/SampleNeuralNet_prj/solution1/syn/verilog/SampleNeuralNet_custom_dsp_dense_implementation_ap_int_16_ap_int_48_config2_s.v:744]
WARNING: [Synth 8-6014] Unused sequential element grp_fu_435_p7_1_reg was removed.  [/home/eim32828/Desktop/Vitis_HLS_Gens/SampleNeuralNets_2_9_v2/Custom/SampleNeuralNet_prj/solution1/syn/verilog/SampleNeuralNet_custom_dsp_dense_implementation_ap_int_16_ap_int_48_config2_s.v:745]
WARNING: [Synth 8-6014] Unused sequential element grp_fu_453_p3_1_reg was removed.  [/home/eim32828/Desktop/Vitis_HLS_Gens/SampleNeuralNets_2_9_v2/Custom/SampleNeuralNet_prj/solution1/syn/verilog/SampleNeuralNet_custom_dsp_dense_implementation_ap_int_16_ap_int_48_config2_s.v:762]
WARNING: [Synth 8-6014] Unused sequential element grp_fu_453_p6_1_reg was removed.  [/home/eim32828/Desktop/Vitis_HLS_Gens/SampleNeuralNets_2_9_v2/Custom/SampleNeuralNet_prj/solution1/syn/verilog/SampleNeuralNet_custom_dsp_dense_implementation_ap_int_16_ap_int_48_config2_s.v:765]
WARNING: [Synth 8-6014] Unused sequential element grp_fu_453_p7_1_reg was removed.  [/home/eim32828/Desktop/Vitis_HLS_Gens/SampleNeuralNets_2_9_v2/Custom/SampleNeuralNet_prj/solution1/syn/verilog/SampleNeuralNet_custom_dsp_dense_implementation_ap_int_16_ap_int_48_config2_s.v:766]
WARNING: [Synth 8-6014] Unused sequential element grp_fu_471_p3_1_reg was removed.  [/home/eim32828/Desktop/Vitis_HLS_Gens/SampleNeuralNets_2_9_v2/Custom/SampleNeuralNet_prj/solution1/syn/verilog/SampleNeuralNet_custom_dsp_dense_implementation_ap_int_16_ap_int_48_config2_s.v:783]
WARNING: [Synth 8-6014] Unused sequential element grp_fu_471_p6_1_reg was removed.  [/home/eim32828/Desktop/Vitis_HLS_Gens/SampleNeuralNets_2_9_v2/Custom/SampleNeuralNet_prj/solution1/syn/verilog/SampleNeuralNet_custom_dsp_dense_implementation_ap_int_16_ap_int_48_config2_s.v:786]
WARNING: [Synth 8-6014] Unused sequential element grp_fu_471_p7_1_reg was removed.  [/home/eim32828/Desktop/Vitis_HLS_Gens/SampleNeuralNets_2_9_v2/Custom/SampleNeuralNet_prj/solution1/syn/verilog/SampleNeuralNet_custom_dsp_dense_implementation_ap_int_16_ap_int_48_config2_s.v:787]
WARNING: [Synth 8-6014] Unused sequential element grp_fu_489_p3_1_reg was removed.  [/home/eim32828/Desktop/Vitis_HLS_Gens/SampleNeuralNets_2_9_v2/Custom/SampleNeuralNet_prj/solution1/syn/verilog/SampleNeuralNet_custom_dsp_dense_implementation_ap_int_16_ap_int_48_config2_s.v:804]
WARNING: [Synth 8-6014] Unused sequential element grp_fu_489_p6_1_reg was removed.  [/home/eim32828/Desktop/Vitis_HLS_Gens/SampleNeuralNets_2_9_v2/Custom/SampleNeuralNet_prj/solution1/syn/verilog/SampleNeuralNet_custom_dsp_dense_implementation_ap_int_16_ap_int_48_config2_s.v:807]
WARNING: [Synth 8-6014] Unused sequential element grp_fu_489_p7_1_reg was removed.  [/home/eim32828/Desktop/Vitis_HLS_Gens/SampleNeuralNets_2_9_v2/Custom/SampleNeuralNet_prj/solution1/syn/verilog/SampleNeuralNet_custom_dsp_dense_implementation_ap_int_16_ap_int_48_config2_s.v:808]
INFO: [Common 17-14] Message 'Synth 8-6014' appears 100 times and further instances of the messages will be disabled. Use the Tcl command set_msg_config to change the current settings.
WARNING: [Synth 8-7129] Port addr[1] in module SampleNeuralNet_fifo_w48_d2_S_ShiftReg is either unconnected or has no load
WARNING: [Synth 8-7129] Port addr[1] in module SampleNeuralNet_fifo_w16_d2_S_ShiftReg is either unconnected or has no load
WARNING: [Synth 8-7129] Port reset in module SampleNeuralNet_icmp_48s_48s_1_2_1_sub is either unconnected or has no load
WARNING: [Synth 8-7129] Port ap_done_int in module SampleNeuralNet_flow_control_loop_pipe is either unconnected or has no load
WARNING: [Synth 8-7129] Port rst in module SampleNeuralNet_dsp_48ns_32ns_64ns_25ns_30s_18s_48ns_1ns_48_5_1_DSP_Builtin is either unconnected or has no load
WARNING: [Synth 8-7129] Port in3[47] in module SampleNeuralNet_dsp_48ns_32ns_64ns_25ns_30s_18s_48ns_1ns_48_5_1_DSP_Builtin is either unconnected or has no load
WARNING: [Synth 8-7129] Port in3[46] in module SampleNeuralNet_dsp_48ns_32ns_64ns_25ns_30s_18s_48ns_1ns_48_5_1_DSP_Builtin is either unconnected or has no load
WARNING: [Synth 8-7129] Port in3[45] in module SampleNeuralNet_dsp_48ns_32ns_64ns_25ns_30s_18s_48ns_1ns_48_5_1_DSP_Builtin is either unconnected or has no load
WARNING: [Synth 8-7129] Port in3[44] in module SampleNeuralNet_dsp_48ns_32ns_64ns_25ns_30s_18s_48ns_1ns_48_5_1_DSP_Builtin is either unconnected or has no load
WARNING: [Synth 8-7129] Port in3[43] in module SampleNeuralNet_dsp_48ns_32ns_64ns_25ns_30s_18s_48ns_1ns_48_5_1_DSP_Builtin is either unconnected or has no load
WARNING: [Synth 8-7129] Port in3[42] in module SampleNeuralNet_dsp_48ns_32ns_64ns_25ns_30s_18s_48ns_1ns_48_5_1_DSP_Builtin is either unconnected or has no load
WARNING: [Synth 8-7129] Port in3[41] in module SampleNeuralNet_dsp_48ns_32ns_64ns_25ns_30s_18s_48ns_1ns_48_5_1_DSP_Builtin is either unconnected or has no load
WARNING: [Synth 8-7129] Port in3[40] in module SampleNeuralNet_dsp_48ns_32ns_64ns_25ns_30s_18s_48ns_1ns_48_5_1_DSP_Builtin is either unconnected or has no load
WARNING: [Synth 8-7129] Port in3[39] in module SampleNeuralNet_dsp_48ns_32ns_64ns_25ns_30s_18s_48ns_1ns_48_5_1_DSP_Builtin is either unconnected or has no load
WARNING: [Synth 8-7129] Port in3[38] in module SampleNeuralNet_dsp_48ns_32ns_64ns_25ns_30s_18s_48ns_1ns_48_5_1_DSP_Builtin is either unconnected or has no load
WARNING: [Synth 8-7129] Port in3[37] in module SampleNeuralNet_dsp_48ns_32ns_64ns_25ns_30s_18s_48ns_1ns_48_5_1_DSP_Builtin is either unconnected or has no load
WARNING: [Synth 8-7129] Port in3[36] in module SampleNeuralNet_dsp_48ns_32ns_64ns_25ns_30s_18s_48ns_1ns_48_5_1_DSP_Builtin is either unconnected or has no load
WARNING: [Synth 8-7129] Port in3[35] in module SampleNeuralNet_dsp_48ns_32ns_64ns_25ns_30s_18s_48ns_1ns_48_5_1_DSP_Builtin is either unconnected or has no load
WARNING: [Synth 8-7129] Port in3[34] in module SampleNeuralNet_dsp_48ns_32ns_64ns_25ns_30s_18s_48ns_1ns_48_5_1_DSP_Builtin is either unconnected or has no load
WARNING: [Synth 8-7129] Port in3[33] in module SampleNeuralNet_dsp_48ns_32ns_64ns_25ns_30s_18s_48ns_1ns_48_5_1_DSP_Builtin is either unconnected or has no load
WARNING: [Synth 8-7129] Port in3[32] in module SampleNeuralNet_dsp_48ns_32ns_64ns_25ns_30s_18s_48ns_1ns_48_5_1_DSP_Builtin is either unconnected or has no load
WARNING: [Synth 8-7129] Port in3[31] in module SampleNeuralNet_dsp_48ns_32ns_64ns_25ns_30s_18s_48ns_1ns_48_5_1_DSP_Builtin is either unconnected or has no load
WARNING: [Synth 8-7129] Port in3[30] in module SampleNeuralNet_dsp_48ns_32ns_64ns_25ns_30s_18s_48ns_1ns_48_5_1_DSP_Builtin is either unconnected or has no load
WARNING: [Synth 8-7129] Port in3[29] in module SampleNeuralNet_dsp_48ns_32ns_64ns_25ns_30s_18s_48ns_1ns_48_5_1_DSP_Builtin is either unconnected or has no load
WARNING: [Synth 8-7129] Port in3[28] in module SampleNeuralNet_dsp_48ns_32ns_64ns_25ns_30s_18s_48ns_1ns_48_5_1_DSP_Builtin is either unconnected or has no load
WARNING: [Synth 8-7129] Port in3[27] in module SampleNeuralNet_dsp_48ns_32ns_64ns_25ns_30s_18s_48ns_1ns_48_5_1_DSP_Builtin is either unconnected or has no load
WARNING: [Synth 8-7129] Port in3[26] in module SampleNeuralNet_dsp_48ns_32ns_64ns_25ns_30s_18s_48ns_1ns_48_5_1_DSP_Builtin is either unconnected or has no load
WARNING: [Synth 8-7129] Port in3[25] in module SampleNeuralNet_dsp_48ns_32ns_64ns_25ns_30s_18s_48ns_1ns_48_5_1_DSP_Builtin is either unconnected or has no load
WARNING: [Synth 8-7129] Port in3[24] in module SampleNeuralNet_dsp_48ns_32ns_64ns_25ns_30s_18s_48ns_1ns_48_5_1_DSP_Builtin is either unconnected or has no load
WARNING: [Synth 8-7129] Port in3[23] in module SampleNeuralNet_dsp_48ns_32ns_64ns_25ns_30s_18s_48ns_1ns_48_5_1_DSP_Builtin is either unconnected or has no load
WARNING: [Synth 8-7129] Port in3[22] in module SampleNeuralNet_dsp_48ns_32ns_64ns_25ns_30s_18s_48ns_1ns_48_5_1_DSP_Builtin is either unconnected or has no load
WARNING: [Synth 8-7129] Port in3[21] in module SampleNeuralNet_dsp_48ns_32ns_64ns_25ns_30s_18s_48ns_1ns_48_5_1_DSP_Builtin is either unconnected or has no load
WARNING: [Synth 8-7129] Port in3[20] in module SampleNeuralNet_dsp_48ns_32ns_64ns_25ns_30s_18s_48ns_1ns_48_5_1_DSP_Builtin is either unconnected or has no load
WARNING: [Synth 8-7129] Port in3[19] in module SampleNeuralNet_dsp_48ns_32ns_64ns_25ns_30s_18s_48ns_1ns_48_5_1_DSP_Builtin is either unconnected or has no load
WARNING: [Synth 8-7129] Port in3[18] in module SampleNeuralNet_dsp_48ns_32ns_64ns_25ns_30s_18s_48ns_1ns_48_5_1_DSP_Builtin is either unconnected or has no load
WARNING: [Synth 8-7129] Port in3[17] in module SampleNeuralNet_dsp_48ns_32ns_64ns_25ns_30s_18s_48ns_1ns_48_5_1_DSP_Builtin is either unconnected or has no load
WARNING: [Synth 8-7129] Port in3[16] in module SampleNeuralNet_dsp_48ns_32ns_64ns_25ns_30s_18s_48ns_1ns_48_5_1_DSP_Builtin is either unconnected or has no load
WARNING: [Synth 8-7129] Port in3[15] in module SampleNeuralNet_dsp_48ns_32ns_64ns_25ns_30s_18s_48ns_1ns_48_5_1_DSP_Builtin is either unconnected or has no load
WARNING: [Synth 8-7129] Port in3[14] in module SampleNeuralNet_dsp_48ns_32ns_64ns_25ns_30s_18s_48ns_1ns_48_5_1_DSP_Builtin is either unconnected or has no load
WARNING: [Synth 8-7129] Port in3[13] in module SampleNeuralNet_dsp_48ns_32ns_64ns_25ns_30s_18s_48ns_1ns_48_5_1_DSP_Builtin is either unconnected or has no load
WARNING: [Synth 8-7129] Port in3[12] in module SampleNeuralNet_dsp_48ns_32ns_64ns_25ns_30s_18s_48ns_1ns_48_5_1_DSP_Builtin is either unconnected or has no load
WARNING: [Synth 8-7129] Port in3[11] in module SampleNeuralNet_dsp_48ns_32ns_64ns_25ns_30s_18s_48ns_1ns_48_5_1_DSP_Builtin is either unconnected or has no load
WARNING: [Synth 8-7129] Port in3[10] in module SampleNeuralNet_dsp_48ns_32ns_64ns_25ns_30s_18s_48ns_1ns_48_5_1_DSP_Builtin is either unconnected or has no load
WARNING: [Synth 8-7129] Port in3[9] in module SampleNeuralNet_dsp_48ns_32ns_64ns_25ns_30s_18s_48ns_1ns_48_5_1_DSP_Builtin is either unconnected or has no load
WARNING: [Synth 8-7129] Port in3[8] in module SampleNeuralNet_dsp_48ns_32ns_64ns_25ns_30s_18s_48ns_1ns_48_5_1_DSP_Builtin is either unconnected or has no load
WARNING: [Synth 8-7129] Port in3[7] in module SampleNeuralNet_dsp_48ns_32ns_64ns_25ns_30s_18s_48ns_1ns_48_5_1_DSP_Builtin is either unconnected or has no load
WARNING: [Synth 8-7129] Port in3[6] in module SampleNeuralNet_dsp_48ns_32ns_64ns_25ns_30s_18s_48ns_1ns_48_5_1_DSP_Builtin is either unconnected or has no load
WARNING: [Synth 8-7129] Port in3[5] in module SampleNeuralNet_dsp_48ns_32ns_64ns_25ns_30s_18s_48ns_1ns_48_5_1_DSP_Builtin is either unconnected or has no load
WARNING: [Synth 8-7129] Port in3[4] in module SampleNeuralNet_dsp_48ns_32ns_64ns_25ns_30s_18s_48ns_1ns_48_5_1_DSP_Builtin is either unconnected or has no load
WARNING: [Synth 8-7129] Port in3[3] in module SampleNeuralNet_dsp_48ns_32ns_64ns_25ns_30s_18s_48ns_1ns_48_5_1_DSP_Builtin is either unconnected or has no load
WARNING: [Synth 8-7129] Port in3[2] in module SampleNeuralNet_dsp_48ns_32ns_64ns_25ns_30s_18s_48ns_1ns_48_5_1_DSP_Builtin is either unconnected or has no load
WARNING: [Synth 8-7129] Port in3[1] in module SampleNeuralNet_dsp_48ns_32ns_64ns_25ns_30s_18s_48ns_1ns_48_5_1_DSP_Builtin is either unconnected or has no load
WARNING: [Synth 8-7129] Port in3[0] in module SampleNeuralNet_dsp_48ns_32ns_64ns_25ns_30s_18s_48ns_1ns_48_5_1_DSP_Builtin is either unconnected or has no load
WARNING: [Synth 8-7129] Port din1[29] in module SampleNeuralNet_dsp_48ns_32ns_64ns_25ns_30s_18s_48ns_1ns_48_5_1 is either unconnected or has no load
WARNING: [Synth 8-7129] Port din1[28] in module SampleNeuralNet_dsp_48ns_32ns_64ns_25ns_30s_18s_48ns_1ns_48_5_1 is either unconnected or has no load
WARNING: [Synth 8-7129] Port din1[27] in module SampleNeuralNet_dsp_48ns_32ns_64ns_25ns_30s_18s_48ns_1ns_48_5_1 is either unconnected or has no load
WARNING: [Synth 8-7129] Port din1[26] in module SampleNeuralNet_dsp_48ns_32ns_64ns_25ns_30s_18s_48ns_1ns_48_5_1 is either unconnected or has no load
WARNING: [Synth 8-7129] Port din1[25] in module SampleNeuralNet_dsp_48ns_32ns_64ns_25ns_30s_18s_48ns_1ns_48_5_1 is either unconnected or has no load
WARNING: [Synth 8-7129] Port rst in module SampleNeuralNet_dsp_48ns_32ns_64ns_25ns_30ns_18ns_48ns_1s_48_5_1_DSP_Builtin is either unconnected or has no load
WARNING: [Synth 8-7129] Port in3[47] in module SampleNeuralNet_dsp_48ns_32ns_64ns_25ns_30ns_18ns_48ns_1s_48_5_1_DSP_Builtin is either unconnected or has no load
WARNING: [Synth 8-7129] Port in3[46] in module SampleNeuralNet_dsp_48ns_32ns_64ns_25ns_30ns_18ns_48ns_1s_48_5_1_DSP_Builtin is either unconnected or has no load
WARNING: [Synth 8-7129] Port in3[45] in module SampleNeuralNet_dsp_48ns_32ns_64ns_25ns_30ns_18ns_48ns_1s_48_5_1_DSP_Builtin is either unconnected or has no load
WARNING: [Synth 8-7129] Port in3[44] in module SampleNeuralNet_dsp_48ns_32ns_64ns_25ns_30ns_18ns_48ns_1s_48_5_1_DSP_Builtin is either unconnected or has no load
WARNING: [Synth 8-7129] Port in3[43] in module SampleNeuralNet_dsp_48ns_32ns_64ns_25ns_30ns_18ns_48ns_1s_48_5_1_DSP_Builtin is either unconnected or has no load
WARNING: [Synth 8-7129] Port in3[42] in module SampleNeuralNet_dsp_48ns_32ns_64ns_25ns_30ns_18ns_48ns_1s_48_5_1_DSP_Builtin is either unconnected or has no load
WARNING: [Synth 8-7129] Port in3[41] in module SampleNeuralNet_dsp_48ns_32ns_64ns_25ns_30ns_18ns_48ns_1s_48_5_1_DSP_Builtin is either unconnected or has no load
WARNING: [Synth 8-7129] Port in3[40] in module SampleNeuralNet_dsp_48ns_32ns_64ns_25ns_30ns_18ns_48ns_1s_48_5_1_DSP_Builtin is either unconnected or has no load
WARNING: [Synth 8-7129] Port in3[39] in module SampleNeuralNet_dsp_48ns_32ns_64ns_25ns_30ns_18ns_48ns_1s_48_5_1_DSP_Builtin is either unconnected or has no load
WARNING: [Synth 8-7129] Port in3[38] in module SampleNeuralNet_dsp_48ns_32ns_64ns_25ns_30ns_18ns_48ns_1s_48_5_1_DSP_Builtin is either unconnected or has no load
WARNING: [Synth 8-7129] Port in3[37] in module SampleNeuralNet_dsp_48ns_32ns_64ns_25ns_30ns_18ns_48ns_1s_48_5_1_DSP_Builtin is either unconnected or has no load
WARNING: [Synth 8-7129] Port in3[36] in module SampleNeuralNet_dsp_48ns_32ns_64ns_25ns_30ns_18ns_48ns_1s_48_5_1_DSP_Builtin is either unconnected or has no load
WARNING: [Synth 8-7129] Port in3[35] in module SampleNeuralNet_dsp_48ns_32ns_64ns_25ns_30ns_18ns_48ns_1s_48_5_1_DSP_Builtin is either unconnected or has no load
WARNING: [Synth 8-7129] Port in3[34] in module SampleNeuralNet_dsp_48ns_32ns_64ns_25ns_30ns_18ns_48ns_1s_48_5_1_DSP_Builtin is either unconnected or has no load
WARNING: [Synth 8-7129] Port in3[33] in module SampleNeuralNet_dsp_48ns_32ns_64ns_25ns_30ns_18ns_48ns_1s_48_5_1_DSP_Builtin is either unconnected or has no load
WARNING: [Synth 8-7129] Port in3[32] in module SampleNeuralNet_dsp_48ns_32ns_64ns_25ns_30ns_18ns_48ns_1s_48_5_1_DSP_Builtin is either unconnected or has no load
WARNING: [Synth 8-7129] Port in3[31] in module SampleNeuralNet_dsp_48ns_32ns_64ns_25ns_30ns_18ns_48ns_1s_48_5_1_DSP_Builtin is either unconnected or has no load
WARNING: [Synth 8-7129] Port in3[30] in module SampleNeuralNet_dsp_48ns_32ns_64ns_25ns_30ns_18ns_48ns_1s_48_5_1_DSP_Builtin is either unconnected or has no load
WARNING: [Synth 8-7129] Port in3[29] in module SampleNeuralNet_dsp_48ns_32ns_64ns_25ns_30ns_18ns_48ns_1s_48_5_1_DSP_Builtin is either unconnected or has no load
WARNING: [Synth 8-7129] Port in3[28] in module SampleNeuralNet_dsp_48ns_32ns_64ns_25ns_30ns_18ns_48ns_1s_48_5_1_DSP_Builtin is either unconnected or has no load
WARNING: [Synth 8-7129] Port in3[27] in module SampleNeuralNet_dsp_48ns_32ns_64ns_25ns_30ns_18ns_48ns_1s_48_5_1_DSP_Builtin is either unconnected or has no load
WARNING: [Synth 8-7129] Port in3[26] in module SampleNeuralNet_dsp_48ns_32ns_64ns_25ns_30ns_18ns_48ns_1s_48_5_1_DSP_Builtin is either unconnected or has no load
WARNING: [Synth 8-7129] Port in3[25] in module SampleNeuralNet_dsp_48ns_32ns_64ns_25ns_30ns_18ns_48ns_1s_48_5_1_DSP_Builtin is either unconnected or has no load
WARNING: [Synth 8-7129] Port in3[24] in module SampleNeuralNet_dsp_48ns_32ns_64ns_25ns_30ns_18ns_48ns_1s_48_5_1_DSP_Builtin is either unconnected or has no load
WARNING: [Synth 8-7129] Port in3[23] in module SampleNeuralNet_dsp_48ns_32ns_64ns_25ns_30ns_18ns_48ns_1s_48_5_1_DSP_Builtin is either unconnected or has no load
WARNING: [Synth 8-7129] Port in3[22] in module SampleNeuralNet_dsp_48ns_32ns_64ns_25ns_30ns_18ns_48ns_1s_48_5_1_DSP_Builtin is either unconnected or has no load
WARNING: [Synth 8-7129] Port in3[21] in module SampleNeuralNet_dsp_48ns_32ns_64ns_25ns_30ns_18ns_48ns_1s_48_5_1_DSP_Builtin is either unconnected or has no load
WARNING: [Synth 8-7129] Port in3[20] in module SampleNeuralNet_dsp_48ns_32ns_64ns_25ns_30ns_18ns_48ns_1s_48_5_1_DSP_Builtin is either unconnected or has no load
WARNING: [Synth 8-7129] Port in3[19] in module SampleNeuralNet_dsp_48ns_32ns_64ns_25ns_30ns_18ns_48ns_1s_48_5_1_DSP_Builtin is either unconnected or has no load
WARNING: [Synth 8-7129] Port in3[18] in module SampleNeuralNet_dsp_48ns_32ns_64ns_25ns_30ns_18ns_48ns_1s_48_5_1_DSP_Builtin is either unconnected or has no load
WARNING: [Synth 8-7129] Port in3[17] in module SampleNeuralNet_dsp_48ns_32ns_64ns_25ns_30ns_18ns_48ns_1s_48_5_1_DSP_Builtin is either unconnected or has no load
WARNING: [Synth 8-7129] Port in3[16] in module SampleNeuralNet_dsp_48ns_32ns_64ns_25ns_30ns_18ns_48ns_1s_48_5_1_DSP_Builtin is either unconnected or has no load
WARNING: [Synth 8-7129] Port in3[15] in module SampleNeuralNet_dsp_48ns_32ns_64ns_25ns_30ns_18ns_48ns_1s_48_5_1_DSP_Builtin is either unconnected or has no load
WARNING: [Synth 8-7129] Port in3[14] in module SampleNeuralNet_dsp_48ns_32ns_64ns_25ns_30ns_18ns_48ns_1s_48_5_1_DSP_Builtin is either unconnected or has no load
WARNING: [Synth 8-7129] Port in3[13] in module SampleNeuralNet_dsp_48ns_32ns_64ns_25ns_30ns_18ns_48ns_1s_48_5_1_DSP_Builtin is either unconnected or has no load
WARNING: [Synth 8-7129] Port in3[12] in module SampleNeuralNet_dsp_48ns_32ns_64ns_25ns_30ns_18ns_48ns_1s_48_5_1_DSP_Builtin is either unconnected or has no load
WARNING: [Synth 8-7129] Port in3[11] in module SampleNeuralNet_dsp_48ns_32ns_64ns_25ns_30ns_18ns_48ns_1s_48_5_1_DSP_Builtin is either unconnected or has no load
WARNING: [Synth 8-7129] Port in3[10] in module SampleNeuralNet_dsp_48ns_32ns_64ns_25ns_30ns_18ns_48ns_1s_48_5_1_DSP_Builtin is either unconnected or has no load
WARNING: [Synth 8-7129] Port in3[9] in module SampleNeuralNet_dsp_48ns_32ns_64ns_25ns_30ns_18ns_48ns_1s_48_5_1_DSP_Builtin is either unconnected or has no load
WARNING: [Synth 8-7129] Port in3[8] in module SampleNeuralNet_dsp_48ns_32ns_64ns_25ns_30ns_18ns_48ns_1s_48_5_1_DSP_Builtin is either unconnected or has no load
WARNING: [Synth 8-7129] Port in3[7] in module SampleNeuralNet_dsp_48ns_32ns_64ns_25ns_30ns_18ns_48ns_1s_48_5_1_DSP_Builtin is either unconnected or has no load
INFO: [Common 17-14] Message 'Synth 8-7129' appears 100 times and further instances of the messages will be disabled. Use the Tcl command set_msg_config to change the current settings.
---------------------------------------------------------------------------------
Finished Synthesize : Time (s): cpu = 00:00:05 ; elapsed = 00:00:05 . Memory (MB): peak = 2227.805 ; gain = 538.555 ; free physical = 84311 ; free virtual = 123616
---------------------------------------------------------------------------------
---------------------------------------------------------------------------------
Finished Constraint Validation : Time (s): cpu = 00:00:05 ; elapsed = 00:00:06 . Memory (MB): peak = 2245.617 ; gain = 556.367 ; free physical = 84287 ; free virtual = 123600
---------------------------------------------------------------------------------
---------------------------------------------------------------------------------
Start Loading Part and Timing Information
---------------------------------------------------------------------------------
Loading part: xc7z010clg400-1
---------------------------------------------------------------------------------
Finished Loading Part and Timing Information : Time (s): cpu = 00:00:05 ; elapsed = 00:00:06 . Memory (MB): peak = 2253.621 ; gain = 564.371 ; free physical = 84283 ; free virtual = 123596
---------------------------------------------------------------------------------
INFO: [Device 21-403] Loading part xc7z010clg400-1
---------------------------------------------------------------------------------
Finished RTL Optimization Phase 2 : Time (s): cpu = 00:00:07 ; elapsed = 00:00:07 . Memory (MB): peak = 2275.574 ; gain = 586.324 ; free physical = 84255 ; free virtual = 123580
---------------------------------------------------------------------------------
INFO: [Synth 8-223] decloning instance 'custom_dsp_dense_implementation_ap_int_16_ap_int_48_config2_U0/dsp_48ns_32ns_64ns_25ns_30s_18s_48ns_1ns_48_5_1_U10' (SampleNeuralNet_dsp_48ns_32ns_64ns_25ns_30s_18s_48ns_1ns_48_5_1) to 'custom_dsp_dense_implementation_ap_int_16_ap_int_48_config2_U0/dsp_48ns_32ns_64ns_25ns_30s_18s_48ns_1ns_48_5_1_U11'
INFO: [Synth 8-223] decloning instance 'custom_dsp_dense_implementation_ap_int_16_ap_int_48_config2_U0/dsp_48ns_32ns_64ns_25ns_30s_18s_48ns_1ns_48_5_1_U10' (SampleNeuralNet_dsp_48ns_32ns_64ns_25ns_30s_18s_48ns_1ns_48_5_1) to 'custom_dsp_dense_implementation_ap_int_16_ap_int_48_config2_U0/dsp_48ns_32ns_64ns_25ns_30s_18s_48ns_1ns_48_5_1_U12'
INFO: [Synth 8-223] decloning instance 'custom_dsp_dense_implementation_ap_int_16_ap_int_48_config2_U0/dsp_48ns_32ns_64ns_25ns_30s_18s_48ns_1ns_48_5_1_U10' (SampleNeuralNet_dsp_48ns_32ns_64ns_25ns_30s_18s_48ns_1ns_48_5_1) to 'custom_dsp_dense_implementation_ap_int_16_ap_int_48_config2_U0/dsp_48ns_32ns_64ns_25ns_30s_18s_48ns_1ns_48_5_1_U13'
INFO: [Synth 8-223] decloning instance 'custom_dsp_dense_implementation_ap_int_16_ap_int_48_config2_U0/dsp_48ns_32ns_64ns_25ns_30s_18s_48ns_1ns_48_5_1_U10' (SampleNeuralNet_dsp_48ns_32ns_64ns_25ns_30s_18s_48ns_1ns_48_5_1) to 'custom_dsp_dense_implementation_ap_int_16_ap_int_48_config2_U0/dsp_48ns_32ns_64ns_25ns_30s_18s_48ns_1ns_48_5_1_U14'
INFO: [Synth 8-223] decloning instance 'custom_dsp_dense_implementation_ap_int_16_ap_int_48_config2_U0/dsp_48ns_32ns_64ns_25ns_30s_18s_48ns_1ns_48_5_1_U10' (SampleNeuralNet_dsp_48ns_32ns_64ns_25ns_30s_18s_48ns_1ns_48_5_1) to 'custom_dsp_dense_implementation_ap_int_16_ap_int_48_config2_U0/dsp_48ns_32ns_64ns_25ns_30s_18s_48ns_1ns_48_5_1_U15'
INFO: [Synth 8-223] decloning instance 'custom_dsp_dense_implementation_ap_int_16_ap_int_48_config2_U0/dsp_48ns_32ns_64ns_25ns_30s_18s_48ns_1ns_48_5_1_U10' (SampleNeuralNet_dsp_48ns_32ns_64ns_25ns_30s_18s_48ns_1ns_48_5_1) to 'custom_dsp_dense_implementation_ap_int_16_ap_int_48_config2_U0/dsp_48ns_32ns_64ns_25ns_30s_18s_48ns_1ns_48_5_1_U16'
INFO: [Synth 8-223] decloning instance 'custom_dsp_dense_implementation_ap_int_16_ap_int_48_config4_U0/dsp_48ns_32ns_64ns_25ns_30ns_18ns_48ns_1s_48_5_1_U47' (SampleNeuralNet_dsp_48ns_32ns_64ns_25ns_30ns_18ns_48ns_1s_48_5_1) to 'custom_dsp_dense_implementation_ap_int_16_ap_int_48_config4_U0/dsp_48ns_32ns_64ns_25ns_30ns_18ns_48ns_1s_48_5_1_U50'
INFO: [Synth 8-223] decloning instance 'custom_dsp_dense_implementation_ap_int_16_ap_int_48_config4_U0/dsp_48ns_32ns_64ns_25ns_30s_18s_48ns_1ns_48_5_1_U52' (SampleNeuralNet_dsp_48ns_32ns_64ns_25ns_30s_18s_48ns_1ns_48_5_1) to 'custom_dsp_dense_implementation_ap_int_16_ap_int_48_config4_U0/dsp_48ns_32ns_64ns_25ns_30s_18s_48ns_1ns_48_5_1_U53'
INFO: [Synth 8-223] decloning instance 'custom_dsp_dense_implementation_ap_int_16_ap_int_48_config4_U0/dsp_48ns_32ns_64ns_25ns_30s_18s_48ns_1ns_48_5_1_U52' (SampleNeuralNet_dsp_48ns_32ns_64ns_25ns_30s_18s_48ns_1ns_48_5_1) to 'custom_dsp_dense_implementation_ap_int_16_ap_int_48_config4_U0/dsp_48ns_32ns_64ns_25ns_30s_18s_48ns_1ns_48_5_1_U54'
INFO: [Synth 8-223] decloning instance 'custom_dsp_dense_implementation_ap_int_16_ap_int_48_config4_U0/dsp_48ns_32ns_64ns_25ns_30s_18s_48ns_1ns_48_5_1_U52' (SampleNeuralNet_dsp_48ns_32ns_64ns_25ns_30s_18s_48ns_1ns_48_5_1) to 'custom_dsp_dense_implementation_ap_int_16_ap_int_48_config4_U0/dsp_48ns_32ns_64ns_25ns_30s_18s_48ns_1ns_48_5_1_U55'
INFO: [Synth 8-223] decloning instance 'custom_dsp_dense_implementation_ap_int_16_ap_int_48_config4_U0/dsp_48ns_32ns_64ns_25ns_30s_18s_48ns_1ns_48_5_1_U52' (SampleNeuralNet_dsp_48ns_32ns_64ns_25ns_30s_18s_48ns_1ns_48_5_1) to 'custom_dsp_dense_implementation_ap_int_16_ap_int_48_config4_U0/dsp_48ns_32ns_64ns_25ns_30s_18s_48ns_1ns_48_5_1_U56'
INFO: [Synth 8-223] decloning instance 'custom_dsp_dense_implementation_ap_int_16_ap_int_48_config4_U0/dsp_48ns_32ns_64ns_25ns_30s_18s_48ns_1ns_48_5_1_U52' (SampleNeuralNet_dsp_48ns_32ns_64ns_25ns_30s_18s_48ns_1ns_48_5_1) to 'custom_dsp_dense_implementation_ap_int_16_ap_int_48_config4_U0/dsp_48ns_32ns_64ns_25ns_30s_18s_48ns_1ns_48_5_1_U57'
INFO: [Synth 8-223] decloning instance 'custom_dsp_dense_implementation_ap_int_16_ap_int_48_config4_U0/dsp_48ns_32ns_64ns_25ns_30s_18s_48ns_1ns_48_5_1_U52' (SampleNeuralNet_dsp_48ns_32ns_64ns_25ns_30s_18s_48ns_1ns_48_5_1) to 'custom_dsp_dense_implementation_ap_int_16_ap_int_48_config4_U0/dsp_48ns_32ns_64ns_25ns_30s_18s_48ns_1ns_48_5_1_U58'
INFO: [Synth 8-223] decloning instance 'custom_dsp_dense_implementation_ap_int_16_ap_int_48_config6_U0/dsp_48ns_32ns_64ns_25ns_30ns_18ns_48ns_1s_48_5_1_U90' (SampleNeuralNet_dsp_48ns_32ns_64ns_25ns_30ns_18ns_48ns_1s_48_5_1) to 'custom_dsp_dense_implementation_ap_int_16_ap_int_48_config6_U0/dsp_48ns_32ns_64ns_25ns_30ns_18ns_48ns_1s_48_5_1_U92'
INFO: [Synth 8-223] decloning instance 'custom_dsp_dense_implementation_ap_int_16_ap_int_48_config6_U0/dsp_48ns_32ns_64ns_25ns_30s_18s_48ns_1ns_48_5_1_U95' (SampleNeuralNet_dsp_48ns_32ns_64ns_25ns_30s_18s_48ns_1ns_48_5_1) to 'custom_dsp_dense_implementation_ap_int_16_ap_int_48_config6_U0/dsp_48ns_32ns_64ns_25ns_30s_18s_48ns_1ns_48_5_1_U96'
INFO: [Synth 8-223] decloning instance 'custom_dsp_dense_implementation_ap_int_16_ap_int_48_config6_U0/dsp_48ns_32ns_64ns_25ns_30s_18s_48ns_1ns_48_5_1_U95' (SampleNeuralNet_dsp_48ns_32ns_64ns_25ns_30s_18s_48ns_1ns_48_5_1) to 'custom_dsp_dense_implementation_ap_int_16_ap_int_48_config6_U0/dsp_48ns_32ns_64ns_25ns_30s_18s_48ns_1ns_48_5_1_U97'
INFO: [Synth 8-223] decloning instance 'custom_dsp_dense_implementation_ap_int_16_ap_int_48_config6_U0/dsp_48ns_32ns_64ns_25ns_30s_18s_48ns_1ns_48_5_1_U95' (SampleNeuralNet_dsp_48ns_32ns_64ns_25ns_30s_18s_48ns_1ns_48_5_1) to 'custom_dsp_dense_implementation_ap_int_16_ap_int_48_config6_U0/dsp_48ns_32ns_64ns_25ns_30s_18s_48ns_1ns_48_5_1_U98'
INFO: [Synth 8-223] decloning instance 'custom_dsp_dense_implementation_ap_int_16_ap_int_48_config6_U0/dsp_48ns_32ns_64ns_25ns_30s_18s_48ns_1ns_48_5_1_U95' (SampleNeuralNet_dsp_48ns_32ns_64ns_25ns_30s_18s_48ns_1ns_48_5_1) to 'custom_dsp_dense_implementation_ap_int_16_ap_int_48_config6_U0/dsp_48ns_32ns_64ns_25ns_30s_18s_48ns_1ns_48_5_1_U99'
INFO: [Synth 8-223] decloning instance 'custom_dsp_dense_implementation_ap_int_16_ap_int_48_config6_U0/dsp_48ns_32ns_64ns_25ns_30s_18s_48ns_1ns_48_5_1_U95' (SampleNeuralNet_dsp_48ns_32ns_64ns_25ns_30s_18s_48ns_1ns_48_5_1) to 'custom_dsp_dense_implementation_ap_int_16_ap_int_48_config6_U0/dsp_48ns_32ns_64ns_25ns_30s_18s_48ns_1ns_48_5_1_U100'
INFO: [Synth 8-223] decloning instance 'custom_dsp_dense_implementation_ap_int_16_ap_int_48_config6_U0/dsp_48ns_32ns_64ns_25ns_30s_18s_48ns_1ns_48_5_1_U95' (SampleNeuralNet_dsp_48ns_32ns_64ns_25ns_30s_18s_48ns_1ns_48_5_1) to 'custom_dsp_dense_implementation_ap_int_16_ap_int_48_config6_U0/dsp_48ns_32ns_64ns_25ns_30s_18s_48ns_1ns_48_5_1_U101'
No constraint files found.
---------------------------------------------------------------------------------
Start RTL Component Statistics 
---------------------------------------------------------------------------------
Detailed RTL Component Info : 
+---Adders : 
	   3 Input   26 Bit       Adders := 24    
	   3 Input   25 Bit       Adders := 24    
	   2 Input    7 Bit       Adders := 1     
	   3 Input    7 Bit       Adders := 8     
	   2 Input    6 Bit       Adders := 16    
	   2 Input    4 Bit       Adders := 6     
	   2 Input    3 Bit       Adders := 40    
	   2 Input    2 Bit       Adders := 40    
+---XORs : 
	   2 Input      1 Bit         XORs := 80    
+---Registers : 
	              128 Bit    Registers := 32    
	              117 Bit    Registers := 6     
	               48 Bit    Registers := 141   
	               30 Bit    Registers := 3     
	               25 Bit    Registers := 76    
	               24 Bit    Registers := 24    
	               16 Bit    Registers := 205   
	                7 Bit    Registers := 1     
	                6 Bit    Registers := 8     
	                4 Bit    Registers := 10    
	                3 Bit    Registers := 45    
	                2 Bit    Registers := 40    
	                1 Bit    Registers := 433   
+---ROMs : 
	                    ROMs := 3     
+---Muxes : 
	   2 Input  128 Bit        Muxes := 1     
	   2 Input   50 Bit        Muxes := 8     
	   2 Input   48 Bit        Muxes := 139   
	   2 Input   16 Bit        Muxes := 128   
	   2 Input    4 Bit        Muxes := 11    
	   6 Input    2 Bit        Muxes := 1     
	   2 Input    2 Bit        Muxes := 88    
	   2 Input    1 Bit        Muxes := 209   
	   9 Input    1 Bit        Muxes := 16    
	   4 Input    1 Bit        Muxes := 8     
---------------------------------------------------------------------------------
Finished RTL Component Statistics 
---------------------------------------------------------------------------------
---------------------------------------------------------------------------------
Start Part Resource Summary
---------------------------------------------------------------------------------
INFO: [Device 21-9227] Part: xc7z010clg400-1 does not have CEAM library.
Part Resources:
DSPs: 80 (col length:40)
BRAMs: 120 (col length: RAMB18 40 RAMB36 20)
---------------------------------------------------------------------------------
Finished Part Resource Summary
---------------------------------------------------------------------------------
No constraint files found.
---------------------------------------------------------------------------------
Start Cross Boundary and Area Optimization
---------------------------------------------------------------------------------
WARNING: [Synth 8-7080] Parallel synthesis criteria is not met
DSP Report: Generating DSP SampleNeuralNet_dsp_48ns_32ns_64ns_25ns_30ns_18ns_48ns_1s_48_5_1_DSP_Builtin_U/p_reg_reg, operation Mode is: ((C:0x0) or P)+((D+A'')*B'')'.
DSP Report: register SampleNeuralNet_dsp_48ns_32ns_64ns_25ns_30ns_18ns_48ns_1s_48_5_1_DSP_Builtin_U/a1_reg_reg is absorbed into DSP SampleNeuralNet_dsp_48ns_32ns_64ns_25ns_30ns_18ns_48ns_1s_48_5_1_DSP_Builtin_U/p_reg_reg.
DSP Report: register SampleNeuralNet_dsp_48ns_32ns_64ns_25ns_30ns_18ns_48ns_1s_48_5_1_DSP_Builtin_U/a2_reg_reg is absorbed into DSP SampleNeuralNet_dsp_48ns_32ns_64ns_25ns_30ns_18ns_48ns_1s_48_5_1_DSP_Builtin_U/p_reg_reg.
DSP Report: register SampleNeuralNet_dsp_48ns_32ns_64ns_25ns_30ns_18ns_48ns_1s_48_5_1_DSP_Builtin_U/b1_reg_reg is absorbed into DSP SampleNeuralNet_dsp_48ns_32ns_64ns_25ns_30ns_18ns_48ns_1s_48_5_1_DSP_Builtin_U/p_reg_reg.
DSP Report: register SampleNeuralNet_dsp_48ns_32ns_64ns_25ns_30ns_18ns_48ns_1s_48_5_1_DSP_Builtin_U/b2_reg_reg is absorbed into DSP SampleNeuralNet_dsp_48ns_32ns_64ns_25ns_30ns_18ns_48ns_1s_48_5_1_DSP_Builtin_U/p_reg_reg.
DSP Report: register SampleNeuralNet_dsp_48ns_32ns_64ns_25ns_30ns_18ns_48ns_1s_48_5_1_DSP_Builtin_U/p_reg_reg is absorbed into DSP SampleNeuralNet_dsp_48ns_32ns_64ns_25ns_30ns_18ns_48ns_1s_48_5_1_DSP_Builtin_U/p_reg_reg.
DSP Report: register SampleNeuralNet_dsp_48ns_32ns_64ns_25ns_30ns_18ns_48ns_1s_48_5_1_DSP_Builtin_U/m_reg_reg is absorbed into DSP SampleNeuralNet_dsp_48ns_32ns_64ns_25ns_30ns_18ns_48ns_1s_48_5_1_DSP_Builtin_U/p_reg_reg.
DSP Report: operator SampleNeuralNet_dsp_48ns_32ns_64ns_25ns_30ns_18ns_48ns_1s_48_5_1_DSP_Builtin_U/p is absorbed into DSP SampleNeuralNet_dsp_48ns_32ns_64ns_25ns_30ns_18ns_48ns_1s_48_5_1_DSP_Builtin_U/p_reg_reg.
DSP Report: operator SampleNeuralNet_dsp_48ns_32ns_64ns_25ns_30ns_18ns_48ns_1s_48_5_1_DSP_Builtin_U/m is absorbed into DSP SampleNeuralNet_dsp_48ns_32ns_64ns_25ns_30ns_18ns_48ns_1s_48_5_1_DSP_Builtin_U/p_reg_reg.
DSP Report: operator SampleNeuralNet_dsp_48ns_32ns_64ns_25ns_30ns_18ns_48ns_1s_48_5_1_DSP_Builtin_U/ad is absorbed into DSP SampleNeuralNet_dsp_48ns_32ns_64ns_25ns_30ns_18ns_48ns_1s_48_5_1_DSP_Builtin_U/p_reg_reg.
DSP Report: Generating DSP SampleNeuralNet_dsp_48ns_32ns_64ns_25ns_30s_18ns_48ns_1s_48_5_1_DSP_Builtin_U/p_reg_reg, operation Mode is: ((C:0x0) or P)+((D+A'')*B'')'.
DSP Report: register SampleNeuralNet_dsp_48ns_32ns_64ns_25ns_30s_18ns_48ns_1s_48_5_1_DSP_Builtin_U/a1_reg_reg is absorbed into DSP SampleNeuralNet_dsp_48ns_32ns_64ns_25ns_30s_18ns_48ns_1s_48_5_1_DSP_Builtin_U/p_reg_reg.
DSP Report: register SampleNeuralNet_dsp_48ns_32ns_64ns_25ns_30s_18ns_48ns_1s_48_5_1_DSP_Builtin_U/a2_reg_reg is absorbed into DSP SampleNeuralNet_dsp_48ns_32ns_64ns_25ns_30s_18ns_48ns_1s_48_5_1_DSP_Builtin_U/p_reg_reg.
DSP Report: register SampleNeuralNet_dsp_48ns_32ns_64ns_25ns_30s_18ns_48ns_1s_48_5_1_DSP_Builtin_U/b1_reg_reg is absorbed into DSP SampleNeuralNet_dsp_48ns_32ns_64ns_25ns_30s_18ns_48ns_1s_48_5_1_DSP_Builtin_U/p_reg_reg.
DSP Report: register SampleNeuralNet_dsp_48ns_32ns_64ns_25ns_30s_18ns_48ns_1s_48_5_1_DSP_Builtin_U/b2_reg_reg is absorbed into DSP SampleNeuralNet_dsp_48ns_32ns_64ns_25ns_30s_18ns_48ns_1s_48_5_1_DSP_Builtin_U/p_reg_reg.
DSP Report: register SampleNeuralNet_dsp_48ns_32ns_64ns_25ns_30s_18ns_48ns_1s_48_5_1_DSP_Builtin_U/p_reg_reg is absorbed into DSP SampleNeuralNet_dsp_48ns_32ns_64ns_25ns_30s_18ns_48ns_1s_48_5_1_DSP_Builtin_U/p_reg_reg.
DSP Report: register SampleNeuralNet_dsp_48ns_32ns_64ns_25ns_30s_18ns_48ns_1s_48_5_1_DSP_Builtin_U/m_reg_reg is absorbed into DSP SampleNeuralNet_dsp_48ns_32ns_64ns_25ns_30s_18ns_48ns_1s_48_5_1_DSP_Builtin_U/p_reg_reg.
DSP Report: operator SampleNeuralNet_dsp_48ns_32ns_64ns_25ns_30s_18ns_48ns_1s_48_5_1_DSP_Builtin_U/p is absorbed into DSP SampleNeuralNet_dsp_48ns_32ns_64ns_25ns_30s_18ns_48ns_1s_48_5_1_DSP_Builtin_U/p_reg_reg.
DSP Report: operator SampleNeuralNet_dsp_48ns_32ns_64ns_25ns_30s_18ns_48ns_1s_48_5_1_DSP_Builtin_U/m is absorbed into DSP SampleNeuralNet_dsp_48ns_32ns_64ns_25ns_30s_18ns_48ns_1s_48_5_1_DSP_Builtin_U/p_reg_reg.
DSP Report: operator SampleNeuralNet_dsp_48ns_32ns_64ns_25ns_30s_18ns_48ns_1s_48_5_1_DSP_Builtin_U/ad is absorbed into DSP SampleNeuralNet_dsp_48ns_32ns_64ns_25ns_30s_18ns_48ns_1s_48_5_1_DSP_Builtin_U/p_reg_reg.
DSP Report: Generating DSP SampleNeuralNet_dsp_48ns_32ns_64ns_25ns_30ns_18ns_48ns_1s_48_5_1_DSP_Builtin_U/p_reg_reg, operation Mode is: ((C:0x0) or P)+((D+A'')*B'')'.
DSP Report: register SampleNeuralNet_dsp_48ns_32ns_64ns_25ns_30ns_18ns_48ns_1s_48_5_1_DSP_Builtin_U/a1_reg_reg is absorbed into DSP SampleNeuralNet_dsp_48ns_32ns_64ns_25ns_30ns_18ns_48ns_1s_48_5_1_DSP_Builtin_U/p_reg_reg.
DSP Report: register SampleNeuralNet_dsp_48ns_32ns_64ns_25ns_30ns_18ns_48ns_1s_48_5_1_DSP_Builtin_U/a2_reg_reg is absorbed into DSP SampleNeuralNet_dsp_48ns_32ns_64ns_25ns_30ns_18ns_48ns_1s_48_5_1_DSP_Builtin_U/p_reg_reg.
DSP Report: register SampleNeuralNet_dsp_48ns_32ns_64ns_25ns_30ns_18ns_48ns_1s_48_5_1_DSP_Builtin_U/b1_reg_reg is absorbed into DSP SampleNeuralNet_dsp_48ns_32ns_64ns_25ns_30ns_18ns_48ns_1s_48_5_1_DSP_Builtin_U/p_reg_reg.
DSP Report: register SampleNeuralNet_dsp_48ns_32ns_64ns_25ns_30ns_18ns_48ns_1s_48_5_1_DSP_Builtin_U/b2_reg_reg is absorbed into DSP SampleNeuralNet_dsp_48ns_32ns_64ns_25ns_30ns_18ns_48ns_1s_48_5_1_DSP_Builtin_U/p_reg_reg.
DSP Report: register SampleNeuralNet_dsp_48ns_32ns_64ns_25ns_30ns_18ns_48ns_1s_48_5_1_DSP_Builtin_U/p_reg_reg is absorbed into DSP SampleNeuralNet_dsp_48ns_32ns_64ns_25ns_30ns_18ns_48ns_1s_48_5_1_DSP_Builtin_U/p_reg_reg.
DSP Report: register SampleNeuralNet_dsp_48ns_32ns_64ns_25ns_30ns_18ns_48ns_1s_48_5_1_DSP_Builtin_U/m_reg_reg is absorbed into DSP SampleNeuralNet_dsp_48ns_32ns_64ns_25ns_30ns_18ns_48ns_1s_48_5_1_DSP_Builtin_U/p_reg_reg.
DSP Report: operator SampleNeuralNet_dsp_48ns_32ns_64ns_25ns_30ns_18ns_48ns_1s_48_5_1_DSP_Builtin_U/p is absorbed into DSP SampleNeuralNet_dsp_48ns_32ns_64ns_25ns_30ns_18ns_48ns_1s_48_5_1_DSP_Builtin_U/p_reg_reg.
DSP Report: operator SampleNeuralNet_dsp_48ns_32ns_64ns_25ns_30ns_18ns_48ns_1s_48_5_1_DSP_Builtin_U/m is absorbed into DSP SampleNeuralNet_dsp_48ns_32ns_64ns_25ns_30ns_18ns_48ns_1s_48_5_1_DSP_Builtin_U/p_reg_reg.
DSP Report: operator SampleNeuralNet_dsp_48ns_32ns_64ns_25ns_30ns_18ns_48ns_1s_48_5_1_DSP_Builtin_U/ad is absorbed into DSP SampleNeuralNet_dsp_48ns_32ns_64ns_25ns_30ns_18ns_48ns_1s_48_5_1_DSP_Builtin_U/p_reg_reg.
DSP Report: Generating DSP SampleNeuralNet_dsp_48ns_32ns_64ns_25ns_30ns_18ns_48ns_1s_48_5_1_DSP_Builtin_U/p_reg_reg, operation Mode is: ((C:0x0) or P)+((D+A'')*B'')'.
DSP Report: register SampleNeuralNet_dsp_48ns_32ns_64ns_25ns_30ns_18ns_48ns_1s_48_5_1_DSP_Builtin_U/a1_reg_reg is absorbed into DSP SampleNeuralNet_dsp_48ns_32ns_64ns_25ns_30ns_18ns_48ns_1s_48_5_1_DSP_Builtin_U/p_reg_reg.
DSP Report: register SampleNeuralNet_dsp_48ns_32ns_64ns_25ns_30ns_18ns_48ns_1s_48_5_1_DSP_Builtin_U/a2_reg_reg is absorbed into DSP SampleNeuralNet_dsp_48ns_32ns_64ns_25ns_30ns_18ns_48ns_1s_48_5_1_DSP_Builtin_U/p_reg_reg.
DSP Report: register SampleNeuralNet_dsp_48ns_32ns_64ns_25ns_30ns_18ns_48ns_1s_48_5_1_DSP_Builtin_U/b1_reg_reg is absorbed into DSP SampleNeuralNet_dsp_48ns_32ns_64ns_25ns_30ns_18ns_48ns_1s_48_5_1_DSP_Builtin_U/p_reg_reg.
DSP Report: register SampleNeuralNet_dsp_48ns_32ns_64ns_25ns_30ns_18ns_48ns_1s_48_5_1_DSP_Builtin_U/b2_reg_reg is absorbed into DSP SampleNeuralNet_dsp_48ns_32ns_64ns_25ns_30ns_18ns_48ns_1s_48_5_1_DSP_Builtin_U/p_reg_reg.
DSP Report: register SampleNeuralNet_dsp_48ns_32ns_64ns_25ns_30ns_18ns_48ns_1s_48_5_1_DSP_Builtin_U/p_reg_reg is absorbed into DSP SampleNeuralNet_dsp_48ns_32ns_64ns_25ns_30ns_18ns_48ns_1s_48_5_1_DSP_Builtin_U/p_reg_reg.
DSP Report: register SampleNeuralNet_dsp_48ns_32ns_64ns_25ns_30ns_18ns_48ns_1s_48_5_1_DSP_Builtin_U/m_reg_reg is absorbed into DSP SampleNeuralNet_dsp_48ns_32ns_64ns_25ns_30ns_18ns_48ns_1s_48_5_1_DSP_Builtin_U/p_reg_reg.
DSP Report: operator SampleNeuralNet_dsp_48ns_32ns_64ns_25ns_30ns_18ns_48ns_1s_48_5_1_DSP_Builtin_U/p is absorbed into DSP SampleNeuralNet_dsp_48ns_32ns_64ns_25ns_30ns_18ns_48ns_1s_48_5_1_DSP_Builtin_U/p_reg_reg.
DSP Report: operator SampleNeuralNet_dsp_48ns_32ns_64ns_25ns_30ns_18ns_48ns_1s_48_5_1_DSP_Builtin_U/m is absorbed into DSP SampleNeuralNet_dsp_48ns_32ns_64ns_25ns_30ns_18ns_48ns_1s_48_5_1_DSP_Builtin_U/p_reg_reg.
DSP Report: operator SampleNeuralNet_dsp_48ns_32ns_64ns_25ns_30ns_18ns_48ns_1s_48_5_1_DSP_Builtin_U/ad is absorbed into DSP SampleNeuralNet_dsp_48ns_32ns_64ns_25ns_30ns_18ns_48ns_1s_48_5_1_DSP_Builtin_U/p_reg_reg.
DSP Report: Generating DSP SampleNeuralNet_dsp_48ns_32ns_64ns_25ns_30ns_18ns_48ns_1s_48_5_1_DSP_Builtin_U/p_reg_reg, operation Mode is: ((C:0x0) or P)+((D+A'')*B'')'.
DSP Report: register SampleNeuralNet_dsp_48ns_32ns_64ns_25ns_30ns_18ns_48ns_1s_48_5_1_DSP_Builtin_U/a1_reg_reg is absorbed into DSP SampleNeuralNet_dsp_48ns_32ns_64ns_25ns_30ns_18ns_48ns_1s_48_5_1_DSP_Builtin_U/p_reg_reg.
DSP Report: register SampleNeuralNet_dsp_48ns_32ns_64ns_25ns_30ns_18ns_48ns_1s_48_5_1_DSP_Builtin_U/a2_reg_reg is absorbed into DSP SampleNeuralNet_dsp_48ns_32ns_64ns_25ns_30ns_18ns_48ns_1s_48_5_1_DSP_Builtin_U/p_reg_reg.
DSP Report: register SampleNeuralNet_dsp_48ns_32ns_64ns_25ns_30ns_18ns_48ns_1s_48_5_1_DSP_Builtin_U/b1_reg_reg is absorbed into DSP SampleNeuralNet_dsp_48ns_32ns_64ns_25ns_30ns_18ns_48ns_1s_48_5_1_DSP_Builtin_U/p_reg_reg.
DSP Report: register SampleNeuralNet_dsp_48ns_32ns_64ns_25ns_30ns_18ns_48ns_1s_48_5_1_DSP_Builtin_U/b2_reg_reg is absorbed into DSP SampleNeuralNet_dsp_48ns_32ns_64ns_25ns_30ns_18ns_48ns_1s_48_5_1_DSP_Builtin_U/p_reg_reg.
DSP Report: register SampleNeuralNet_dsp_48ns_32ns_64ns_25ns_30ns_18ns_48ns_1s_48_5_1_DSP_Builtin_U/p_reg_reg is absorbed into DSP SampleNeuralNet_dsp_48ns_32ns_64ns_25ns_30ns_18ns_48ns_1s_48_5_1_DSP_Builtin_U/p_reg_reg.
DSP Report: register SampleNeuralNet_dsp_48ns_32ns_64ns_25ns_30ns_18ns_48ns_1s_48_5_1_DSP_Builtin_U/m_reg_reg is absorbed into DSP SampleNeuralNet_dsp_48ns_32ns_64ns_25ns_30ns_18ns_48ns_1s_48_5_1_DSP_Builtin_U/p_reg_reg.
DSP Report: operator SampleNeuralNet_dsp_48ns_32ns_64ns_25ns_30ns_18ns_48ns_1s_48_5_1_DSP_Builtin_U/p is absorbed into DSP SampleNeuralNet_dsp_48ns_32ns_64ns_25ns_30ns_18ns_48ns_1s_48_5_1_DSP_Builtin_U/p_reg_reg.
DSP Report: operator SampleNeuralNet_dsp_48ns_32ns_64ns_25ns_30ns_18ns_48ns_1s_48_5_1_DSP_Builtin_U/m is absorbed into DSP SampleNeuralNet_dsp_48ns_32ns_64ns_25ns_30ns_18ns_48ns_1s_48_5_1_DSP_Builtin_U/p_reg_reg.
DSP Report: operator SampleNeuralNet_dsp_48ns_32ns_64ns_25ns_30ns_18ns_48ns_1s_48_5_1_DSP_Builtin_U/ad is absorbed into DSP SampleNeuralNet_dsp_48ns_32ns_64ns_25ns_30ns_18ns_48ns_1s_48_5_1_DSP_Builtin_U/p_reg_reg.
DSP Report: Generating DSP SampleNeuralNet_dsp_48ns_32ns_64ns_25ns_30ns_18ns_48ns_1s_48_5_1_DSP_Builtin_U/p_reg_reg, operation Mode is: ((C:0x0) or P)+((D+A'')*B'')'.
DSP Report: register SampleNeuralNet_dsp_48ns_32ns_64ns_25ns_30ns_18ns_48ns_1s_48_5_1_DSP_Builtin_U/a1_reg_reg is absorbed into DSP SampleNeuralNet_dsp_48ns_32ns_64ns_25ns_30ns_18ns_48ns_1s_48_5_1_DSP_Builtin_U/p_reg_reg.
DSP Report: register SampleNeuralNet_dsp_48ns_32ns_64ns_25ns_30ns_18ns_48ns_1s_48_5_1_DSP_Builtin_U/a2_reg_reg is absorbed into DSP SampleNeuralNet_dsp_48ns_32ns_64ns_25ns_30ns_18ns_48ns_1s_48_5_1_DSP_Builtin_U/p_reg_reg.
DSP Report: register SampleNeuralNet_dsp_48ns_32ns_64ns_25ns_30ns_18ns_48ns_1s_48_5_1_DSP_Builtin_U/b1_reg_reg is absorbed into DSP SampleNeuralNet_dsp_48ns_32ns_64ns_25ns_30ns_18ns_48ns_1s_48_5_1_DSP_Builtin_U/p_reg_reg.
DSP Report: register SampleNeuralNet_dsp_48ns_32ns_64ns_25ns_30ns_18ns_48ns_1s_48_5_1_DSP_Builtin_U/b2_reg_reg is absorbed into DSP SampleNeuralNet_dsp_48ns_32ns_64ns_25ns_30ns_18ns_48ns_1s_48_5_1_DSP_Builtin_U/p_reg_reg.
DSP Report: register SampleNeuralNet_dsp_48ns_32ns_64ns_25ns_30ns_18ns_48ns_1s_48_5_1_DSP_Builtin_U/p_reg_reg is absorbed into DSP SampleNeuralNet_dsp_48ns_32ns_64ns_25ns_30ns_18ns_48ns_1s_48_5_1_DSP_Builtin_U/p_reg_reg.
DSP Report: register SampleNeuralNet_dsp_48ns_32ns_64ns_25ns_30ns_18ns_48ns_1s_48_5_1_DSP_Builtin_U/m_reg_reg is absorbed into DSP SampleNeuralNet_dsp_48ns_32ns_64ns_25ns_30ns_18ns_48ns_1s_48_5_1_DSP_Builtin_U/p_reg_reg.
DSP Report: operator SampleNeuralNet_dsp_48ns_32ns_64ns_25ns_30ns_18ns_48ns_1s_48_5_1_DSP_Builtin_U/p is absorbed into DSP SampleNeuralNet_dsp_48ns_32ns_64ns_25ns_30ns_18ns_48ns_1s_48_5_1_DSP_Builtin_U/p_reg_reg.
DSP Report: operator SampleNeuralNet_dsp_48ns_32ns_64ns_25ns_30ns_18ns_48ns_1s_48_5_1_DSP_Builtin_U/m is absorbed into DSP SampleNeuralNet_dsp_48ns_32ns_64ns_25ns_30ns_18ns_48ns_1s_48_5_1_DSP_Builtin_U/p_reg_reg.
DSP Report: operator SampleNeuralNet_dsp_48ns_32ns_64ns_25ns_30ns_18ns_48ns_1s_48_5_1_DSP_Builtin_U/ad is absorbed into DSP SampleNeuralNet_dsp_48ns_32ns_64ns_25ns_30ns_18ns_48ns_1s_48_5_1_DSP_Builtin_U/p_reg_reg.
DSP Report: Generating DSP SampleNeuralNet_dsp_48ns_32ns_64ns_25ns_30s_18ns_48ns_1s_48_5_1_DSP_Builtin_U/p_reg_reg, operation Mode is: ((C:0x0) or P)+((D+A'')*B'')'.
DSP Report: register SampleNeuralNet_dsp_48ns_32ns_64ns_25ns_30s_18ns_48ns_1s_48_5_1_DSP_Builtin_U/a1_reg_reg is absorbed into DSP SampleNeuralNet_dsp_48ns_32ns_64ns_25ns_30s_18ns_48ns_1s_48_5_1_DSP_Builtin_U/p_reg_reg.
DSP Report: register SampleNeuralNet_dsp_48ns_32ns_64ns_25ns_30s_18ns_48ns_1s_48_5_1_DSP_Builtin_U/a2_reg_reg is absorbed into DSP SampleNeuralNet_dsp_48ns_32ns_64ns_25ns_30s_18ns_48ns_1s_48_5_1_DSP_Builtin_U/p_reg_reg.
DSP Report: register SampleNeuralNet_dsp_48ns_32ns_64ns_25ns_30s_18ns_48ns_1s_48_5_1_DSP_Builtin_U/b1_reg_reg is absorbed into DSP SampleNeuralNet_dsp_48ns_32ns_64ns_25ns_30s_18ns_48ns_1s_48_5_1_DSP_Builtin_U/p_reg_reg.
DSP Report: register SampleNeuralNet_dsp_48ns_32ns_64ns_25ns_30s_18ns_48ns_1s_48_5_1_DSP_Builtin_U/b2_reg_reg is absorbed into DSP SampleNeuralNet_dsp_48ns_32ns_64ns_25ns_30s_18ns_48ns_1s_48_5_1_DSP_Builtin_U/p_reg_reg.
DSP Report: register SampleNeuralNet_dsp_48ns_32ns_64ns_25ns_30s_18ns_48ns_1s_48_5_1_DSP_Builtin_U/p_reg_reg is absorbed into DSP SampleNeuralNet_dsp_48ns_32ns_64ns_25ns_30s_18ns_48ns_1s_48_5_1_DSP_Builtin_U/p_reg_reg.
DSP Report: register SampleNeuralNet_dsp_48ns_32ns_64ns_25ns_30s_18ns_48ns_1s_48_5_1_DSP_Builtin_U/m_reg_reg is absorbed into DSP SampleNeuralNet_dsp_48ns_32ns_64ns_25ns_30s_18ns_48ns_1s_48_5_1_DSP_Builtin_U/p_reg_reg.
DSP Report: operator SampleNeuralNet_dsp_48ns_32ns_64ns_25ns_30s_18ns_48ns_1s_48_5_1_DSP_Builtin_U/p is absorbed into DSP SampleNeuralNet_dsp_48ns_32ns_64ns_25ns_30s_18ns_48ns_1s_48_5_1_DSP_Builtin_U/p_reg_reg.
DSP Report: operator SampleNeuralNet_dsp_48ns_32ns_64ns_25ns_30s_18ns_48ns_1s_48_5_1_DSP_Builtin_U/m is absorbed into DSP SampleNeuralNet_dsp_48ns_32ns_64ns_25ns_30s_18ns_48ns_1s_48_5_1_DSP_Builtin_U/p_reg_reg.
DSP Report: operator SampleNeuralNet_dsp_48ns_32ns_64ns_25ns_30s_18ns_48ns_1s_48_5_1_DSP_Builtin_U/ad is absorbed into DSP SampleNeuralNet_dsp_48ns_32ns_64ns_25ns_30s_18ns_48ns_1s_48_5_1_DSP_Builtin_U/p_reg_reg.
DSP Report: Generating DSP SampleNeuralNet_dsp_48ns_32ns_64ns_25ns_30s_18s_48ns_1ns_48_5_1_DSP_Builtin_U/p_reg_reg, operation Mode is: ((C:0x0) or P)+((D+A'')*B'')'.
DSP Report: register SampleNeuralNet_dsp_48ns_32ns_64ns_25ns_30s_18s_48ns_1ns_48_5_1_DSP_Builtin_U/a1_reg_reg is absorbed into DSP SampleNeuralNet_dsp_48ns_32ns_64ns_25ns_30s_18s_48ns_1ns_48_5_1_DSP_Builtin_U/p_reg_reg.
DSP Report: register SampleNeuralNet_dsp_48ns_32ns_64ns_25ns_30s_18s_48ns_1ns_48_5_1_DSP_Builtin_U/a2_reg_reg is absorbed into DSP SampleNeuralNet_dsp_48ns_32ns_64ns_25ns_30s_18s_48ns_1ns_48_5_1_DSP_Builtin_U/p_reg_reg.
DSP Report: register SampleNeuralNet_dsp_48ns_32ns_64ns_25ns_30s_18s_48ns_1ns_48_5_1_DSP_Builtin_U/b1_reg_reg is absorbed into DSP SampleNeuralNet_dsp_48ns_32ns_64ns_25ns_30s_18s_48ns_1ns_48_5_1_DSP_Builtin_U/p_reg_reg.
DSP Report: register SampleNeuralNet_dsp_48ns_32ns_64ns_25ns_30s_18s_48ns_1ns_48_5_1_DSP_Builtin_U/b2_reg_reg is absorbed into DSP SampleNeuralNet_dsp_48ns_32ns_64ns_25ns_30s_18s_48ns_1ns_48_5_1_DSP_Builtin_U/p_reg_reg.
DSP Report: register SampleNeuralNet_dsp_48ns_32ns_64ns_25ns_30s_18s_48ns_1ns_48_5_1_DSP_Builtin_U/p_reg_reg is absorbed into DSP SampleNeuralNet_dsp_48ns_32ns_64ns_25ns_30s_18s_48ns_1ns_48_5_1_DSP_Builtin_U/p_reg_reg.
DSP Report: register SampleNeuralNet_dsp_48ns_32ns_64ns_25ns_30s_18s_48ns_1ns_48_5_1_DSP_Builtin_U/m_reg_reg is absorbed into DSP SampleNeuralNet_dsp_48ns_32ns_64ns_25ns_30s_18s_48ns_1ns_48_5_1_DSP_Builtin_U/p_reg_reg.
DSP Report: operator SampleNeuralNet_dsp_48ns_32ns_64ns_25ns_30s_18s_48ns_1ns_48_5_1_DSP_Builtin_U/p is absorbed into DSP SampleNeuralNet_dsp_48ns_32ns_64ns_25ns_30s_18s_48ns_1ns_48_5_1_DSP_Builtin_U/p_reg_reg.
DSP Report: operator SampleNeuralNet_dsp_48ns_32ns_64ns_25ns_30s_18s_48ns_1ns_48_5_1_DSP_Builtin_U/m is absorbed into DSP SampleNeuralNet_dsp_48ns_32ns_64ns_25ns_30s_18s_48ns_1ns_48_5_1_DSP_Builtin_U/p_reg_reg.
DSP Report: operator SampleNeuralNet_dsp_48ns_32ns_64ns_25ns_30s_18s_48ns_1ns_48_5_1_DSP_Builtin_U/ad is absorbed into DSP SampleNeuralNet_dsp_48ns_32ns_64ns_25ns_30s_18s_48ns_1ns_48_5_1_DSP_Builtin_U/p_reg_reg.
DSP Report: Generating DSP SampleNeuralNet_dsp_48ns_32ns_64ns_25ns_30s_18s_48ns_1ns_48_5_1_DSP_Builtin_U/p_reg_reg, operation Mode is: ((C:0x0) or P)+((D+A'')*B'')'.
DSP Report: register SampleNeuralNet_dsp_48ns_32ns_64ns_25ns_30s_18s_48ns_1ns_48_5_1_DSP_Builtin_U/a1_reg_reg is absorbed into DSP SampleNeuralNet_dsp_48ns_32ns_64ns_25ns_30s_18s_48ns_1ns_48_5_1_DSP_Builtin_U/p_reg_reg.
DSP Report: register SampleNeuralNet_dsp_48ns_32ns_64ns_25ns_30s_18s_48ns_1ns_48_5_1_DSP_Builtin_U/a2_reg_reg is absorbed into DSP SampleNeuralNet_dsp_48ns_32ns_64ns_25ns_30s_18s_48ns_1ns_48_5_1_DSP_Builtin_U/p_reg_reg.
DSP Report: register SampleNeuralNet_dsp_48ns_32ns_64ns_25ns_30s_18s_48ns_1ns_48_5_1_DSP_Builtin_U/b1_reg_reg is absorbed into DSP SampleNeuralNet_dsp_48ns_32ns_64ns_25ns_30s_18s_48ns_1ns_48_5_1_DSP_Builtin_U/p_reg_reg.
DSP Report: register SampleNeuralNet_dsp_48ns_32ns_64ns_25ns_30s_18s_48ns_1ns_48_5_1_DSP_Builtin_U/b2_reg_reg is absorbed into DSP SampleNeuralNet_dsp_48ns_32ns_64ns_25ns_30s_18s_48ns_1ns_48_5_1_DSP_Builtin_U/p_reg_reg.
DSP Report: register SampleNeuralNet_dsp_48ns_32ns_64ns_25ns_30s_18s_48ns_1ns_48_5_1_DSP_Builtin_U/p_reg_reg is absorbed into DSP SampleNeuralNet_dsp_48ns_32ns_64ns_25ns_30s_18s_48ns_1ns_48_5_1_DSP_Builtin_U/p_reg_reg.
DSP Report: register SampleNeuralNet_dsp_48ns_32ns_64ns_25ns_30s_18s_48ns_1ns_48_5_1_DSP_Builtin_U/m_reg_reg is absorbed into DSP SampleNeuralNet_dsp_48ns_32ns_64ns_25ns_30s_18s_48ns_1ns_48_5_1_DSP_Builtin_U/p_reg_reg.
DSP Report: operator SampleNeuralNet_dsp_48ns_32ns_64ns_25ns_30s_18s_48ns_1ns_48_5_1_DSP_Builtin_U/p is absorbed into DSP SampleNeuralNet_dsp_48ns_32ns_64ns_25ns_30s_18s_48ns_1ns_48_5_1_DSP_Builtin_U/p_reg_reg.
DSP Report: operator SampleNeuralNet_dsp_48ns_32ns_64ns_25ns_30s_18s_48ns_1ns_48_5_1_DSP_Builtin_U/m is absorbed into DSP SampleNeuralNet_dsp_48ns_32ns_64ns_25ns_30s_18s_48ns_1ns_48_5_1_DSP_Builtin_U/p_reg_reg.
DSP Report: operator SampleNeuralNet_dsp_48ns_32ns_64ns_25ns_30s_18s_48ns_1ns_48_5_1_DSP_Builtin_U/ad is absorbed into DSP SampleNeuralNet_dsp_48ns_32ns_64ns_25ns_30s_18s_48ns_1ns_48_5_1_DSP_Builtin_U/p_reg_reg.
DSP Report: Generating DSP SampleNeuralNet_dsp_48ns_32ns_64ns_25ns_30ns_18ns_48ns_1s_48_5_1_DSP_Builtin_U/p_reg_reg, operation Mode is: ((C:0x0) or P)+((D+A'')*B'')'.
DSP Report: register SampleNeuralNet_dsp_48ns_32ns_64ns_25ns_30ns_18ns_48ns_1s_48_5_1_DSP_Builtin_U/a1_reg_reg is absorbed into DSP SampleNeuralNet_dsp_48ns_32ns_64ns_25ns_30ns_18ns_48ns_1s_48_5_1_DSP_Builtin_U/p_reg_reg.
DSP Report: register SampleNeuralNet_dsp_48ns_32ns_64ns_25ns_30ns_18ns_48ns_1s_48_5_1_DSP_Builtin_U/a2_reg_reg is absorbed into DSP SampleNeuralNet_dsp_48ns_32ns_64ns_25ns_30ns_18ns_48ns_1s_48_5_1_DSP_Builtin_U/p_reg_reg.
DSP Report: register SampleNeuralNet_dsp_48ns_32ns_64ns_25ns_30ns_18ns_48ns_1s_48_5_1_DSP_Builtin_U/b1_reg_reg is absorbed into DSP SampleNeuralNet_dsp_48ns_32ns_64ns_25ns_30ns_18ns_48ns_1s_48_5_1_DSP_Builtin_U/p_reg_reg.
DSP Report: register SampleNeuralNet_dsp_48ns_32ns_64ns_25ns_30ns_18ns_48ns_1s_48_5_1_DSP_Builtin_U/b2_reg_reg is absorbed into DSP SampleNeuralNet_dsp_48ns_32ns_64ns_25ns_30ns_18ns_48ns_1s_48_5_1_DSP_Builtin_U/p_reg_reg.
DSP Report: register SampleNeuralNet_dsp_48ns_32ns_64ns_25ns_30ns_18ns_48ns_1s_48_5_1_DSP_Builtin_U/p_reg_reg is absorbed into DSP SampleNeuralNet_dsp_48ns_32ns_64ns_25ns_30ns_18ns_48ns_1s_48_5_1_DSP_Builtin_U/p_reg_reg.
DSP Report: register SampleNeuralNet_dsp_48ns_32ns_64ns_25ns_30ns_18ns_48ns_1s_48_5_1_DSP_Builtin_U/m_reg_reg is absorbed into DSP SampleNeuralNet_dsp_48ns_32ns_64ns_25ns_30ns_18ns_48ns_1s_48_5_1_DSP_Builtin_U/p_reg_reg.
DSP Report: operator SampleNeuralNet_dsp_48ns_32ns_64ns_25ns_30ns_18ns_48ns_1s_48_5_1_DSP_Builtin_U/p is absorbed into DSP SampleNeuralNet_dsp_48ns_32ns_64ns_25ns_30ns_18ns_48ns_1s_48_5_1_DSP_Builtin_U/p_reg_reg.
DSP Report: operator SampleNeuralNet_dsp_48ns_32ns_64ns_25ns_30ns_18ns_48ns_1s_48_5_1_DSP_Builtin_U/m is absorbed into DSP SampleNeuralNet_dsp_48ns_32ns_64ns_25ns_30ns_18ns_48ns_1s_48_5_1_DSP_Builtin_U/p_reg_reg.
DSP Report: operator SampleNeuralNet_dsp_48ns_32ns_64ns_25ns_30ns_18ns_48ns_1s_48_5_1_DSP_Builtin_U/ad is absorbed into DSP SampleNeuralNet_dsp_48ns_32ns_64ns_25ns_30ns_18ns_48ns_1s_48_5_1_DSP_Builtin_U/p_reg_reg.
DSP Report: Generating DSP SampleNeuralNet_dsp_48ns_32ns_64ns_25ns_30s_18ns_48ns_1s_48_5_1_DSP_Builtin_U/p_reg_reg, operation Mode is: ((C:0x0) or P)+((D+A'')*B'')'.
DSP Report: register SampleNeuralNet_dsp_48ns_32ns_64ns_25ns_30s_18ns_48ns_1s_48_5_1_DSP_Builtin_U/a1_reg_reg is absorbed into DSP SampleNeuralNet_dsp_48ns_32ns_64ns_25ns_30s_18ns_48ns_1s_48_5_1_DSP_Builtin_U/p_reg_reg.
DSP Report: register SampleNeuralNet_dsp_48ns_32ns_64ns_25ns_30s_18ns_48ns_1s_48_5_1_DSP_Builtin_U/a2_reg_reg is absorbed into DSP SampleNeuralNet_dsp_48ns_32ns_64ns_25ns_30s_18ns_48ns_1s_48_5_1_DSP_Builtin_U/p_reg_reg.
DSP Report: register SampleNeuralNet_dsp_48ns_32ns_64ns_25ns_30s_18ns_48ns_1s_48_5_1_DSP_Builtin_U/b1_reg_reg is absorbed into DSP SampleNeuralNet_dsp_48ns_32ns_64ns_25ns_30s_18ns_48ns_1s_48_5_1_DSP_Builtin_U/p_reg_reg.
DSP Report: register SampleNeuralNet_dsp_48ns_32ns_64ns_25ns_30s_18ns_48ns_1s_48_5_1_DSP_Builtin_U/b2_reg_reg is absorbed into DSP SampleNeuralNet_dsp_48ns_32ns_64ns_25ns_30s_18ns_48ns_1s_48_5_1_DSP_Builtin_U/p_reg_reg.
DSP Report: register SampleNeuralNet_dsp_48ns_32ns_64ns_25ns_30s_18ns_48ns_1s_48_5_1_DSP_Builtin_U/p_reg_reg is absorbed into DSP SampleNeuralNet_dsp_48ns_32ns_64ns_25ns_30s_18ns_48ns_1s_48_5_1_DSP_Builtin_U/p_reg_reg.
DSP Report: register SampleNeuralNet_dsp_48ns_32ns_64ns_25ns_30s_18ns_48ns_1s_48_5_1_DSP_Builtin_U/m_reg_reg is absorbed into DSP SampleNeuralNet_dsp_48ns_32ns_64ns_25ns_30s_18ns_48ns_1s_48_5_1_DSP_Builtin_U/p_reg_reg.
DSP Report: operator SampleNeuralNet_dsp_48ns_32ns_64ns_25ns_30s_18ns_48ns_1s_48_5_1_DSP_Builtin_U/p is absorbed into DSP SampleNeuralNet_dsp_48ns_32ns_64ns_25ns_30s_18ns_48ns_1s_48_5_1_DSP_Builtin_U/p_reg_reg.
DSP Report: operator SampleNeuralNet_dsp_48ns_32ns_64ns_25ns_30s_18ns_48ns_1s_48_5_1_DSP_Builtin_U/m is absorbed into DSP SampleNeuralNet_dsp_48ns_32ns_64ns_25ns_30s_18ns_48ns_1s_48_5_1_DSP_Builtin_U/p_reg_reg.
DSP Report: operator SampleNeuralNet_dsp_48ns_32ns_64ns_25ns_30s_18ns_48ns_1s_48_5_1_DSP_Builtin_U/ad is absorbed into DSP SampleNeuralNet_dsp_48ns_32ns_64ns_25ns_30s_18ns_48ns_1s_48_5_1_DSP_Builtin_U/p_reg_reg.
DSP Report: Generating DSP SampleNeuralNet_dsp_48ns_32ns_64ns_25ns_30ns_18ns_48ns_1s_48_5_1_DSP_Builtin_U/p_reg_reg, operation Mode is: ((C:0x0) or P)+((D+A'')*B'')'.
DSP Report: register SampleNeuralNet_dsp_48ns_32ns_64ns_25ns_30ns_18ns_48ns_1s_48_5_1_DSP_Builtin_U/a1_reg_reg is absorbed into DSP SampleNeuralNet_dsp_48ns_32ns_64ns_25ns_30ns_18ns_48ns_1s_48_5_1_DSP_Builtin_U/p_reg_reg.
DSP Report: register SampleNeuralNet_dsp_48ns_32ns_64ns_25ns_30ns_18ns_48ns_1s_48_5_1_DSP_Builtin_U/a2_reg_reg is absorbed into DSP SampleNeuralNet_dsp_48ns_32ns_64ns_25ns_30ns_18ns_48ns_1s_48_5_1_DSP_Builtin_U/p_reg_reg.
DSP Report: register SampleNeuralNet_dsp_48ns_32ns_64ns_25ns_30ns_18ns_48ns_1s_48_5_1_DSP_Builtin_U/b1_reg_reg is absorbed into DSP SampleNeuralNet_dsp_48ns_32ns_64ns_25ns_30ns_18ns_48ns_1s_48_5_1_DSP_Builtin_U/p_reg_reg.
DSP Report: register SampleNeuralNet_dsp_48ns_32ns_64ns_25ns_30ns_18ns_48ns_1s_48_5_1_DSP_Builtin_U/b2_reg_reg is absorbed into DSP SampleNeuralNet_dsp_48ns_32ns_64ns_25ns_30ns_18ns_48ns_1s_48_5_1_DSP_Builtin_U/p_reg_reg.
DSP Report: register SampleNeuralNet_dsp_48ns_32ns_64ns_25ns_30ns_18ns_48ns_1s_48_5_1_DSP_Builtin_U/p_reg_reg is absorbed into DSP SampleNeuralNet_dsp_48ns_32ns_64ns_25ns_30ns_18ns_48ns_1s_48_5_1_DSP_Builtin_U/p_reg_reg.
DSP Report: register SampleNeuralNet_dsp_48ns_32ns_64ns_25ns_30ns_18ns_48ns_1s_48_5_1_DSP_Builtin_U/m_reg_reg is absorbed into DSP SampleNeuralNet_dsp_48ns_32ns_64ns_25ns_30ns_18ns_48ns_1s_48_5_1_DSP_Builtin_U/p_reg_reg.
DSP Report: operator SampleNeuralNet_dsp_48ns_32ns_64ns_25ns_30ns_18ns_48ns_1s_48_5_1_DSP_Builtin_U/p is absorbed into DSP SampleNeuralNet_dsp_48ns_32ns_64ns_25ns_30ns_18ns_48ns_1s_48_5_1_DSP_Builtin_U/p_reg_reg.
DSP Report: operator SampleNeuralNet_dsp_48ns_32ns_64ns_25ns_30ns_18ns_48ns_1s_48_5_1_DSP_Builtin_U/m is absorbed into DSP SampleNeuralNet_dsp_48ns_32ns_64ns_25ns_30ns_18ns_48ns_1s_48_5_1_DSP_Builtin_U/p_reg_reg.
DSP Report: operator SampleNeuralNet_dsp_48ns_32ns_64ns_25ns_30ns_18ns_48ns_1s_48_5_1_DSP_Builtin_U/ad is absorbed into DSP SampleNeuralNet_dsp_48ns_32ns_64ns_25ns_30ns_18ns_48ns_1s_48_5_1_DSP_Builtin_U/p_reg_reg.
DSP Report: Generating DSP SampleNeuralNet_dsp_48ns_32ns_64ns_25ns_30ns_18ns_48ns_1s_48_5_1_DSP_Builtin_U/p_reg_reg, operation Mode is: ((C:0x0) or P)+((D+A'')*B'')'.
DSP Report: register SampleNeuralNet_dsp_48ns_32ns_64ns_25ns_30ns_18ns_48ns_1s_48_5_1_DSP_Builtin_U/a1_reg_reg is absorbed into DSP SampleNeuralNet_dsp_48ns_32ns_64ns_25ns_30ns_18ns_48ns_1s_48_5_1_DSP_Builtin_U/p_reg_reg.
DSP Report: register SampleNeuralNet_dsp_48ns_32ns_64ns_25ns_30ns_18ns_48ns_1s_48_5_1_DSP_Builtin_U/a2_reg_reg is absorbed into DSP SampleNeuralNet_dsp_48ns_32ns_64ns_25ns_30ns_18ns_48ns_1s_48_5_1_DSP_Builtin_U/p_reg_reg.
DSP Report: register SampleNeuralNet_dsp_48ns_32ns_64ns_25ns_30ns_18ns_48ns_1s_48_5_1_DSP_Builtin_U/b1_reg_reg is absorbed into DSP SampleNeuralNet_dsp_48ns_32ns_64ns_25ns_30ns_18ns_48ns_1s_48_5_1_DSP_Builtin_U/p_reg_reg.
DSP Report: register SampleNeuralNet_dsp_48ns_32ns_64ns_25ns_30ns_18ns_48ns_1s_48_5_1_DSP_Builtin_U/b2_reg_reg is absorbed into DSP SampleNeuralNet_dsp_48ns_32ns_64ns_25ns_30ns_18ns_48ns_1s_48_5_1_DSP_Builtin_U/p_reg_reg.
DSP Report: register SampleNeuralNet_dsp_48ns_32ns_64ns_25ns_30ns_18ns_48ns_1s_48_5_1_DSP_Builtin_U/p_reg_reg is absorbed into DSP SampleNeuralNet_dsp_48ns_32ns_64ns_25ns_30ns_18ns_48ns_1s_48_5_1_DSP_Builtin_U/p_reg_reg.
DSP Report: register SampleNeuralNet_dsp_48ns_32ns_64ns_25ns_30ns_18ns_48ns_1s_48_5_1_DSP_Builtin_U/m_reg_reg is absorbed into DSP SampleNeuralNet_dsp_48ns_32ns_64ns_25ns_30ns_18ns_48ns_1s_48_5_1_DSP_Builtin_U/p_reg_reg.
DSP Report: operator SampleNeuralNet_dsp_48ns_32ns_64ns_25ns_30ns_18ns_48ns_1s_48_5_1_DSP_Builtin_U/p is absorbed into DSP SampleNeuralNet_dsp_48ns_32ns_64ns_25ns_30ns_18ns_48ns_1s_48_5_1_DSP_Builtin_U/p_reg_reg.
DSP Report: operator SampleNeuralNet_dsp_48ns_32ns_64ns_25ns_30ns_18ns_48ns_1s_48_5_1_DSP_Builtin_U/m is absorbed into DSP SampleNeuralNet_dsp_48ns_32ns_64ns_25ns_30ns_18ns_48ns_1s_48_5_1_DSP_Builtin_U/p_reg_reg.
DSP Report: operator SampleNeuralNet_dsp_48ns_32ns_64ns_25ns_30ns_18ns_48ns_1s_48_5_1_DSP_Builtin_U/ad is absorbed into DSP SampleNeuralNet_dsp_48ns_32ns_64ns_25ns_30ns_18ns_48ns_1s_48_5_1_DSP_Builtin_U/p_reg_reg.
DSP Report: Generating DSP SampleNeuralNet_dsp_48ns_32ns_64ns_25ns_30s_18ns_48ns_1s_48_5_1_DSP_Builtin_U/p_reg_reg, operation Mode is: ((C:0x0) or P)+((D+A'')*B'')'.
DSP Report: register SampleNeuralNet_dsp_48ns_32ns_64ns_25ns_30s_18ns_48ns_1s_48_5_1_DSP_Builtin_U/a1_reg_reg is absorbed into DSP SampleNeuralNet_dsp_48ns_32ns_64ns_25ns_30s_18ns_48ns_1s_48_5_1_DSP_Builtin_U/p_reg_reg.
DSP Report: register SampleNeuralNet_dsp_48ns_32ns_64ns_25ns_30s_18ns_48ns_1s_48_5_1_DSP_Builtin_U/a2_reg_reg is absorbed into DSP SampleNeuralNet_dsp_48ns_32ns_64ns_25ns_30s_18ns_48ns_1s_48_5_1_DSP_Builtin_U/p_reg_reg.
DSP Report: register SampleNeuralNet_dsp_48ns_32ns_64ns_25ns_30s_18ns_48ns_1s_48_5_1_DSP_Builtin_U/b1_reg_reg is absorbed into DSP SampleNeuralNet_dsp_48ns_32ns_64ns_25ns_30s_18ns_48ns_1s_48_5_1_DSP_Builtin_U/p_reg_reg.
DSP Report: register SampleNeuralNet_dsp_48ns_32ns_64ns_25ns_30s_18ns_48ns_1s_48_5_1_DSP_Builtin_U/b2_reg_reg is absorbed into DSP SampleNeuralNet_dsp_48ns_32ns_64ns_25ns_30s_18ns_48ns_1s_48_5_1_DSP_Builtin_U/p_reg_reg.
DSP Report: register SampleNeuralNet_dsp_48ns_32ns_64ns_25ns_30s_18ns_48ns_1s_48_5_1_DSP_Builtin_U/p_reg_reg is absorbed into DSP SampleNeuralNet_dsp_48ns_32ns_64ns_25ns_30s_18ns_48ns_1s_48_5_1_DSP_Builtin_U/p_reg_reg.
DSP Report: register SampleNeuralNet_dsp_48ns_32ns_64ns_25ns_30s_18ns_48ns_1s_48_5_1_DSP_Builtin_U/m_reg_reg is absorbed into DSP SampleNeuralNet_dsp_48ns_32ns_64ns_25ns_30s_18ns_48ns_1s_48_5_1_DSP_Builtin_U/p_reg_reg.
DSP Report: operator SampleNeuralNet_dsp_48ns_32ns_64ns_25ns_30s_18ns_48ns_1s_48_5_1_DSP_Builtin_U/p is absorbed into DSP SampleNeuralNet_dsp_48ns_32ns_64ns_25ns_30s_18ns_48ns_1s_48_5_1_DSP_Builtin_U/p_reg_reg.
DSP Report: operator SampleNeuralNet_dsp_48ns_32ns_64ns_25ns_30s_18ns_48ns_1s_48_5_1_DSP_Builtin_U/m is absorbed into DSP SampleNeuralNet_dsp_48ns_32ns_64ns_25ns_30s_18ns_48ns_1s_48_5_1_DSP_Builtin_U/p_reg_reg.
DSP Report: operator SampleNeuralNet_dsp_48ns_32ns_64ns_25ns_30s_18ns_48ns_1s_48_5_1_DSP_Builtin_U/ad is absorbed into DSP SampleNeuralNet_dsp_48ns_32ns_64ns_25ns_30s_18ns_48ns_1s_48_5_1_DSP_Builtin_U/p_reg_reg.
DSP Report: Generating DSP SampleNeuralNet_dsp_48ns_32ns_64ns_25ns_30ns_18ns_48ns_1s_48_5_1_DSP_Builtin_U/p_reg_reg, operation Mode is: ((C:0x0) or P)+((D+A'')*B'')'.
DSP Report: register SampleNeuralNet_dsp_48ns_32ns_64ns_25ns_30ns_18ns_48ns_1s_48_5_1_DSP_Builtin_U/a1_reg_reg is absorbed into DSP SampleNeuralNet_dsp_48ns_32ns_64ns_25ns_30ns_18ns_48ns_1s_48_5_1_DSP_Builtin_U/p_reg_reg.
DSP Report: register SampleNeuralNet_dsp_48ns_32ns_64ns_25ns_30ns_18ns_48ns_1s_48_5_1_DSP_Builtin_U/a2_reg_reg is absorbed into DSP SampleNeuralNet_dsp_48ns_32ns_64ns_25ns_30ns_18ns_48ns_1s_48_5_1_DSP_Builtin_U/p_reg_reg.
DSP Report: register SampleNeuralNet_dsp_48ns_32ns_64ns_25ns_30ns_18ns_48ns_1s_48_5_1_DSP_Builtin_U/b1_reg_reg is absorbed into DSP SampleNeuralNet_dsp_48ns_32ns_64ns_25ns_30ns_18ns_48ns_1s_48_5_1_DSP_Builtin_U/p_reg_reg.
DSP Report: register SampleNeuralNet_dsp_48ns_32ns_64ns_25ns_30ns_18ns_48ns_1s_48_5_1_DSP_Builtin_U/b2_reg_reg is absorbed into DSP SampleNeuralNet_dsp_48ns_32ns_64ns_25ns_30ns_18ns_48ns_1s_48_5_1_DSP_Builtin_U/p_reg_reg.
DSP Report: register SampleNeuralNet_dsp_48ns_32ns_64ns_25ns_30ns_18ns_48ns_1s_48_5_1_DSP_Builtin_U/p_reg_reg is absorbed into DSP SampleNeuralNet_dsp_48ns_32ns_64ns_25ns_30ns_18ns_48ns_1s_48_5_1_DSP_Builtin_U/p_reg_reg.
DSP Report: register SampleNeuralNet_dsp_48ns_32ns_64ns_25ns_30ns_18ns_48ns_1s_48_5_1_DSP_Builtin_U/m_reg_reg is absorbed into DSP SampleNeuralNet_dsp_48ns_32ns_64ns_25ns_30ns_18ns_48ns_1s_48_5_1_DSP_Builtin_U/p_reg_reg.
DSP Report: operator SampleNeuralNet_dsp_48ns_32ns_64ns_25ns_30ns_18ns_48ns_1s_48_5_1_DSP_Builtin_U/p is absorbed into DSP SampleNeuralNet_dsp_48ns_32ns_64ns_25ns_30ns_18ns_48ns_1s_48_5_1_DSP_Builtin_U/p_reg_reg.
DSP Report: operator SampleNeuralNet_dsp_48ns_32ns_64ns_25ns_30ns_18ns_48ns_1s_48_5_1_DSP_Builtin_U/m is absorbed into DSP SampleNeuralNet_dsp_48ns_32ns_64ns_25ns_30ns_18ns_48ns_1s_48_5_1_DSP_Builtin_U/p_reg_reg.
DSP Report: operator SampleNeuralNet_dsp_48ns_32ns_64ns_25ns_30ns_18ns_48ns_1s_48_5_1_DSP_Builtin_U/ad is absorbed into DSP SampleNeuralNet_dsp_48ns_32ns_64ns_25ns_30ns_18ns_48ns_1s_48_5_1_DSP_Builtin_U/p_reg_reg.
DSP Report: Generating DSP SampleNeuralNet_dsp_48ns_32ns_64ns_25ns_30s_18s_48ns_1ns_48_5_1_DSP_Builtin_U/p_reg_reg, operation Mode is: ((C:0x0) or P)+((D+A'')*B'')'.
DSP Report: register SampleNeuralNet_dsp_48ns_32ns_64ns_25ns_30s_18s_48ns_1ns_48_5_1_DSP_Builtin_U/a1_reg_reg is absorbed into DSP SampleNeuralNet_dsp_48ns_32ns_64ns_25ns_30s_18s_48ns_1ns_48_5_1_DSP_Builtin_U/p_reg_reg.
DSP Report: register SampleNeuralNet_dsp_48ns_32ns_64ns_25ns_30s_18s_48ns_1ns_48_5_1_DSP_Builtin_U/a2_reg_reg is absorbed into DSP SampleNeuralNet_dsp_48ns_32ns_64ns_25ns_30s_18s_48ns_1ns_48_5_1_DSP_Builtin_U/p_reg_reg.
DSP Report: register SampleNeuralNet_dsp_48ns_32ns_64ns_25ns_30s_18s_48ns_1ns_48_5_1_DSP_Builtin_U/b1_reg_reg is absorbed into DSP SampleNeuralNet_dsp_48ns_32ns_64ns_25ns_30s_18s_48ns_1ns_48_5_1_DSP_Builtin_U/p_reg_reg.
DSP Report: register SampleNeuralNet_dsp_48ns_32ns_64ns_25ns_30s_18s_48ns_1ns_48_5_1_DSP_Builtin_U/b2_reg_reg is absorbed into DSP SampleNeuralNet_dsp_48ns_32ns_64ns_25ns_30s_18s_48ns_1ns_48_5_1_DSP_Builtin_U/p_reg_reg.
DSP Report: register SampleNeuralNet_dsp_48ns_32ns_64ns_25ns_30s_18s_48ns_1ns_48_5_1_DSP_Builtin_U/p_reg_reg is absorbed into DSP SampleNeuralNet_dsp_48ns_32ns_64ns_25ns_30s_18s_48ns_1ns_48_5_1_DSP_Builtin_U/p_reg_reg.
DSP Report: register SampleNeuralNet_dsp_48ns_32ns_64ns_25ns_30s_18s_48ns_1ns_48_5_1_DSP_Builtin_U/m_reg_reg is absorbed into DSP SampleNeuralNet_dsp_48ns_32ns_64ns_25ns_30s_18s_48ns_1ns_48_5_1_DSP_Builtin_U/p_reg_reg.
DSP Report: operator SampleNeuralNet_dsp_48ns_32ns_64ns_25ns_30s_18s_48ns_1ns_48_5_1_DSP_Builtin_U/p is absorbed into DSP SampleNeuralNet_dsp_48ns_32ns_64ns_25ns_30s_18s_48ns_1ns_48_5_1_DSP_Builtin_U/p_reg_reg.
DSP Report: operator SampleNeuralNet_dsp_48ns_32ns_64ns_25ns_30s_18s_48ns_1ns_48_5_1_DSP_Builtin_U/m is absorbed into DSP SampleNeuralNet_dsp_48ns_32ns_64ns_25ns_30s_18s_48ns_1ns_48_5_1_DSP_Builtin_U/p_reg_reg.
DSP Report: operator SampleNeuralNet_dsp_48ns_32ns_64ns_25ns_30s_18s_48ns_1ns_48_5_1_DSP_Builtin_U/ad is absorbed into DSP SampleNeuralNet_dsp_48ns_32ns_64ns_25ns_30s_18s_48ns_1ns_48_5_1_DSP_Builtin_U/p_reg_reg.
DSP Report: Generating DSP SampleNeuralNet_dsp_48ns_32ns_64ns_25ns_30s_18s_48ns_1ns_48_5_1_DSP_Builtin_U/p_reg_reg, operation Mode is: ((C:0x0) or P)+((D+A'')*B'')'.
DSP Report: register SampleNeuralNet_dsp_48ns_32ns_64ns_25ns_30s_18s_48ns_1ns_48_5_1_DSP_Builtin_U/a1_reg_reg is absorbed into DSP SampleNeuralNet_dsp_48ns_32ns_64ns_25ns_30s_18s_48ns_1ns_48_5_1_DSP_Builtin_U/p_reg_reg.
DSP Report: register SampleNeuralNet_dsp_48ns_32ns_64ns_25ns_30s_18s_48ns_1ns_48_5_1_DSP_Builtin_U/a2_reg_reg is absorbed into DSP SampleNeuralNet_dsp_48ns_32ns_64ns_25ns_30s_18s_48ns_1ns_48_5_1_DSP_Builtin_U/p_reg_reg.
DSP Report: register SampleNeuralNet_dsp_48ns_32ns_64ns_25ns_30s_18s_48ns_1ns_48_5_1_DSP_Builtin_U/b1_reg_reg is absorbed into DSP SampleNeuralNet_dsp_48ns_32ns_64ns_25ns_30s_18s_48ns_1ns_48_5_1_DSP_Builtin_U/p_reg_reg.
DSP Report: register SampleNeuralNet_dsp_48ns_32ns_64ns_25ns_30s_18s_48ns_1ns_48_5_1_DSP_Builtin_U/b2_reg_reg is absorbed into DSP SampleNeuralNet_dsp_48ns_32ns_64ns_25ns_30s_18s_48ns_1ns_48_5_1_DSP_Builtin_U/p_reg_reg.
DSP Report: register SampleNeuralNet_dsp_48ns_32ns_64ns_25ns_30s_18s_48ns_1ns_48_5_1_DSP_Builtin_U/p_reg_reg is absorbed into DSP SampleNeuralNet_dsp_48ns_32ns_64ns_25ns_30s_18s_48ns_1ns_48_5_1_DSP_Builtin_U/p_reg_reg.
DSP Report: register SampleNeuralNet_dsp_48ns_32ns_64ns_25ns_30s_18s_48ns_1ns_48_5_1_DSP_Builtin_U/m_reg_reg is absorbed into DSP SampleNeuralNet_dsp_48ns_32ns_64ns_25ns_30s_18s_48ns_1ns_48_5_1_DSP_Builtin_U/p_reg_reg.
DSP Report: operator SampleNeuralNet_dsp_48ns_32ns_64ns_25ns_30s_18s_48ns_1ns_48_5_1_DSP_Builtin_U/p is absorbed into DSP SampleNeuralNet_dsp_48ns_32ns_64ns_25ns_30s_18s_48ns_1ns_48_5_1_DSP_Builtin_U/p_reg_reg.
DSP Report: operator SampleNeuralNet_dsp_48ns_32ns_64ns_25ns_30s_18s_48ns_1ns_48_5_1_DSP_Builtin_U/m is absorbed into DSP SampleNeuralNet_dsp_48ns_32ns_64ns_25ns_30s_18s_48ns_1ns_48_5_1_DSP_Builtin_U/p_reg_reg.
DSP Report: operator SampleNeuralNet_dsp_48ns_32ns_64ns_25ns_30s_18s_48ns_1ns_48_5_1_DSP_Builtin_U/ad is absorbed into DSP SampleNeuralNet_dsp_48ns_32ns_64ns_25ns_30s_18s_48ns_1ns_48_5_1_DSP_Builtin_U/p_reg_reg.
DSP Report: Generating DSP SampleNeuralNet_dsp_48ns_32ns_64ns_25ns_30ns_18ns_48ns_1s_48_5_1_DSP_Builtin_U/p_reg_reg, operation Mode is: ((C:0x0) or P)+((D+A'')*B'')'.
DSP Report: register SampleNeuralNet_dsp_48ns_32ns_64ns_25ns_30ns_18ns_48ns_1s_48_5_1_DSP_Builtin_U/a1_reg_reg is absorbed into DSP SampleNeuralNet_dsp_48ns_32ns_64ns_25ns_30ns_18ns_48ns_1s_48_5_1_DSP_Builtin_U/p_reg_reg.
DSP Report: register SampleNeuralNet_dsp_48ns_32ns_64ns_25ns_30ns_18ns_48ns_1s_48_5_1_DSP_Builtin_U/a2_reg_reg is absorbed into DSP SampleNeuralNet_dsp_48ns_32ns_64ns_25ns_30ns_18ns_48ns_1s_48_5_1_DSP_Builtin_U/p_reg_reg.
DSP Report: register SampleNeuralNet_dsp_48ns_32ns_64ns_25ns_30ns_18ns_48ns_1s_48_5_1_DSP_Builtin_U/b1_reg_reg is absorbed into DSP SampleNeuralNet_dsp_48ns_32ns_64ns_25ns_30ns_18ns_48ns_1s_48_5_1_DSP_Builtin_U/p_reg_reg.
DSP Report: register SampleNeuralNet_dsp_48ns_32ns_64ns_25ns_30ns_18ns_48ns_1s_48_5_1_DSP_Builtin_U/b2_reg_reg is absorbed into DSP SampleNeuralNet_dsp_48ns_32ns_64ns_25ns_30ns_18ns_48ns_1s_48_5_1_DSP_Builtin_U/p_reg_reg.
DSP Report: register SampleNeuralNet_dsp_48ns_32ns_64ns_25ns_30ns_18ns_48ns_1s_48_5_1_DSP_Builtin_U/p_reg_reg is absorbed into DSP SampleNeuralNet_dsp_48ns_32ns_64ns_25ns_30ns_18ns_48ns_1s_48_5_1_DSP_Builtin_U/p_reg_reg.
DSP Report: register SampleNeuralNet_dsp_48ns_32ns_64ns_25ns_30ns_18ns_48ns_1s_48_5_1_DSP_Builtin_U/m_reg_reg is absorbed into DSP SampleNeuralNet_dsp_48ns_32ns_64ns_25ns_30ns_18ns_48ns_1s_48_5_1_DSP_Builtin_U/p_reg_reg.
DSP Report: operator SampleNeuralNet_dsp_48ns_32ns_64ns_25ns_30ns_18ns_48ns_1s_48_5_1_DSP_Builtin_U/p is absorbed into DSP SampleNeuralNet_dsp_48ns_32ns_64ns_25ns_30ns_18ns_48ns_1s_48_5_1_DSP_Builtin_U/p_reg_reg.
DSP Report: operator SampleNeuralNet_dsp_48ns_32ns_64ns_25ns_30ns_18ns_48ns_1s_48_5_1_DSP_Builtin_U/m is absorbed into DSP SampleNeuralNet_dsp_48ns_32ns_64ns_25ns_30ns_18ns_48ns_1s_48_5_1_DSP_Builtin_U/p_reg_reg.
DSP Report: operator SampleNeuralNet_dsp_48ns_32ns_64ns_25ns_30ns_18ns_48ns_1s_48_5_1_DSP_Builtin_U/ad is absorbed into DSP SampleNeuralNet_dsp_48ns_32ns_64ns_25ns_30ns_18ns_48ns_1s_48_5_1_DSP_Builtin_U/p_reg_reg.
DSP Report: Generating DSP SampleNeuralNet_dsp_48ns_32ns_64ns_25ns_30s_18ns_48ns_1s_48_5_1_DSP_Builtin_U/p_reg_reg, operation Mode is: ((C:0x0) or P)+((D+A'')*B'')'.
DSP Report: register SampleNeuralNet_dsp_48ns_32ns_64ns_25ns_30s_18ns_48ns_1s_48_5_1_DSP_Builtin_U/a1_reg_reg is absorbed into DSP SampleNeuralNet_dsp_48ns_32ns_64ns_25ns_30s_18ns_48ns_1s_48_5_1_DSP_Builtin_U/p_reg_reg.
DSP Report: register SampleNeuralNet_dsp_48ns_32ns_64ns_25ns_30s_18ns_48ns_1s_48_5_1_DSP_Builtin_U/a2_reg_reg is absorbed into DSP SampleNeuralNet_dsp_48ns_32ns_64ns_25ns_30s_18ns_48ns_1s_48_5_1_DSP_Builtin_U/p_reg_reg.
DSP Report: register SampleNeuralNet_dsp_48ns_32ns_64ns_25ns_30s_18ns_48ns_1s_48_5_1_DSP_Builtin_U/b1_reg_reg is absorbed into DSP SampleNeuralNet_dsp_48ns_32ns_64ns_25ns_30s_18ns_48ns_1s_48_5_1_DSP_Builtin_U/p_reg_reg.
DSP Report: register SampleNeuralNet_dsp_48ns_32ns_64ns_25ns_30s_18ns_48ns_1s_48_5_1_DSP_Builtin_U/b2_reg_reg is absorbed into DSP SampleNeuralNet_dsp_48ns_32ns_64ns_25ns_30s_18ns_48ns_1s_48_5_1_DSP_Builtin_U/p_reg_reg.
DSP Report: register SampleNeuralNet_dsp_48ns_32ns_64ns_25ns_30s_18ns_48ns_1s_48_5_1_DSP_Builtin_U/p_reg_reg is absorbed into DSP SampleNeuralNet_dsp_48ns_32ns_64ns_25ns_30s_18ns_48ns_1s_48_5_1_DSP_Builtin_U/p_reg_reg.
DSP Report: register SampleNeuralNet_dsp_48ns_32ns_64ns_25ns_30s_18ns_48ns_1s_48_5_1_DSP_Builtin_U/m_reg_reg is absorbed into DSP SampleNeuralNet_dsp_48ns_32ns_64ns_25ns_30s_18ns_48ns_1s_48_5_1_DSP_Builtin_U/p_reg_reg.
DSP Report: operator SampleNeuralNet_dsp_48ns_32ns_64ns_25ns_30s_18ns_48ns_1s_48_5_1_DSP_Builtin_U/p is absorbed into DSP SampleNeuralNet_dsp_48ns_32ns_64ns_25ns_30s_18ns_48ns_1s_48_5_1_DSP_Builtin_U/p_reg_reg.
DSP Report: operator SampleNeuralNet_dsp_48ns_32ns_64ns_25ns_30s_18ns_48ns_1s_48_5_1_DSP_Builtin_U/m is absorbed into DSP SampleNeuralNet_dsp_48ns_32ns_64ns_25ns_30s_18ns_48ns_1s_48_5_1_DSP_Builtin_U/p_reg_reg.
DSP Report: operator SampleNeuralNet_dsp_48ns_32ns_64ns_25ns_30s_18ns_48ns_1s_48_5_1_DSP_Builtin_U/ad is absorbed into DSP SampleNeuralNet_dsp_48ns_32ns_64ns_25ns_30s_18ns_48ns_1s_48_5_1_DSP_Builtin_U/p_reg_reg.
DSP Report: Generating DSP SampleNeuralNet_dsp_48ns_32ns_64ns_25ns_30ns_18ns_48ns_1s_48_5_1_DSP_Builtin_U/p_reg_reg, operation Mode is: ((C:0x0) or P)+((D+A'')*B'')'.
DSP Report: register SampleNeuralNet_dsp_48ns_32ns_64ns_25ns_30ns_18ns_48ns_1s_48_5_1_DSP_Builtin_U/a1_reg_reg is absorbed into DSP SampleNeuralNet_dsp_48ns_32ns_64ns_25ns_30ns_18ns_48ns_1s_48_5_1_DSP_Builtin_U/p_reg_reg.
DSP Report: register SampleNeuralNet_dsp_48ns_32ns_64ns_25ns_30ns_18ns_48ns_1s_48_5_1_DSP_Builtin_U/a2_reg_reg is absorbed into DSP SampleNeuralNet_dsp_48ns_32ns_64ns_25ns_30ns_18ns_48ns_1s_48_5_1_DSP_Builtin_U/p_reg_reg.
DSP Report: register SampleNeuralNet_dsp_48ns_32ns_64ns_25ns_30ns_18ns_48ns_1s_48_5_1_DSP_Builtin_U/b1_reg_reg is absorbed into DSP SampleNeuralNet_dsp_48ns_32ns_64ns_25ns_30ns_18ns_48ns_1s_48_5_1_DSP_Builtin_U/p_reg_reg.
DSP Report: register SampleNeuralNet_dsp_48ns_32ns_64ns_25ns_30ns_18ns_48ns_1s_48_5_1_DSP_Builtin_U/b2_reg_reg is absorbed into DSP SampleNeuralNet_dsp_48ns_32ns_64ns_25ns_30ns_18ns_48ns_1s_48_5_1_DSP_Builtin_U/p_reg_reg.
DSP Report: register SampleNeuralNet_dsp_48ns_32ns_64ns_25ns_30ns_18ns_48ns_1s_48_5_1_DSP_Builtin_U/p_reg_reg is absorbed into DSP SampleNeuralNet_dsp_48ns_32ns_64ns_25ns_30ns_18ns_48ns_1s_48_5_1_DSP_Builtin_U/p_reg_reg.
DSP Report: register SampleNeuralNet_dsp_48ns_32ns_64ns_25ns_30ns_18ns_48ns_1s_48_5_1_DSP_Builtin_U/m_reg_reg is absorbed into DSP SampleNeuralNet_dsp_48ns_32ns_64ns_25ns_30ns_18ns_48ns_1s_48_5_1_DSP_Builtin_U/p_reg_reg.
DSP Report: operator SampleNeuralNet_dsp_48ns_32ns_64ns_25ns_30ns_18ns_48ns_1s_48_5_1_DSP_Builtin_U/p is absorbed into DSP SampleNeuralNet_dsp_48ns_32ns_64ns_25ns_30ns_18ns_48ns_1s_48_5_1_DSP_Builtin_U/p_reg_reg.
DSP Report: operator SampleNeuralNet_dsp_48ns_32ns_64ns_25ns_30ns_18ns_48ns_1s_48_5_1_DSP_Builtin_U/m is absorbed into DSP SampleNeuralNet_dsp_48ns_32ns_64ns_25ns_30ns_18ns_48ns_1s_48_5_1_DSP_Builtin_U/p_reg_reg.
DSP Report: operator SampleNeuralNet_dsp_48ns_32ns_64ns_25ns_30ns_18ns_48ns_1s_48_5_1_DSP_Builtin_U/ad is absorbed into DSP SampleNeuralNet_dsp_48ns_32ns_64ns_25ns_30ns_18ns_48ns_1s_48_5_1_DSP_Builtin_U/p_reg_reg.
DSP Report: Generating DSP SampleNeuralNet_dsp_48ns_32ns_64ns_25ns_30s_18ns_48ns_1s_48_5_1_DSP_Builtin_U/p_reg_reg, operation Mode is: ((C:0x0) or P)+((D+A'')*B'')'.
DSP Report: register SampleNeuralNet_dsp_48ns_32ns_64ns_25ns_30s_18ns_48ns_1s_48_5_1_DSP_Builtin_U/a1_reg_reg is absorbed into DSP SampleNeuralNet_dsp_48ns_32ns_64ns_25ns_30s_18ns_48ns_1s_48_5_1_DSP_Builtin_U/p_reg_reg.
DSP Report: register SampleNeuralNet_dsp_48ns_32ns_64ns_25ns_30s_18ns_48ns_1s_48_5_1_DSP_Builtin_U/a2_reg_reg is absorbed into DSP SampleNeuralNet_dsp_48ns_32ns_64ns_25ns_30s_18ns_48ns_1s_48_5_1_DSP_Builtin_U/p_reg_reg.
DSP Report: register SampleNeuralNet_dsp_48ns_32ns_64ns_25ns_30s_18ns_48ns_1s_48_5_1_DSP_Builtin_U/b1_reg_reg is absorbed into DSP SampleNeuralNet_dsp_48ns_32ns_64ns_25ns_30s_18ns_48ns_1s_48_5_1_DSP_Builtin_U/p_reg_reg.
DSP Report: register SampleNeuralNet_dsp_48ns_32ns_64ns_25ns_30s_18ns_48ns_1s_48_5_1_DSP_Builtin_U/b2_reg_reg is absorbed into DSP SampleNeuralNet_dsp_48ns_32ns_64ns_25ns_30s_18ns_48ns_1s_48_5_1_DSP_Builtin_U/p_reg_reg.
DSP Report: register SampleNeuralNet_dsp_48ns_32ns_64ns_25ns_30s_18ns_48ns_1s_48_5_1_DSP_Builtin_U/p_reg_reg is absorbed into DSP SampleNeuralNet_dsp_48ns_32ns_64ns_25ns_30s_18ns_48ns_1s_48_5_1_DSP_Builtin_U/p_reg_reg.
DSP Report: register SampleNeuralNet_dsp_48ns_32ns_64ns_25ns_30s_18ns_48ns_1s_48_5_1_DSP_Builtin_U/m_reg_reg is absorbed into DSP SampleNeuralNet_dsp_48ns_32ns_64ns_25ns_30s_18ns_48ns_1s_48_5_1_DSP_Builtin_U/p_reg_reg.
DSP Report: operator SampleNeuralNet_dsp_48ns_32ns_64ns_25ns_30s_18ns_48ns_1s_48_5_1_DSP_Builtin_U/p is absorbed into DSP SampleNeuralNet_dsp_48ns_32ns_64ns_25ns_30s_18ns_48ns_1s_48_5_1_DSP_Builtin_U/p_reg_reg.
DSP Report: operator SampleNeuralNet_dsp_48ns_32ns_64ns_25ns_30s_18ns_48ns_1s_48_5_1_DSP_Builtin_U/m is absorbed into DSP SampleNeuralNet_dsp_48ns_32ns_64ns_25ns_30s_18ns_48ns_1s_48_5_1_DSP_Builtin_U/p_reg_reg.
DSP Report: operator SampleNeuralNet_dsp_48ns_32ns_64ns_25ns_30s_18ns_48ns_1s_48_5_1_DSP_Builtin_U/ad is absorbed into DSP SampleNeuralNet_dsp_48ns_32ns_64ns_25ns_30s_18ns_48ns_1s_48_5_1_DSP_Builtin_U/p_reg_reg.
DSP Report: Generating DSP SampleNeuralNet_dsp_48ns_32ns_64ns_25ns_30ns_18ns_48ns_1s_48_5_1_DSP_Builtin_U/p_reg_reg, operation Mode is: ((C:0x0) or P)+((D+A'')*B'')'.
DSP Report: register SampleNeuralNet_dsp_48ns_32ns_64ns_25ns_30ns_18ns_48ns_1s_48_5_1_DSP_Builtin_U/a1_reg_reg is absorbed into DSP SampleNeuralNet_dsp_48ns_32ns_64ns_25ns_30ns_18ns_48ns_1s_48_5_1_DSP_Builtin_U/p_reg_reg.
DSP Report: register SampleNeuralNet_dsp_48ns_32ns_64ns_25ns_30ns_18ns_48ns_1s_48_5_1_DSP_Builtin_U/a2_reg_reg is absorbed into DSP SampleNeuralNet_dsp_48ns_32ns_64ns_25ns_30ns_18ns_48ns_1s_48_5_1_DSP_Builtin_U/p_reg_reg.
DSP Report: register SampleNeuralNet_dsp_48ns_32ns_64ns_25ns_30ns_18ns_48ns_1s_48_5_1_DSP_Builtin_U/b1_reg_reg is absorbed into DSP SampleNeuralNet_dsp_48ns_32ns_64ns_25ns_30ns_18ns_48ns_1s_48_5_1_DSP_Builtin_U/p_reg_reg.
DSP Report: register SampleNeuralNet_dsp_48ns_32ns_64ns_25ns_30ns_18ns_48ns_1s_48_5_1_DSP_Builtin_U/b2_reg_reg is absorbed into DSP SampleNeuralNet_dsp_48ns_32ns_64ns_25ns_30ns_18ns_48ns_1s_48_5_1_DSP_Builtin_U/p_reg_reg.
DSP Report: register SampleNeuralNet_dsp_48ns_32ns_64ns_25ns_30ns_18ns_48ns_1s_48_5_1_DSP_Builtin_U/p_reg_reg is absorbed into DSP SampleNeuralNet_dsp_48ns_32ns_64ns_25ns_30ns_18ns_48ns_1s_48_5_1_DSP_Builtin_U/p_reg_reg.
DSP Report: register SampleNeuralNet_dsp_48ns_32ns_64ns_25ns_30ns_18ns_48ns_1s_48_5_1_DSP_Builtin_U/m_reg_reg is absorbed into DSP SampleNeuralNet_dsp_48ns_32ns_64ns_25ns_30ns_18ns_48ns_1s_48_5_1_DSP_Builtin_U/p_reg_reg.
DSP Report: operator SampleNeuralNet_dsp_48ns_32ns_64ns_25ns_30ns_18ns_48ns_1s_48_5_1_DSP_Builtin_U/p is absorbed into DSP SampleNeuralNet_dsp_48ns_32ns_64ns_25ns_30ns_18ns_48ns_1s_48_5_1_DSP_Builtin_U/p_reg_reg.
DSP Report: operator SampleNeuralNet_dsp_48ns_32ns_64ns_25ns_30ns_18ns_48ns_1s_48_5_1_DSP_Builtin_U/m is absorbed into DSP SampleNeuralNet_dsp_48ns_32ns_64ns_25ns_30ns_18ns_48ns_1s_48_5_1_DSP_Builtin_U/p_reg_reg.
DSP Report: operator SampleNeuralNet_dsp_48ns_32ns_64ns_25ns_30ns_18ns_48ns_1s_48_5_1_DSP_Builtin_U/ad is absorbed into DSP SampleNeuralNet_dsp_48ns_32ns_64ns_25ns_30ns_18ns_48ns_1s_48_5_1_DSP_Builtin_U/p_reg_reg.
DSP Report: Generating DSP SampleNeuralNet_dsp_48ns_32ns_64ns_25ns_30ns_18ns_48ns_1s_48_5_1_DSP_Builtin_U/p_reg_reg, operation Mode is: ((C:0x0) or P)+((D+A'')*B'')'.
DSP Report: register SampleNeuralNet_dsp_48ns_32ns_64ns_25ns_30ns_18ns_48ns_1s_48_5_1_DSP_Builtin_U/a1_reg_reg is absorbed into DSP SampleNeuralNet_dsp_48ns_32ns_64ns_25ns_30ns_18ns_48ns_1s_48_5_1_DSP_Builtin_U/p_reg_reg.
DSP Report: register SampleNeuralNet_dsp_48ns_32ns_64ns_25ns_30ns_18ns_48ns_1s_48_5_1_DSP_Builtin_U/a2_reg_reg is absorbed into DSP SampleNeuralNet_dsp_48ns_32ns_64ns_25ns_30ns_18ns_48ns_1s_48_5_1_DSP_Builtin_U/p_reg_reg.
DSP Report: register SampleNeuralNet_dsp_48ns_32ns_64ns_25ns_30ns_18ns_48ns_1s_48_5_1_DSP_Builtin_U/b1_reg_reg is absorbed into DSP SampleNeuralNet_dsp_48ns_32ns_64ns_25ns_30ns_18ns_48ns_1s_48_5_1_DSP_Builtin_U/p_reg_reg.
DSP Report: register SampleNeuralNet_dsp_48ns_32ns_64ns_25ns_30ns_18ns_48ns_1s_48_5_1_DSP_Builtin_U/b2_reg_reg is absorbed into DSP SampleNeuralNet_dsp_48ns_32ns_64ns_25ns_30ns_18ns_48ns_1s_48_5_1_DSP_Builtin_U/p_reg_reg.
DSP Report: register SampleNeuralNet_dsp_48ns_32ns_64ns_25ns_30ns_18ns_48ns_1s_48_5_1_DSP_Builtin_U/p_reg_reg is absorbed into DSP SampleNeuralNet_dsp_48ns_32ns_64ns_25ns_30ns_18ns_48ns_1s_48_5_1_DSP_Builtin_U/p_reg_reg.
DSP Report: register SampleNeuralNet_dsp_48ns_32ns_64ns_25ns_30ns_18ns_48ns_1s_48_5_1_DSP_Builtin_U/m_reg_reg is absorbed into DSP SampleNeuralNet_dsp_48ns_32ns_64ns_25ns_30ns_18ns_48ns_1s_48_5_1_DSP_Builtin_U/p_reg_reg.
DSP Report: operator SampleNeuralNet_dsp_48ns_32ns_64ns_25ns_30ns_18ns_48ns_1s_48_5_1_DSP_Builtin_U/p is absorbed into DSP SampleNeuralNet_dsp_48ns_32ns_64ns_25ns_30ns_18ns_48ns_1s_48_5_1_DSP_Builtin_U/p_reg_reg.
DSP Report: operator SampleNeuralNet_dsp_48ns_32ns_64ns_25ns_30ns_18ns_48ns_1s_48_5_1_DSP_Builtin_U/m is absorbed into DSP SampleNeuralNet_dsp_48ns_32ns_64ns_25ns_30ns_18ns_48ns_1s_48_5_1_DSP_Builtin_U/p_reg_reg.
DSP Report: operator SampleNeuralNet_dsp_48ns_32ns_64ns_25ns_30ns_18ns_48ns_1s_48_5_1_DSP_Builtin_U/ad is absorbed into DSP SampleNeuralNet_dsp_48ns_32ns_64ns_25ns_30ns_18ns_48ns_1s_48_5_1_DSP_Builtin_U/p_reg_reg.
DSP Report: Generating DSP SampleNeuralNet_dsp_48ns_32ns_64ns_25ns_30s_18s_48ns_1ns_48_5_1_DSP_Builtin_U/p_reg_reg, operation Mode is: ((C:0x0) or P)+((D+A'')*B'')'.
DSP Report: register SampleNeuralNet_dsp_48ns_32ns_64ns_25ns_30s_18s_48ns_1ns_48_5_1_DSP_Builtin_U/a1_reg_reg is absorbed into DSP SampleNeuralNet_dsp_48ns_32ns_64ns_25ns_30s_18s_48ns_1ns_48_5_1_DSP_Builtin_U/p_reg_reg.
DSP Report: register SampleNeuralNet_dsp_48ns_32ns_64ns_25ns_30s_18s_48ns_1ns_48_5_1_DSP_Builtin_U/a2_reg_reg is absorbed into DSP SampleNeuralNet_dsp_48ns_32ns_64ns_25ns_30s_18s_48ns_1ns_48_5_1_DSP_Builtin_U/p_reg_reg.
DSP Report: register SampleNeuralNet_dsp_48ns_32ns_64ns_25ns_30s_18s_48ns_1ns_48_5_1_DSP_Builtin_U/b1_reg_reg is absorbed into DSP SampleNeuralNet_dsp_48ns_32ns_64ns_25ns_30s_18s_48ns_1ns_48_5_1_DSP_Builtin_U/p_reg_reg.
DSP Report: register SampleNeuralNet_dsp_48ns_32ns_64ns_25ns_30s_18s_48ns_1ns_48_5_1_DSP_Builtin_U/b2_reg_reg is absorbed into DSP SampleNeuralNet_dsp_48ns_32ns_64ns_25ns_30s_18s_48ns_1ns_48_5_1_DSP_Builtin_U/p_reg_reg.
DSP Report: register SampleNeuralNet_dsp_48ns_32ns_64ns_25ns_30s_18s_48ns_1ns_48_5_1_DSP_Builtin_U/p_reg_reg is absorbed into DSP SampleNeuralNet_dsp_48ns_32ns_64ns_25ns_30s_18s_48ns_1ns_48_5_1_DSP_Builtin_U/p_reg_reg.
DSP Report: register SampleNeuralNet_dsp_48ns_32ns_64ns_25ns_30s_18s_48ns_1ns_48_5_1_DSP_Builtin_U/m_reg_reg is absorbed into DSP SampleNeuralNet_dsp_48ns_32ns_64ns_25ns_30s_18s_48ns_1ns_48_5_1_DSP_Builtin_U/p_reg_reg.
DSP Report: operator SampleNeuralNet_dsp_48ns_32ns_64ns_25ns_30s_18s_48ns_1ns_48_5_1_DSP_Builtin_U/p is absorbed into DSP SampleNeuralNet_dsp_48ns_32ns_64ns_25ns_30s_18s_48ns_1ns_48_5_1_DSP_Builtin_U/p_reg_reg.
DSP Report: operator SampleNeuralNet_dsp_48ns_32ns_64ns_25ns_30s_18s_48ns_1ns_48_5_1_DSP_Builtin_U/m is absorbed into DSP SampleNeuralNet_dsp_48ns_32ns_64ns_25ns_30s_18s_48ns_1ns_48_5_1_DSP_Builtin_U/p_reg_reg.
DSP Report: operator SampleNeuralNet_dsp_48ns_32ns_64ns_25ns_30s_18s_48ns_1ns_48_5_1_DSP_Builtin_U/ad is absorbed into DSP SampleNeuralNet_dsp_48ns_32ns_64ns_25ns_30s_18s_48ns_1ns_48_5_1_DSP_Builtin_U/p_reg_reg.
DSP Report: Generating DSP SampleNeuralNet_dsp_48ns_32ns_64ns_25ns_30s_18s_48ns_1ns_48_5_1_DSP_Builtin_U/p_reg_reg, operation Mode is: ((C:0x0) or P)+((D+A'')*B'')'.
DSP Report: register SampleNeuralNet_dsp_48ns_32ns_64ns_25ns_30s_18s_48ns_1ns_48_5_1_DSP_Builtin_U/a1_reg_reg is absorbed into DSP SampleNeuralNet_dsp_48ns_32ns_64ns_25ns_30s_18s_48ns_1ns_48_5_1_DSP_Builtin_U/p_reg_reg.
DSP Report: register SampleNeuralNet_dsp_48ns_32ns_64ns_25ns_30s_18s_48ns_1ns_48_5_1_DSP_Builtin_U/a2_reg_reg is absorbed into DSP SampleNeuralNet_dsp_48ns_32ns_64ns_25ns_30s_18s_48ns_1ns_48_5_1_DSP_Builtin_U/p_reg_reg.
DSP Report: register SampleNeuralNet_dsp_48ns_32ns_64ns_25ns_30s_18s_48ns_1ns_48_5_1_DSP_Builtin_U/b1_reg_reg is absorbed into DSP SampleNeuralNet_dsp_48ns_32ns_64ns_25ns_30s_18s_48ns_1ns_48_5_1_DSP_Builtin_U/p_reg_reg.
DSP Report: register SampleNeuralNet_dsp_48ns_32ns_64ns_25ns_30s_18s_48ns_1ns_48_5_1_DSP_Builtin_U/b2_reg_reg is absorbed into DSP SampleNeuralNet_dsp_48ns_32ns_64ns_25ns_30s_18s_48ns_1ns_48_5_1_DSP_Builtin_U/p_reg_reg.
DSP Report: register SampleNeuralNet_dsp_48ns_32ns_64ns_25ns_30s_18s_48ns_1ns_48_5_1_DSP_Builtin_U/p_reg_reg is absorbed into DSP SampleNeuralNet_dsp_48ns_32ns_64ns_25ns_30s_18s_48ns_1ns_48_5_1_DSP_Builtin_U/p_reg_reg.
DSP Report: register SampleNeuralNet_dsp_48ns_32ns_64ns_25ns_30s_18s_48ns_1ns_48_5_1_DSP_Builtin_U/m_reg_reg is absorbed into DSP SampleNeuralNet_dsp_48ns_32ns_64ns_25ns_30s_18s_48ns_1ns_48_5_1_DSP_Builtin_U/p_reg_reg.
DSP Report: operator SampleNeuralNet_dsp_48ns_32ns_64ns_25ns_30s_18s_48ns_1ns_48_5_1_DSP_Builtin_U/p is absorbed into DSP SampleNeuralNet_dsp_48ns_32ns_64ns_25ns_30s_18s_48ns_1ns_48_5_1_DSP_Builtin_U/p_reg_reg.
DSP Report: operator SampleNeuralNet_dsp_48ns_32ns_64ns_25ns_30s_18s_48ns_1ns_48_5_1_DSP_Builtin_U/m is absorbed into DSP SampleNeuralNet_dsp_48ns_32ns_64ns_25ns_30s_18s_48ns_1ns_48_5_1_DSP_Builtin_U/p_reg_reg.
DSP Report: operator SampleNeuralNet_dsp_48ns_32ns_64ns_25ns_30s_18s_48ns_1ns_48_5_1_DSP_Builtin_U/ad is absorbed into DSP SampleNeuralNet_dsp_48ns_32ns_64ns_25ns_30s_18s_48ns_1ns_48_5_1_DSP_Builtin_U/p_reg_reg.
---------------------------------------------------------------------------------
Finished Cross Boundary and Area Optimization : Time (s): cpu = 00:00:18 ; elapsed = 00:00:19 . Memory (MB): peak = 2472.137 ; gain = 782.887 ; free physical = 84044 ; free virtual = 123380
---------------------------------------------------------------------------------
 Sort Area is  SampleNeuralNet_dsp_48ns_32ns_64ns_25ns_30ns_18ns_48ns_1s_48_5_1_DSP_Builtin_U/p_reg_reg_0 : 0 0 : 3672 3672 : Used 1 time 0
 Sort Area is  SampleNeuralNet_dsp_48ns_32ns_64ns_25ns_30ns_18ns_48ns_1s_48_5_1_DSP_Builtin_U/p_reg_reg_12 : 0 0 : 3672 3672 : Used 1 time 0
 Sort Area is  SampleNeuralNet_dsp_48ns_32ns_64ns_25ns_30ns_18ns_48ns_1s_48_5_1_DSP_Builtin_U/p_reg_reg_14 : 0 0 : 3672 3672 : Used 1 time 0
 Sort Area is  SampleNeuralNet_dsp_48ns_32ns_64ns_25ns_30ns_18ns_48ns_1s_48_5_1_DSP_Builtin_U/p_reg_reg_16 : 0 0 : 3672 3672 : Used 1 time 0
 Sort Area is  SampleNeuralNet_dsp_48ns_32ns_64ns_25ns_30ns_18ns_48ns_1s_48_5_1_DSP_Builtin_U/p_reg_reg_17 : 0 0 : 3672 3672 : Used 1 time 0
 Sort Area is  SampleNeuralNet_dsp_48ns_32ns_64ns_25ns_30ns_18ns_48ns_1s_48_5_1_DSP_Builtin_U/p_reg_reg_3 : 0 0 : 3672 3672 : Used 1 time 0
 Sort Area is  SampleNeuralNet_dsp_48ns_32ns_64ns_25ns_30ns_18ns_48ns_1s_48_5_1_DSP_Builtin_U/p_reg_reg_4 : 0 0 : 3672 3672 : Used 1 time 0
 Sort Area is  SampleNeuralNet_dsp_48ns_32ns_64ns_25ns_30ns_18ns_48ns_1s_48_5_1_DSP_Builtin_U/p_reg_reg_5 : 0 0 : 3672 3672 : Used 1 time 0
 Sort Area is  SampleNeuralNet_dsp_48ns_32ns_64ns_25ns_30ns_18ns_48ns_1s_48_5_1_DSP_Builtin_U/p_reg_reg_6 : 0 0 : 3672 3672 : Used 1 time 0
 Sort Area is  SampleNeuralNet_dsp_48ns_32ns_64ns_25ns_30ns_18ns_48ns_1s_48_5_1_DSP_Builtin_U/p_reg_reg_a : 0 0 : 3672 3672 : Used 1 time 0
 Sort Area is  SampleNeuralNet_dsp_48ns_32ns_64ns_25ns_30ns_18ns_48ns_1s_48_5_1_DSP_Builtin_U/p_reg_reg_c : 0 0 : 3672 3672 : Used 1 time 0
 Sort Area is  SampleNeuralNet_dsp_48ns_32ns_64ns_25ns_30ns_18ns_48ns_1s_48_5_1_DSP_Builtin_U/p_reg_reg_d : 0 0 : 3672 3672 : Used 1 time 0
 Sort Area is  SampleNeuralNet_dsp_48ns_32ns_64ns_25ns_30ns_18ns_48ns_1s_48_5_1_DSP_Builtin_U/p_reg_reg_f : 0 0 : 3672 3672 : Used 1 time 0
 Sort Area is  SampleNeuralNet_dsp_48ns_32ns_64ns_25ns_30s_18ns_48ns_1s_48_5_1_DSP_Builtin_U/p_reg_reg_13 : 0 0 : 3672 3672 : Used 1 time 0
 Sort Area is  SampleNeuralNet_dsp_48ns_32ns_64ns_25ns_30s_18ns_48ns_1s_48_5_1_DSP_Builtin_U/p_reg_reg_15 : 0 0 : 3672 3672 : Used 1 time 0
 Sort Area is  SampleNeuralNet_dsp_48ns_32ns_64ns_25ns_30s_18ns_48ns_1s_48_5_1_DSP_Builtin_U/p_reg_reg_2 : 0 0 : 3672 3672 : Used 1 time 0
 Sort Area is  SampleNeuralNet_dsp_48ns_32ns_64ns_25ns_30s_18ns_48ns_1s_48_5_1_DSP_Builtin_U/p_reg_reg_7 : 0 0 : 3672 3672 : Used 1 time 0
 Sort Area is  SampleNeuralNet_dsp_48ns_32ns_64ns_25ns_30s_18ns_48ns_1s_48_5_1_DSP_Builtin_U/p_reg_reg_b : 0 0 : 3672 3672 : Used 1 time 0
 Sort Area is  SampleNeuralNet_dsp_48ns_32ns_64ns_25ns_30s_18ns_48ns_1s_48_5_1_DSP_Builtin_U/p_reg_reg_e : 0 0 : 3672 3672 : Used 1 time 0
 Sort Area is  SampleNeuralNet_dsp_48ns_32ns_64ns_25ns_30s_18s_48ns_1ns_48_5_1_DSP_Builtin_U/p_reg_reg_10 : 0 0 : 3672 3672 : Used 1 time 0
 Sort Area is  SampleNeuralNet_dsp_48ns_32ns_64ns_25ns_30s_18s_48ns_1ns_48_5_1_DSP_Builtin_U/p_reg_reg_11 : 0 0 : 3672 3672 : Used 1 time 0
 Sort Area is  SampleNeuralNet_dsp_48ns_32ns_64ns_25ns_30s_18s_48ns_1ns_48_5_1_DSP_Builtin_U/p_reg_reg_18 : 0 0 : 3672 3672 : Used 1 time 0
 Sort Area is  SampleNeuralNet_dsp_48ns_32ns_64ns_25ns_30s_18s_48ns_1ns_48_5_1_DSP_Builtin_U/p_reg_reg_19 : 0 0 : 3672 3672 : Used 1 time 0
 Sort Area is  SampleNeuralNet_dsp_48ns_32ns_64ns_25ns_30s_18s_48ns_1ns_48_5_1_DSP_Builtin_U/p_reg_reg_8 : 0 0 : 3672 3672 : Used 1 time 0
 Sort Area is  SampleNeuralNet_dsp_48ns_32ns_64ns_25ns_30s_18s_48ns_1ns_48_5_1_DSP_Builtin_U/p_reg_reg_9 : 0 0 : 3672 3672 : Used 1 time 0
---------------------------------------------------------------------------------
Start ROM, RAM, DSP, Shift Register and Retiming Reporting
---------------------------------------------------------------------------------

DSP: Preliminary Mapping Report (see note below. The ' indicates corresponding REG is set)
+-----------------------------------------------------------------------------+-------------------------------+--------+--------+--------+--------+--------+------+------+------+------+-------+------+------+
|Module Name                                                                  | DSP Mapping                   | A Size | B Size | C Size | D Size | P Size | AREG | BREG | CREG | DREG | ADREG | MREG | PREG | 
+-----------------------------------------------------------------------------+-------------------------------+--------+--------+--------+--------+--------+------+------+------+------+-------+------+------+
|SampleNeuralNet_dsp_48ns_32ns_64ns_25ns_30ns_18ns_48ns_1s_48_5_1_DSP_Builtin | ((C:0x0) or P)+((D+A'')*B'')' | 25     | 18     | 48     | 25     | 48     | 2    | 2    | 0    | 0    | 0     | 1    | 1    | 
|SampleNeuralNet_dsp_48ns_32ns_64ns_25ns_30s_18ns_48ns_1s_48_5_1_DSP_Builtin  | ((C:0x0) or P)+((D+A'')*B'')' | 25     | 18     | 48     | 25     | 48     | 2    | 2    | 0    | 0    | 0     | 1    | 1    | 
|SampleNeuralNet_dsp_48ns_32ns_64ns_25ns_30ns_18ns_48ns_1s_48_5_1_DSP_Builtin | ((C:0x0) or P)+((D+A'')*B'')' | 25     | 18     | 48     | 25     | 48     | 2    | 2    | 0    | 0    | 0     | 1    | 1    | 
|SampleNeuralNet_dsp_48ns_32ns_64ns_25ns_30ns_18ns_48ns_1s_48_5_1_DSP_Builtin | ((C:0x0) or P)+((D+A'')*B'')' | 25     | 18     | 48     | 25     | 48     | 2    | 2    | 0    | 0    | 0     | 1    | 1    | 
|SampleNeuralNet_dsp_48ns_32ns_64ns_25ns_30ns_18ns_48ns_1s_48_5_1_DSP_Builtin | ((C:0x0) or P)+((D+A'')*B'')' | 25     | 18     | 48     | 25     | 48     | 2    | 2    | 0    | 0    | 0     | 1    | 1    | 
|SampleNeuralNet_dsp_48ns_32ns_64ns_25ns_30ns_18ns_48ns_1s_48_5_1_DSP_Builtin | ((C:0x0) or P)+((D+A'')*B'')' | 25     | 18     | 48     | 25     | 48     | 2    | 2    | 0    | 0    | 0     | 1    | 1    | 
|SampleNeuralNet_dsp_48ns_32ns_64ns_25ns_30s_18ns_48ns_1s_48_5_1_DSP_Builtin  | ((C:0x0) or P)+((D+A'')*B'')' | 25     | 18     | 48     | 25     | 48     | 2    | 2    | 0    | 0    | 0     | 1    | 1    | 
|SampleNeuralNet_dsp_48ns_32ns_64ns_25ns_30s_18s_48ns_1ns_48_5_1_DSP_Builtin  | ((C:0x0) or P)+((D+A'')*B'')' | 25     | 18     | 48     | 25     | 48     | 2    | 2    | 0    | 0    | 0     | 1    | 1    | 
|SampleNeuralNet_dsp_48ns_32ns_64ns_25ns_30s_18s_48ns_1ns_48_5_1_DSP_Builtin  | ((C:0x0) or P)+((D+A'')*B'')' | 25     | 18     | 48     | 25     | 48     | 2    | 2    | 0    | 0    | 0     | 1    | 1    | 
|SampleNeuralNet_dsp_48ns_32ns_64ns_25ns_30ns_18ns_48ns_1s_48_5_1_DSP_Builtin | ((C:0x0) or P)+((D+A'')*B'')' | 25     | 18     | 48     | 25     | 48     | 2    | 2    | 0    | 0    | 0     | 1    | 1    | 
|SampleNeuralNet_dsp_48ns_32ns_64ns_25ns_30s_18ns_48ns_1s_48_5_1_DSP_Builtin  | ((C:0x0) or P)+((D+A'')*B'')' | 25     | 18     | 48     | 25     | 48     | 2    | 2    | 0    | 0    | 0     | 1    | 1    | 
|SampleNeuralNet_dsp_48ns_32ns_64ns_25ns_30ns_18ns_48ns_1s_48_5_1_DSP_Builtin | ((C:0x0) or P)+((D+A'')*B'')' | 25     | 18     | 48     | 25     | 48     | 2    | 2    | 0    | 0    | 0     | 1    | 1    | 
|SampleNeuralNet_dsp_48ns_32ns_64ns_25ns_30ns_18ns_48ns_1s_48_5_1_DSP_Builtin | ((C:0x0) or P)+((D+A'')*B'')' | 25     | 18     | 48     | 25     | 48     | 2    | 2    | 0    | 0    | 0     | 1    | 1    | 
|SampleNeuralNet_dsp_48ns_32ns_64ns_25ns_30s_18ns_48ns_1s_48_5_1_DSP_Builtin  | ((C:0x0) or P)+((D+A'')*B'')' | 25     | 18     | 48     | 25     | 48     | 2    | 2    | 0    | 0    | 0     | 1    | 1    | 
|SampleNeuralNet_dsp_48ns_32ns_64ns_25ns_30ns_18ns_48ns_1s_48_5_1_DSP_Builtin | ((C:0x0) or P)+((D+A'')*B'')' | 25     | 18     | 48     | 25     | 48     | 2    | 2    | 0    | 0    | 0     | 1    | 1    | 
|SampleNeuralNet_dsp_48ns_32ns_64ns_25ns_30s_18s_48ns_1ns_48_5_1_DSP_Builtin  | ((C:0x0) or P)+((D+A'')*B'')' | 25     | 18     | 48     | 25     | 48     | 2    | 2    | 0    | 0    | 0     | 1    | 1    | 
|SampleNeuralNet_dsp_48ns_32ns_64ns_25ns_30s_18s_48ns_1ns_48_5_1_DSP_Builtin  | ((C:0x0) or P)+((D+A'')*B'')' | 25     | 18     | 48     | 25     | 48     | 2    | 2    | 0    | 0    | 0     | 1    | 1    | 
|SampleNeuralNet_dsp_48ns_32ns_64ns_25ns_30ns_18ns_48ns_1s_48_5_1_DSP_Builtin | ((C:0x0) or P)+((D+A'')*B'')' | 25     | 18     | 48     | 25     | 48     | 2    | 2    | 0    | 0    | 0     | 1    | 1    | 
|SampleNeuralNet_dsp_48ns_32ns_64ns_25ns_30s_18ns_48ns_1s_48_5_1_DSP_Builtin  | ((C:0x0) or P)+((D+A'')*B'')' | 25     | 18     | 48     | 25     | 48     | 2    | 2    | 0    | 0    | 0     | 1    | 1    | 
|SampleNeuralNet_dsp_48ns_32ns_64ns_25ns_30ns_18ns_48ns_1s_48_5_1_DSP_Builtin | ((C:0x0) or P)+((D+A'')*B'')' | 25     | 18     | 48     | 25     | 48     | 2    | 2    | 0    | 0    | 0     | 1    | 1    | 
|SampleNeuralNet_dsp_48ns_32ns_64ns_25ns_30s_18ns_48ns_1s_48_5_1_DSP_Builtin  | ((C:0x0) or P)+((D+A'')*B'')' | 25     | 18     | 48     | 25     | 48     | 2    | 2    | 0    | 0    | 0     | 1    | 1    | 
|SampleNeuralNet_dsp_48ns_32ns_64ns_25ns_30ns_18ns_48ns_1s_48_5_1_DSP_Builtin | ((C:0x0) or P)+((D+A'')*B'')' | 25     | 18     | 48     | 25     | 48     | 2    | 2    | 0    | 0    | 0     | 1    | 1    | 
|SampleNeuralNet_dsp_48ns_32ns_64ns_25ns_30ns_18ns_48ns_1s_48_5_1_DSP_Builtin | ((C:0x0) or P)+((D+A'')*B'')' | 25     | 18     | 48     | 25     | 48     | 2    | 2    | 0    | 0    | 0     | 1    | 1    | 
|SampleNeuralNet_dsp_48ns_32ns_64ns_25ns_30s_18s_48ns_1ns_48_5_1_DSP_Builtin  | ((C:0x0) or P)+((D+A'')*B'')' | 25     | 18     | 48     | 25     | 48     | 2    | 2    | 0    | 0    | 0     | 1    | 1    | 
|SampleNeuralNet_dsp_48ns_32ns_64ns_25ns_30s_18s_48ns_1ns_48_5_1_DSP_Builtin  | ((C:0x0) or P)+((D+A'')*B'')' | 25     | 18     | 48     | 25     | 48     | 2    | 2    | 0    | 0    | 0     | 1    | 1    | 
+-----------------------------------------------------------------------------+-------------------------------+--------+--------+--------+--------+--------+------+------+------+------+-------+------+------+

Note: The table above is a preliminary report that shows the DSPs inferred at the current stage of the synthesis flow. Some DSP may be reimplemented as non DSP primitives later in the synthesis flow. Multiple instantiated DSPs are reported only once.
---------------------------------------------------------------------------------
Finished ROM, RAM, DSP, Shift Register and Retiming Reporting
---------------------------------------------------------------------------------
No constraint files found.
---------------------------------------------------------------------------------
Start Timing Optimization
---------------------------------------------------------------------------------
---------------------------------------------------------------------------------
Finished Timing Optimization : Time (s): cpu = 00:00:19 ; elapsed = 00:00:20 . Memory (MB): peak = 2472.137 ; gain = 782.887 ; free physical = 84044 ; free virtual = 123380
---------------------------------------------------------------------------------
---------------------------------------------------------------------------------
Start Technology Mapping
---------------------------------------------------------------------------------
---------------------------------------------------------------------------------
Finished Technology Mapping : Time (s): cpu = 00:00:20 ; elapsed = 00:00:22 . Memory (MB): peak = 2472.137 ; gain = 782.887 ; free physical = 84042 ; free virtual = 123378
---------------------------------------------------------------------------------
---------------------------------------------------------------------------------
Start IO Insertion
---------------------------------------------------------------------------------
---------------------------------------------------------------------------------
Start Flattening Before IO Insertion
---------------------------------------------------------------------------------
---------------------------------------------------------------------------------
Finished Flattening Before IO Insertion
---------------------------------------------------------------------------------
---------------------------------------------------------------------------------
Start Final Netlist Cleanup
---------------------------------------------------------------------------------
---------------------------------------------------------------------------------
Finished Final Netlist Cleanup
---------------------------------------------------------------------------------
---------------------------------------------------------------------------------
Finished IO Insertion : Time (s): cpu = 00:00:23 ; elapsed = 00:00:25 . Memory (MB): peak = 2472.137 ; gain = 782.887 ; free physical = 84042 ; free virtual = 123377
---------------------------------------------------------------------------------
---------------------------------------------------------------------------------
Start Renaming Generated Instances
---------------------------------------------------------------------------------
---------------------------------------------------------------------------------
Finished Renaming Generated Instances : Time (s): cpu = 00:00:24 ; elapsed = 00:00:25 . Memory (MB): peak = 2472.137 ; gain = 782.887 ; free physical = 84042 ; free virtual = 123377
---------------------------------------------------------------------------------
---------------------------------------------------------------------------------
Start Rebuilding User Hierarchy
---------------------------------------------------------------------------------
---------------------------------------------------------------------------------
Finished Rebuilding User Hierarchy : Time (s): cpu = 00:00:24 ; elapsed = 00:00:25 . Memory (MB): peak = 2472.137 ; gain = 782.887 ; free physical = 84042 ; free virtual = 123377
---------------------------------------------------------------------------------
---------------------------------------------------------------------------------
Start Renaming Generated Ports
---------------------------------------------------------------------------------
---------------------------------------------------------------------------------
Finished Renaming Generated Ports : Time (s): cpu = 00:00:24 ; elapsed = 00:00:25 . Memory (MB): peak = 2472.137 ; gain = 782.887 ; free physical = 84042 ; free virtual = 123377
---------------------------------------------------------------------------------
---------------------------------------------------------------------------------
Start Handling Custom Attributes
---------------------------------------------------------------------------------
---------------------------------------------------------------------------------
Finished Handling Custom Attributes : Time (s): cpu = 00:00:24 ; elapsed = 00:00:25 . Memory (MB): peak = 2472.137 ; gain = 782.887 ; free physical = 84042 ; free virtual = 123377
---------------------------------------------------------------------------------
---------------------------------------------------------------------------------
Start Renaming Generated Nets
---------------------------------------------------------------------------------
---------------------------------------------------------------------------------
Finished Renaming Generated Nets : Time (s): cpu = 00:00:24 ; elapsed = 00:00:25 . Memory (MB): peak = 2472.137 ; gain = 782.887 ; free physical = 84042 ; free virtual = 123377
---------------------------------------------------------------------------------
---------------------------------------------------------------------------------
Start ROM, RAM, DSP, Shift Register and Retiming Reporting
---------------------------------------------------------------------------------

Static Shift Register Report:
+----------------+--------------------------------------------------------------------------------------------------------+--------+-------+--------------+--------------------+-------------------+--------+---------+
|Module Name     | RTL Name                                                                                               | Length | Width | Reset Signal | Pull out first Reg | Pull out last Reg | SRL16E | SRLC32E | 
+----------------+--------------------------------------------------------------------------------------------------------+--------+-------+--------------+--------------------+-------------------+--------+---------+
|SampleNeuralNet | custom_dsp_dense_implementation_ap_int_16_ap_int_48_config2_U0/lshr_128ns_7ns_128_7_1_U1/buff3_reg[15] | 4      | 16    | NO           | YES                | NO                | 16     | 0       | 
|SampleNeuralNet | custom_dsp_dense_implementation_ap_int_16_ap_int_48_config2_U0/lshr_128s_7ns_128_7_1_U2/buff3_reg[15]  | 4      | 5     | NO           | NO                 | NO                | 5      | 0       | 
|SampleNeuralNet | custom_dsp_dense_implementation_ap_int_16_ap_int_48_config2_U0/dspInit_reg_654_pp0_iter10_reg_reg[0]   | 10     | 1     | NO           | NO                 | YES               | 1      | 0       | 
|SampleNeuralNet | custom_dsp_dense_implementation_ap_int_16_ap_int_48_config2_U0/dspInit_reg_654_pp0_iter15_reg_reg[0]   | 4      | 1     | NO           | NO                 | YES               | 1      | 0       | 
|SampleNeuralNet | custom_dsp_dense_implementation_ap_int_16_ap_int_48_config2_U0/icmp_ln56_reg_650_pp0_iter15_reg_reg[0] | 15     | 1     | NO           | NO                 | YES               | 1      | 0       | 
|SampleNeuralNet | custom_dsp_dense_implementation_ap_int_16_ap_int_48_config2_U0/tmp_11_reg_640_pp0_iter3_reg_reg[0]     | 4      | 1     | NO           | NO                 | NO                | 1      | 0       | 
|SampleNeuralNet | custom_dsp_dense_implementation_ap_int_16_ap_int_48_config2_U0/ap_loop_exit_ready_pp0_iter16_reg_reg   | 16     | 1     | NO           | NO                 | YES               | 1      | 0       | 
|SampleNeuralNet | custom_dsp_dense_implementation_ap_int_16_ap_int_48_config4_U0/lshr_128s_7ns_128_7_1_U44/buff3_reg[15] | 4      | 5     | NO           | NO                 | NO                | 5      | 0       | 
|SampleNeuralNet | custom_dsp_dense_implementation_ap_int_16_ap_int_48_config4_U0/ap_loop_exit_ready_pp0_iter15_reg_reg   | 15     | 1     | NO           | NO                 | YES               | 1      | 0       | 
|SampleNeuralNet | custom_dsp_dense_implementation_ap_int_16_ap_int_48_config4_U0/dspInit_reg_960_pp0_iter10_reg_reg[0]   | 7      | 1     | NO           | NO                 | YES               | 1      | 0       | 
|SampleNeuralNet | custom_dsp_dense_implementation_ap_int_16_ap_int_48_config4_U0/icmp_ln56_reg_951_pp0_iter15_reg_reg[0] | 15     | 1     | NO           | NO                 | YES               | 1      | 0       | 
|SampleNeuralNet | custom_dsp_dense_implementation_ap_int_16_ap_int_48_config4_U0/dspInit_reg_960_pp0_iter15_reg_reg[0]   | 4      | 1     | NO           | NO                 | YES               | 1      | 0       | 
|SampleNeuralNet | custom_dsp_dense_implementation_ap_int_16_ap_int_48_config4_U0/tmp_5_reg_974_pp0_iter10_reg_reg[15]    | 8      | 16    | NO           | YES                | YES               | 16     | 0       | 
|SampleNeuralNet | custom_dsp_dense_implementation_ap_int_16_ap_int_48_config4_U0/tmp_10_reg_941_pp0_iter3_reg_reg[0]     | 4      | 1     | NO           | NO                 | NO                | 1      | 0       | 
|SampleNeuralNet | custom_dsp_dense_implementation_ap_int_16_ap_int_48_config6_U0/lshr_128s_7ns_128_7_1_U87/buff3_reg[15] | 4      | 5     | NO           | NO                 | NO                | 5      | 0       | 
|SampleNeuralNet | custom_dsp_dense_implementation_ap_int_16_ap_int_48_config6_U0/ap_loop_exit_ready_pp0_iter15_reg_reg   | 15     | 1     | NO           | NO                 | YES               | 1      | 0       | 
|SampleNeuralNet | custom_dsp_dense_implementation_ap_int_16_ap_int_48_config6_U0/dspInit_reg_960_pp0_iter10_reg_reg[0]   | 7      | 1     | NO           | NO                 | YES               | 1      | 0       | 
|SampleNeuralNet | custom_dsp_dense_implementation_ap_int_16_ap_int_48_config6_U0/icmp_ln56_reg_951_pp0_iter15_reg_reg[0] | 15     | 1     | NO           | NO                 | YES               | 1      | 0       | 
|SampleNeuralNet | custom_dsp_dense_implementation_ap_int_16_ap_int_48_config6_U0/dspInit_reg_960_pp0_iter15_reg_reg[0]   | 4      | 1     | NO           | NO                 | YES               | 1      | 0       | 
|SampleNeuralNet | custom_dsp_dense_implementation_ap_int_16_ap_int_48_config6_U0/tmp_7_reg_974_pp0_iter10_reg_reg[15]    | 8      | 16    | NO           | YES                | YES               | 16     | 0       | 
|SampleNeuralNet | custom_dsp_dense_implementation_ap_int_16_ap_int_48_config6_U0/tmp_8_reg_941_pp0_iter3_reg_reg[0]      | 4      | 1     | NO           | NO                 | NO                | 1      | 0       | 
+----------------+--------------------------------------------------------------------------------------------------------+--------+-------+--------------+--------------------+-------------------+--------+---------+


Dynamic Shift Register Report:
+------------+--------------+--------+------------+--------+---------+--------+--------+--------+
|Module Name | RTL Name     | Length | Data Width | SRL16E | SRLC32E | Mux F7 | Mux F8 | Mux F9 | 
+------------+--------------+--------+------------+--------+---------+--------+--------+--------+
|dsrl        | fifo_reg[17] | 50     | 50         | 0      | 50      | 0      | 0      | 0      | 
+------------+--------------+--------+------------+--------+---------+--------+--------+--------+

---------------------------------------------------------------------------------
Finished ROM, RAM, DSP, Shift Register and Retiming Reporting
---------------------------------------------------------------------------------
---------------------------------------------------------------------------------
Start Writing Synthesis Report
---------------------------------------------------------------------------------

DSP Final Report (the ' indicates corresponding REG is set)
+-----------------------------------------------------------------------------+-------------------+--------+--------+--------+--------+--------+------+------+------+------+-------+------+------+
|Module Name                                                                  | DSP Mapping       | A Size | B Size | C Size | D Size | P Size | AREG | BREG | CREG | DREG | ADREG | MREG | PREG | 
+-----------------------------------------------------------------------------+-------------------+--------+--------+--------+--------+--------+------+------+------+------+-------+------+------+
|SampleNeuralNet_dsp_48ns_32ns_64ns_25ns_30ns_18ns_48ns_1s_48_5_1_DSP_Builtin | (C+(D+A''*B'')')' | 2      | 1      | 0      | 0      | 48     | 2    | 2    | 2    | 2    | 0     | 1    | 1    | 
|SampleNeuralNet_dsp_48ns_32ns_64ns_25ns_30ns_18ns_48ns_1s_48_5_1_DSP_Builtin | (C+(D+A''*B'')')' | 2      | 1      | 0      | 0      | 48     | 2    | 2    | 2    | 2    | 0     | 1    | 1    | 
|SampleNeuralNet_dsp_48ns_32ns_64ns_25ns_30ns_18ns_48ns_1s_48_5_1_DSP_Builtin | (C+(D+A''*B'')')' | 3      | 1      | 0      | 0      | 48     | 2    | 2    | 2    | 2    | 0     | 1    | 1    | 
|SampleNeuralNet_dsp_48ns_32ns_64ns_25ns_30ns_18ns_48ns_1s_48_5_1_DSP_Builtin | (C+(D+A''*B'')')' | 3      | 1      | 0      | 0      | 48     | 2    | 2    | 2    | 2    | 0     | 1    | 1    | 
|SampleNeuralNet_dsp_48ns_32ns_64ns_25ns_30ns_18ns_48ns_1s_48_5_1_DSP_Builtin | (C+(D+A''*B'')')' | 4      | 1      | 0      | 0      | 48     | 2    | 2    | 2    | 2    | 0     | 1    | 1    | 
|SampleNeuralNet_dsp_48ns_32ns_64ns_25ns_30s_18ns_48ns_1s_48_5_1_DSP_Builtin  | (C+(D+A''*B'')')' | 30     | 1      | 0      | 0      | 48     | 2    | 2    | 2    | 2    | 0     | 1    | 1    | 
|SampleNeuralNet_dsp_48ns_32ns_64ns_25ns_30s_18ns_48ns_1s_48_5_1_DSP_Builtin  | (C+(D+A''*B'')')' | 30     | 1      | 0      | 0      | 48     | 2    | 2    | 2    | 2    | 0     | 1    | 1    | 
|SampleNeuralNet_dsp_48ns_32ns_64ns_25ns_30s_18s_48ns_1ns_48_5_1_DSP_Builtin  | (P+(D+A''*B'')')' | 30     | 18     | -      | 0      | 48     | 2    | 2    | -    | 2    | 0     | 1    | 1    | 
|SampleNeuralNet_dsp_48ns_32ns_64ns_25ns_30s_18s_48ns_1ns_48_5_1_DSP_Builtin  | Dynamic           | -      | -      | -      | -      | 48     | -    | -    | -    | -    | 0     | 1    | 1    | 
|SampleNeuralNet_dsp_48ns_32ns_64ns_25ns_30ns_18ns_48ns_1s_48_5_1_DSP_Builtin | (C+(D+A''*B'')')' | 4      | 1      | 0      | 0      | 48     | 2    | 2    | 2    | 2    | 0     | 1    | 1    | 
|SampleNeuralNet_dsp_48ns_32ns_64ns_25ns_30ns_18ns_48ns_1s_48_5_1_DSP_Builtin | (C+(D+A''*B'')')' | 2      | 1      | 0      | 0      | 48     | 2    | 2    | 2    | 2    | 0     | 1    | 1    | 
|SampleNeuralNet_dsp_48ns_32ns_64ns_25ns_30ns_18ns_48ns_1s_48_5_1_DSP_Builtin | (C+(D+A''*B'')')' | 2      | 1      | 0      | 0      | 48     | 2    | 2    | 2    | 2    | 0     | 1    | 1    | 
|SampleNeuralNet_dsp_48ns_32ns_64ns_25ns_30ns_18ns_48ns_1s_48_5_1_DSP_Builtin | (C+(D+A''*B'')')' | 3      | 1      | 0      | 0      | 48     | 2    | 2    | 2    | 2    | 0     | 1    | 1    | 
|SampleNeuralNet_dsp_48ns_32ns_64ns_25ns_30s_18ns_48ns_1s_48_5_1_DSP_Builtin  | (C+(D+A''*B'')')' | 30     | 1      | 0      | 0      | 48     | 2    | 2    | 2    | 2    | 0     | 1    | 1    | 
|SampleNeuralNet_dsp_48ns_32ns_64ns_25ns_30s_18ns_48ns_1s_48_5_1_DSP_Builtin  | (C+(D+A''*B'')')' | 30     | 1      | 0      | 0      | 48     | 2    | 2    | 2    | 2    | 0     | 1    | 1    | 
|SampleNeuralNet_dsp_48ns_32ns_64ns_25ns_30s_18s_48ns_1ns_48_5_1_DSP_Builtin  | (P+(D+A''*B'')')' | 30     | 18     | -      | 0      | 48     | 2    | 2    | -    | 2    | 0     | 1    | 1    | 
|SampleNeuralNet_dsp_48ns_32ns_64ns_25ns_30s_18s_48ns_1ns_48_5_1_DSP_Builtin  | Dynamic           | -      | -      | -      | -      | 48     | -    | -    | -    | -    | 0     | 1    | 1    | 
|SampleNeuralNet_dsp_48ns_32ns_64ns_25ns_30ns_18ns_48ns_1s_48_5_1_DSP_Builtin | (C+(D+A''*B'')')' | 5      | 1      | 0      | 0      | 48     | 2    | 2    | 2    | 2    | 0     | 1    | 1    | 
|SampleNeuralNet_dsp_48ns_32ns_64ns_25ns_30ns_18ns_48ns_1s_48_5_1_DSP_Builtin | (C+(D+A''*B'')')' | 2      | 1      | 0      | 0      | 48     | 2    | 2    | 2    | 2    | 0     | 1    | 1    | 
|SampleNeuralNet_dsp_48ns_32ns_64ns_25ns_30ns_18ns_48ns_1s_48_5_1_DSP_Builtin | (C+(D+A''*B'')')' | 3      | 1      | 0      | 0      | 48     | 2    | 2    | 2    | 2    | 0     | 1    | 1    | 
|SampleNeuralNet_dsp_48ns_32ns_64ns_25ns_30ns_18ns_48ns_1s_48_5_1_DSP_Builtin | (C+(D+A''*B'')')' | 3      | 1      | 0      | 0      | 48     | 2    | 2    | 2    | 2    | 0     | 1    | 1    | 
|SampleNeuralNet_dsp_48ns_32ns_64ns_25ns_30s_18ns_48ns_1s_48_5_1_DSP_Builtin  | (C+(D+A''*B'')')' | 30     | 1      | 0      | 0      | 48     | 2    | 2    | 2    | 2    | 0     | 1    | 1    | 
|SampleNeuralNet_dsp_48ns_32ns_64ns_25ns_30s_18ns_48ns_1s_48_5_1_DSP_Builtin  | (C+(D+A''*B'')')' | 30     | 1      | 0      | 0      | 48     | 2    | 2    | 2    | 2    | 0     | 1    | 1    | 
|SampleNeuralNet_dsp_48ns_32ns_64ns_25ns_30s_18s_48ns_1ns_48_5_1_DSP_Builtin  | Dynamic           | -      | -      | -      | -      | 48     | -    | -    | -    | -    | 0     | 1    | 1    | 
|SampleNeuralNet_dsp_48ns_32ns_64ns_25ns_30s_18s_48ns_1ns_48_5_1_DSP_Builtin  | (P+(D+A''*B'')')' | 30     | 18     | -      | 0      | 48     | 2    | 2    | -    | 2    | 0     | 1    | 1    | 
+-----------------------------------------------------------------------------+-------------------+--------+--------+--------+--------+--------+------+------+------+------+-------+------+------+


Report BlackBoxes: 
+-+--------------+----------+
| |BlackBox name |Instances |
+-+--------------+----------+
+-+--------------+----------+

Report Cell Usage: 
+------+---------+------+
|      |Cell     |Count |
+------+---------+------+
|1     |CARRY4   |   330|
|2     |DSP48E1  |    25|
|3     |LUT1     |   393|
|4     |LUT2     |   428|
|5     |LUT3     |  2894|
|6     |LUT4     |   662|
|7     |LUT5     |   567|
|8     |LUT6     |   926|
|9     |MUXF7    |    48|
|10    |RAMB18E1 |     3|
|11    |SRL16E   |    78|
|12    |SRLC32E  |   400|
|13    |FDRE     |  9817|
|14    |FDSE     |    99|
+------+---------+------+

Report Instance Areas: 
+------+-------------------------------------------------------------------------------------+------------------------------------------------------------------------------------------------+------+
|      |Instance                                                                             |Module                                                                                          |Cells |
+------+-------------------------------------------------------------------------------------+------------------------------------------------------------------------------------------------+------+
|1     |top                                                                                  |                                                                                                | 16670|
|2     |  custom_dsp_dense_implementation_ap_int_16_ap_int_48_config2_U0                     |SampleNeuralNet_custom_dsp_dense_implementation_ap_int_16_ap_int_48_config2_s                   |  3436|
|3     |    frp_pipeline_valid_U                                                             |SampleNeuralNet_frp_pipeline_valid                                                              |    31|
|4     |    pf_ap_return_0_U                                                                 |SampleNeuralNet_frp_fifoout__1                                                                  |   142|
|5     |    pf_ap_return_1_U                                                                 |SampleNeuralNet_frp_fifoout__2                                                                  |   142|
|6     |    pf_ap_return_2_U                                                                 |SampleNeuralNet_frp_fifoout__3                                                                  |   142|
|7     |    pf_ap_return_3_U                                                                 |SampleNeuralNet_frp_fifoout__4                                                                  |   142|
|8     |    pf_ap_return_4_U                                                                 |SampleNeuralNet_frp_fifoout__5                                                                  |   142|
|9     |    pf_ap_return_5_U                                                                 |SampleNeuralNet_frp_fifoout__6                                                                  |   142|
|10    |    pf_ap_return_6_U                                                                 |SampleNeuralNet_frp_fifoout__7                                                                  |   142|
|11    |    pf_ap_return_7_U                                                                 |SampleNeuralNet_frp_fifoout                                                                     |   142|
|12    |    dsp_48ns_32ns_64ns_25ns_30ns_18ns_48ns_1s_48_5_1_U3                              |SampleNeuralNet_dsp_48ns_32ns_64ns_25ns_30ns_18ns_48ns_1s_48_5_1_173                            |     1|
|13    |      SampleNeuralNet_dsp_48ns_32ns_64ns_25ns_30ns_18ns_48ns_1s_48_5_1_DSP_Builtin_U |SampleNeuralNet_dsp_48ns_32ns_64ns_25ns_30ns_18ns_48ns_1s_48_5_1_DSP_Builtin_192                |     1|
|14    |    dsp_48ns_32ns_64ns_25ns_30ns_18ns_48ns_1s_48_5_1_U5                              |SampleNeuralNet_dsp_48ns_32ns_64ns_25ns_30ns_18ns_48ns_1s_48_5_1_174                            |     1|
|15    |      SampleNeuralNet_dsp_48ns_32ns_64ns_25ns_30ns_18ns_48ns_1s_48_5_1_DSP_Builtin_U |SampleNeuralNet_dsp_48ns_32ns_64ns_25ns_30ns_18ns_48ns_1s_48_5_1_DSP_Builtin_191                |     1|
|16    |    dsp_48ns_32ns_64ns_25ns_30ns_18ns_48ns_1s_48_5_1_U6                              |SampleNeuralNet_dsp_48ns_32ns_64ns_25ns_30ns_18ns_48ns_1s_48_5_1_175                            |     1|
|17    |      SampleNeuralNet_dsp_48ns_32ns_64ns_25ns_30ns_18ns_48ns_1s_48_5_1_DSP_Builtin_U |SampleNeuralNet_dsp_48ns_32ns_64ns_25ns_30ns_18ns_48ns_1s_48_5_1_DSP_Builtin_190                |     1|
|18    |    dsp_48ns_32ns_64ns_25ns_30ns_18ns_48ns_1s_48_5_1_U7                              |SampleNeuralNet_dsp_48ns_32ns_64ns_25ns_30ns_18ns_48ns_1s_48_5_1_176                            |     1|
|19    |      SampleNeuralNet_dsp_48ns_32ns_64ns_25ns_30ns_18ns_48ns_1s_48_5_1_DSP_Builtin_U |SampleNeuralNet_dsp_48ns_32ns_64ns_25ns_30ns_18ns_48ns_1s_48_5_1_DSP_Builtin_189                |     1|
|20    |    dsp_48ns_32ns_64ns_25ns_30ns_18ns_48ns_1s_48_5_1_U8                              |SampleNeuralNet_dsp_48ns_32ns_64ns_25ns_30ns_18ns_48ns_1s_48_5_1_177                            |     1|
|21    |      SampleNeuralNet_dsp_48ns_32ns_64ns_25ns_30ns_18ns_48ns_1s_48_5_1_DSP_Builtin_U |SampleNeuralNet_dsp_48ns_32ns_64ns_25ns_30ns_18ns_48ns_1s_48_5_1_DSP_Builtin_188                |     1|
|22    |    dsp_48ns_32ns_64ns_25ns_30s_18ns_48ns_1s_48_5_1_U4                               |SampleNeuralNet_dsp_48ns_32ns_64ns_25ns_30s_18ns_48ns_1s_48_5_1_178                             |     1|
|23    |      SampleNeuralNet_dsp_48ns_32ns_64ns_25ns_30s_18ns_48ns_1s_48_5_1_DSP_Builtin_U  |SampleNeuralNet_dsp_48ns_32ns_64ns_25ns_30s_18ns_48ns_1s_48_5_1_DSP_Builtin_187                 |     1|
|24    |    dsp_48ns_32ns_64ns_25ns_30s_18ns_48ns_1s_48_5_1_U9                               |SampleNeuralNet_dsp_48ns_32ns_64ns_25ns_30s_18ns_48ns_1s_48_5_1_179                             |     1|
|25    |      SampleNeuralNet_dsp_48ns_32ns_64ns_25ns_30s_18ns_48ns_1s_48_5_1_DSP_Builtin_U  |SampleNeuralNet_dsp_48ns_32ns_64ns_25ns_30s_18ns_48ns_1s_48_5_1_DSP_Builtin_186                 |     1|
|26    |    dsp_48ns_32ns_64ns_25ns_30s_18s_48ns_1ns_48_5_1_U10                              |SampleNeuralNet_dsp_48ns_32ns_64ns_25ns_30s_18s_48ns_1ns_48_5_1_180                             |     1|
|27    |      SampleNeuralNet_dsp_48ns_32ns_64ns_25ns_30s_18s_48ns_1ns_48_5_1_DSP_Builtin_U  |SampleNeuralNet_dsp_48ns_32ns_64ns_25ns_30s_18s_48ns_1ns_48_5_1_DSP_Builtin_185                 |     1|
|28    |    dsp_48ns_32ns_64ns_25ns_30s_18s_48ns_1ns_48_5_1_U17                              |SampleNeuralNet_dsp_48ns_32ns_64ns_25ns_30s_18s_48ns_1ns_48_5_1_181                             |    49|
|29    |      SampleNeuralNet_dsp_48ns_32ns_64ns_25ns_30s_18s_48ns_1ns_48_5_1_DSP_Builtin_U  |SampleNeuralNet_dsp_48ns_32ns_64ns_25ns_30s_18s_48ns_1ns_48_5_1_DSP_Builtin_184                 |    49|
|30    |    flow_control_loop_pipe_U                                                         |SampleNeuralNet_flow_control_loop_pipe_182                                                      |    18|
|31    |    lshr_128ns_7ns_128_7_1_U1                                                        |SampleNeuralNet_lshr_128ns_7ns_128_7_1                                                          |   228|
|32    |    lshr_128s_7ns_128_7_1_U2                                                         |SampleNeuralNet_lshr_128s_7ns_128_7_1_183                                                       |    23|
|33    |    w2_U                                                                             |SampleNeuralNet_custom_dsp_dense_implementation_ap_int_16_ap_int_48_config2_s_w2_ROM_NP_BRAM_2R |     2|
|34    |  custom_dsp_dense_implementation_ap_int_16_ap_int_48_config4_U0                     |SampleNeuralNet_custom_dsp_dense_implementation_ap_int_16_ap_int_48_config4_s                   |  2079|
|35    |    dsp_48ns_32ns_64ns_25ns_30ns_18ns_48ns_1s_48_5_1_U45                             |SampleNeuralNet_dsp_48ns_32ns_64ns_25ns_30ns_18ns_48ns_1s_48_5_1_155                            |     1|
|36    |      SampleNeuralNet_dsp_48ns_32ns_64ns_25ns_30ns_18ns_48ns_1s_48_5_1_DSP_Builtin_U |SampleNeuralNet_dsp_48ns_32ns_64ns_25ns_30ns_18ns_48ns_1s_48_5_1_DSP_Builtin_172                |     1|
|37    |    dsp_48ns_32ns_64ns_25ns_30ns_18ns_48ns_1s_48_5_1_U47                             |SampleNeuralNet_dsp_48ns_32ns_64ns_25ns_30ns_18ns_48ns_1s_48_5_1_156                            |     1|
|38    |      SampleNeuralNet_dsp_48ns_32ns_64ns_25ns_30ns_18ns_48ns_1s_48_5_1_DSP_Builtin_U |SampleNeuralNet_dsp_48ns_32ns_64ns_25ns_30ns_18ns_48ns_1s_48_5_1_DSP_Builtin_171                |     1|
|39    |    dsp_48ns_32ns_64ns_25ns_30ns_18ns_48ns_1s_48_5_1_U48                             |SampleNeuralNet_dsp_48ns_32ns_64ns_25ns_30ns_18ns_48ns_1s_48_5_1_157                            |     1|
|40    |      SampleNeuralNet_dsp_48ns_32ns_64ns_25ns_30ns_18ns_48ns_1s_48_5_1_DSP_Builtin_U |SampleNeuralNet_dsp_48ns_32ns_64ns_25ns_30ns_18ns_48ns_1s_48_5_1_DSP_Builtin_170                |     1|
|41    |    dsp_48ns_32ns_64ns_25ns_30ns_18ns_48ns_1s_48_5_1_U51                             |SampleNeuralNet_dsp_48ns_32ns_64ns_25ns_30ns_18ns_48ns_1s_48_5_1_158                            |     1|
|42    |      SampleNeuralNet_dsp_48ns_32ns_64ns_25ns_30ns_18ns_48ns_1s_48_5_1_DSP_Builtin_U |SampleNeuralNet_dsp_48ns_32ns_64ns_25ns_30ns_18ns_48ns_1s_48_5_1_DSP_Builtin_169                |     1|
|43    |    dsp_48ns_32ns_64ns_25ns_30s_18ns_48ns_1s_48_5_1_U46                              |SampleNeuralNet_dsp_48ns_32ns_64ns_25ns_30s_18ns_48ns_1s_48_5_1_159                             |     1|
|44    |      SampleNeuralNet_dsp_48ns_32ns_64ns_25ns_30s_18ns_48ns_1s_48_5_1_DSP_Builtin_U  |SampleNeuralNet_dsp_48ns_32ns_64ns_25ns_30s_18ns_48ns_1s_48_5_1_DSP_Builtin_168                 |     1|
|45    |    dsp_48ns_32ns_64ns_25ns_30s_18ns_48ns_1s_48_5_1_U49                              |SampleNeuralNet_dsp_48ns_32ns_64ns_25ns_30s_18ns_48ns_1s_48_5_1_160                             |     1|
|46    |      SampleNeuralNet_dsp_48ns_32ns_64ns_25ns_30s_18ns_48ns_1s_48_5_1_DSP_Builtin_U  |SampleNeuralNet_dsp_48ns_32ns_64ns_25ns_30s_18ns_48ns_1s_48_5_1_DSP_Builtin_167                 |     1|
|47    |    dsp_48ns_32ns_64ns_25ns_30s_18s_48ns_1ns_48_5_1_U52                              |SampleNeuralNet_dsp_48ns_32ns_64ns_25ns_30s_18s_48ns_1ns_48_5_1_161                             |     1|
|48    |      SampleNeuralNet_dsp_48ns_32ns_64ns_25ns_30s_18s_48ns_1ns_48_5_1_DSP_Builtin_U  |SampleNeuralNet_dsp_48ns_32ns_64ns_25ns_30s_18s_48ns_1ns_48_5_1_DSP_Builtin_166                 |     1|
|49    |    dsp_48ns_32ns_64ns_25ns_30s_18s_48ns_1ns_48_5_1_U59                              |SampleNeuralNet_dsp_48ns_32ns_64ns_25ns_30s_18s_48ns_1ns_48_5_1_162                             |    49|
|50    |      SampleNeuralNet_dsp_48ns_32ns_64ns_25ns_30s_18s_48ns_1ns_48_5_1_DSP_Builtin_U  |SampleNeuralNet_dsp_48ns_32ns_64ns_25ns_30s_18s_48ns_1ns_48_5_1_DSP_Builtin_165                 |    49|
|51    |    flow_control_loop_pipe_U                                                         |SampleNeuralNet_flow_control_loop_pipe_163                                                      |    18|
|52    |    lshr_128s_7ns_128_7_1_U44                                                        |SampleNeuralNet_lshr_128s_7ns_128_7_1_164                                                       |    24|
|53    |    w4_U                                                                             |SampleNeuralNet_custom_dsp_dense_implementation_ap_int_16_ap_int_48_config4_s_w4_ROM_NP_BRAM_2R |     2|
|54    |  custom_dsp_dense_implementation_ap_int_16_ap_int_48_config6_U0                     |SampleNeuralNet_custom_dsp_dense_implementation_ap_int_16_ap_int_48_config6_s                   |  2087|
|55    |    dsp_48ns_32ns_64ns_25ns_30ns_18ns_48ns_1s_48_5_1_U88                             |SampleNeuralNet_dsp_48ns_32ns_64ns_25ns_30ns_18ns_48ns_1s_48_5_1                                |     1|
|56    |      SampleNeuralNet_dsp_48ns_32ns_64ns_25ns_30ns_18ns_48ns_1s_48_5_1_DSP_Builtin_U |SampleNeuralNet_dsp_48ns_32ns_64ns_25ns_30ns_18ns_48ns_1s_48_5_1_DSP_Builtin_154                |     1|
|57    |    dsp_48ns_32ns_64ns_25ns_30ns_18ns_48ns_1s_48_5_1_U90                             |SampleNeuralNet_dsp_48ns_32ns_64ns_25ns_30ns_18ns_48ns_1s_48_5_1_145                            |     1|
|58    |      SampleNeuralNet_dsp_48ns_32ns_64ns_25ns_30ns_18ns_48ns_1s_48_5_1_DSP_Builtin_U |SampleNeuralNet_dsp_48ns_32ns_64ns_25ns_30ns_18ns_48ns_1s_48_5_1_DSP_Builtin_153                |     1|
|59    |    dsp_48ns_32ns_64ns_25ns_30ns_18ns_48ns_1s_48_5_1_U93                             |SampleNeuralNet_dsp_48ns_32ns_64ns_25ns_30ns_18ns_48ns_1s_48_5_1_146                            |     1|
|60    |      SampleNeuralNet_dsp_48ns_32ns_64ns_25ns_30ns_18ns_48ns_1s_48_5_1_DSP_Builtin_U |SampleNeuralNet_dsp_48ns_32ns_64ns_25ns_30ns_18ns_48ns_1s_48_5_1_DSP_Builtin_152                |     1|
|61    |    dsp_48ns_32ns_64ns_25ns_30ns_18ns_48ns_1s_48_5_1_U94                             |SampleNeuralNet_dsp_48ns_32ns_64ns_25ns_30ns_18ns_48ns_1s_48_5_1_147                            |     1|
|62    |      SampleNeuralNet_dsp_48ns_32ns_64ns_25ns_30ns_18ns_48ns_1s_48_5_1_DSP_Builtin_U |SampleNeuralNet_dsp_48ns_32ns_64ns_25ns_30ns_18ns_48ns_1s_48_5_1_DSP_Builtin                    |     1|
|63    |    dsp_48ns_32ns_64ns_25ns_30s_18ns_48ns_1s_48_5_1_U89                              |SampleNeuralNet_dsp_48ns_32ns_64ns_25ns_30s_18ns_48ns_1s_48_5_1                                 |     1|
|64    |      SampleNeuralNet_dsp_48ns_32ns_64ns_25ns_30s_18ns_48ns_1s_48_5_1_DSP_Builtin_U  |SampleNeuralNet_dsp_48ns_32ns_64ns_25ns_30s_18ns_48ns_1s_48_5_1_DSP_Builtin_151                 |     1|
|65    |    dsp_48ns_32ns_64ns_25ns_30s_18ns_48ns_1s_48_5_1_U91                              |SampleNeuralNet_dsp_48ns_32ns_64ns_25ns_30s_18ns_48ns_1s_48_5_1_148                             |     1|
|66    |      SampleNeuralNet_dsp_48ns_32ns_64ns_25ns_30s_18ns_48ns_1s_48_5_1_DSP_Builtin_U  |SampleNeuralNet_dsp_48ns_32ns_64ns_25ns_30s_18ns_48ns_1s_48_5_1_DSP_Builtin                     |     1|
|67    |    dsp_48ns_32ns_64ns_25ns_30s_18s_48ns_1ns_48_5_1_U102                             |SampleNeuralNet_dsp_48ns_32ns_64ns_25ns_30s_18s_48ns_1ns_48_5_1                                 |    49|
|68    |      SampleNeuralNet_dsp_48ns_32ns_64ns_25ns_30s_18s_48ns_1ns_48_5_1_DSP_Builtin_U  |SampleNeuralNet_dsp_48ns_32ns_64ns_25ns_30s_18s_48ns_1ns_48_5_1_DSP_Builtin_150                 |    49|
|69    |    dsp_48ns_32ns_64ns_25ns_30s_18s_48ns_1ns_48_5_1_U95                              |SampleNeuralNet_dsp_48ns_32ns_64ns_25ns_30s_18s_48ns_1ns_48_5_1_149                             |     1|
|70    |      SampleNeuralNet_dsp_48ns_32ns_64ns_25ns_30s_18s_48ns_1ns_48_5_1_DSP_Builtin_U  |SampleNeuralNet_dsp_48ns_32ns_64ns_25ns_30s_18s_48ns_1ns_48_5_1_DSP_Builtin                     |     1|
|71    |    flow_control_loop_pipe_U                                                         |SampleNeuralNet_flow_control_loop_pipe                                                          |    18|
|72    |    lshr_128s_7ns_128_7_1_U87                                                        |SampleNeuralNet_lshr_128s_7ns_128_7_1                                                           |    24|
|73    |    w6_U                                                                             |SampleNeuralNet_custom_dsp_dense_implementation_ap_int_16_ap_int_48_config6_s_w6_ROM_NP_BRAM_2R |     2|
|74    |  layer2_out_1_U                                                                     |SampleNeuralNet_fifo_w48_d2_S                                                                   |   163|
|75    |    U_SampleNeuralNet_fifo_w48_d2_S_ShiftReg                                         |SampleNeuralNet_fifo_w48_d2_S_ShiftReg_144                                                      |   145|
|76    |  layer2_out_2_U                                                                     |SampleNeuralNet_fifo_w48_d2_S_0                                                                 |   161|
|77    |    U_SampleNeuralNet_fifo_w48_d2_S_ShiftReg                                         |SampleNeuralNet_fifo_w48_d2_S_ShiftReg_143                                                      |   145|
|78    |  layer2_out_3_U                                                                     |SampleNeuralNet_fifo_w48_d2_S_1                                                                 |   160|
|79    |    U_SampleNeuralNet_fifo_w48_d2_S_ShiftReg                                         |SampleNeuralNet_fifo_w48_d2_S_ShiftReg_142                                                      |   145|
|80    |  layer2_out_4_U                                                                     |SampleNeuralNet_fifo_w48_d2_S_2                                                                 |   160|
|81    |    U_SampleNeuralNet_fifo_w48_d2_S_ShiftReg                                         |SampleNeuralNet_fifo_w48_d2_S_ShiftReg_141                                                      |   145|
|82    |  layer2_out_5_U                                                                     |SampleNeuralNet_fifo_w48_d2_S_3                                                                 |   160|
|83    |    U_SampleNeuralNet_fifo_w48_d2_S_ShiftReg                                         |SampleNeuralNet_fifo_w48_d2_S_ShiftReg_140                                                      |   145|
|84    |  layer2_out_6_U                                                                     |SampleNeuralNet_fifo_w48_d2_S_4                                                                 |   159|
|85    |    U_SampleNeuralNet_fifo_w48_d2_S_ShiftReg                                         |SampleNeuralNet_fifo_w48_d2_S_ShiftReg_139                                                      |   145|
|86    |  layer2_out_7_U                                                                     |SampleNeuralNet_fifo_w48_d2_S_5                                                                 |   160|
|87    |    U_SampleNeuralNet_fifo_w48_d2_S_ShiftReg                                         |SampleNeuralNet_fifo_w48_d2_S_ShiftReg_138                                                      |   145|
|88    |  layer2_out_U                                                                       |SampleNeuralNet_fifo_w48_d2_S_6                                                                 |   159|
|89    |    U_SampleNeuralNet_fifo_w48_d2_S_ShiftReg                                         |SampleNeuralNet_fifo_w48_d2_S_ShiftReg_137                                                      |   145|
|90    |  layer3_out_1_U                                                                     |SampleNeuralNet_fifo_w16_d2_S                                                                   |    63|
|91    |    U_SampleNeuralNet_fifo_w16_d2_S_ShiftReg                                         |SampleNeuralNet_fifo_w16_d2_S_ShiftReg_136                                                      |    48|
|92    |  layer3_out_2_U                                                                     |SampleNeuralNet_fifo_w16_d2_S_7                                                                 |    62|
|93    |    U_SampleNeuralNet_fifo_w16_d2_S_ShiftReg                                         |SampleNeuralNet_fifo_w16_d2_S_ShiftReg_135                                                      |    48|
|94    |  layer3_out_3_U                                                                     |SampleNeuralNet_fifo_w16_d2_S_8                                                                 |    62|
|95    |    U_SampleNeuralNet_fifo_w16_d2_S_ShiftReg                                         |SampleNeuralNet_fifo_w16_d2_S_ShiftReg_134                                                      |    48|
|96    |  layer3_out_4_U                                                                     |SampleNeuralNet_fifo_w16_d2_S_9                                                                 |    64|
|97    |    U_SampleNeuralNet_fifo_w16_d2_S_ShiftReg                                         |SampleNeuralNet_fifo_w16_d2_S_ShiftReg_133                                                      |    48|
|98    |  layer3_out_5_U                                                                     |SampleNeuralNet_fifo_w16_d2_S_10                                                                |    62|
|99    |    U_SampleNeuralNet_fifo_w16_d2_S_ShiftReg                                         |SampleNeuralNet_fifo_w16_d2_S_ShiftReg_132                                                      |    48|
|100   |  layer3_out_6_U                                                                     |SampleNeuralNet_fifo_w16_d2_S_11                                                                |    63|
|101   |    U_SampleNeuralNet_fifo_w16_d2_S_ShiftReg                                         |SampleNeuralNet_fifo_w16_d2_S_ShiftReg_131                                                      |    48|
|102   |  layer3_out_7_U                                                                     |SampleNeuralNet_fifo_w16_d2_S_12                                                                |    62|
|103   |    U_SampleNeuralNet_fifo_w16_d2_S_ShiftReg                                         |SampleNeuralNet_fifo_w16_d2_S_ShiftReg_130                                                      |    48|
|104   |  layer3_out_U                                                                       |SampleNeuralNet_fifo_w16_d2_S_13                                                                |    63|
|105   |    U_SampleNeuralNet_fifo_w16_d2_S_ShiftReg                                         |SampleNeuralNet_fifo_w16_d2_S_ShiftReg_129                                                      |    48|
|106   |  layer4_out_1_U                                                                     |SampleNeuralNet_fifo_w48_d2_S_14                                                                |   172|
|107   |    U_SampleNeuralNet_fifo_w48_d2_S_ShiftReg                                         |SampleNeuralNet_fifo_w48_d2_S_ShiftReg_128                                                      |   144|
|108   |  layer4_out_2_U                                                                     |SampleNeuralNet_fifo_w48_d2_S_15                                                                |   157|
|109   |    U_SampleNeuralNet_fifo_w48_d2_S_ShiftReg                                         |SampleNeuralNet_fifo_w48_d2_S_ShiftReg_127                                                      |   144|
|110   |  layer4_out_3_U                                                                     |SampleNeuralNet_fifo_w48_d2_S_16                                                                |   157|
|111   |    U_SampleNeuralNet_fifo_w48_d2_S_ShiftReg                                         |SampleNeuralNet_fifo_w48_d2_S_ShiftReg_126                                                      |   144|
|112   |  layer4_out_4_U                                                                     |SampleNeuralNet_fifo_w48_d2_S_17                                                                |   163|
|113   |    U_SampleNeuralNet_fifo_w48_d2_S_ShiftReg                                         |SampleNeuralNet_fifo_w48_d2_S_ShiftReg_125                                                      |   144|
|114   |  layer4_out_5_U                                                                     |SampleNeuralNet_fifo_w48_d2_S_18                                                                |   157|
|115   |    U_SampleNeuralNet_fifo_w48_d2_S_ShiftReg                                         |SampleNeuralNet_fifo_w48_d2_S_ShiftReg_124                                                      |   144|
|116   |  layer4_out_6_U                                                                     |SampleNeuralNet_fifo_w48_d2_S_19                                                                |   157|
|117   |    U_SampleNeuralNet_fifo_w48_d2_S_ShiftReg                                         |SampleNeuralNet_fifo_w48_d2_S_ShiftReg_123                                                      |   144|
|118   |  layer4_out_7_U                                                                     |SampleNeuralNet_fifo_w48_d2_S_20                                                                |   157|
|119   |    U_SampleNeuralNet_fifo_w48_d2_S_ShiftReg                                         |SampleNeuralNet_fifo_w48_d2_S_ShiftReg_122                                                      |   144|
|120   |  layer4_out_U                                                                       |SampleNeuralNet_fifo_w48_d2_S_21                                                                |   157|
|121   |    U_SampleNeuralNet_fifo_w48_d2_S_ShiftReg                                         |SampleNeuralNet_fifo_w48_d2_S_ShiftReg_121                                                      |   144|
|122   |  layer5_out_1_U                                                                     |SampleNeuralNet_fifo_w16_d2_S_22                                                                |    63|
|123   |    U_SampleNeuralNet_fifo_w16_d2_S_ShiftReg                                         |SampleNeuralNet_fifo_w16_d2_S_ShiftReg_120                                                      |    48|
|124   |  layer5_out_2_U                                                                     |SampleNeuralNet_fifo_w16_d2_S_23                                                                |    63|
|125   |    U_SampleNeuralNet_fifo_w16_d2_S_ShiftReg                                         |SampleNeuralNet_fifo_w16_d2_S_ShiftReg_119                                                      |    48|
|126   |  layer5_out_3_U                                                                     |SampleNeuralNet_fifo_w16_d2_S_24                                                                |    62|
|127   |    U_SampleNeuralNet_fifo_w16_d2_S_ShiftReg                                         |SampleNeuralNet_fifo_w16_d2_S_ShiftReg_118                                                      |    48|
|128   |  layer5_out_4_U                                                                     |SampleNeuralNet_fifo_w16_d2_S_25                                                                |    64|
|129   |    U_SampleNeuralNet_fifo_w16_d2_S_ShiftReg                                         |SampleNeuralNet_fifo_w16_d2_S_ShiftReg_117                                                      |    48|
|130   |  layer5_out_5_U                                                                     |SampleNeuralNet_fifo_w16_d2_S_26                                                                |    62|
|131   |    U_SampleNeuralNet_fifo_w16_d2_S_ShiftReg                                         |SampleNeuralNet_fifo_w16_d2_S_ShiftReg_116                                                      |    48|
|132   |  layer5_out_6_U                                                                     |SampleNeuralNet_fifo_w16_d2_S_27                                                                |    62|
|133   |    U_SampleNeuralNet_fifo_w16_d2_S_ShiftReg                                         |SampleNeuralNet_fifo_w16_d2_S_ShiftReg_115                                                      |    48|
|134   |  layer5_out_7_U                                                                     |SampleNeuralNet_fifo_w16_d2_S_28                                                                |    62|
|135   |    U_SampleNeuralNet_fifo_w16_d2_S_ShiftReg                                         |SampleNeuralNet_fifo_w16_d2_S_ShiftReg_114                                                      |    48|
|136   |  layer5_out_U                                                                       |SampleNeuralNet_fifo_w16_d2_S_29                                                                |    62|
|137   |    U_SampleNeuralNet_fifo_w16_d2_S_ShiftReg                                         |SampleNeuralNet_fifo_w16_d2_S_ShiftReg                                                          |    48|
|138   |  layer6_out_1_U                                                                     |SampleNeuralNet_fifo_w48_d2_S_30                                                                |   158|
|139   |    U_SampleNeuralNet_fifo_w48_d2_S_ShiftReg                                         |SampleNeuralNet_fifo_w48_d2_S_ShiftReg_113                                                      |   144|
|140   |  layer6_out_2_U                                                                     |SampleNeuralNet_fifo_w48_d2_S_31                                                                |   158|
|141   |    U_SampleNeuralNet_fifo_w48_d2_S_ShiftReg                                         |SampleNeuralNet_fifo_w48_d2_S_ShiftReg_112                                                      |   144|
|142   |  layer6_out_3_U                                                                     |SampleNeuralNet_fifo_w48_d2_S_32                                                                |   158|
|143   |    U_SampleNeuralNet_fifo_w48_d2_S_ShiftReg                                         |SampleNeuralNet_fifo_w48_d2_S_ShiftReg_111                                                      |   144|
|144   |  layer6_out_4_U                                                                     |SampleNeuralNet_fifo_w48_d2_S_33                                                                |   158|
|145   |    U_SampleNeuralNet_fifo_w48_d2_S_ShiftReg                                         |SampleNeuralNet_fifo_w48_d2_S_ShiftReg_110                                                      |   144|
|146   |  layer6_out_5_U                                                                     |SampleNeuralNet_fifo_w48_d2_S_34                                                                |   160|
|147   |    U_SampleNeuralNet_fifo_w48_d2_S_ShiftReg                                         |SampleNeuralNet_fifo_w48_d2_S_ShiftReg_109                                                      |   144|
|148   |  layer6_out_6_U                                                                     |SampleNeuralNet_fifo_w48_d2_S_35                                                                |   158|
|149   |    U_SampleNeuralNet_fifo_w48_d2_S_ShiftReg                                         |SampleNeuralNet_fifo_w48_d2_S_ShiftReg_108                                                      |   144|
|150   |  layer6_out_7_U                                                                     |SampleNeuralNet_fifo_w48_d2_S_36                                                                |   158|
|151   |    U_SampleNeuralNet_fifo_w48_d2_S_ShiftReg                                         |SampleNeuralNet_fifo_w48_d2_S_ShiftReg_107                                                      |   144|
|152   |  layer6_out_U                                                                       |SampleNeuralNet_fifo_w48_d2_S_37                                                                |   160|
|153   |    U_SampleNeuralNet_fifo_w48_d2_S_ShiftReg                                         |SampleNeuralNet_fifo_w48_d2_S_ShiftReg                                                          |   144|
|154   |  thresholded_relu_ap_int_48_ap_int_48_ap_int_16_thresholdedrelu_config3_U0          |SampleNeuralNet_thresholded_relu_ap_int_48_ap_int_48_ap_int_16_thresholdedrelu_config3_s        |  1366|
|155   |    icmp_48s_48s_1_2_1_U26                                                           |SampleNeuralNet_icmp_48s_48s_1_2_1_83                                                           |    54|
|156   |      base                                                                           |SampleNeuralNet_icmp_48s_48s_1_2_1_sub_105                                                      |    54|
|157   |        u2                                                                           |SampleNeuralNet_icmp_48s_48s_1_2_1_sub_comb_adder__parameterized0_106                           |     7|
|158   |    icmp_48s_48s_1_2_1_U27                                                           |SampleNeuralNet_icmp_48s_48s_1_2_1_84                                                           |    54|
|159   |      base                                                                           |SampleNeuralNet_icmp_48s_48s_1_2_1_sub_103                                                      |    54|
|160   |        u2                                                                           |SampleNeuralNet_icmp_48s_48s_1_2_1_sub_comb_adder__parameterized0_104                           |     7|
|161   |    icmp_48s_48s_1_2_1_U28                                                           |SampleNeuralNet_icmp_48s_48s_1_2_1_85                                                           |    54|
|162   |      base                                                                           |SampleNeuralNet_icmp_48s_48s_1_2_1_sub_101                                                      |    54|
|163   |        u2                                                                           |SampleNeuralNet_icmp_48s_48s_1_2_1_sub_comb_adder__parameterized0_102                           |     7|
|164   |    icmp_48s_48s_1_2_1_U29                                                           |SampleNeuralNet_icmp_48s_48s_1_2_1_86                                                           |    54|
|165   |      base                                                                           |SampleNeuralNet_icmp_48s_48s_1_2_1_sub_99                                                       |    54|
|166   |        u2                                                                           |SampleNeuralNet_icmp_48s_48s_1_2_1_sub_comb_adder__parameterized0_100                           |     7|
|167   |    icmp_48s_48s_1_2_1_U30                                                           |SampleNeuralNet_icmp_48s_48s_1_2_1_87                                                           |    54|
|168   |      base                                                                           |SampleNeuralNet_icmp_48s_48s_1_2_1_sub_97                                                       |    54|
|169   |        u2                                                                           |SampleNeuralNet_icmp_48s_48s_1_2_1_sub_comb_adder__parameterized0_98                            |     7|
|170   |    icmp_48s_48s_1_2_1_U31                                                           |SampleNeuralNet_icmp_48s_48s_1_2_1_88                                                           |    54|
|171   |      base                                                                           |SampleNeuralNet_icmp_48s_48s_1_2_1_sub_95                                                       |    54|
|172   |        u2                                                                           |SampleNeuralNet_icmp_48s_48s_1_2_1_sub_comb_adder__parameterized0_96                            |     7|
|173   |    icmp_48s_48s_1_2_1_U32                                                           |SampleNeuralNet_icmp_48s_48s_1_2_1_89                                                           |    54|
|174   |      base                                                                           |SampleNeuralNet_icmp_48s_48s_1_2_1_sub_93                                                       |    54|
|175   |        u2                                                                           |SampleNeuralNet_icmp_48s_48s_1_2_1_sub_comb_adder__parameterized0_94                            |     7|
|176   |    icmp_48s_48s_1_2_1_U33                                                           |SampleNeuralNet_icmp_48s_48s_1_2_1_90                                                           |    54|
|177   |      base                                                                           |SampleNeuralNet_icmp_48s_48s_1_2_1_sub_91                                                       |    54|
|178   |        u2                                                                           |SampleNeuralNet_icmp_48s_48s_1_2_1_sub_comb_adder__parameterized0_92                            |     7|
|179   |  thresholded_relu_ap_int_48_ap_int_48_ap_int_16_thresholdedrelu_config5_U0          |SampleNeuralNet_thresholded_relu_ap_int_48_ap_int_48_ap_int_16_thresholdedrelu_config5_s        |  1366|
|180   |    icmp_48s_48s_1_2_1_U70                                                           |SampleNeuralNet_icmp_48s_48s_1_2_1_59                                                           |    54|
|181   |      base                                                                           |SampleNeuralNet_icmp_48s_48s_1_2_1_sub_81                                                       |    54|
|182   |        u2                                                                           |SampleNeuralNet_icmp_48s_48s_1_2_1_sub_comb_adder__parameterized0_82                            |     7|
|183   |    icmp_48s_48s_1_2_1_U71                                                           |SampleNeuralNet_icmp_48s_48s_1_2_1_60                                                           |    54|
|184   |      base                                                                           |SampleNeuralNet_icmp_48s_48s_1_2_1_sub_79                                                       |    54|
|185   |        u2                                                                           |SampleNeuralNet_icmp_48s_48s_1_2_1_sub_comb_adder__parameterized0_80                            |     7|
|186   |    icmp_48s_48s_1_2_1_U72                                                           |SampleNeuralNet_icmp_48s_48s_1_2_1_61                                                           |    54|
|187   |      base                                                                           |SampleNeuralNet_icmp_48s_48s_1_2_1_sub_77                                                       |    54|
|188   |        u2                                                                           |SampleNeuralNet_icmp_48s_48s_1_2_1_sub_comb_adder__parameterized0_78                            |     7|
|189   |    icmp_48s_48s_1_2_1_U73                                                           |SampleNeuralNet_icmp_48s_48s_1_2_1_62                                                           |    54|
|190   |      base                                                                           |SampleNeuralNet_icmp_48s_48s_1_2_1_sub_75                                                       |    54|
|191   |        u2                                                                           |SampleNeuralNet_icmp_48s_48s_1_2_1_sub_comb_adder__parameterized0_76                            |     7|
|192   |    icmp_48s_48s_1_2_1_U74                                                           |SampleNeuralNet_icmp_48s_48s_1_2_1_63                                                           |    54|
|193   |      base                                                                           |SampleNeuralNet_icmp_48s_48s_1_2_1_sub_73                                                       |    54|
|194   |        u2                                                                           |SampleNeuralNet_icmp_48s_48s_1_2_1_sub_comb_adder__parameterized0_74                            |     7|
|195   |    icmp_48s_48s_1_2_1_U75                                                           |SampleNeuralNet_icmp_48s_48s_1_2_1_64                                                           |    54|
|196   |      base                                                                           |SampleNeuralNet_icmp_48s_48s_1_2_1_sub_71                                                       |    54|
|197   |        u2                                                                           |SampleNeuralNet_icmp_48s_48s_1_2_1_sub_comb_adder__parameterized0_72                            |     7|
|198   |    icmp_48s_48s_1_2_1_U76                                                           |SampleNeuralNet_icmp_48s_48s_1_2_1_65                                                           |    54|
|199   |      base                                                                           |SampleNeuralNet_icmp_48s_48s_1_2_1_sub_69                                                       |    54|
|200   |        u2                                                                           |SampleNeuralNet_icmp_48s_48s_1_2_1_sub_comb_adder__parameterized0_70                            |     7|
|201   |    icmp_48s_48s_1_2_1_U77                                                           |SampleNeuralNet_icmp_48s_48s_1_2_1_66                                                           |    54|
|202   |      base                                                                           |SampleNeuralNet_icmp_48s_48s_1_2_1_sub_67                                                       |    54|
|203   |        u2                                                                           |SampleNeuralNet_icmp_48s_48s_1_2_1_sub_comb_adder__parameterized0_68                            |     7|
|204   |  thresholded_relu_ap_int_48_ap_int_48_ap_int_16_thresholdedrelu_config7_U0          |SampleNeuralNet_thresholded_relu_ap_int_48_ap_int_48_ap_int_16_thresholdedrelu_config7_s        |  1468|
|205   |    icmp_48s_48s_1_2_1_U112                                                          |SampleNeuralNet_icmp_48s_48s_1_2_1                                                              |    54|
|206   |      base                                                                           |SampleNeuralNet_icmp_48s_48s_1_2_1_sub_57                                                       |    54|
|207   |        u2                                                                           |SampleNeuralNet_icmp_48s_48s_1_2_1_sub_comb_adder__parameterized0_58                            |     7|
|208   |    icmp_48s_48s_1_2_1_U113                                                          |SampleNeuralNet_icmp_48s_48s_1_2_1_38                                                           |    54|
|209   |      base                                                                           |SampleNeuralNet_icmp_48s_48s_1_2_1_sub_55                                                       |    54|
|210   |        u2                                                                           |SampleNeuralNet_icmp_48s_48s_1_2_1_sub_comb_adder__parameterized0_56                            |     7|
|211   |    icmp_48s_48s_1_2_1_U114                                                          |SampleNeuralNet_icmp_48s_48s_1_2_1_39                                                           |    54|
|212   |      base                                                                           |SampleNeuralNet_icmp_48s_48s_1_2_1_sub_53                                                       |    54|
|213   |        u2                                                                           |SampleNeuralNet_icmp_48s_48s_1_2_1_sub_comb_adder__parameterized0_54                            |     7|
|214   |    icmp_48s_48s_1_2_1_U115                                                          |SampleNeuralNet_icmp_48s_48s_1_2_1_40                                                           |    54|
|215   |      base                                                                           |SampleNeuralNet_icmp_48s_48s_1_2_1_sub_51                                                       |    54|
|216   |        u2                                                                           |SampleNeuralNet_icmp_48s_48s_1_2_1_sub_comb_adder__parameterized0_52                            |     7|
|217   |    icmp_48s_48s_1_2_1_U116                                                          |SampleNeuralNet_icmp_48s_48s_1_2_1_41                                                           |    54|
|218   |      base                                                                           |SampleNeuralNet_icmp_48s_48s_1_2_1_sub_49                                                       |    54|
|219   |        u2                                                                           |SampleNeuralNet_icmp_48s_48s_1_2_1_sub_comb_adder__parameterized0_50                            |     7|
|220   |    icmp_48s_48s_1_2_1_U117                                                          |SampleNeuralNet_icmp_48s_48s_1_2_1_42                                                           |    54|
|221   |      base                                                                           |SampleNeuralNet_icmp_48s_48s_1_2_1_sub_47                                                       |    54|
|222   |        u2                                                                           |SampleNeuralNet_icmp_48s_48s_1_2_1_sub_comb_adder__parameterized0_48                            |     7|
|223   |    icmp_48s_48s_1_2_1_U118                                                          |SampleNeuralNet_icmp_48s_48s_1_2_1_43                                                           |    54|
|224   |      base                                                                           |SampleNeuralNet_icmp_48s_48s_1_2_1_sub_45                                                       |    54|
|225   |        u2                                                                           |SampleNeuralNet_icmp_48s_48s_1_2_1_sub_comb_adder__parameterized0_46                            |     7|
|226   |    icmp_48s_48s_1_2_1_U119                                                          |SampleNeuralNet_icmp_48s_48s_1_2_1_44                                                           |    54|
|227   |      base                                                                           |SampleNeuralNet_icmp_48s_48s_1_2_1_sub                                                          |    54|
|228   |        u2                                                                           |SampleNeuralNet_icmp_48s_48s_1_2_1_sub_comb_adder__parameterized0                               |     7|
+------+-------------------------------------------------------------------------------------+------------------------------------------------------------------------------------------------+------+
---------------------------------------------------------------------------------
Finished Writing Synthesis Report : Time (s): cpu = 00:00:24 ; elapsed = 00:00:25 . Memory (MB): peak = 2472.137 ; gain = 782.887 ; free physical = 84042 ; free virtual = 123377
---------------------------------------------------------------------------------
Synthesis finished with 0 errors, 0 critical warnings and 648 warnings.
Synthesis Optimization Runtime : Time (s): cpu = 00:00:24 ; elapsed = 00:00:26 . Memory (MB): peak = 2472.137 ; gain = 782.887 ; free physical = 84041 ; free virtual = 123377
Synthesis Optimization Complete : Time (s): cpu = 00:00:24 ; elapsed = 00:00:26 . Memory (MB): peak = 2472.145 ; gain = 782.887 ; free physical = 84041 ; free virtual = 123377
INFO: [Project 1-571] Translating synthesized netlist
Netlist sorting complete. Time (s): cpu = 00:00:00.09 ; elapsed = 00:00:00.1 . Memory (MB): peak = 2472.145 ; gain = 0.000 ; free physical = 84354 ; free virtual = 123689
INFO: [Netlist 29-17] Analyzing 406 Unisim elements for replacement
INFO: [Netlist 29-28] Unisim Transformation completed in 0 CPU seconds
INFO: [Project 1-570] Preparing netlist for logic optimization
INFO: [Opt 31-138] Pushed 0 inverter(s) to 0 load pin(s).
Netlist sorting complete. Time (s): cpu = 00:00:00 ; elapsed = 00:00:00 . Memory (MB): peak = 2560.977 ; gain = 0.000 ; free physical = 84335 ; free virtual = 123671
INFO: [Project 1-111] Unisim Transformation Summary:
No Unisim elements were transformed.

Synth Design complete | Checksum: 24e48109
INFO: [Common 17-83] Releasing license: Synthesis
98 Infos, 207 Warnings, 0 Critical Warnings and 0 Errors encountered.
synth_design completed successfully
synth_design: Time (s): cpu = 00:00:30 ; elapsed = 00:00:29 . Memory (MB): peak = 2560.977 ; gain = 877.699 ; free physical = 84335 ; free virtual = 123671
INFO: [Common 17-2834] synth_design peak Physical Memory [PSS] (MB): overall = 2312.027; main = 2035.150; forked = 454.199
INFO: [Common 17-2834] synth_design peak Virtual Memory [VSS] (MB): overall = 3497.965; main = 2560.977; forked = 1025.828
# create_clock -name ap_clk -period 4.000 [get_ports ap_clk]
# file mkdir ./Analysis_Verilog
# report_timing_summary -file ./Analysis_Verilog/Timing_Report_Synthesis.rpt
INFO: [Timing 38-35] Done setting XDC timing constraints.
INFO: [Timing 38-91] UpdateTimingParams: Speed grade: -1, Delay Type: min_max.
INFO: [Timing 38-191] Multithreading enabled for timing update using a maximum of 8 CPUs
WARNING: [Timing 38-242] The property HD.CLK_SRC of clock port "ap_clk" is not set. In out-of-context mode, this prevents timing estimation for clock delay/skew
Resolution: Set the HD.CLK_SRC property of the out-of-context port to the location of the clock buffer instance in the top-level design
report_timing_summary: Time (s): cpu = 00:00:07 ; elapsed = 00:00:06 . Memory (MB): peak = 2863.961 ; gain = 302.984 ; free physical = 84113 ; free virtual = 123449
# report_timing -max_paths 20 -file ./Analysis_Verilog/Timing_Paths_Synthesis.rpt
INFO: [Timing 38-91] UpdateTimingParams: Speed grade: -1, Delay Type: max.
INFO: [Timing 38-191] Multithreading enabled for timing update using a maximum of 8 CPUs
INFO: [Timing 38-78] ReportTimingParams: -max_paths 20 -nworst 1 -delay_type max -sort_by slack.
# report_utilization -hierarchical -file ./Analysis_Verilog/Utilization_Report_Synthesis.rpt
# set dsps [get_cells -hierarchical -filter {REF_NAME == DSP48E1}]
# set fh [open "./Analysis_Verilog/DSP_Properties.rpt" w]
# puts $fh "DSP48E1 count: [llength $dsps]"
# puts $fh ""
# foreach dsp $dsps {
#     puts $fh "--------------------------------------------------"
#     puts $fh "DSP: $dsp"
# 
#     foreach prop {
#         AREG
#         BREG
#         MREG
#         PREG
#         CREG
#         OPMODEREG
#         ALUMODEREG
#         USE_MULT
#         PRIMITIVE_TYPE
#     } {
#         puts $fh "$prop = [get_property $prop $dsp]"
#     }
# 
#     puts $fh ""
# }
# close $fh
# write_checkpoint -force ./Analysis_Verilog/Post_Synthesis.dcp
INFO: [Timing 38-480] Writing timing data to binary archive.
Write ShapeDB Complete: Time (s): cpu = 00:00:00.04 ; elapsed = 00:00:00.02 . Memory (MB): peak = 2913.789 ; gain = 0.000 ; free physical = 84095 ; free virtual = 123432
INFO: [Common 17-1381] The checkpoint '/home/eim32828/Desktop/Vitis_HLS_Gens/SampleNeuralNets_2_9_v2/Custom/Analysis_Verilog/Post_Synthesis.dcp' has been generated.
# opt_design
Command: opt_design
Attempting to get a license for feature 'Implementation' and/or device 'xc7z010'
INFO: [Common 17-349] Got license for feature 'Implementation' and/or device 'xc7z010'
Running DRC as a precondition to command opt_design

Starting DRC Task
INFO: [DRC 23-27] Running DRC with 8 threads
INFO: [Project 1-461] DRC finished with 0 Errors
INFO: [Project 1-462] Please refer to the DRC report (report_drc) for more information.

Time (s): cpu = 00:00:00.97 ; elapsed = 00:00:00.6 . Memory (MB): peak = 2974.523 ; gain = 60.734 ; free physical = 84041 ; free virtual = 123399

Starting Cache Timing Information Task
Ending Cache Timing Information Task | Checksum: d65bbc7b

Time (s): cpu = 00:00:00 ; elapsed = 00:00:00 . Memory (MB): peak = 2974.523 ; gain = 0.000 ; free physical = 84041 ; free virtual = 123399

Starting Logic Optimization Task

Phase 1 Initialization

Phase 1.1 Core Generation And Design Setup
Phase 1.1 Core Generation And Design Setup | Checksum: d65bbc7b

Time (s): cpu = 00:00:00 ; elapsed = 00:00:00 . Memory (MB): peak = 3168.508 ; gain = 0.000 ; free physical = 83809 ; free virtual = 123167

Phase 1.2 Setup Constraints And Sort Netlist
Phase 1.2 Setup Constraints And Sort Netlist | Checksum: d65bbc7b

Time (s): cpu = 00:00:00.01 ; elapsed = 00:00:00.01 . Memory (MB): peak = 3168.508 ; gain = 0.000 ; free physical = 83809 ; free virtual = 123167
Phase 1 Initialization | Checksum: d65bbc7b

Time (s): cpu = 00:00:00.01 ; elapsed = 00:00:00.01 . Memory (MB): peak = 3168.508 ; gain = 0.000 ; free physical = 83809 ; free virtual = 123167

Phase 2 Timer Update And Timing Data Collection

Phase 2.1 Timer Update
Phase 2.1 Timer Update | Checksum: d65bbc7b

Time (s): cpu = 00:00:00.28 ; elapsed = 00:00:00.09 . Memory (MB): peak = 3168.508 ; gain = 0.000 ; free physical = 83809 ; free virtual = 123167

Phase 2.2 Timing Data Collection
Phase 2.2 Timing Data Collection | Checksum: d65bbc7b

Time (s): cpu = 00:00:00.29 ; elapsed = 00:00:00.11 . Memory (MB): peak = 3168.508 ; gain = 0.000 ; free physical = 83808 ; free virtual = 123166
Phase 2 Timer Update And Timing Data Collection | Checksum: d65bbc7b

Time (s): cpu = 00:00:00.29 ; elapsed = 00:00:00.11 . Memory (MB): peak = 3168.508 ; gain = 0.000 ; free physical = 83808 ; free virtual = 123166

Phase 3 Retarget
INFO: [Opt 31-1834] Total Chains To Be Transformed Were: 0 AND Number of Transformed insts Created are: 0
INFO: [Opt 31-138] Pushed 0 inverter(s) to 0 load pin(s).
INFO: [Opt 31-49] Retargeted 0 cell(s).
Phase 3 Retarget | Checksum: 19baf0f99

Time (s): cpu = 00:00:00.49 ; elapsed = 00:00:00.24 . Memory (MB): peak = 3168.508 ; gain = 0.000 ; free physical = 83807 ; free virtual = 123165
Retarget | Checksum: 19baf0f99
INFO: [Opt 31-389] Phase Retarget created 32 cells and removed 32 cells

Phase 4 Constant propagation
INFO: [Opt 31-138] Pushed 0 inverter(s) to 0 load pin(s).
Phase 4 Constant propagation | Checksum: 1767d5607

Time (s): cpu = 00:00:00.56 ; elapsed = 00:00:00.31 . Memory (MB): peak = 3168.508 ; gain = 0.000 ; free physical = 83807 ; free virtual = 123165
Constant propagation | Checksum: 1767d5607
INFO: [Opt 31-389] Phase Constant propagation created 32 cells and removed 40 cells

Phase 5 Sweep
Phase 5 Sweep | Checksum: 212548f6c

Time (s): cpu = 00:00:00.67 ; elapsed = 00:00:00.43 . Memory (MB): peak = 3168.508 ; gain = 0.000 ; free physical = 83807 ; free virtual = 123165
Sweep | Checksum: 212548f6c
INFO: [Opt 31-389] Phase Sweep created 0 cells and removed 16 cells

Phase 6 BUFG optimization
Phase 6 BUFG optimization | Checksum: 212548f6c

Time (s): cpu = 00:00:00.71 ; elapsed = 00:00:00.46 . Memory (MB): peak = 3168.508 ; gain = 0.000 ; free physical = 83807 ; free virtual = 123165
BUFG optimization | Checksum: 212548f6c
INFO: [Opt 31-662] Phase BUFG optimization created 0 cells of which 0 are BUFGs and removed 0 cells.

Phase 7 Shift Register Optimization
INFO: [Opt 31-1064] SRL Remap converted 0 SRLs to 0 registers and converted 0 registers of register chains to 0 SRLs
Phase 7 Shift Register Optimization | Checksum: 2610f8915

Time (s): cpu = 00:00:00.73 ; elapsed = 00:00:00.48 . Memory (MB): peak = 3168.508 ; gain = 0.000 ; free physical = 83807 ; free virtual = 123165
Shift Register Optimization | Checksum: 2610f8915
INFO: [Opt 31-389] Phase Shift Register Optimization created 6 cells and removed 0 cells

Phase 8 Post Processing Netlist
Phase 8 Post Processing Netlist | Checksum: 2610f8915

Time (s): cpu = 00:00:00.76 ; elapsed = 00:00:00.51 . Memory (MB): peak = 3168.508 ; gain = 0.000 ; free physical = 83807 ; free virtual = 123165
Post Processing Netlist | Checksum: 2610f8915
INFO: [Opt 31-389] Phase Post Processing Netlist created 0 cells and removed 0 cells

Phase 9 Finalization

Phase 9.1 Finalizing Design Cores and Updating Shapes
Phase 9.1 Finalizing Design Cores and Updating Shapes | Checksum: 17358940f

Time (s): cpu = 00:00:00.93 ; elapsed = 00:00:00.6 . Memory (MB): peak = 3168.508 ; gain = 0.000 ; free physical = 83807 ; free virtual = 123165

Phase 9.2 Verifying Netlist Connectivity

Starting Connectivity Check Task

Time (s): cpu = 00:00:00.01 ; elapsed = 00:00:00.01 . Memory (MB): peak = 3168.508 ; gain = 0.000 ; free physical = 83807 ; free virtual = 123165
Phase 9.2 Verifying Netlist Connectivity | Checksum: 17358940f

Time (s): cpu = 00:00:00.94 ; elapsed = 00:00:00.61 . Memory (MB): peak = 3168.508 ; gain = 0.000 ; free physical = 83807 ; free virtual = 123165
Phase 9 Finalization | Checksum: 17358940f

Time (s): cpu = 00:00:00.94 ; elapsed = 00:00:00.61 . Memory (MB): peak = 3168.508 ; gain = 0.000 ; free physical = 83807 ; free virtual = 123165
Opt_design Change Summary
=========================


-------------------------------------------------------------------------------------------------------------------------
|  Phase                        |  #Cells created  |  #Cells Removed  |  #Constrained objects preventing optimizations  |
-------------------------------------------------------------------------------------------------------------------------
|  Retarget                     |              32  |              32  |                                              0  |
|  Constant propagation         |              32  |              40  |                                              0  |
|  Sweep                        |               0  |              16  |                                              0  |
|  BUFG optimization            |               0  |               0  |                                              0  |
|  Shift Register Optimization  |               6  |               0  |                                              0  |
|  Post Processing Netlist      |               0  |               0  |                                              0  |
-------------------------------------------------------------------------------------------------------------------------


Ending Logic Optimization Task | Checksum: 17358940f

Time (s): cpu = 00:00:00.94 ; elapsed = 00:00:00.61 . Memory (MB): peak = 3168.508 ; gain = 0.000 ; free physical = 83807 ; free virtual = 123165

Starting Power Optimization Task
INFO: [Pwropt 34-132] Skipping clock gating for clocks with a period < 2.00 ns.
INFO: [Pwropt 34-9] Applying IDT optimizations ...
INFO: [Pwropt 34-10] Applying ODC optimizations ...
INFO: [Timing 38-35] Done setting XDC timing constraints.
Running Vector-less Activity Propagation...

Finished Running Vector-less Activity Propagation


Starting PowerOpt Patch Enables Task
INFO: [Pwropt 34-162] WRITE_MODE attribute of 0 BRAM(s) out of a total of 3 has been updated to save power. Run report_power_opt to get a complete listing of the BRAMs updated.
INFO: [Pwropt 34-201] Structural ODC has moved 0 WE to EN ports
Number of BRAM Ports augmented: 4 newly gated: 0 Total Ports: 6
Number of Flops added for Enable Generation: 4

Ending PowerOpt Patch Enables Task | Checksum: 839849a0

Time (s): cpu = 00:00:00.03 ; elapsed = 00:00:00.03 . Memory (MB): peak = 3344.562 ; gain = 0.000 ; free physical = 83781 ; free virtual = 123139
Ending Power Optimization Task | Checksum: 839849a0

Time (s): cpu = 00:00:02 ; elapsed = 00:00:01 . Memory (MB): peak = 3344.562 ; gain = 176.055 ; free physical = 83781 ; free virtual = 123139

Starting Final Cleanup Task

Starting Logic Optimization Task
INFO: [Timing 38-35] Done setting XDC timing constraints.
Ending Logic Optimization Task | Checksum: 176bbc5f0

Time (s): cpu = 00:00:01 ; elapsed = 00:00:00.46 . Memory (MB): peak = 3344.562 ; gain = 0.000 ; free physical = 83774 ; free virtual = 123133
Ending Final Cleanup Task | Checksum: 176bbc5f0

Time (s): cpu = 00:00:03 ; elapsed = 00:00:02 . Memory (MB): peak = 3344.562 ; gain = 0.000 ; free physical = 83774 ; free virtual = 123133

Starting Netlist Obfuscation Task
Netlist sorting complete. Time (s): cpu = 00:00:00 ; elapsed = 00:00:00 . Memory (MB): peak = 3344.562 ; gain = 0.000 ; free physical = 83774 ; free virtual = 123133
Ending Netlist Obfuscation Task | Checksum: 176bbc5f0

Time (s): cpu = 00:00:00 ; elapsed = 00:00:00 . Memory (MB): peak = 3344.562 ; gain = 0.000 ; free physical = 83774 ; free virtual = 123133
INFO: [Common 17-83] Releasing license: Implementation
23 Infos, 0 Warnings, 0 Critical Warnings and 0 Errors encountered.
opt_design completed successfully
opt_design: Time (s): cpu = 00:00:09 ; elapsed = 00:00:06 . Memory (MB): peak = 3344.562 ; gain = 430.773 ; free physical = 83774 ; free virtual = 123133
# place_design
Command: place_design
Attempting to get a license for feature 'Implementation' and/or device 'xc7z010'
INFO: [Common 17-349] Got license for feature 'Implementation' and/or device 'xc7z010'
INFO: [Common 17-83] Releasing license: Implementation
INFO: [DRC 23-27] Running DRC with 8 threads
INFO: [Vivado_Tcl 4-198] DRC finished with 0 Errors
INFO: [Vivado_Tcl 4-199] Please refer to the DRC report (report_drc) for more information.
Running DRC as a precondition to command place_design
INFO: [DRC 23-27] Running DRC with 8 threads
INFO: [Vivado_Tcl 4-198] DRC finished with 0 Errors
INFO: [Vivado_Tcl 4-199] Please refer to the DRC report (report_drc) for more information.
INFO: [Place 30-611] Multithreading enabled for place_design using a maximum of 8 CPUs

Starting Placer Task

Phase 1 Placer Initialization

Phase 1.1 Placer Initialization Netlist Sorting
Netlist sorting complete. Time (s): cpu = 00:00:00 ; elapsed = 00:00:00 . Memory (MB): peak = 3344.562 ; gain = 0.000 ; free physical = 83774 ; free virtual = 123132
Phase 1.1 Placer Initialization Netlist Sorting | Checksum: b30fbef8

Time (s): cpu = 00:00:00.01 ; elapsed = 00:00:00 . Memory (MB): peak = 3344.562 ; gain = 0.000 ; free physical = 83774 ; free virtual = 123132
Netlist sorting complete. Time (s): cpu = 00:00:00 ; elapsed = 00:00:00 . Memory (MB): peak = 3344.562 ; gain = 0.000 ; free physical = 83774 ; free virtual = 123132

Phase 1.2 IO Placement/ Clock Placement/ Build Placer Device
INFO: [Timing 38-35] Done setting XDC timing constraints.
Phase 1.2 IO Placement/ Clock Placement/ Build Placer Device | Checksum: 10976bb28

Time (s): cpu = 00:00:02 ; elapsed = 00:00:00.65 . Memory (MB): peak = 3344.562 ; gain = 0.000 ; free physical = 83773 ; free virtual = 123132

Phase 1.3 Build Placer Netlist Model
Phase 1.3 Build Placer Netlist Model | Checksum: b0a6442d

Time (s): cpu = 00:00:04 ; elapsed = 00:00:02 . Memory (MB): peak = 3344.562 ; gain = 0.000 ; free physical = 83773 ; free virtual = 123131

Phase 1.4 Constrain Clocks/Macros
Phase 1.4 Constrain Clocks/Macros | Checksum: b0a6442d

Time (s): cpu = 00:00:04 ; elapsed = 00:00:02 . Memory (MB): peak = 3344.562 ; gain = 0.000 ; free physical = 83773 ; free virtual = 123131
Phase 1 Placer Initialization | Checksum: b0a6442d

Time (s): cpu = 00:00:04 ; elapsed = 00:00:02 . Memory (MB): peak = 3344.562 ; gain = 0.000 ; free physical = 83773 ; free virtual = 123131

Phase 2 Global Placement

Phase 2.1 Floorplanning
Phase 2.1 Floorplanning | Checksum: 88f2642c

Time (s): cpu = 00:00:05 ; elapsed = 00:00:02 . Memory (MB): peak = 3344.562 ; gain = 0.000 ; free physical = 83772 ; free virtual = 123131

Phase 2.2 Update Timing before SLR Path Opt
Phase 2.2 Update Timing before SLR Path Opt | Checksum: c8a12f71

Time (s): cpu = 00:00:06 ; elapsed = 00:00:02 . Memory (MB): peak = 3344.562 ; gain = 0.000 ; free physical = 83772 ; free virtual = 123131

Phase 2.3 Post-Processing in Floorplanning
Phase 2.3 Post-Processing in Floorplanning | Checksum: c8a12f71

Time (s): cpu = 00:00:06 ; elapsed = 00:00:02 . Memory (MB): peak = 3344.562 ; gain = 0.000 ; free physical = 83772 ; free virtual = 123131

Phase 2.4 Global Placement Core

Phase 2.4.1 UpdateTiming Before Physical Synthesis
Phase 2.4.1 UpdateTiming Before Physical Synthesis | Checksum: 186744685

Time (s): cpu = 00:00:20 ; elapsed = 00:00:05 . Memory (MB): peak = 3344.562 ; gain = 0.000 ; free physical = 83769 ; free virtual = 123128

Phase 2.4.2 Physical Synthesis In Placer
INFO: [Physopt 32-1035] Found 109 LUTNM shape to break, 59 LUT instances to create LUTNM shape
INFO: [Physopt 32-1044] Break lutnm for timing: one critical 82, two critical 27, total 109, new lutff created 0
INFO: [Physopt 32-1138] End 1 Pass. Optimized 116 nets or LUTs. Breaked 109 LUTs, combined 7 existing LUTs and moved 0 existing LUT
INFO: [Physopt 32-1408] Pass 1. Identified 4 candidate nets for high-fanout optimization.
INFO: [Physopt 32-81] Processed net custom_dsp_dense_implementation_ap_int_16_ap_int_48_config6_U0/ap_block_pp0_stage0_subdone. Replicated 5 times.
INFO: [Physopt 32-81] Processed net custom_dsp_dense_implementation_ap_int_16_ap_int_48_config4_U0/ap_block_pp0_stage0_subdone. Replicated 6 times.
INFO: [Physopt 32-81] Processed net thresholded_relu_ap_int_48_ap_int_48_ap_int_16_thresholdedrelu_config5_U0/p_0_in. Replicated 7 times.
INFO: [Physopt 32-81] Processed net thresholded_relu_ap_int_48_ap_int_48_ap_int_16_thresholdedrelu_config3_U0/p_0_in. Replicated 6 times.
INFO: [Physopt 32-232] Optimized 4 nets. Created 24 new instances.
INFO: [Physopt 32-775] End 1 Pass. Optimized 4 nets or cells. Created 24 new cells, deleted 0 existing cell and moved 0 existing cell
Netlist sorting complete. Time (s): cpu = 00:00:00.05 ; elapsed = 00:00:00.04 . Memory (MB): peak = 3344.562 ; gain = 0.000 ; free physical = 83769 ; free virtual = 123128
INFO: [Physopt 32-456] No candidate cells for DSP register optimization found in the design.
INFO: [Physopt 32-775] End 2 Pass. Optimized 0 net or cell. Created 0 new cell, deleted 0 existing cell and moved 0 existing cell
INFO: [Physopt 32-1123] No candidate cells found for Shift Register to Pipeline optimization
INFO: [Physopt 32-775] End 2 Pass. Optimized 0 net or cell. Created 0 new cell, deleted 0 existing cell and moved 0 existing cell
INFO: [Physopt 32-1402] Pass 1: Identified 9 candidate cells for Shift Register optimization.
INFO: [Physopt 32-775] End 1 Pass. Optimized 1 net or cell. Created 1 new cell, deleted 0 existing cell and moved 0 existing cell
Netlist sorting complete. Time (s): cpu = 00:00:00.01 ; elapsed = 00:00:00.01 . Memory (MB): peak = 3344.562 ; gain = 0.000 ; free physical = 83769 ; free virtual = 123128
INFO: [Physopt 32-526] No candidate cells for BRAM register optimization found in the design
INFO: [Physopt 32-775] End 1 Pass. Optimized 0 net or cell. Created 0 new cell, deleted 0 existing cell and moved 0 existing cell
INFO: [Physopt 32-846] No candidate cells for URAM register optimization found in the design
INFO: [Physopt 32-775] End 1 Pass. Optimized 0 net or cell. Created 0 new cell, deleted 0 existing cell and moved 0 existing cell
INFO: [Physopt 32-846] No candidate cells for URAM register optimization found in the design
INFO: [Physopt 32-775] End 1 Pass. Optimized 0 net or cell. Created 0 new cell, deleted 0 existing cell and moved 0 existing cell
INFO: [Physopt 32-949] No candidate nets found for dynamic/static region interface net replication
INFO: [Physopt 32-775] End 1 Pass. Optimized 0 net or cell. Created 0 new cell, deleted 0 existing cell and moved 0 existing cell
Netlist sorting complete. Time (s): cpu = 00:00:00 ; elapsed = 00:00:00 . Memory (MB): peak = 3344.562 ; gain = 0.000 ; free physical = 83769 ; free virtual = 123128
INFO: [Physopt 32-68] No nets found for critical-cell optimization.
INFO: [Physopt 32-232] Optimized 0 net. Created 0 new instance.
INFO: [Physopt 32-775] End 1 Pass. Optimized 0 net or cell. Created 0 new cell, deleted 0 existing cell and moved 0 existing cell
Netlist sorting complete. Time (s): cpu = 00:00:00 ; elapsed = 00:00:00 . Memory (MB): peak = 3344.562 ; gain = 0.000 ; free physical = 83769 ; free virtual = 123128

Summary of Physical Synthesis Optimizations
============================================


-----------------------------------------------------------------------------------------------------------------------------------------------------------
|  Optimization                                     |  Added Cells  |  Removed Cells  |  Optimized Cells/Nets  |  Dont Touch  |  Iterations  |  Elapsed   |
-----------------------------------------------------------------------------------------------------------------------------------------------------------
|  LUT Combining                                    |          109  |              7  |                   116  |           0  |           1  |  00:00:00  |
|  Retime                                           |            0  |              0  |                     0  |           0  |           1  |  00:00:00  |
|  Very High Fanout                                 |           24  |              0  |                     4  |           0  |           1  |  00:00:00  |
|  DSP Register                                     |            0  |              0  |                     0  |           0  |           1  |  00:00:00  |
|  Shift Register to Pipeline                       |            0  |              0  |                     0  |           0  |           1  |  00:00:00  |
|  Shift Register                                   |            1  |              0  |                     1  |           0  |           1  |  00:00:00  |
|  BRAM Register                                    |            0  |              0  |                     0  |           0  |           1  |  00:00:00  |
|  URAM Register                                    |            0  |              0  |                     0  |           0  |           1  |  00:00:00  |
|  Dynamic/Static Region Interface Net Replication  |            0  |              0  |                     0  |           0  |           1  |  00:00:00  |
|  Critical Cell                                    |            0  |              0  |                     0  |           0  |           1  |  00:00:00  |
|  Total                                            |          134  |              7  |                   121  |           0  |          10  |  00:00:01  |
-----------------------------------------------------------------------------------------------------------------------------------------------------------


Phase 2.4.2 Physical Synthesis In Placer | Checksum: 1a024213f

Time (s): cpu = 00:00:22 ; elapsed = 00:00:07 . Memory (MB): peak = 3344.562 ; gain = 0.000 ; free physical = 83769 ; free virtual = 123127
Phase 2.4 Global Placement Core | Checksum: 266af1b70

Time (s): cpu = 00:00:22 ; elapsed = 00:00:07 . Memory (MB): peak = 3344.562 ; gain = 0.000 ; free physical = 83768 ; free virtual = 123127
Phase 2 Global Placement | Checksum: 266af1b70

Time (s): cpu = 00:00:22 ; elapsed = 00:00:07 . Memory (MB): peak = 3344.562 ; gain = 0.000 ; free physical = 83768 ; free virtual = 123127

Phase 3 Detail Placement

Phase 3.1 Commit Multi Column Macros
Phase 3.1 Commit Multi Column Macros | Checksum: 28bb600db

Time (s): cpu = 00:00:23 ; elapsed = 00:00:07 . Memory (MB): peak = 3344.562 ; gain = 0.000 ; free physical = 83768 ; free virtual = 123127

Phase 3.2 Commit Most Macros & LUTRAMs
Phase 3.2 Commit Most Macros & LUTRAMs | Checksum: 20f872137

Time (s): cpu = 00:00:25 ; elapsed = 00:00:08 . Memory (MB): peak = 3344.562 ; gain = 0.000 ; free physical = 83768 ; free virtual = 123126

Phase 3.3 Area Swap Optimization
Phase 3.3 Area Swap Optimization | Checksum: 2403d6e6a

Time (s): cpu = 00:00:25 ; elapsed = 00:00:08 . Memory (MB): peak = 3344.562 ; gain = 0.000 ; free physical = 83768 ; free virtual = 123126

Phase 3.4 Pipeline Register Optimization
Phase 3.4 Pipeline Register Optimization | Checksum: 1d4aad7ad

Time (s): cpu = 00:00:25 ; elapsed = 00:00:08 . Memory (MB): peak = 3344.562 ; gain = 0.000 ; free physical = 83768 ; free virtual = 123126

Phase 3.5 Fast Optimization
Phase 3.5 Fast Optimization | Checksum: 271652796

Time (s): cpu = 00:00:28 ; elapsed = 00:00:09 . Memory (MB): peak = 3344.562 ; gain = 0.000 ; free physical = 83766 ; free virtual = 123125

Phase 3.6 Small Shape Detail Placement
Phase 3.6 Small Shape Detail Placement | Checksum: 1dd9734f4

Time (s): cpu = 00:00:30 ; elapsed = 00:00:11 . Memory (MB): peak = 3344.562 ; gain = 0.000 ; free physical = 83761 ; free virtual = 123120

Phase 3.7 Re-assign LUT pins
Phase 3.7 Re-assign LUT pins | Checksum: 1f86e785b

Time (s): cpu = 00:00:31 ; elapsed = 00:00:12 . Memory (MB): peak = 3344.562 ; gain = 0.000 ; free physical = 83761 ; free virtual = 123120

Phase 3.8 Pipeline Register Optimization
Phase 3.8 Pipeline Register Optimization | Checksum: 20af25804

Time (s): cpu = 00:00:31 ; elapsed = 00:00:12 . Memory (MB): peak = 3344.562 ; gain = 0.000 ; free physical = 83761 ; free virtual = 123120

Phase 3.9 Fast Optimization
Phase 3.9 Fast Optimization | Checksum: 25ce92376

Time (s): cpu = 00:00:35 ; elapsed = 00:00:14 . Memory (MB): peak = 3344.562 ; gain = 0.000 ; free physical = 83758 ; free virtual = 123116
Phase 3 Detail Placement | Checksum: 25ce92376

Time (s): cpu = 00:00:35 ; elapsed = 00:00:14 . Memory (MB): peak = 3344.562 ; gain = 0.000 ; free physical = 83758 ; free virtual = 123116

Phase 4 Post Placement Optimization and Clean-Up

Phase 4.1 Post Commit Optimization
INFO: [Timing 38-35] Done setting XDC timing constraints.

Phase 4.1.1 Post Placement Optimization
Post Placement Optimization Initialization | Checksum: 21b2ee058

Phase 4.1.1.1 BUFG Insertion

Starting Physical Synthesis Task

Phase 1 Physical Synthesis Initialization
INFO: [Physopt 32-721] Multithreading enabled for phys_opt_design using a maximum of 8 CPUs
INFO: [Physopt 32-619] Estimated Timing Summary | WNS=-4.132 | TNS=-2404.334 |
Phase 1 Physical Synthesis Initialization | Checksum: 149b0315d

Time (s): cpu = 00:00:00.76 ; elapsed = 00:00:00.3 . Memory (MB): peak = 3344.562 ; gain = 0.000 ; free physical = 83753 ; free virtual = 123111
INFO: [Place 46-56] BUFG insertion identified 0 candidate nets. Inserted BUFG: 0, Replicated BUFG Driver: 0, Skipped due to Placement/Routing Conflicts: 0, Skipped due to Timing Degradation: 0, Skipped due to netlist editing failed: 0.
Ending Physical Synthesis Task | Checksum: 211ff9a69

Time (s): cpu = 00:00:00.83 ; elapsed = 00:00:00.37 . Memory (MB): peak = 3344.562 ; gain = 0.000 ; free physical = 83753 ; free virtual = 123111
Phase 4.1.1.1 BUFG Insertion | Checksum: 21b2ee058

Time (s): cpu = 00:00:40 ; elapsed = 00:00:16 . Memory (MB): peak = 3344.562 ; gain = 0.000 ; free physical = 83753 ; free virtual = 123111

Phase 4.1.1.2 Post Placement Timing Optimization
INFO: [Place 30-746] Post Placement Timing Summary WNS=-3.088. For the most accurate timing information please run report_timing.
Phase 4.1.1.2 Post Placement Timing Optimization | Checksum: 19342678f

Time (s): cpu = 00:00:47 ; elapsed = 00:00:22 . Memory (MB): peak = 3344.562 ; gain = 0.000 ; free physical = 83752 ; free virtual = 123110

Time (s): cpu = 00:00:47 ; elapsed = 00:00:22 . Memory (MB): peak = 3344.562 ; gain = 0.000 ; free physical = 83752 ; free virtual = 123110
Phase 4.1 Post Commit Optimization | Checksum: 19342678f

Time (s): cpu = 00:00:47 ; elapsed = 00:00:22 . Memory (MB): peak = 3344.562 ; gain = 0.000 ; free physical = 83752 ; free virtual = 123110

Phase 4.2 Post Placement Cleanup
Phase 4.2 Post Placement Cleanup | Checksum: 19342678f

Time (s): cpu = 00:00:48 ; elapsed = 00:00:22 . Memory (MB): peak = 3344.562 ; gain = 0.000 ; free physical = 83752 ; free virtual = 123110

Phase 4.3 Placer Reporting

Phase 4.3.1 Print Estimated Congestion
INFO: [Place 30-612] Post-Placement Estimated Congestion 
 ____________________________________________________
|           | Global Congestion | Short Congestion  |
| Direction | Region Size       | Region Size       |
|___________|___________________|___________________|
|      North|                1x1|                4x4|
|___________|___________________|___________________|
|      South|                1x1|                1x1|
|___________|___________________|___________________|
|       East|                1x1|                2x2|
|___________|___________________|___________________|
|       West|                1x1|                1x1|
|___________|___________________|___________________|

Phase 4.3.1 Print Estimated Congestion | Checksum: 19342678f

Time (s): cpu = 00:00:48 ; elapsed = 00:00:22 . Memory (MB): peak = 3344.562 ; gain = 0.000 ; free physical = 83752 ; free virtual = 123110
Phase 4.3 Placer Reporting | Checksum: 19342678f

Time (s): cpu = 00:00:48 ; elapsed = 00:00:22 . Memory (MB): peak = 3344.562 ; gain = 0.000 ; free physical = 83752 ; free virtual = 123110

Phase 4.4 Final Placement Cleanup
Netlist sorting complete. Time (s): cpu = 00:00:00 ; elapsed = 00:00:00 . Memory (MB): peak = 3344.562 ; gain = 0.000 ; free physical = 83752 ; free virtual = 123110

Time (s): cpu = 00:00:48 ; elapsed = 00:00:22 . Memory (MB): peak = 3344.562 ; gain = 0.000 ; free physical = 83752 ; free virtual = 123110
Phase 4 Post Placement Optimization and Clean-Up | Checksum: 1758e53a6

Time (s): cpu = 00:00:48 ; elapsed = 00:00:22 . Memory (MB): peak = 3344.562 ; gain = 0.000 ; free physical = 83752 ; free virtual = 123110
Ending Placer Task | Checksum: 82a06d27

Time (s): cpu = 00:00:48 ; elapsed = 00:00:22 . Memory (MB): peak = 3344.562 ; gain = 0.000 ; free physical = 83752 ; free virtual = 123110
43 Infos, 0 Warnings, 0 Critical Warnings and 0 Errors encountered.
place_design completed successfully
place_design: Time (s): cpu = 00:00:50 ; elapsed = 00:00:23 . Memory (MB): peak = 3344.562 ; gain = 0.000 ; free physical = 83752 ; free virtual = 123110
# route_design
Command: route_design
Attempting to get a license for feature 'Implementation' and/or device 'xc7z010'
INFO: [Common 17-349] Got license for feature 'Implementation' and/or device 'xc7z010'
Running DRC as a precondition to command route_design
INFO: [DRC 23-27] Running DRC with 8 threads
INFO: [Vivado_Tcl 4-198] DRC finished with 0 Errors
INFO: [Vivado_Tcl 4-199] Please refer to the DRC report (report_drc) for more information.


Starting Routing Task
INFO: [Route 35-254] Multithreading enabled for route_design using a maximum of 8 CPUs

Phase 1 Build RT Design
Checksum: PlaceDB: a2c0591 ConstDB: 0 ShapeSum: edc106b RouteDB: 6998572b
WARNING: [Route 35-197] Clock port "ap_clk" does not have an associated HD.CLK_SRC. Without this constraint, timing analysis may not be accurate and upstream checks cannot be done to ensure correct clock placement.
WARNING: [Route 35-198] Port "ap_rst" does not have an associated HD.PARTPIN_LOCS, which will prevent the partial routing of the signal "ap_rst". Without this partial route, timing analysis to/from this port will not be accurate, and no routing information for this port can be exported.
WARNING: [Route 35-198] Port "input_layer_ap_vld" does not have an associated HD.PARTPIN_LOCS, which will prevent the partial routing of the signal "input_layer_ap_vld". Without this partial route, timing analysis to/from this port will not be accurate, and no routing information for this port can be exported.
WARNING: [Route 35-198] Port "ap_start" does not have an associated HD.PARTPIN_LOCS, which will prevent the partial routing of the signal "ap_start". Without this partial route, timing analysis to/from this port will not be accurate, and no routing information for this port can be exported.
WARNING: [Route 35-198] Port "input_layer[93]" does not have an associated HD.PARTPIN_LOCS, which will prevent the partial routing of the signal "input_layer[93]". Without this partial route, timing analysis to/from this port will not be accurate, and no routing information for this port can be exported.
WARNING: [Route 35-198] Port "input_layer[61]" does not have an associated HD.PARTPIN_LOCS, which will prevent the partial routing of the signal "input_layer[61]". Without this partial route, timing analysis to/from this port will not be accurate, and no routing information for this port can be exported.
WARNING: [Route 35-198] Port "input_layer[45]" does not have an associated HD.PARTPIN_LOCS, which will prevent the partial routing of the signal "input_layer[45]". Without this partial route, timing analysis to/from this port will not be accurate, and no routing information for this port can be exported.
WARNING: [Route 35-198] Port "input_layer[29]" does not have an associated HD.PARTPIN_LOCS, which will prevent the partial routing of the signal "input_layer[29]". Without this partial route, timing analysis to/from this port will not be accurate, and no routing information for this port can be exported.
WARNING: [Route 35-198] Port "input_layer[125]" does not have an associated HD.PARTPIN_LOCS, which will prevent the partial routing of the signal "input_layer[125]". Without this partial route, timing analysis to/from this port will not be accurate, and no routing information for this port can be exported.
WARNING: [Route 35-198] Port "input_layer[109]" does not have an associated HD.PARTPIN_LOCS, which will prevent the partial routing of the signal "input_layer[109]". Without this partial route, timing analysis to/from this port will not be accurate, and no routing information for this port can be exported.
WARNING: [Route 35-198] Port "input_layer[13]" does not have an associated HD.PARTPIN_LOCS, which will prevent the partial routing of the signal "input_layer[13]". Without this partial route, timing analysis to/from this port will not be accurate, and no routing information for this port can be exported.
WARNING: [Route 35-198] Port "input_layer[92]" does not have an associated HD.PARTPIN_LOCS, which will prevent the partial routing of the signal "input_layer[92]". Without this partial route, timing analysis to/from this port will not be accurate, and no routing information for this port can be exported.
WARNING: [Route 35-198] Port "input_layer[57]" does not have an associated HD.PARTPIN_LOCS, which will prevent the partial routing of the signal "input_layer[57]". Without this partial route, timing analysis to/from this port will not be accurate, and no routing information for this port can be exported.
WARNING: [Route 35-198] Port "input_layer[28]" does not have an associated HD.PARTPIN_LOCS, which will prevent the partial routing of the signal "input_layer[28]". Without this partial route, timing analysis to/from this port will not be accurate, and no routing information for this port can be exported.
WARNING: [Route 35-198] Port "input_layer[9]" does not have an associated HD.PARTPIN_LOCS, which will prevent the partial routing of the signal "input_layer[9]". Without this partial route, timing analysis to/from this port will not be accurate, and no routing information for this port can be exported.
WARNING: [Route 35-198] Port "input_layer[89]" does not have an associated HD.PARTPIN_LOCS, which will prevent the partial routing of the signal "input_layer[89]". Without this partial route, timing analysis to/from this port will not be accurate, and no routing information for this port can be exported.
WARNING: [Route 35-198] Port "input_layer[77]" does not have an associated HD.PARTPIN_LOCS, which will prevent the partial routing of the signal "input_layer[77]". Without this partial route, timing analysis to/from this port will not be accurate, and no routing information for this port can be exported.
WARNING: [Route 35-198] Port "input_layer[41]" does not have an associated HD.PARTPIN_LOCS, which will prevent the partial routing of the signal "input_layer[41]". Without this partial route, timing analysis to/from this port will not be accurate, and no routing information for this port can be exported.
WARNING: [Route 35-198] Port "input_layer[12]" does not have an associated HD.PARTPIN_LOCS, which will prevent the partial routing of the signal "input_layer[12]". Without this partial route, timing analysis to/from this port will not be accurate, and no routing information for this port can be exported.
WARNING: [Route 35-198] Port "input_layer[121]" does not have an associated HD.PARTPIN_LOCS, which will prevent the partial routing of the signal "input_layer[121]". Without this partial route, timing analysis to/from this port will not be accurate, and no routing information for this port can be exported.
WARNING: [Route 35-198] Port "input_layer[44]" does not have an associated HD.PARTPIN_LOCS, which will prevent the partial routing of the signal "input_layer[44]". Without this partial route, timing analysis to/from this port will not be accurate, and no routing information for this port can be exported.
WARNING: [Route 35-198] Port "input_layer[108]" does not have an associated HD.PARTPIN_LOCS, which will prevent the partial routing of the signal "input_layer[108]". Without this partial route, timing analysis to/from this port will not be accurate, and no routing information for this port can be exported.
WARNING: [Route 35-198] Port "input_layer[73]" does not have an associated HD.PARTPIN_LOCS, which will prevent the partial routing of the signal "input_layer[73]". Without this partial route, timing analysis to/from this port will not be accurate, and no routing information for this port can be exported.
WARNING: [Route 35-198] Port "input_layer[60]" does not have an associated HD.PARTPIN_LOCS, which will prevent the partial routing of the signal "input_layer[60]". Without this partial route, timing analysis to/from this port will not be accurate, and no routing information for this port can be exported.
WARNING: [Route 35-198] Port "input_layer[25]" does not have an associated HD.PARTPIN_LOCS, which will prevent the partial routing of the signal "input_layer[25]". Without this partial route, timing analysis to/from this port will not be accurate, and no routing information for this port can be exported.
WARNING: [Route 35-198] Port "input_layer[105]" does not have an associated HD.PARTPIN_LOCS, which will prevent the partial routing of the signal "input_layer[105]". Without this partial route, timing analysis to/from this port will not be accurate, and no routing information for this port can be exported.
WARNING: [Route 35-198] Port "input_layer[124]" does not have an associated HD.PARTPIN_LOCS, which will prevent the partial routing of the signal "input_layer[124]". Without this partial route, timing analysis to/from this port will not be accurate, and no routing information for this port can be exported.
WARNING: [Route 35-198] Port "input_layer[123]" does not have an associated HD.PARTPIN_LOCS, which will prevent the partial routing of the signal "input_layer[123]". Without this partial route, timing analysis to/from this port will not be accurate, and no routing information for this port can be exported.
WARNING: [Route 35-198] Port "input_layer[91]" does not have an associated HD.PARTPIN_LOCS, which will prevent the partial routing of the signal "input_layer[91]". Without this partial route, timing analysis to/from this port will not be accurate, and no routing information for this port can be exported.
WARNING: [Route 35-198] Port "input_layer[76]" does not have an associated HD.PARTPIN_LOCS, which will prevent the partial routing of the signal "input_layer[76]". Without this partial route, timing analysis to/from this port will not be accurate, and no routing information for this port can be exported.
WARNING: [Route 35-198] Port "input_layer[75]" does not have an associated HD.PARTPIN_LOCS, which will prevent the partial routing of the signal "input_layer[75]". Without this partial route, timing analysis to/from this port will not be accurate, and no routing information for this port can be exported.
WARNING: [Route 35-198] Port "input_layer[59]" does not have an associated HD.PARTPIN_LOCS, which will prevent the partial routing of the signal "input_layer[59]". Without this partial route, timing analysis to/from this port will not be accurate, and no routing information for this port can be exported.
WARNING: [Route 35-198] Port "input_layer[43]" does not have an associated HD.PARTPIN_LOCS, which will prevent the partial routing of the signal "input_layer[43]". Without this partial route, timing analysis to/from this port will not be accurate, and no routing information for this port can be exported.
WARNING: [Route 35-198] Port "input_layer[27]" does not have an associated HD.PARTPIN_LOCS, which will prevent the partial routing of the signal "input_layer[27]". Without this partial route, timing analysis to/from this port will not be accurate, and no routing information for this port can be exported.
WARNING: [Route 35-198] Port "input_layer[127]" does not have an associated HD.PARTPIN_LOCS, which will prevent the partial routing of the signal "input_layer[127]". Without this partial route, timing analysis to/from this port will not be accurate, and no routing information for this port can be exported.
WARNING: [Route 35-198] Port "input_layer[120]" does not have an associated HD.PARTPIN_LOCS, which will prevent the partial routing of the signal "input_layer[120]". Without this partial route, timing analysis to/from this port will not be accurate, and no routing information for this port can be exported.
WARNING: [Route 35-198] Port "input_layer[107]" does not have an associated HD.PARTPIN_LOCS, which will prevent the partial routing of the signal "input_layer[107]". Without this partial route, timing analysis to/from this port will not be accurate, and no routing information for this port can be exported.
WARNING: [Route 35-198] Port "input_layer[31]" does not have an associated HD.PARTPIN_LOCS, which will prevent the partial routing of the signal "input_layer[31]". Without this partial route, timing analysis to/from this port will not be accurate, and no routing information for this port can be exported.
WARNING: [Route 35-198] Port "input_layer[15]" does not have an associated HD.PARTPIN_LOCS, which will prevent the partial routing of the signal "input_layer[15]". Without this partial route, timing analysis to/from this port will not be accurate, and no routing information for this port can be exported.
WARNING: [Route 35-198] Port "input_layer[11]" does not have an associated HD.PARTPIN_LOCS, which will prevent the partial routing of the signal "input_layer[11]". Without this partial route, timing analysis to/from this port will not be accurate, and no routing information for this port can be exported.
WARNING: [Route 35-198] Port "input_layer[79]" does not have an associated HD.PARTPIN_LOCS, which will prevent the partial routing of the signal "input_layer[79]". Without this partial route, timing analysis to/from this port will not be accurate, and no routing information for this port can be exported.
WARNING: [Route 35-198] Port "input_layer[72]" does not have an associated HD.PARTPIN_LOCS, which will prevent the partial routing of the signal "input_layer[72]". Without this partial route, timing analysis to/from this port will not be accurate, and no routing information for this port can be exported.
WARNING: [Route 35-198] Port "input_layer[56]" does not have an associated HD.PARTPIN_LOCS, which will prevent the partial routing of the signal "input_layer[56]". Without this partial route, timing analysis to/from this port will not be accurate, and no routing information for this port can be exported.
WARNING: [Route 35-198] Port "input_layer[8]" does not have an associated HD.PARTPIN_LOCS, which will prevent the partial routing of the signal "input_layer[8]". Without this partial route, timing analysis to/from this port will not be accurate, and no routing information for this port can be exported.
WARNING: [Route 35-198] Port "input_layer[40]" does not have an associated HD.PARTPIN_LOCS, which will prevent the partial routing of the signal "input_layer[40]". Without this partial route, timing analysis to/from this port will not be accurate, and no routing information for this port can be exported.
WARNING: [Route 35-198] Port "input_layer[104]" does not have an associated HD.PARTPIN_LOCS, which will prevent the partial routing of the signal "input_layer[104]". Without this partial route, timing analysis to/from this port will not be accurate, and no routing information for this port can be exported.
WARNING: [Route 35-198] Port "input_layer[88]" does not have an associated HD.PARTPIN_LOCS, which will prevent the partial routing of the signal "input_layer[88]". Without this partial route, timing analysis to/from this port will not be accurate, and no routing information for this port can be exported.
WARNING: [Route 35-198] Port "input_layer[24]" does not have an associated HD.PARTPIN_LOCS, which will prevent the partial routing of the signal "input_layer[24]". Without this partial route, timing analysis to/from this port will not be accurate, and no routing information for this port can be exported.
WARNING: [Route 35-198] Port "input_layer[87]" does not have an associated HD.PARTPIN_LOCS, which will prevent the partial routing of the signal "input_layer[87]". Without this partial route, timing analysis to/from this port will not be accurate, and no routing information for this port can be exported.
WARNING: [Route 35-198] Port "input_layer[114]" does not have an associated HD.PARTPIN_LOCS, which will prevent the partial routing of the signal "input_layer[114]". Without this partial route, timing analysis to/from this port will not be accurate, and no routing information for this port can be exported.
WARNING: [Route 35-198] Port "input_layer[111]" does not have an associated HD.PARTPIN_LOCS, which will prevent the partial routing of the signal "input_layer[111]". Without this partial route, timing analysis to/from this port will not be accurate, and no routing information for this port can be exported.
WARNING: [Route 35-198] Port "input_layer[95]" does not have an associated HD.PARTPIN_LOCS, which will prevent the partial routing of the signal "input_layer[95]". Without this partial route, timing analysis to/from this port will not be accurate, and no routing information for this port can be exported.
WARNING: [Route 35-198] Port "input_layer[63]" does not have an associated HD.PARTPIN_LOCS, which will prevent the partial routing of the signal "input_layer[63]". Without this partial route, timing analysis to/from this port will not be accurate, and no routing information for this port can be exported.
WARNING: [Route 35-198] Port "input_layer[47]" does not have an associated HD.PARTPIN_LOCS, which will prevent the partial routing of the signal "input_layer[47]". Without this partial route, timing analysis to/from this port will not be accurate, and no routing information for this port can be exported.
WARNING: [Route 35-198] Port "input_layer[34]" does not have an associated HD.PARTPIN_LOCS, which will prevent the partial routing of the signal "input_layer[34]". Without this partial route, timing analysis to/from this port will not be accurate, and no routing information for this port can be exported.
WARNING: [Route 35-198] Port "input_layer[2]" does not have an associated HD.PARTPIN_LOCS, which will prevent the partial routing of the signal "input_layer[2]". Without this partial route, timing analysis to/from this port will not be accurate, and no routing information for this port can be exported.
WARNING: [Route 35-198] Port "input_layer[113]" does not have an associated HD.PARTPIN_LOCS, which will prevent the partial routing of the signal "input_layer[113]". Without this partial route, timing analysis to/from this port will not be accurate, and no routing information for this port can be exported.
WARNING: [Route 35-198] Port "input_layer[90]" does not have an associated HD.PARTPIN_LOCS, which will prevent the partial routing of the signal "input_layer[90]". Without this partial route, timing analysis to/from this port will not be accurate, and no routing information for this port can be exported.
WARNING: [Route 35-198] Port "input_layer[119]" does not have an associated HD.PARTPIN_LOCS, which will prevent the partial routing of the signal "input_layer[119]". Without this partial route, timing analysis to/from this port will not be accurate, and no routing information for this port can be exported.
WARNING: [Route 35-198] Port "input_layer[71]" does not have an associated HD.PARTPIN_LOCS, which will prevent the partial routing of the signal "input_layer[71]". Without this partial route, timing analysis to/from this port will not be accurate, and no routing information for this port can be exported.
WARNING: [Route 35-198] Port "input_layer[39]" does not have an associated HD.PARTPIN_LOCS, which will prevent the partial routing of the signal "input_layer[39]". Without this partial route, timing analysis to/from this port will not be accurate, and no routing information for this port can be exported.
WARNING: [Route 35-198] Port "input_layer[7]" does not have an associated HD.PARTPIN_LOCS, which will prevent the partial routing of the signal "input_layer[7]". Without this partial route, timing analysis to/from this port will not be accurate, and no routing information for this port can be exported.
WARNING: [Route 35-198] Port "input_layer[101]" does not have an associated HD.PARTPIN_LOCS, which will prevent the partial routing of the signal "input_layer[101]". Without this partial route, timing analysis to/from this port will not be accurate, and no routing information for this port can be exported.
WARNING: [Route 35-198] Port "input_layer[82]" does not have an associated HD.PARTPIN_LOCS, which will prevent the partial routing of the signal "input_layer[82]". Without this partial route, timing analysis to/from this port will not be accurate, and no routing information for this port can be exported.
WARNING: [Route 35-198] Port "input_layer[66]" does not have an associated HD.PARTPIN_LOCS, which will prevent the partial routing of the signal "input_layer[66]". Without this partial route, timing analysis to/from this port will not be accurate, and no routing information for this port can be exported.
WARNING: [Route 35-198] Port "input_layer[65]" does not have an associated HD.PARTPIN_LOCS, which will prevent the partial routing of the signal "input_layer[65]". Without this partial route, timing analysis to/from this port will not be accurate, and no routing information for this port can be exported.
WARNING: [Route 35-198] Port "input_layer[50]" does not have an associated HD.PARTPIN_LOCS, which will prevent the partial routing of the signal "input_layer[50]". Without this partial route, timing analysis to/from this port will not be accurate, and no routing information for this port can be exported.
WARNING: [Route 35-198] Port "input_layer[33]" does not have an associated HD.PARTPIN_LOCS, which will prevent the partial routing of the signal "input_layer[33]". Without this partial route, timing analysis to/from this port will not be accurate, and no routing information for this port can be exported.
WARNING: [Route 35-198] Port "input_layer[21]" does not have an associated HD.PARTPIN_LOCS, which will prevent the partial routing of the signal "input_layer[21]". Without this partial route, timing analysis to/from this port will not be accurate, and no routing information for this port can be exported.
WARNING: [Route 35-198] Port "input_layer[18]" does not have an associated HD.PARTPIN_LOCS, which will prevent the partial routing of the signal "input_layer[18]". Without this partial route, timing analysis to/from this port will not be accurate, and no routing information for this port can be exported.
WARNING: [Route 35-198] Port "input_layer[126]" does not have an associated HD.PARTPIN_LOCS, which will prevent the partial routing of the signal "input_layer[126]". Without this partial route, timing analysis to/from this port will not be accurate, and no routing information for this port can be exported.
WARNING: [Route 35-198] Port "input_layer[110]" does not have an associated HD.PARTPIN_LOCS, which will prevent the partial routing of the signal "input_layer[110]". Without this partial route, timing analysis to/from this port will not be accurate, and no routing information for this port can be exported.
WARNING: [Route 35-198] Port "input_layer[98]" does not have an associated HD.PARTPIN_LOCS, which will prevent the partial routing of the signal "input_layer[98]". Without this partial route, timing analysis to/from this port will not be accurate, and no routing information for this port can be exported.
WARNING: [Route 35-198] Port "input_layer[94]" does not have an associated HD.PARTPIN_LOCS, which will prevent the partial routing of the signal "input_layer[94]". Without this partial route, timing analysis to/from this port will not be accurate, and no routing information for this port can be exported.
WARNING: [Route 35-198] Port "input_layer[62]" does not have an associated HD.PARTPIN_LOCS, which will prevent the partial routing of the signal "input_layer[62]". Without this partial route, timing analysis to/from this port will not be accurate, and no routing information for this port can be exported.
WARNING: [Route 35-198] Port "input_layer[81]" does not have an associated HD.PARTPIN_LOCS, which will prevent the partial routing of the signal "input_layer[81]". Without this partial route, timing analysis to/from this port will not be accurate, and no routing information for this port can be exported.
WARNING: [Route 35-198] Port "input_layer[51]" does not have an associated HD.PARTPIN_LOCS, which will prevent the partial routing of the signal "input_layer[51]". Without this partial route, timing analysis to/from this port will not be accurate, and no routing information for this port can be exported.
WARNING: [Route 35-198] Port "input_layer[67]" does not have an associated HD.PARTPIN_LOCS, which will prevent the partial routing of the signal "input_layer[67]". Without this partial route, timing analysis to/from this port will not be accurate, and no routing information for this port can be exported.
WARNING: [Route 35-198] Port "input_layer[20]" does not have an associated HD.PARTPIN_LOCS, which will prevent the partial routing of the signal "input_layer[20]". Without this partial route, timing analysis to/from this port will not be accurate, and no routing information for this port can be exported.
WARNING: [Route 35-198] Port "input_layer[103]" does not have an associated HD.PARTPIN_LOCS, which will prevent the partial routing of the signal "input_layer[103]". Without this partial route, timing analysis to/from this port will not be accurate, and no routing information for this port can be exported.
WARNING: [Route 35-198] Port "input_layer[70]" does not have an associated HD.PARTPIN_LOCS, which will prevent the partial routing of the signal "input_layer[70]". Without this partial route, timing analysis to/from this port will not be accurate, and no routing information for this port can be exported.
WARNING: [Route 35-198] Port "input_layer[55]" does not have an associated HD.PARTPIN_LOCS, which will prevent the partial routing of the signal "input_layer[55]". Without this partial route, timing analysis to/from this port will not be accurate, and no routing information for this port can be exported.
WARNING: [Route 35-198] Port "input_layer[52]" does not have an associated HD.PARTPIN_LOCS, which will prevent the partial routing of the signal "input_layer[52]". Without this partial route, timing analysis to/from this port will not be accurate, and no routing information for this port can be exported.
WARNING: [Route 35-198] Port "input_layer[49]" does not have an associated HD.PARTPIN_LOCS, which will prevent the partial routing of the signal "input_layer[49]". Without this partial route, timing analysis to/from this port will not be accurate, and no routing information for this port can be exported.
WARNING: [Route 35-198] Port "input_layer[23]" does not have an associated HD.PARTPIN_LOCS, which will prevent the partial routing of the signal "input_layer[23]". Without this partial route, timing analysis to/from this port will not be accurate, and no routing information for this port can be exported.
WARNING: [Route 35-198] Port "input_layer[1]" does not have an associated HD.PARTPIN_LOCS, which will prevent the partial routing of the signal "input_layer[1]". Without this partial route, timing analysis to/from this port will not be accurate, and no routing information for this port can be exported.
WARNING: [Route 35-198] Port "input_layer[97]" does not have an associated HD.PARTPIN_LOCS, which will prevent the partial routing of the signal "input_layer[97]". Without this partial route, timing analysis to/from this port will not be accurate, and no routing information for this port can be exported.
WARNING: [Route 35-198] Port "input_layer[85]" does not have an associated HD.PARTPIN_LOCS, which will prevent the partial routing of the signal "input_layer[85]". Without this partial route, timing analysis to/from this port will not be accurate, and no routing information for this port can be exported.
WARNING: [Route 35-198] Port "input_layer[69]" does not have an associated HD.PARTPIN_LOCS, which will prevent the partial routing of the signal "input_layer[69]". Without this partial route, timing analysis to/from this port will not be accurate, and no routing information for this port can be exported.
WARNING: [Route 35-198] Port "input_layer[53]" does not have an associated HD.PARTPIN_LOCS, which will prevent the partial routing of the signal "input_layer[53]". Without this partial route, timing analysis to/from this port will not be accurate, and no routing information for this port can be exported.
WARNING: [Route 35-198] Port "input_layer[37]" does not have an associated HD.PARTPIN_LOCS, which will prevent the partial routing of the signal "input_layer[37]". Without this partial route, timing analysis to/from this port will not be accurate, and no routing information for this port can be exported.
WARNING: [Route 35-198] Port "input_layer[17]" does not have an associated HD.PARTPIN_LOCS, which will prevent the partial routing of the signal "input_layer[17]". Without this partial route, timing analysis to/from this port will not be accurate, and no routing information for this port can be exported.
WARNING: [Route 35-198] Port "input_layer[117]" does not have an associated HD.PARTPIN_LOCS, which will prevent the partial routing of the signal "input_layer[117]". Without this partial route, timing analysis to/from this port will not be accurate, and no routing information for this port can be exported.
WARNING: [Route 35-198] Port "input_layer[78]" does not have an associated HD.PARTPIN_LOCS, which will prevent the partial routing of the signal "input_layer[78]". Without this partial route, timing analysis to/from this port will not be accurate, and no routing information for this port can be exported.
WARNING: [Route 35-198] Port "input_layer[58]" does not have an associated HD.PARTPIN_LOCS, which will prevent the partial routing of the signal "input_layer[58]". Without this partial route, timing analysis to/from this port will not be accurate, and no routing information for this port can be exported.
WARNING: [Route 35-198] Port "input_layer[46]" does not have an associated HD.PARTPIN_LOCS, which will prevent the partial routing of the signal "input_layer[46]". Without this partial route, timing analysis to/from this port will not be accurate, and no routing information for this port can be exported.
WARNING: [Route 35-198] Port "input_layer[42]" does not have an associated HD.PARTPIN_LOCS, which will prevent the partial routing of the signal "input_layer[42]". Without this partial route, timing analysis to/from this port will not be accurate, and no routing information for this port can be exported.
WARNING: [Route 35-198] Port "input_layer[30]" does not have an associated HD.PARTPIN_LOCS, which will prevent the partial routing of the signal "input_layer[30]". Without this partial route, timing analysis to/from this port will not be accurate, and no routing information for this port can be exported.
WARNING: [Route 35-198] Port "input_layer[26]" does not have an associated HD.PARTPIN_LOCS, which will prevent the partial routing of the signal "input_layer[26]". Without this partial route, timing analysis to/from this port will not be accurate, and no routing information for this port can be exported.
WARNING: [Route 35-198] Port "input_layer[14]" does not have an associated HD.PARTPIN_LOCS, which will prevent the partial routing of the signal "input_layer[14]". Without this partial route, timing analysis to/from this port will not be accurate, and no routing information for this port can be exported.
WARNING: [Route 35-198] Port "input_layer[102]" does not have an associated HD.PARTPIN_LOCS, which will prevent the partial routing of the signal "input_layer[102]". Without this partial route, timing analysis to/from this port will not be accurate, and no routing information for this port can be exported.
INFO: [Common 17-14] Message 'Route 35-198' appears 100 times and further instances of the messages will be disabled. Use the Tcl command set_msg_config to change the current settings.
WARNING: [Constraints 18-8777] Unable to split tiles. All required files are not available.
Post Restoration Checksum: NetGraph: fcf78b45 | NumContArr: 43bbc062 | Constraints: c2a8fa9d | Timing: c2a8fa9d
Phase 1 Build RT Design | Checksum: 2c60540e1

Time (s): cpu = 00:00:09 ; elapsed = 00:00:06 . Memory (MB): peak = 3344.562 ; gain = 0.000 ; free physical = 83745 ; free virtual = 123104

Phase 2 Router Initialization

Phase 2.1 Fix Topology Constraints
Phase 2.1 Fix Topology Constraints | Checksum: 2c60540e1

Time (s): cpu = 00:00:09 ; elapsed = 00:00:06 . Memory (MB): peak = 3344.562 ; gain = 0.000 ; free physical = 83745 ; free virtual = 123104

Phase 2.2 Pre Route Cleanup
Phase 2.2 Pre Route Cleanup | Checksum: 2c60540e1

Time (s): cpu = 00:00:09 ; elapsed = 00:00:06 . Memory (MB): peak = 3344.562 ; gain = 0.000 ; free physical = 83745 ; free virtual = 123104
 Number of Nodes with overlaps = 0

Phase 2.3 Update Timing
Phase 2.3 Update Timing | Checksum: 2fe6f57d3

Time (s): cpu = 00:00:12 ; elapsed = 00:00:07 . Memory (MB): peak = 3344.562 ; gain = 0.000 ; free physical = 83745 ; free virtual = 123104
INFO: [Route 35-416] Intermediate Timing Summary | WNS=-2.891 | TNS=-1755.114| WHS=0.073  | THS=0.000  |


Router Utilization Summary
  Global Vertical Routing Utilization    = 0 %
  Global Horizontal Routing Utilization  = 0 %
  Routable Net Status*
  *Does not include unroutable nets such as driverless and loadless.
  Run report_route_status for detailed report.
  Number of Failed Nets               = 13186
    (Failed Nets is the sum of unrouted and partially routed nets)
  Number of Unrouted Nets             = 13186
  Number of Partially Routed Nets     = 0
  Number of Node Overlaps             = 0

Phase 2 Router Initialization | Checksum: 320baf154

Time (s): cpu = 00:00:13 ; elapsed = 00:00:08 . Memory (MB): peak = 3344.562 ; gain = 0.000 ; free physical = 83745 ; free virtual = 123104

Phase 3 Global Routing
Phase 3 Global Routing | Checksum: 320baf154

Time (s): cpu = 00:00:13 ; elapsed = 00:00:08 . Memory (MB): peak = 3344.562 ; gain = 0.000 ; free physical = 83745 ; free virtual = 123104

Phase 4 Initial Routing

Phase 4.1 Initial Net Routing Pass
Phase 4.1 Initial Net Routing Pass | Checksum: 35ac1b36c

Time (s): cpu = 00:00:14 ; elapsed = 00:00:08 . Memory (MB): peak = 3344.562 ; gain = 0.000 ; free physical = 83745 ; free virtual = 123104
Phase 4 Initial Routing | Checksum: 35ac1b36c

Time (s): cpu = 00:00:14 ; elapsed = 00:00:08 . Memory (MB): peak = 3344.562 ; gain = 0.000 ; free physical = 83745 ; free virtual = 123104

Phase 5 Rip-up And Reroute

Phase 5.1 Global Iteration 0
 Number of Nodes with overlaps = 720
 Number of Nodes with overlaps = 75
 Number of Nodes with overlaps = 14
 Number of Nodes with overlaps = 9
 Number of Nodes with overlaps = 3
 Number of Nodes with overlaps = 1
 Number of Nodes with overlaps = 0
INFO: [Route 35-416] Intermediate Timing Summary | WNS=-3.796 | TNS=-3364.472| WHS=N/A    | THS=N/A    |

Phase 5.1 Global Iteration 0 | Checksum: 1dc5f4c10

Time (s): cpu = 00:00:20 ; elapsed = 00:00:11 . Memory (MB): peak = 3344.562 ; gain = 0.000 ; free physical = 83745 ; free virtual = 123104

Phase 5.2 Global Iteration 1
 Number of Nodes with overlaps = 92
 Number of Nodes with overlaps = 14
 Number of Nodes with overlaps = 6
 Number of Nodes with overlaps = 1
 Number of Nodes with overlaps = 0
INFO: [Route 35-416] Intermediate Timing Summary | WNS=-3.989 | TNS=-3577.346| WHS=N/A    | THS=N/A    |

Phase 5.2 Global Iteration 1 | Checksum: 2c89a81e8

Time (s): cpu = 00:00:22 ; elapsed = 00:00:13 . Memory (MB): peak = 3344.562 ; gain = 0.000 ; free physical = 83745 ; free virtual = 123104
Phase 5 Rip-up And Reroute | Checksum: 2c89a81e8

Time (s): cpu = 00:00:22 ; elapsed = 00:00:13 . Memory (MB): peak = 3344.562 ; gain = 0.000 ; free physical = 83745 ; free virtual = 123104

Phase 6 Delay and Skew Optimization

Phase 6.1 Delay CleanUp

Phase 6.1.1 Update Timing
Phase 6.1.1 Update Timing | Checksum: 2c89a81e8

Time (s): cpu = 00:00:23 ; elapsed = 00:00:13 . Memory (MB): peak = 3344.562 ; gain = 0.000 ; free physical = 83745 ; free virtual = 123104
INFO: [Route 35-416] Intermediate Timing Summary | WNS=-3.796 | TNS=-3364.472| WHS=N/A    | THS=N/A    |

 Number of Nodes with overlaps = 0
Phase 6.1 Delay CleanUp | Checksum: 203483c4f

Time (s): cpu = 00:00:23 ; elapsed = 00:00:13 . Memory (MB): peak = 3344.562 ; gain = 0.000 ; free physical = 83745 ; free virtual = 123104

Phase 6.2 Clock Skew Optimization
Phase 6.2 Clock Skew Optimization | Checksum: 203483c4f

Time (s): cpu = 00:00:23 ; elapsed = 00:00:13 . Memory (MB): peak = 3344.562 ; gain = 0.000 ; free physical = 83745 ; free virtual = 123104
Phase 6 Delay and Skew Optimization | Checksum: 203483c4f

Time (s): cpu = 00:00:23 ; elapsed = 00:00:13 . Memory (MB): peak = 3344.562 ; gain = 0.000 ; free physical = 83745 ; free virtual = 123104

Phase 7 Post Hold Fix

Phase 7.1 Hold Fix Iter
INFO: [Route 35-416] Intermediate Timing Summary | WNS=-3.678 | TNS=-3350.268| WHS=0.070  | THS=0.000  |

Phase 7.1 Hold Fix Iter | Checksum: 27dd46f0c

Time (s): cpu = 00:00:25 ; elapsed = 00:00:14 . Memory (MB): peak = 3344.562 ; gain = 0.000 ; free physical = 83745 ; free virtual = 123104
Phase 7 Post Hold Fix | Checksum: 27dd46f0c

Time (s): cpu = 00:00:25 ; elapsed = 00:00:14 . Memory (MB): peak = 3344.562 ; gain = 0.000 ; free physical = 83745 ; free virtual = 123104

Phase 8 Route finalize

Router Utilization Summary
  Global Vertical Routing Utilization    = 4.96396 %
  Global Horizontal Routing Utilization  = 7.36029 %
  Routable Net Status*
  *Does not include unroutable nets such as driverless and loadless.
  Run report_route_status for detailed report.
  Number of Failed Nets               = 0
    (Failed Nets is the sum of unrouted and partially routed nets)
  Number of Unrouted Nets             = 0
  Number of Partially Routed Nets     = 0
  Number of Node Overlaps             = 0


--GLOBAL Congestion:
Utilization threshold used for congestion level computation: 0.85
Congestion Report
North Dir 1x1 Area, Max Cong = 45.9459%, No Congested Regions.
South Dir 1x1 Area, Max Cong = 63.964%, No Congested Regions.
East Dir 1x1 Area, Max Cong = 63.2353%, No Congested Regions.
West Dir 1x1 Area, Max Cong = 61.7647%, No Congested Regions.

------------------------------
Reporting congestion hotspots
------------------------------
Direction: North
----------------
Congested clusters found at Level 0
Effective congestion level: 0 Aspect Ratio: 1 Sparse Ratio: 0
Direction: South
----------------
Congested clusters found at Level 0
Effective congestion level: 0 Aspect Ratio: 1 Sparse Ratio: 0
Direction: East
----------------
Congested clusters found at Level 0
Effective congestion level: 0 Aspect Ratio: 1 Sparse Ratio: 0
Direction: West
----------------
Congested clusters found at Level 0
Effective congestion level: 0 Aspect Ratio: 1 Sparse Ratio: 0

Phase 8 Route finalize | Checksum: 27dd46f0c

Time (s): cpu = 00:00:25 ; elapsed = 00:00:14 . Memory (MB): peak = 3344.562 ; gain = 0.000 ; free physical = 83745 ; free virtual = 123104

Phase 9 Verifying routed nets

 Verification completed successfully
Phase 9 Verifying routed nets | Checksum: 27dd46f0c

Time (s): cpu = 00:00:25 ; elapsed = 00:00:14 . Memory (MB): peak = 3344.562 ; gain = 0.000 ; free physical = 83745 ; free virtual = 123103

Phase 10 Depositing Routes
Phase 10 Depositing Routes | Checksum: 1d5d14026

Time (s): cpu = 00:00:25 ; elapsed = 00:00:14 . Memory (MB): peak = 3344.562 ; gain = 0.000 ; free physical = 83745 ; free virtual = 123103

Phase 11 Post Process Routing
Phase 11 Post Process Routing | Checksum: 1d5d14026

Time (s): cpu = 00:00:25 ; elapsed = 00:00:14 . Memory (MB): peak = 3344.562 ; gain = 0.000 ; free physical = 83745 ; free virtual = 123103

Phase 12 Post Router Timing
INFO: [Route 35-57] Estimated Timing Summary | WNS=-3.678 | TNS=-3350.268| WHS=0.070  | THS=0.000  |

WARNING: [Route 35-328] Router estimated timing not met.
Resolution: For a complete and accurate timing signoff, report_timing_summary must be run after route_design. Alternatively, route_design can be run with the -timing_summary option to enable a complete timing signoff at the end of route_design.
Phase 12 Post Router Timing | Checksum: 1d5d14026

Time (s): cpu = 00:00:25 ; elapsed = 00:00:14 . Memory (MB): peak = 3344.562 ; gain = 0.000 ; free physical = 83745 ; free virtual = 123103
Total Elapsed time in route_design: 14.22 secs

Phase 13 Post-Route Event Processing
Phase 13 Post-Route Event Processing | Checksum: 106acd895

Time (s): cpu = 00:00:26 ; elapsed = 00:00:14 . Memory (MB): peak = 3344.562 ; gain = 0.000 ; free physical = 83745 ; free virtual = 123103
INFO: [Route 35-16] Router Completed Successfully
Ending Routing Task | Checksum: 106acd895

Time (s): cpu = 00:00:26 ; elapsed = 00:00:14 . Memory (MB): peak = 3344.562 ; gain = 0.000 ; free physical = 83745 ; free virtual = 123103

Routing Is Done.
INFO: [Common 17-83] Releasing license: Implementation
14 Infos, 103 Warnings, 0 Critical Warnings and 0 Errors encountered.
route_design completed successfully
route_design: Time (s): cpu = 00:00:27 ; elapsed = 00:00:15 . Memory (MB): peak = 3344.562 ; gain = 0.000 ; free physical = 83745 ; free virtual = 123103
# report_timing_summary -file ./Analysis_Verilog/Timing_Report_Implementation.rpt
INFO: [Timing 38-91] UpdateTimingParams: Speed grade: -1, Delay Type: min_max.
INFO: [Timing 38-191] Multithreading enabled for timing update using a maximum of 8 CPUs
WARNING: [Timing 38-242] The property HD.CLK_SRC of clock port "ap_clk" is not set. In out-of-context mode, this prevents timing estimation for clock delay/skew
Resolution: Set the HD.CLK_SRC property of the out-of-context port to the location of the clock buffer instance in the top-level design
# report_timing -max_paths 20 -file ./Analysis_Verilog/Timing_Paths_Implementation.rpt
INFO: [Timing 38-91] UpdateTimingParams: Speed grade: -1, Delay Type: max.
INFO: [Timing 38-191] Multithreading enabled for timing update using a maximum of 8 CPUs
INFO: [Timing 38-78] ReportTimingParams: -max_paths 20 -nworst 1 -delay_type max -sort_by slack.
# report_utilization -hierarchical -file ./Analysis_Verilog/Utilization_Report_Implementation.rpt
# write_checkpoint -force ./Analysis_Verilog/Post_Implementation.dcp
INFO: [Timing 38-480] Writing timing data to binary archive.
Write ShapeDB Complete: Time (s): cpu = 00:00:00.09 ; elapsed = 00:00:00.02 . Memory (MB): peak = 3344.562 ; gain = 0.000 ; free physical = 83740 ; free virtual = 123100
Wrote PlaceDB: Time (s): cpu = 00:00:01 ; elapsed = 00:00:00.43 . Memory (MB): peak = 3344.562 ; gain = 0.000 ; free physical = 83724 ; free virtual = 123097
Wrote PulsedLatchDB: Time (s): cpu = 00:00:00 ; elapsed = 00:00:00 . Memory (MB): peak = 3344.562 ; gain = 0.000 ; free physical = 83718 ; free virtual = 123091
Writing XDEF routing.
Writing XDEF routing logical nets.
Writing XDEF routing special nets.
Wrote RouteStorage: Time (s): cpu = 00:00:00.13 ; elapsed = 00:00:00.1 . Memory (MB): peak = 3344.562 ; gain = 0.000 ; free physical = 83715 ; free virtual = 123089
Wrote Netlist Cache: Time (s): cpu = 00:00:00.01 ; elapsed = 00:00:00.01 . Memory (MB): peak = 3344.562 ; gain = 0.000 ; free physical = 83732 ; free virtual = 123107
Wrote Device Cache: Time (s): cpu = 00:00:00 ; elapsed = 00:00:00 . Memory (MB): peak = 3344.562 ; gain = 0.000 ; free physical = 83730 ; free virtual = 123106
Write Physdb Complete: Time (s): cpu = 00:00:01 ; elapsed = 00:00:00.67 . Memory (MB): peak = 3344.562 ; gain = 0.000 ; free physical = 83729 ; free virtual = 123105
INFO: [Common 17-1381] The checkpoint '/home/eim32828/Desktop/Vitis_HLS_Gens/SampleNeuralNets_2_9_v2/Custom/Analysis_Verilog/Post_Implementation.dcp' has been generated.
INFO: [Common 17-206] Exiting Vivado at Wed Sep  2 01:10:40 2026...
