
****** Vivado v2024.1 (64-bit)
  **** SW Build 5076996 on Wed May 22 18:36:09 MDT 2024
  **** IP Build 5075265 on Wed May 22 21:45:21 MDT 2024
  **** SharedData Build 5076995 on Wed May 22 18:29:18 MDT 2024
  **** Start of session at: Thu Sep  3 03:44:15 2026
    ** Copyright 1986-2022 Xilinx, Inc. All Rights Reserved.
    ** Copyright 2022-2024 Advanced Micro Devices, Inc. All Rights Reserved.

source Analyze_Build_alt.tcl
# read_vhdl [glob ./SampleNeuralNet_prj/solution1/syn/vhdl/*.vhd]
read_vhdl: Time (s): cpu = 00:00:16 ; elapsed = 00:00:19 . Memory (MB): peak = 1683.633 ; gain = 282.930 ; free physical = 85736 ; free virtual = 125562
# read_xdc ./Analysis_Constraints.xdc
# file mkdir ./Analysis_alt
# synth_design \
#     -top SampleNeuralNet \
#     -part xc7z010clg400-1 \
#     -mode out_of_context
Command: synth_design -top SampleNeuralNet -part xc7z010clg400-1 -mode out_of_context
Starting synth_design
Attempting to get a license for feature 'Synthesis' and/or device 'xc7z010'
INFO: [Common 17-349] Got license for feature 'Synthesis' and/or device 'xc7z010'
INFO: [Device 21-403] Loading part xc7z010clg400-1
INFO: [Device 21-9227] Part: xc7z010clg400-1 does not have CEAM library.
INFO: [Synth 8-7079] Multithreading enabled for synth_design using a maximum of 4 processes.
INFO: [Synth 8-7078] Launching helper process for spawning children vivado processes
INFO: [Synth 8-7075] Helper process launched with PID 1413453
---------------------------------------------------------------------------------
Starting RTL Elaboration : Time (s): cpu = 00:00:03 ; elapsed = 00:00:03 . Memory (MB): peak = 2445.645 ; gain = 419.832 ; free physical = 84567 ; free virtual = 124404
---------------------------------------------------------------------------------
INFO: [Synth 8-638] synthesizing module 'SampleNeuralNet' [/home/eim32828/Desktop/Vitis_HLS_Gens/SampleNeuralNets_30_8/Reuse8/SampleNeuralNet_prj/solution1/syn/vhdl/SampleNeuralNet.vhd:40]
INFO: [Synth 8-3491] module 'SampleNeuralNet_dense_resource_rf_leq_nin_ap_int_16_ap_int_48_config2_s' declared at '/home/eim32828/Desktop/Vitis_HLS_Gens/SampleNeuralNets_30_8/Reuse8/SampleNeuralNet_prj/solution1/syn/vhdl/SampleNeuralNet_dense_resource_rf_leq_nin_ap_int_16_ap_int_48_config2_s.vhd:11' bound to instance 'dense_resource_rf_leq_nin_ap_int_16_ap_int_48_config2_U0' of component 'SampleNeuralNet_dense_resource_rf_leq_nin_ap_int_16_ap_int_48_config2_s' [/home/eim32828/Desktop/Vitis_HLS_Gens/SampleNeuralNets_30_8/Reuse8/SampleNeuralNet_prj/solution1/syn/vhdl/SampleNeuralNet.vhd:681]
INFO: [Synth 8-638] synthesizing module 'SampleNeuralNet_dense_resource_rf_leq_nin_ap_int_16_ap_int_48_config2_s' [/home/eim32828/Desktop/Vitis_HLS_Gens/SampleNeuralNets_30_8/Reuse8/SampleNeuralNet_prj/solution1/syn/vhdl/SampleNeuralNet_dense_resource_rf_leq_nin_ap_int_16_ap_int_48_config2_s.vhd:33]
	Parameter DataWidth bound to: 117 - type: integer 
	Parameter AddressRange bound to: 8 - type: integer 
	Parameter AddressWidth bound to: 3 - type: integer 
INFO: [Synth 8-3491] module 'SampleNeuralNet_dense_resource_rf_leq_nin_ap_int_16_ap_int_48_config2_s_w2_95_ROM_NP_BRAM_2R' declared at '/home/eim32828/Desktop/Vitis_HLS_Gens/SampleNeuralNets_30_8/Reuse8/SampleNeuralNet_prj/solution1/syn/vhdl/SampleNeuralNet_dense_resource_rf_leq_nin_ap_int_16_ap_int_48_config2_s_w2_95_ROM_NP_BRAM_2R.vhd:10' bound to instance 'w2_95_U' of component 'SampleNeuralNet_dense_resource_rf_leq_nin_ap_int_16_ap_int_48_config2_s_w2_95_ROM_NP_BRAM_2R' [/home/eim32828/Desktop/Vitis_HLS_Gens/SampleNeuralNets_30_8/Reuse8/SampleNeuralNet_prj/solution1/syn/vhdl/SampleNeuralNet_dense_resource_rf_leq_nin_ap_int_16_ap_int_48_config2_s.vhd:340]
INFO: [Synth 8-638] synthesizing module 'SampleNeuralNet_dense_resource_rf_leq_nin_ap_int_16_ap_int_48_config2_s_w2_95_ROM_NP_BRAM_2R' [/home/eim32828/Desktop/Vitis_HLS_Gens/SampleNeuralNets_30_8/Reuse8/SampleNeuralNet_prj/solution1/syn/vhdl/SampleNeuralNet_dense_resource_rf_leq_nin_ap_int_16_ap_int_48_config2_s_w2_95_ROM_NP_BRAM_2R.vhd:28]
	Parameter DataWidth bound to: 117 - type: integer 
	Parameter AddressWidth bound to: 3 - type: integer 
	Parameter AddressRange bound to: 8 - type: integer 
INFO: [Synth 8-256] done synthesizing module 'SampleNeuralNet_dense_resource_rf_leq_nin_ap_int_16_ap_int_48_config2_s_w2_95_ROM_NP_BRAM_2R' (0#1) [/home/eim32828/Desktop/Vitis_HLS_Gens/SampleNeuralNets_30_8/Reuse8/SampleNeuralNet_prj/solution1/syn/vhdl/SampleNeuralNet_dense_resource_rf_leq_nin_ap_int_16_ap_int_48_config2_s_w2_95_ROM_NP_BRAM_2R.vhd:28]
	Parameter ID bound to: 1 - type: integer 
	Parameter NUM_STAGE bound to: 7 - type: integer 
	Parameter OP bound to: 1 - type: integer 
	Parameter din0_WIDTH bound to: 128 - type: integer 
	Parameter din1_WIDTH bound to: 7 - type: integer 
	Parameter dout_WIDTH bound to: 128 - type: integer 
INFO: [Synth 8-3491] module 'SampleNeuralNet_lshr_128ns_7ns_128_7_1' declared at '/home/eim32828/Desktop/Vitis_HLS_Gens/SampleNeuralNets_30_8/Reuse8/SampleNeuralNet_prj/solution1/syn/vhdl/SampleNeuralNet_lshr_128ns_7ns_128_7_1.vhd:12' bound to instance 'lshr_128ns_7ns_128_7_1_U1' of component 'SampleNeuralNet_lshr_128ns_7ns_128_7_1' [/home/eim32828/Desktop/Vitis_HLS_Gens/SampleNeuralNets_30_8/Reuse8/SampleNeuralNet_prj/solution1/syn/vhdl/SampleNeuralNet_dense_resource_rf_leq_nin_ap_int_16_ap_int_48_config2_s.vhd:352]
INFO: [Synth 8-638] synthesizing module 'SampleNeuralNet_lshr_128ns_7ns_128_7_1' [/home/eim32828/Desktop/Vitis_HLS_Gens/SampleNeuralNets_30_8/Reuse8/SampleNeuralNet_prj/solution1/syn/vhdl/SampleNeuralNet_lshr_128ns_7ns_128_7_1.vhd:32]
	Parameter ID bound to: 1 - type: integer 
	Parameter NUM_STAGE bound to: 7 - type: integer 
	Parameter din0_WIDTH bound to: 128 - type: integer 
	Parameter din1_WIDTH bound to: 7 - type: integer 
	Parameter dout_WIDTH bound to: 128 - type: integer 
	Parameter OP bound to: 1 - type: integer 
WARNING: [Synth 8-7193] Integer conversion function is truncating input [/home/eim32828/Desktop/Vitis_HLS_Gens/SampleNeuralNets_30_8/Reuse8/SampleNeuralNet_prj/solution1/syn/vhdl/SampleNeuralNet_lshr_128ns_7ns_128_7_1.vhd:64]
INFO: [Synth 8-256] done synthesizing module 'SampleNeuralNet_lshr_128ns_7ns_128_7_1' (0#1) [/home/eim32828/Desktop/Vitis_HLS_Gens/SampleNeuralNets_30_8/Reuse8/SampleNeuralNet_prj/solution1/syn/vhdl/SampleNeuralNet_lshr_128ns_7ns_128_7_1.vhd:32]
	Parameter ID bound to: 1 - type: integer 
	Parameter NUM_STAGE bound to: 4 - type: integer 
	Parameter din0_WIDTH bound to: 16 - type: integer 
	Parameter din1_WIDTH bound to: 16 - type: integer 
	Parameter din2_WIDTH bound to: 34 - type: integer 
	Parameter dout_WIDTH bound to: 35 - type: integer 
INFO: [Synth 8-3491] module 'SampleNeuralNet_mac_muladd_16s_16s_34s_35_4_1' declared at '/home/eim32828/Desktop/Vitis_HLS_Gens/SampleNeuralNets_30_8/Reuse8/SampleNeuralNet_prj/solution1/syn/vhdl/SampleNeuralNet_mac_muladd_16s_16s_34s_35_4_1.vhd:66' bound to instance 'mac_muladd_16s_16s_34s_35_4_1_U2' of component 'SampleNeuralNet_mac_muladd_16s_16s_34s_35_4_1' [/home/eim32828/Desktop/Vitis_HLS_Gens/SampleNeuralNets_30_8/Reuse8/SampleNeuralNet_prj/solution1/syn/vhdl/SampleNeuralNet_dense_resource_rf_leq_nin_ap_int_16_ap_int_48_config2_s.vhd:368]
INFO: [Synth 8-638] synthesizing module 'SampleNeuralNet_mac_muladd_16s_16s_34s_35_4_1' [/home/eim32828/Desktop/Vitis_HLS_Gens/SampleNeuralNets_30_8/Reuse8/SampleNeuralNet_prj/solution1/syn/vhdl/SampleNeuralNet_mac_muladd_16s_16s_34s_35_4_1.vhd:86]
	Parameter ID bound to: 1 - type: integer 
	Parameter NUM_STAGE bound to: 4 - type: integer 
	Parameter din0_WIDTH bound to: 16 - type: integer 
	Parameter din1_WIDTH bound to: 16 - type: integer 
	Parameter din2_WIDTH bound to: 34 - type: integer 
	Parameter dout_WIDTH bound to: 35 - type: integer 
INFO: [Synth 8-3491] module 'SampleNeuralNet_mac_muladd_16s_16s_34s_35_4_1_DSP48_0' declared at '/home/eim32828/Desktop/Vitis_HLS_Gens/SampleNeuralNets_30_8/Reuse8/SampleNeuralNet_prj/solution1/syn/vhdl/SampleNeuralNet_mac_muladd_16s_16s_34s_35_4_1.vhd:14' bound to instance 'SampleNeuralNet_mac_muladd_16s_16s_34s_35_4_1_DSP48_0_U' of component 'SampleNeuralNet_mac_muladd_16s_16s_34s_35_4_1_DSP48_0' [/home/eim32828/Desktop/Vitis_HLS_Gens/SampleNeuralNets_30_8/Reuse8/SampleNeuralNet_prj/solution1/syn/vhdl/SampleNeuralNet_mac_muladd_16s_16s_34s_35_4_1.vhd:103]
INFO: [Synth 8-638] synthesizing module 'SampleNeuralNet_mac_muladd_16s_16s_34s_35_4_1_DSP48_0' [/home/eim32828/Desktop/Vitis_HLS_Gens/SampleNeuralNets_30_8/Reuse8/SampleNeuralNet_prj/solution1/syn/vhdl/SampleNeuralNet_mac_muladd_16s_16s_34s_35_4_1.vhd:26]
INFO: [Synth 8-256] done synthesizing module 'SampleNeuralNet_mac_muladd_16s_16s_34s_35_4_1_DSP48_0' (0#1) [/home/eim32828/Desktop/Vitis_HLS_Gens/SampleNeuralNets_30_8/Reuse8/SampleNeuralNet_prj/solution1/syn/vhdl/SampleNeuralNet_mac_muladd_16s_16s_34s_35_4_1.vhd:26]
INFO: [Synth 8-256] done synthesizing module 'SampleNeuralNet_mac_muladd_16s_16s_34s_35_4_1' (0#1) [/home/eim32828/Desktop/Vitis_HLS_Gens/SampleNeuralNets_30_8/Reuse8/SampleNeuralNet_prj/solution1/syn/vhdl/SampleNeuralNet_mac_muladd_16s_16s_34s_35_4_1.vhd:86]
	Parameter ID bound to: 1 - type: integer 
	Parameter NUM_STAGE bound to: 4 - type: integer 
	Parameter din0_WIDTH bound to: 16 - type: integer 
	Parameter din1_WIDTH bound to: 16 - type: integer 
	Parameter din2_WIDTH bound to: 34 - type: integer 
	Parameter dout_WIDTH bound to: 34 - type: integer 
INFO: [Synth 8-3491] module 'SampleNeuralNet_mac_muladd_16s_16s_34s_34_4_1' declared at '/home/eim32828/Desktop/Vitis_HLS_Gens/SampleNeuralNets_30_8/Reuse8/SampleNeuralNet_prj/solution1/syn/vhdl/SampleNeuralNet_mac_muladd_16s_16s_34s_34_4_1.vhd:66' bound to instance 'mac_muladd_16s_16s_34s_34_4_1_U3' of component 'SampleNeuralNet_mac_muladd_16s_16s_34s_34_4_1' [/home/eim32828/Desktop/Vitis_HLS_Gens/SampleNeuralNets_30_8/Reuse8/SampleNeuralNet_prj/solution1/syn/vhdl/SampleNeuralNet_dense_resource_rf_leq_nin_ap_int_16_ap_int_48_config2_s.vhd:385]
INFO: [Synth 8-638] synthesizing module 'SampleNeuralNet_mac_muladd_16s_16s_34s_34_4_1' [/home/eim32828/Desktop/Vitis_HLS_Gens/SampleNeuralNets_30_8/Reuse8/SampleNeuralNet_prj/solution1/syn/vhdl/SampleNeuralNet_mac_muladd_16s_16s_34s_34_4_1.vhd:86]
	Parameter ID bound to: 1 - type: integer 
	Parameter NUM_STAGE bound to: 4 - type: integer 
	Parameter din0_WIDTH bound to: 16 - type: integer 
	Parameter din1_WIDTH bound to: 16 - type: integer 
	Parameter din2_WIDTH bound to: 34 - type: integer 
	Parameter dout_WIDTH bound to: 34 - type: integer 
INFO: [Synth 8-3491] module 'SampleNeuralNet_mac_muladd_16s_16s_34s_34_4_1_DSP48_0' declared at '/home/eim32828/Desktop/Vitis_HLS_Gens/SampleNeuralNets_30_8/Reuse8/SampleNeuralNet_prj/solution1/syn/vhdl/SampleNeuralNet_mac_muladd_16s_16s_34s_34_4_1.vhd:14' bound to instance 'SampleNeuralNet_mac_muladd_16s_16s_34s_34_4_1_DSP48_0_U' of component 'SampleNeuralNet_mac_muladd_16s_16s_34s_34_4_1_DSP48_0' [/home/eim32828/Desktop/Vitis_HLS_Gens/SampleNeuralNets_30_8/Reuse8/SampleNeuralNet_prj/solution1/syn/vhdl/SampleNeuralNet_mac_muladd_16s_16s_34s_34_4_1.vhd:103]
INFO: [Synth 8-638] synthesizing module 'SampleNeuralNet_mac_muladd_16s_16s_34s_34_4_1_DSP48_0' [/home/eim32828/Desktop/Vitis_HLS_Gens/SampleNeuralNets_30_8/Reuse8/SampleNeuralNet_prj/solution1/syn/vhdl/SampleNeuralNet_mac_muladd_16s_16s_34s_34_4_1.vhd:26]
INFO: [Synth 8-256] done synthesizing module 'SampleNeuralNet_mac_muladd_16s_16s_34s_34_4_1_DSP48_0' (0#1) [/home/eim32828/Desktop/Vitis_HLS_Gens/SampleNeuralNets_30_8/Reuse8/SampleNeuralNet_prj/solution1/syn/vhdl/SampleNeuralNet_mac_muladd_16s_16s_34s_34_4_1.vhd:26]
INFO: [Synth 8-256] done synthesizing module 'SampleNeuralNet_mac_muladd_16s_16s_34s_34_4_1' (0#1) [/home/eim32828/Desktop/Vitis_HLS_Gens/SampleNeuralNets_30_8/Reuse8/SampleNeuralNet_prj/solution1/syn/vhdl/SampleNeuralNet_mac_muladd_16s_16s_34s_34_4_1.vhd:86]
	Parameter ID bound to: 1 - type: integer 
	Parameter NUM_STAGE bound to: 4 - type: integer 
	Parameter din0_WIDTH bound to: 16 - type: integer 
	Parameter din1_WIDTH bound to: 16 - type: integer 
	Parameter din2_WIDTH bound to: 34 - type: integer 
	Parameter dout_WIDTH bound to: 35 - type: integer 
INFO: [Synth 8-3491] module 'SampleNeuralNet_mac_muladd_16s_16s_34s_35_4_1' declared at '/home/eim32828/Desktop/Vitis_HLS_Gens/SampleNeuralNets_30_8/Reuse8/SampleNeuralNet_prj/solution1/syn/vhdl/SampleNeuralNet_mac_muladd_16s_16s_34s_35_4_1.vhd:66' bound to instance 'mac_muladd_16s_16s_34s_35_4_1_U4' of component 'SampleNeuralNet_mac_muladd_16s_16s_34s_35_4_1' [/home/eim32828/Desktop/Vitis_HLS_Gens/SampleNeuralNets_30_8/Reuse8/SampleNeuralNet_prj/solution1/syn/vhdl/SampleNeuralNet_dense_resource_rf_leq_nin_ap_int_16_ap_int_48_config2_s.vhd:402]
	Parameter ID bound to: 1 - type: integer 
	Parameter NUM_STAGE bound to: 4 - type: integer 
	Parameter din0_WIDTH bound to: 16 - type: integer 
	Parameter din1_WIDTH bound to: 16 - type: integer 
	Parameter din2_WIDTH bound to: 34 - type: integer 
	Parameter dout_WIDTH bound to: 35 - type: integer 
INFO: [Synth 8-3491] module 'SampleNeuralNet_mac_muladd_16s_16s_34s_35_4_1' declared at '/home/eim32828/Desktop/Vitis_HLS_Gens/SampleNeuralNets_30_8/Reuse8/SampleNeuralNet_prj/solution1/syn/vhdl/SampleNeuralNet_mac_muladd_16s_16s_34s_35_4_1.vhd:66' bound to instance 'mac_muladd_16s_16s_34s_35_4_1_U5' of component 'SampleNeuralNet_mac_muladd_16s_16s_34s_35_4_1' [/home/eim32828/Desktop/Vitis_HLS_Gens/SampleNeuralNets_30_8/Reuse8/SampleNeuralNet_prj/solution1/syn/vhdl/SampleNeuralNet_dense_resource_rf_leq_nin_ap_int_16_ap_int_48_config2_s.vhd:419]
	Parameter ID bound to: 1 - type: integer 
	Parameter NUM_STAGE bound to: 4 - type: integer 
	Parameter din0_WIDTH bound to: 16 - type: integer 
	Parameter din1_WIDTH bound to: 16 - type: integer 
	Parameter din2_WIDTH bound to: 34 - type: integer 
	Parameter dout_WIDTH bound to: 35 - type: integer 
INFO: [Synth 8-3491] module 'SampleNeuralNet_mac_muladd_16s_16s_34s_35_4_1' declared at '/home/eim32828/Desktop/Vitis_HLS_Gens/SampleNeuralNets_30_8/Reuse8/SampleNeuralNet_prj/solution1/syn/vhdl/SampleNeuralNet_mac_muladd_16s_16s_34s_35_4_1.vhd:66' bound to instance 'mac_muladd_16s_16s_34s_35_4_1_U6' of component 'SampleNeuralNet_mac_muladd_16s_16s_34s_35_4_1' [/home/eim32828/Desktop/Vitis_HLS_Gens/SampleNeuralNets_30_8/Reuse8/SampleNeuralNet_prj/solution1/syn/vhdl/SampleNeuralNet_dense_resource_rf_leq_nin_ap_int_16_ap_int_48_config2_s.vhd:436]
	Parameter ID bound to: 1 - type: integer 
	Parameter NUM_STAGE bound to: 4 - type: integer 
	Parameter din0_WIDTH bound to: 16 - type: integer 
	Parameter din1_WIDTH bound to: 16 - type: integer 
	Parameter din2_WIDTH bound to: 34 - type: integer 
	Parameter dout_WIDTH bound to: 35 - type: integer 
INFO: [Synth 8-3491] module 'SampleNeuralNet_mac_muladd_16s_16s_34s_35_4_1' declared at '/home/eim32828/Desktop/Vitis_HLS_Gens/SampleNeuralNets_30_8/Reuse8/SampleNeuralNet_prj/solution1/syn/vhdl/SampleNeuralNet_mac_muladd_16s_16s_34s_35_4_1.vhd:66' bound to instance 'mac_muladd_16s_16s_34s_35_4_1_U7' of component 'SampleNeuralNet_mac_muladd_16s_16s_34s_35_4_1' [/home/eim32828/Desktop/Vitis_HLS_Gens/SampleNeuralNets_30_8/Reuse8/SampleNeuralNet_prj/solution1/syn/vhdl/SampleNeuralNet_dense_resource_rf_leq_nin_ap_int_16_ap_int_48_config2_s.vhd:453]
	Parameter ID bound to: 1 - type: integer 
	Parameter NUM_STAGE bound to: 4 - type: integer 
	Parameter din0_WIDTH bound to: 16 - type: integer 
	Parameter din1_WIDTH bound to: 16 - type: integer 
	Parameter din2_WIDTH bound to: 34 - type: integer 
	Parameter dout_WIDTH bound to: 34 - type: integer 
INFO: [Synth 8-3491] module 'SampleNeuralNet_mac_muladd_16s_16s_34s_34_4_1' declared at '/home/eim32828/Desktop/Vitis_HLS_Gens/SampleNeuralNets_30_8/Reuse8/SampleNeuralNet_prj/solution1/syn/vhdl/SampleNeuralNet_mac_muladd_16s_16s_34s_34_4_1.vhd:66' bound to instance 'mac_muladd_16s_16s_34s_34_4_1_U8' of component 'SampleNeuralNet_mac_muladd_16s_16s_34s_34_4_1' [/home/eim32828/Desktop/Vitis_HLS_Gens/SampleNeuralNets_30_8/Reuse8/SampleNeuralNet_prj/solution1/syn/vhdl/SampleNeuralNet_dense_resource_rf_leq_nin_ap_int_16_ap_int_48_config2_s.vhd:470]
	Parameter ID bound to: 1 - type: integer 
	Parameter NUM_STAGE bound to: 4 - type: integer 
	Parameter din0_WIDTH bound to: 16 - type: integer 
	Parameter din1_WIDTH bound to: 5 - type: integer 
	Parameter din2_WIDTH bound to: 23 - type: integer 
	Parameter dout_WIDTH bound to: 24 - type: integer 
INFO: [Synth 8-3491] module 'SampleNeuralNet_mac_muladd_16s_5s_23s_24_4_1' declared at '/home/eim32828/Desktop/Vitis_HLS_Gens/SampleNeuralNets_30_8/Reuse8/SampleNeuralNet_prj/solution1/syn/vhdl/SampleNeuralNet_mac_muladd_16s_5s_23s_24_4_1.vhd:66' bound to instance 'mac_muladd_16s_5s_23s_24_4_1_U9' of component 'SampleNeuralNet_mac_muladd_16s_5s_23s_24_4_1' [/home/eim32828/Desktop/Vitis_HLS_Gens/SampleNeuralNets_30_8/Reuse8/SampleNeuralNet_prj/solution1/syn/vhdl/SampleNeuralNet_dense_resource_rf_leq_nin_ap_int_16_ap_int_48_config2_s.vhd:487]
INFO: [Synth 8-638] synthesizing module 'SampleNeuralNet_mac_muladd_16s_5s_23s_24_4_1' [/home/eim32828/Desktop/Vitis_HLS_Gens/SampleNeuralNets_30_8/Reuse8/SampleNeuralNet_prj/solution1/syn/vhdl/SampleNeuralNet_mac_muladd_16s_5s_23s_24_4_1.vhd:86]
	Parameter ID bound to: 1 - type: integer 
	Parameter NUM_STAGE bound to: 4 - type: integer 
	Parameter din0_WIDTH bound to: 16 - type: integer 
	Parameter din1_WIDTH bound to: 5 - type: integer 
	Parameter din2_WIDTH bound to: 23 - type: integer 
	Parameter dout_WIDTH bound to: 24 - type: integer 
INFO: [Synth 8-3491] module 'SampleNeuralNet_mac_muladd_16s_5s_23s_24_4_1_DSP48_0' declared at '/home/eim32828/Desktop/Vitis_HLS_Gens/SampleNeuralNets_30_8/Reuse8/SampleNeuralNet_prj/solution1/syn/vhdl/SampleNeuralNet_mac_muladd_16s_5s_23s_24_4_1.vhd:14' bound to instance 'SampleNeuralNet_mac_muladd_16s_5s_23s_24_4_1_DSP48_0_U' of component 'SampleNeuralNet_mac_muladd_16s_5s_23s_24_4_1_DSP48_0' [/home/eim32828/Desktop/Vitis_HLS_Gens/SampleNeuralNets_30_8/Reuse8/SampleNeuralNet_prj/solution1/syn/vhdl/SampleNeuralNet_mac_muladd_16s_5s_23s_24_4_1.vhd:103]
INFO: [Synth 8-638] synthesizing module 'SampleNeuralNet_mac_muladd_16s_5s_23s_24_4_1_DSP48_0' [/home/eim32828/Desktop/Vitis_HLS_Gens/SampleNeuralNets_30_8/Reuse8/SampleNeuralNet_prj/solution1/syn/vhdl/SampleNeuralNet_mac_muladd_16s_5s_23s_24_4_1.vhd:26]
INFO: [Synth 8-256] done synthesizing module 'SampleNeuralNet_mac_muladd_16s_5s_23s_24_4_1_DSP48_0' (0#1) [/home/eim32828/Desktop/Vitis_HLS_Gens/SampleNeuralNets_30_8/Reuse8/SampleNeuralNet_prj/solution1/syn/vhdl/SampleNeuralNet_mac_muladd_16s_5s_23s_24_4_1.vhd:26]
INFO: [Synth 8-256] done synthesizing module 'SampleNeuralNet_mac_muladd_16s_5s_23s_24_4_1' (0#1) [/home/eim32828/Desktop/Vitis_HLS_Gens/SampleNeuralNets_30_8/Reuse8/SampleNeuralNet_prj/solution1/syn/vhdl/SampleNeuralNet_mac_muladd_16s_5s_23s_24_4_1.vhd:86]
INFO: [Synth 8-3491] module 'SampleNeuralNet_flow_control_loop_pipe' declared at '/home/eim32828/Desktop/Vitis_HLS_Gens/SampleNeuralNets_30_8/Reuse8/SampleNeuralNet_prj/solution1/syn/vhdl/SampleNeuralNet_flow_control_loop_pipe.vhd:13' bound to instance 'flow_control_loop_pipe_U' of component 'SampleNeuralNet_flow_control_loop_pipe' [/home/eim32828/Desktop/Vitis_HLS_Gens/SampleNeuralNets_30_8/Reuse8/SampleNeuralNet_prj/solution1/syn/vhdl/SampleNeuralNet_dense_resource_rf_leq_nin_ap_int_16_ap_int_48_config2_s.vhd:504]
INFO: [Synth 8-638] synthesizing module 'SampleNeuralNet_flow_control_loop_pipe' [/home/eim32828/Desktop/Vitis_HLS_Gens/SampleNeuralNets_30_8/Reuse8/SampleNeuralNet_prj/solution1/syn/vhdl/SampleNeuralNet_flow_control_loop_pipe.vhd:40]
INFO: [Synth 8-256] done synthesizing module 'SampleNeuralNet_flow_control_loop_pipe' (0#1) [/home/eim32828/Desktop/Vitis_HLS_Gens/SampleNeuralNets_30_8/Reuse8/SampleNeuralNet_prj/solution1/syn/vhdl/SampleNeuralNet_flow_control_loop_pipe.vhd:40]
INFO: [Synth 8-256] done synthesizing module 'SampleNeuralNet_dense_resource_rf_leq_nin_ap_int_16_ap_int_48_config2_s' (0#1) [/home/eim32828/Desktop/Vitis_HLS_Gens/SampleNeuralNets_30_8/Reuse8/SampleNeuralNet_prj/solution1/syn/vhdl/SampleNeuralNet_dense_resource_rf_leq_nin_ap_int_16_ap_int_48_config2_s.vhd:33]
INFO: [Synth 8-3491] module 'SampleNeuralNet_thresholded_relu_ap_int_48_ap_int_48_ap_int_16_thresholdedrelu_config3_s' declared at '/home/eim32828/Desktop/Vitis_HLS_Gens/SampleNeuralNets_30_8/Reuse8/SampleNeuralNet_prj/solution1/syn/vhdl/SampleNeuralNet_thresholded_relu_ap_int_48_ap_int_48_ap_int_16_thresholdedrelu_config3_s.vhd:11' bound to instance 'thresholded_relu_ap_int_48_ap_int_48_ap_int_16_thresholdedrelu_config3_U0' of component 'SampleNeuralNet_thresholded_relu_ap_int_48_ap_int_48_ap_int_16_thresholdedrelu_config3_s' [/home/eim32828/Desktop/Vitis_HLS_Gens/SampleNeuralNets_30_8/Reuse8/SampleNeuralNet_prj/solution1/syn/vhdl/SampleNeuralNet.vhd:701]
INFO: [Synth 8-638] synthesizing module 'SampleNeuralNet_thresholded_relu_ap_int_48_ap_int_48_ap_int_16_thresholdedrelu_config3_s' [/home/eim32828/Desktop/Vitis_HLS_Gens/SampleNeuralNets_30_8/Reuse8/SampleNeuralNet_prj/solution1/syn/vhdl/SampleNeuralNet_thresholded_relu_ap_int_48_ap_int_48_ap_int_16_thresholdedrelu_config3_s.vhd:40]
INFO: [Synth 8-256] done synthesizing module 'SampleNeuralNet_thresholded_relu_ap_int_48_ap_int_48_ap_int_16_thresholdedrelu_config3_s' (0#1) [/home/eim32828/Desktop/Vitis_HLS_Gens/SampleNeuralNets_30_8/Reuse8/SampleNeuralNet_prj/solution1/syn/vhdl/SampleNeuralNet_thresholded_relu_ap_int_48_ap_int_48_ap_int_16_thresholdedrelu_config3_s.vhd:40]
INFO: [Synth 8-3491] module 'SampleNeuralNet_dense_resource_rf_leq_nin_ap_int_16_ap_int_48_config4_s' declared at '/home/eim32828/Desktop/Vitis_HLS_Gens/SampleNeuralNets_30_8/Reuse8/SampleNeuralNet_prj/solution1/syn/vhdl/SampleNeuralNet_dense_resource_rf_leq_nin_ap_int_16_ap_int_48_config4_s.vhd:11' bound to instance 'dense_resource_rf_leq_nin_ap_int_16_ap_int_48_config4_U0' of component 'SampleNeuralNet_dense_resource_rf_leq_nin_ap_int_16_ap_int_48_config4_s' [/home/eim32828/Desktop/Vitis_HLS_Gens/SampleNeuralNets_30_8/Reuse8/SampleNeuralNet_prj/solution1/syn/vhdl/SampleNeuralNet.vhd:728]
INFO: [Synth 8-638] synthesizing module 'SampleNeuralNet_dense_resource_rf_leq_nin_ap_int_16_ap_int_48_config4_s' [/home/eim32828/Desktop/Vitis_HLS_Gens/SampleNeuralNets_30_8/Reuse8/SampleNeuralNet_prj/solution1/syn/vhdl/SampleNeuralNet_dense_resource_rf_leq_nin_ap_int_16_ap_int_48_config4_s.vhd:39]
	Parameter DataWidth bound to: 117 - type: integer 
	Parameter AddressRange bound to: 8 - type: integer 
	Parameter AddressWidth bound to: 3 - type: integer 
INFO: [Synth 8-3491] module 'SampleNeuralNet_dense_resource_rf_leq_nin_ap_int_16_ap_int_48_config4_s_w4_94_ROM_NP_BRAM_2R' declared at '/home/eim32828/Desktop/Vitis_HLS_Gens/SampleNeuralNets_30_8/Reuse8/SampleNeuralNet_prj/solution1/syn/vhdl/SampleNeuralNet_dense_resource_rf_leq_nin_ap_int_16_ap_int_48_config4_s_w4_94_ROM_NP_BRAM_2R.vhd:10' bound to instance 'w4_94_U' of component 'SampleNeuralNet_dense_resource_rf_leq_nin_ap_int_16_ap_int_48_config4_s_w4_94_ROM_NP_BRAM_2R' [/home/eim32828/Desktop/Vitis_HLS_Gens/SampleNeuralNets_30_8/Reuse8/SampleNeuralNet_prj/solution1/syn/vhdl/SampleNeuralNet_dense_resource_rf_leq_nin_ap_int_16_ap_int_48_config4_s.vhd:360]
INFO: [Synth 8-638] synthesizing module 'SampleNeuralNet_dense_resource_rf_leq_nin_ap_int_16_ap_int_48_config4_s_w4_94_ROM_NP_BRAM_2R' [/home/eim32828/Desktop/Vitis_HLS_Gens/SampleNeuralNets_30_8/Reuse8/SampleNeuralNet_prj/solution1/syn/vhdl/SampleNeuralNet_dense_resource_rf_leq_nin_ap_int_16_ap_int_48_config4_s_w4_94_ROM_NP_BRAM_2R.vhd:28]
	Parameter DataWidth bound to: 117 - type: integer 
	Parameter AddressWidth bound to: 3 - type: integer 
	Parameter AddressRange bound to: 8 - type: integer 
INFO: [Synth 8-256] done synthesizing module 'SampleNeuralNet_dense_resource_rf_leq_nin_ap_int_16_ap_int_48_config4_s_w4_94_ROM_NP_BRAM_2R' (0#1) [/home/eim32828/Desktop/Vitis_HLS_Gens/SampleNeuralNets_30_8/Reuse8/SampleNeuralNet_prj/solution1/syn/vhdl/SampleNeuralNet_dense_resource_rf_leq_nin_ap_int_16_ap_int_48_config4_s_w4_94_ROM_NP_BRAM_2R.vhd:28]
	Parameter ID bound to: 1 - type: integer 
	Parameter NUM_STAGE bound to: 1 - type: integer 
	Parameter CASE0 bound to: 3'b000 
	Parameter din0_WIDTH bound to: 16 - type: integer 
	Parameter CASE1 bound to: 3'b001 
	Parameter din1_WIDTH bound to: 16 - type: integer 
	Parameter CASE2 bound to: 3'b010 
	Parameter din2_WIDTH bound to: 16 - type: integer 
	Parameter CASE3 bound to: 3'b011 
	Parameter din3_WIDTH bound to: 16 - type: integer 
	Parameter CASE4 bound to: 3'b100 
	Parameter din4_WIDTH bound to: 16 - type: integer 
	Parameter CASE5 bound to: 3'b101 
	Parameter din5_WIDTH bound to: 16 - type: integer 
	Parameter CASE6 bound to: 3'b110 
	Parameter din6_WIDTH bound to: 16 - type: integer 
	Parameter CASE7 bound to: 3'b111 
	Parameter din7_WIDTH bound to: 16 - type: integer 
	Parameter def_WIDTH bound to: 16 - type: integer 
	Parameter sel_WIDTH bound to: 3 - type: integer 
	Parameter dout_WIDTH bound to: 16 - type: integer 
INFO: [Synth 8-3491] module 'SampleNeuralNet_sparsemux_17_3_16_1_1' declared at '/home/eim32828/Desktop/Vitis_HLS_Gens/SampleNeuralNets_30_8/Reuse8/SampleNeuralNet_prj/solution1/syn/vhdl/SampleNeuralNet_sparsemux_17_3_16_1_1.vhd:12' bound to instance 'sparsemux_17_3_16_1_1_U24' of component 'SampleNeuralNet_sparsemux_17_3_16_1_1' [/home/eim32828/Desktop/Vitis_HLS_Gens/SampleNeuralNets_30_8/Reuse8/SampleNeuralNet_prj/solution1/syn/vhdl/SampleNeuralNet_dense_resource_rf_leq_nin_ap_int_16_ap_int_48_config4_s.vhd:372]
INFO: [Synth 8-638] synthesizing module 'SampleNeuralNet_sparsemux_17_3_16_1_1' [/home/eim32828/Desktop/Vitis_HLS_Gens/SampleNeuralNets_30_8/Reuse8/SampleNeuralNet_prj/solution1/syn/vhdl/SampleNeuralNet_sparsemux_17_3_16_1_1.vhd:79]
	Parameter din0_WIDTH bound to: 16 - type: integer 
	Parameter din1_WIDTH bound to: 16 - type: integer 
	Parameter din2_WIDTH bound to: 16 - type: integer 
	Parameter din3_WIDTH bound to: 16 - type: integer 
	Parameter din4_WIDTH bound to: 16 - type: integer 
	Parameter din5_WIDTH bound to: 16 - type: integer 
	Parameter din6_WIDTH bound to: 16 - type: integer 
	Parameter din7_WIDTH bound to: 16 - type: integer 
	Parameter def_WIDTH bound to: 16 - type: integer 
	Parameter sel_WIDTH bound to: 3 - type: integer 
	Parameter dout_WIDTH bound to: 16 - type: integer 
	Parameter CASE0 bound to: 3'b000 
	Parameter CASE1 bound to: 3'b001 
	Parameter CASE2 bound to: 3'b010 
	Parameter CASE3 bound to: 3'b011 
	Parameter CASE4 bound to: 3'b100 
	Parameter CASE5 bound to: 3'b101 
	Parameter CASE6 bound to: 3'b110 
	Parameter CASE7 bound to: 3'b111 
	Parameter ID bound to: 1 - type: integer 
	Parameter NUM_STAGE bound to: 1 - type: integer 
INFO: [Synth 8-226] default block is never used [/home/eim32828/Desktop/Vitis_HLS_Gens/SampleNeuralNets_30_8/Reuse8/SampleNeuralNet_prj/solution1/syn/vhdl/SampleNeuralNet_sparsemux_17_3_16_1_1.vhd:87]
INFO: [Synth 8-256] done synthesizing module 'SampleNeuralNet_sparsemux_17_3_16_1_1' (0#1) [/home/eim32828/Desktop/Vitis_HLS_Gens/SampleNeuralNets_30_8/Reuse8/SampleNeuralNet_prj/solution1/syn/vhdl/SampleNeuralNet_sparsemux_17_3_16_1_1.vhd:79]
	Parameter ID bound to: 1 - type: integer 
	Parameter NUM_STAGE bound to: 4 - type: integer 
	Parameter din0_WIDTH bound to: 16 - type: integer 
	Parameter din1_WIDTH bound to: 16 - type: integer 
	Parameter din2_WIDTH bound to: 34 - type: integer 
	Parameter dout_WIDTH bound to: 35 - type: integer 
INFO: [Synth 8-3491] module 'SampleNeuralNet_mac_muladd_16s_16s_34s_35_4_1' declared at '/home/eim32828/Desktop/Vitis_HLS_Gens/SampleNeuralNets_30_8/Reuse8/SampleNeuralNet_prj/solution1/syn/vhdl/SampleNeuralNet_mac_muladd_16s_16s_34s_35_4_1.vhd:66' bound to instance 'mac_muladd_16s_16s_34s_35_4_1_U25' of component 'SampleNeuralNet_mac_muladd_16s_16s_34s_35_4_1' [/home/eim32828/Desktop/Vitis_HLS_Gens/SampleNeuralNets_30_8/Reuse8/SampleNeuralNet_prj/solution1/syn/vhdl/SampleNeuralNet_dense_resource_rf_leq_nin_ap_int_16_ap_int_48_config4_s.vhd:408]
	Parameter ID bound to: 1 - type: integer 
	Parameter NUM_STAGE bound to: 4 - type: integer 
	Parameter din0_WIDTH bound to: 16 - type: integer 
	Parameter din1_WIDTH bound to: 16 - type: integer 
	Parameter din2_WIDTH bound to: 34 - type: integer 
	Parameter dout_WIDTH bound to: 34 - type: integer 
INFO: [Synth 8-3491] module 'SampleNeuralNet_mac_muladd_16s_16s_34s_34_4_1' declared at '/home/eim32828/Desktop/Vitis_HLS_Gens/SampleNeuralNets_30_8/Reuse8/SampleNeuralNet_prj/solution1/syn/vhdl/SampleNeuralNet_mac_muladd_16s_16s_34s_34_4_1.vhd:66' bound to instance 'mac_muladd_16s_16s_34s_34_4_1_U26' of component 'SampleNeuralNet_mac_muladd_16s_16s_34s_34_4_1' [/home/eim32828/Desktop/Vitis_HLS_Gens/SampleNeuralNets_30_8/Reuse8/SampleNeuralNet_prj/solution1/syn/vhdl/SampleNeuralNet_dense_resource_rf_leq_nin_ap_int_16_ap_int_48_config4_s.vhd:425]
	Parameter ID bound to: 1 - type: integer 
	Parameter NUM_STAGE bound to: 4 - type: integer 
	Parameter din0_WIDTH bound to: 16 - type: integer 
	Parameter din1_WIDTH bound to: 16 - type: integer 
	Parameter din2_WIDTH bound to: 34 - type: integer 
	Parameter dout_WIDTH bound to: 35 - type: integer 
INFO: [Synth 8-3491] module 'SampleNeuralNet_mac_muladd_16s_16s_34s_35_4_1' declared at '/home/eim32828/Desktop/Vitis_HLS_Gens/SampleNeuralNets_30_8/Reuse8/SampleNeuralNet_prj/solution1/syn/vhdl/SampleNeuralNet_mac_muladd_16s_16s_34s_35_4_1.vhd:66' bound to instance 'mac_muladd_16s_16s_34s_35_4_1_U27' of component 'SampleNeuralNet_mac_muladd_16s_16s_34s_35_4_1' [/home/eim32828/Desktop/Vitis_HLS_Gens/SampleNeuralNets_30_8/Reuse8/SampleNeuralNet_prj/solution1/syn/vhdl/SampleNeuralNet_dense_resource_rf_leq_nin_ap_int_16_ap_int_48_config4_s.vhd:442]
	Parameter ID bound to: 1 - type: integer 
	Parameter NUM_STAGE bound to: 4 - type: integer 
	Parameter din0_WIDTH bound to: 16 - type: integer 
	Parameter din1_WIDTH bound to: 16 - type: integer 
	Parameter din2_WIDTH bound to: 34 - type: integer 
	Parameter dout_WIDTH bound to: 35 - type: integer 
INFO: [Synth 8-3491] module 'SampleNeuralNet_mac_muladd_16s_16s_34s_35_4_1' declared at '/home/eim32828/Desktop/Vitis_HLS_Gens/SampleNeuralNets_30_8/Reuse8/SampleNeuralNet_prj/solution1/syn/vhdl/SampleNeuralNet_mac_muladd_16s_16s_34s_35_4_1.vhd:66' bound to instance 'mac_muladd_16s_16s_34s_35_4_1_U28' of component 'SampleNeuralNet_mac_muladd_16s_16s_34s_35_4_1' [/home/eim32828/Desktop/Vitis_HLS_Gens/SampleNeuralNets_30_8/Reuse8/SampleNeuralNet_prj/solution1/syn/vhdl/SampleNeuralNet_dense_resource_rf_leq_nin_ap_int_16_ap_int_48_config4_s.vhd:459]
	Parameter ID bound to: 1 - type: integer 
	Parameter NUM_STAGE bound to: 4 - type: integer 
	Parameter din0_WIDTH bound to: 16 - type: integer 
	Parameter din1_WIDTH bound to: 16 - type: integer 
	Parameter din2_WIDTH bound to: 34 - type: integer 
	Parameter dout_WIDTH bound to: 34 - type: integer 
INFO: [Synth 8-3491] module 'SampleNeuralNet_mac_muladd_16s_16s_34s_34_4_1' declared at '/home/eim32828/Desktop/Vitis_HLS_Gens/SampleNeuralNets_30_8/Reuse8/SampleNeuralNet_prj/solution1/syn/vhdl/SampleNeuralNet_mac_muladd_16s_16s_34s_34_4_1.vhd:66' bound to instance 'mac_muladd_16s_16s_34s_34_4_1_U29' of component 'SampleNeuralNet_mac_muladd_16s_16s_34s_34_4_1' [/home/eim32828/Desktop/Vitis_HLS_Gens/SampleNeuralNets_30_8/Reuse8/SampleNeuralNet_prj/solution1/syn/vhdl/SampleNeuralNet_dense_resource_rf_leq_nin_ap_int_16_ap_int_48_config4_s.vhd:476]
	Parameter ID bound to: 1 - type: integer 
	Parameter NUM_STAGE bound to: 4 - type: integer 
	Parameter din0_WIDTH bound to: 16 - type: integer 
	Parameter din1_WIDTH bound to: 16 - type: integer 
	Parameter din2_WIDTH bound to: 34 - type: integer 
	Parameter dout_WIDTH bound to: 35 - type: integer 
INFO: [Synth 8-3491] module 'SampleNeuralNet_mac_muladd_16s_16s_34s_35_4_1' declared at '/home/eim32828/Desktop/Vitis_HLS_Gens/SampleNeuralNets_30_8/Reuse8/SampleNeuralNet_prj/solution1/syn/vhdl/SampleNeuralNet_mac_muladd_16s_16s_34s_35_4_1.vhd:66' bound to instance 'mac_muladd_16s_16s_34s_35_4_1_U30' of component 'SampleNeuralNet_mac_muladd_16s_16s_34s_35_4_1' [/home/eim32828/Desktop/Vitis_HLS_Gens/SampleNeuralNets_30_8/Reuse8/SampleNeuralNet_prj/solution1/syn/vhdl/SampleNeuralNet_dense_resource_rf_leq_nin_ap_int_16_ap_int_48_config4_s.vhd:493]
	Parameter ID bound to: 1 - type: integer 
	Parameter NUM_STAGE bound to: 4 - type: integer 
	Parameter din0_WIDTH bound to: 16 - type: integer 
	Parameter din1_WIDTH bound to: 16 - type: integer 
	Parameter din2_WIDTH bound to: 34 - type: integer 
	Parameter dout_WIDTH bound to: 35 - type: integer 
INFO: [Synth 8-3491] module 'SampleNeuralNet_mac_muladd_16s_16s_34s_35_4_1' declared at '/home/eim32828/Desktop/Vitis_HLS_Gens/SampleNeuralNets_30_8/Reuse8/SampleNeuralNet_prj/solution1/syn/vhdl/SampleNeuralNet_mac_muladd_16s_16s_34s_35_4_1.vhd:66' bound to instance 'mac_muladd_16s_16s_34s_35_4_1_U31' of component 'SampleNeuralNet_mac_muladd_16s_16s_34s_35_4_1' [/home/eim32828/Desktop/Vitis_HLS_Gens/SampleNeuralNets_30_8/Reuse8/SampleNeuralNet_prj/solution1/syn/vhdl/SampleNeuralNet_dense_resource_rf_leq_nin_ap_int_16_ap_int_48_config4_s.vhd:510]
	Parameter ID bound to: 1 - type: integer 
	Parameter NUM_STAGE bound to: 4 - type: integer 
	Parameter din0_WIDTH bound to: 16 - type: integer 
	Parameter din1_WIDTH bound to: 5 - type: integer 
	Parameter din2_WIDTH bound to: 23 - type: integer 
	Parameter dout_WIDTH bound to: 24 - type: integer 
INFO: [Synth 8-3491] module 'SampleNeuralNet_mac_muladd_16s_5s_23s_24_4_1' declared at '/home/eim32828/Desktop/Vitis_HLS_Gens/SampleNeuralNets_30_8/Reuse8/SampleNeuralNet_prj/solution1/syn/vhdl/SampleNeuralNet_mac_muladd_16s_5s_23s_24_4_1.vhd:66' bound to instance 'mac_muladd_16s_5s_23s_24_4_1_U32' of component 'SampleNeuralNet_mac_muladd_16s_5s_23s_24_4_1' [/home/eim32828/Desktop/Vitis_HLS_Gens/SampleNeuralNets_30_8/Reuse8/SampleNeuralNet_prj/solution1/syn/vhdl/SampleNeuralNet_dense_resource_rf_leq_nin_ap_int_16_ap_int_48_config4_s.vhd:527]
INFO: [Synth 8-3491] module 'SampleNeuralNet_flow_control_loop_pipe' declared at '/home/eim32828/Desktop/Vitis_HLS_Gens/SampleNeuralNets_30_8/Reuse8/SampleNeuralNet_prj/solution1/syn/vhdl/SampleNeuralNet_flow_control_loop_pipe.vhd:13' bound to instance 'flow_control_loop_pipe_U' of component 'SampleNeuralNet_flow_control_loop_pipe' [/home/eim32828/Desktop/Vitis_HLS_Gens/SampleNeuralNets_30_8/Reuse8/SampleNeuralNet_prj/solution1/syn/vhdl/SampleNeuralNet_dense_resource_rf_leq_nin_ap_int_16_ap_int_48_config4_s.vhd:544]
INFO: [Synth 8-256] done synthesizing module 'SampleNeuralNet_dense_resource_rf_leq_nin_ap_int_16_ap_int_48_config4_s' (0#1) [/home/eim32828/Desktop/Vitis_HLS_Gens/SampleNeuralNets_30_8/Reuse8/SampleNeuralNet_prj/solution1/syn/vhdl/SampleNeuralNet_dense_resource_rf_leq_nin_ap_int_16_ap_int_48_config4_s.vhd:39]
INFO: [Synth 8-3491] module 'SampleNeuralNet_thresholded_relu_ap_int_48_ap_int_48_ap_int_16_thresholdedrelu_config5_s' declared at '/home/eim32828/Desktop/Vitis_HLS_Gens/SampleNeuralNets_30_8/Reuse8/SampleNeuralNet_prj/solution1/syn/vhdl/SampleNeuralNet_thresholded_relu_ap_int_48_ap_int_48_ap_int_16_thresholdedrelu_config5_s.vhd:11' bound to instance 'thresholded_relu_ap_int_48_ap_int_48_ap_int_16_thresholdedrelu_config5_U0' of component 'SampleNeuralNet_thresholded_relu_ap_int_48_ap_int_48_ap_int_16_thresholdedrelu_config5_s' [/home/eim32828/Desktop/Vitis_HLS_Gens/SampleNeuralNets_30_8/Reuse8/SampleNeuralNet_prj/solution1/syn/vhdl/SampleNeuralNet.vhd:754]
INFO: [Synth 8-638] synthesizing module 'SampleNeuralNet_thresholded_relu_ap_int_48_ap_int_48_ap_int_16_thresholdedrelu_config5_s' [/home/eim32828/Desktop/Vitis_HLS_Gens/SampleNeuralNets_30_8/Reuse8/SampleNeuralNet_prj/solution1/syn/vhdl/SampleNeuralNet_thresholded_relu_ap_int_48_ap_int_48_ap_int_16_thresholdedrelu_config5_s.vhd:40]
INFO: [Synth 8-256] done synthesizing module 'SampleNeuralNet_thresholded_relu_ap_int_48_ap_int_48_ap_int_16_thresholdedrelu_config5_s' (0#1) [/home/eim32828/Desktop/Vitis_HLS_Gens/SampleNeuralNets_30_8/Reuse8/SampleNeuralNet_prj/solution1/syn/vhdl/SampleNeuralNet_thresholded_relu_ap_int_48_ap_int_48_ap_int_16_thresholdedrelu_config5_s.vhd:40]
INFO: [Synth 8-3491] module 'SampleNeuralNet_dense_resource_rf_leq_nin_ap_int_16_ap_int_48_config6_s' declared at '/home/eim32828/Desktop/Vitis_HLS_Gens/SampleNeuralNets_30_8/Reuse8/SampleNeuralNet_prj/solution1/syn/vhdl/SampleNeuralNet_dense_resource_rf_leq_nin_ap_int_16_ap_int_48_config6_s.vhd:11' bound to instance 'dense_resource_rf_leq_nin_ap_int_16_ap_int_48_config6_U0' of component 'SampleNeuralNet_dense_resource_rf_leq_nin_ap_int_16_ap_int_48_config6_s' [/home/eim32828/Desktop/Vitis_HLS_Gens/SampleNeuralNets_30_8/Reuse8/SampleNeuralNet_prj/solution1/syn/vhdl/SampleNeuralNet.vhd:781]
INFO: [Synth 8-638] synthesizing module 'SampleNeuralNet_dense_resource_rf_leq_nin_ap_int_16_ap_int_48_config6_s' [/home/eim32828/Desktop/Vitis_HLS_Gens/SampleNeuralNets_30_8/Reuse8/SampleNeuralNet_prj/solution1/syn/vhdl/SampleNeuralNet_dense_resource_rf_leq_nin_ap_int_16_ap_int_48_config6_s.vhd:39]
	Parameter DataWidth bound to: 117 - type: integer 
	Parameter AddressRange bound to: 8 - type: integer 
	Parameter AddressWidth bound to: 3 - type: integer 
INFO: [Synth 8-3491] module 'SampleNeuralNet_dense_resource_rf_leq_nin_ap_int_16_ap_int_48_config6_s_w6_93_ROM_NP_BRAM_2R' declared at '/home/eim32828/Desktop/Vitis_HLS_Gens/SampleNeuralNets_30_8/Reuse8/SampleNeuralNet_prj/solution1/syn/vhdl/SampleNeuralNet_dense_resource_rf_leq_nin_ap_int_16_ap_int_48_config6_s_w6_93_ROM_NP_BRAM_2R.vhd:10' bound to instance 'w6_93_U' of component 'SampleNeuralNet_dense_resource_rf_leq_nin_ap_int_16_ap_int_48_config6_s_w6_93_ROM_NP_BRAM_2R' [/home/eim32828/Desktop/Vitis_HLS_Gens/SampleNeuralNets_30_8/Reuse8/SampleNeuralNet_prj/solution1/syn/vhdl/SampleNeuralNet_dense_resource_rf_leq_nin_ap_int_16_ap_int_48_config6_s.vhd:360]
INFO: [Synth 8-638] synthesizing module 'SampleNeuralNet_dense_resource_rf_leq_nin_ap_int_16_ap_int_48_config6_s_w6_93_ROM_NP_BRAM_2R' [/home/eim32828/Desktop/Vitis_HLS_Gens/SampleNeuralNets_30_8/Reuse8/SampleNeuralNet_prj/solution1/syn/vhdl/SampleNeuralNet_dense_resource_rf_leq_nin_ap_int_16_ap_int_48_config6_s_w6_93_ROM_NP_BRAM_2R.vhd:28]
	Parameter DataWidth bound to: 117 - type: integer 
	Parameter AddressWidth bound to: 3 - type: integer 
	Parameter AddressRange bound to: 8 - type: integer 
INFO: [Synth 8-256] done synthesizing module 'SampleNeuralNet_dense_resource_rf_leq_nin_ap_int_16_ap_int_48_config6_s_w6_93_ROM_NP_BRAM_2R' (0#1) [/home/eim32828/Desktop/Vitis_HLS_Gens/SampleNeuralNets_30_8/Reuse8/SampleNeuralNet_prj/solution1/syn/vhdl/SampleNeuralNet_dense_resource_rf_leq_nin_ap_int_16_ap_int_48_config6_s_w6_93_ROM_NP_BRAM_2R.vhd:28]
	Parameter ID bound to: 1 - type: integer 
	Parameter NUM_STAGE bound to: 1 - type: integer 
	Parameter CASE0 bound to: 3'b000 
	Parameter din0_WIDTH bound to: 16 - type: integer 
	Parameter CASE1 bound to: 3'b001 
	Parameter din1_WIDTH bound to: 16 - type: integer 
	Parameter CASE2 bound to: 3'b010 
	Parameter din2_WIDTH bound to: 16 - type: integer 
	Parameter CASE3 bound to: 3'b011 
	Parameter din3_WIDTH bound to: 16 - type: integer 
	Parameter CASE4 bound to: 3'b100 
	Parameter din4_WIDTH bound to: 16 - type: integer 
	Parameter CASE5 bound to: 3'b101 
	Parameter din5_WIDTH bound to: 16 - type: integer 
	Parameter CASE6 bound to: 3'b110 
	Parameter din6_WIDTH bound to: 16 - type: integer 
	Parameter CASE7 bound to: 3'b111 
	Parameter din7_WIDTH bound to: 16 - type: integer 
	Parameter def_WIDTH bound to: 16 - type: integer 
	Parameter sel_WIDTH bound to: 3 - type: integer 
	Parameter dout_WIDTH bound to: 16 - type: integer 
INFO: [Synth 8-3491] module 'SampleNeuralNet_sparsemux_17_3_16_1_1' declared at '/home/eim32828/Desktop/Vitis_HLS_Gens/SampleNeuralNets_30_8/Reuse8/SampleNeuralNet_prj/solution1/syn/vhdl/SampleNeuralNet_sparsemux_17_3_16_1_1.vhd:12' bound to instance 'sparsemux_17_3_16_1_1_U51' of component 'SampleNeuralNet_sparsemux_17_3_16_1_1' [/home/eim32828/Desktop/Vitis_HLS_Gens/SampleNeuralNets_30_8/Reuse8/SampleNeuralNet_prj/solution1/syn/vhdl/SampleNeuralNet_dense_resource_rf_leq_nin_ap_int_16_ap_int_48_config6_s.vhd:372]
	Parameter ID bound to: 1 - type: integer 
	Parameter NUM_STAGE bound to: 4 - type: integer 
	Parameter din0_WIDTH bound to: 16 - type: integer 
	Parameter din1_WIDTH bound to: 16 - type: integer 
	Parameter din2_WIDTH bound to: 34 - type: integer 
	Parameter dout_WIDTH bound to: 35 - type: integer 
INFO: [Synth 8-3491] module 'SampleNeuralNet_mac_muladd_16s_16s_34s_35_4_1' declared at '/home/eim32828/Desktop/Vitis_HLS_Gens/SampleNeuralNets_30_8/Reuse8/SampleNeuralNet_prj/solution1/syn/vhdl/SampleNeuralNet_mac_muladd_16s_16s_34s_35_4_1.vhd:66' bound to instance 'mac_muladd_16s_16s_34s_35_4_1_U52' of component 'SampleNeuralNet_mac_muladd_16s_16s_34s_35_4_1' [/home/eim32828/Desktop/Vitis_HLS_Gens/SampleNeuralNets_30_8/Reuse8/SampleNeuralNet_prj/solution1/syn/vhdl/SampleNeuralNet_dense_resource_rf_leq_nin_ap_int_16_ap_int_48_config6_s.vhd:408]
	Parameter ID bound to: 1 - type: integer 
	Parameter NUM_STAGE bound to: 4 - type: integer 
	Parameter din0_WIDTH bound to: 16 - type: integer 
	Parameter din1_WIDTH bound to: 16 - type: integer 
	Parameter din2_WIDTH bound to: 34 - type: integer 
	Parameter dout_WIDTH bound to: 34 - type: integer 
INFO: [Synth 8-3491] module 'SampleNeuralNet_mac_muladd_16s_16s_34s_34_4_1' declared at '/home/eim32828/Desktop/Vitis_HLS_Gens/SampleNeuralNets_30_8/Reuse8/SampleNeuralNet_prj/solution1/syn/vhdl/SampleNeuralNet_mac_muladd_16s_16s_34s_34_4_1.vhd:66' bound to instance 'mac_muladd_16s_16s_34s_34_4_1_U53' of component 'SampleNeuralNet_mac_muladd_16s_16s_34s_34_4_1' [/home/eim32828/Desktop/Vitis_HLS_Gens/SampleNeuralNets_30_8/Reuse8/SampleNeuralNet_prj/solution1/syn/vhdl/SampleNeuralNet_dense_resource_rf_leq_nin_ap_int_16_ap_int_48_config6_s.vhd:425]
	Parameter ID bound to: 1 - type: integer 
	Parameter NUM_STAGE bound to: 4 - type: integer 
	Parameter din0_WIDTH bound to: 16 - type: integer 
	Parameter din1_WIDTH bound to: 16 - type: integer 
	Parameter din2_WIDTH bound to: 34 - type: integer 
	Parameter dout_WIDTH bound to: 35 - type: integer 
INFO: [Synth 8-3491] module 'SampleNeuralNet_mac_muladd_16s_16s_34s_35_4_1' declared at '/home/eim32828/Desktop/Vitis_HLS_Gens/SampleNeuralNets_30_8/Reuse8/SampleNeuralNet_prj/solution1/syn/vhdl/SampleNeuralNet_mac_muladd_16s_16s_34s_35_4_1.vhd:66' bound to instance 'mac_muladd_16s_16s_34s_35_4_1_U54' of component 'SampleNeuralNet_mac_muladd_16s_16s_34s_35_4_1' [/home/eim32828/Desktop/Vitis_HLS_Gens/SampleNeuralNets_30_8/Reuse8/SampleNeuralNet_prj/solution1/syn/vhdl/SampleNeuralNet_dense_resource_rf_leq_nin_ap_int_16_ap_int_48_config6_s.vhd:442]
	Parameter ID bound to: 1 - type: integer 
	Parameter NUM_STAGE bound to: 4 - type: integer 
	Parameter din0_WIDTH bound to: 16 - type: integer 
	Parameter din1_WIDTH bound to: 16 - type: integer 
	Parameter din2_WIDTH bound to: 34 - type: integer 
	Parameter dout_WIDTH bound to: 34 - type: integer 
INFO: [Synth 8-3491] module 'SampleNeuralNet_mac_muladd_16s_16s_34s_34_4_1' declared at '/home/eim32828/Desktop/Vitis_HLS_Gens/SampleNeuralNets_30_8/Reuse8/SampleNeuralNet_prj/solution1/syn/vhdl/SampleNeuralNet_mac_muladd_16s_16s_34s_34_4_1.vhd:66' bound to instance 'mac_muladd_16s_16s_34s_34_4_1_U55' of component 'SampleNeuralNet_mac_muladd_16s_16s_34s_34_4_1' [/home/eim32828/Desktop/Vitis_HLS_Gens/SampleNeuralNets_30_8/Reuse8/SampleNeuralNet_prj/solution1/syn/vhdl/SampleNeuralNet_dense_resource_rf_leq_nin_ap_int_16_ap_int_48_config6_s.vhd:459]
	Parameter ID bound to: 1 - type: integer 
	Parameter NUM_STAGE bound to: 4 - type: integer 
	Parameter din0_WIDTH bound to: 16 - type: integer 
	Parameter din1_WIDTH bound to: 16 - type: integer 
	Parameter din2_WIDTH bound to: 34 - type: integer 
	Parameter dout_WIDTH bound to: 35 - type: integer 
INFO: [Synth 8-3491] module 'SampleNeuralNet_mac_muladd_16s_16s_34s_35_4_1' declared at '/home/eim32828/Desktop/Vitis_HLS_Gens/SampleNeuralNets_30_8/Reuse8/SampleNeuralNet_prj/solution1/syn/vhdl/SampleNeuralNet_mac_muladd_16s_16s_34s_35_4_1.vhd:66' bound to instance 'mac_muladd_16s_16s_34s_35_4_1_U56' of component 'SampleNeuralNet_mac_muladd_16s_16s_34s_35_4_1' [/home/eim32828/Desktop/Vitis_HLS_Gens/SampleNeuralNets_30_8/Reuse8/SampleNeuralNet_prj/solution1/syn/vhdl/SampleNeuralNet_dense_resource_rf_leq_nin_ap_int_16_ap_int_48_config6_s.vhd:476]
	Parameter ID bound to: 1 - type: integer 
	Parameter NUM_STAGE bound to: 4 - type: integer 
	Parameter din0_WIDTH bound to: 16 - type: integer 
	Parameter din1_WIDTH bound to: 16 - type: integer 
	Parameter din2_WIDTH bound to: 34 - type: integer 
	Parameter dout_WIDTH bound to: 35 - type: integer 
INFO: [Synth 8-3491] module 'SampleNeuralNet_mac_muladd_16s_16s_34s_35_4_1' declared at '/home/eim32828/Desktop/Vitis_HLS_Gens/SampleNeuralNets_30_8/Reuse8/SampleNeuralNet_prj/solution1/syn/vhdl/SampleNeuralNet_mac_muladd_16s_16s_34s_35_4_1.vhd:66' bound to instance 'mac_muladd_16s_16s_34s_35_4_1_U57' of component 'SampleNeuralNet_mac_muladd_16s_16s_34s_35_4_1' [/home/eim32828/Desktop/Vitis_HLS_Gens/SampleNeuralNets_30_8/Reuse8/SampleNeuralNet_prj/solution1/syn/vhdl/SampleNeuralNet_dense_resource_rf_leq_nin_ap_int_16_ap_int_48_config6_s.vhd:493]
	Parameter ID bound to: 1 - type: integer 
	Parameter NUM_STAGE bound to: 4 - type: integer 
	Parameter din0_WIDTH bound to: 16 - type: integer 
	Parameter din1_WIDTH bound to: 16 - type: integer 
	Parameter din2_WIDTH bound to: 34 - type: integer 
	Parameter dout_WIDTH bound to: 35 - type: integer 
INFO: [Synth 8-3491] module 'SampleNeuralNet_mac_muladd_16s_16s_34s_35_4_1' declared at '/home/eim32828/Desktop/Vitis_HLS_Gens/SampleNeuralNets_30_8/Reuse8/SampleNeuralNet_prj/solution1/syn/vhdl/SampleNeuralNet_mac_muladd_16s_16s_34s_35_4_1.vhd:66' bound to instance 'mac_muladd_16s_16s_34s_35_4_1_U58' of component 'SampleNeuralNet_mac_muladd_16s_16s_34s_35_4_1' [/home/eim32828/Desktop/Vitis_HLS_Gens/SampleNeuralNets_30_8/Reuse8/SampleNeuralNet_prj/solution1/syn/vhdl/SampleNeuralNet_dense_resource_rf_leq_nin_ap_int_16_ap_int_48_config6_s.vhd:510]
	Parameter ID bound to: 1 - type: integer 
	Parameter NUM_STAGE bound to: 4 - type: integer 
	Parameter din0_WIDTH bound to: 16 - type: integer 
	Parameter din1_WIDTH bound to: 5 - type: integer 
	Parameter din2_WIDTH bound to: 23 - type: integer 
	Parameter dout_WIDTH bound to: 24 - type: integer 
INFO: [Synth 8-3491] module 'SampleNeuralNet_mac_muladd_16s_5s_23s_24_4_1' declared at '/home/eim32828/Desktop/Vitis_HLS_Gens/SampleNeuralNets_30_8/Reuse8/SampleNeuralNet_prj/solution1/syn/vhdl/SampleNeuralNet_mac_muladd_16s_5s_23s_24_4_1.vhd:66' bound to instance 'mac_muladd_16s_5s_23s_24_4_1_U59' of component 'SampleNeuralNet_mac_muladd_16s_5s_23s_24_4_1' [/home/eim32828/Desktop/Vitis_HLS_Gens/SampleNeuralNets_30_8/Reuse8/SampleNeuralNet_prj/solution1/syn/vhdl/SampleNeuralNet_dense_resource_rf_leq_nin_ap_int_16_ap_int_48_config6_s.vhd:527]
INFO: [Synth 8-3491] module 'SampleNeuralNet_flow_control_loop_pipe' declared at '/home/eim32828/Desktop/Vitis_HLS_Gens/SampleNeuralNets_30_8/Reuse8/SampleNeuralNet_prj/solution1/syn/vhdl/SampleNeuralNet_flow_control_loop_pipe.vhd:13' bound to instance 'flow_control_loop_pipe_U' of component 'SampleNeuralNet_flow_control_loop_pipe' [/home/eim32828/Desktop/Vitis_HLS_Gens/SampleNeuralNets_30_8/Reuse8/SampleNeuralNet_prj/solution1/syn/vhdl/SampleNeuralNet_dense_resource_rf_leq_nin_ap_int_16_ap_int_48_config6_s.vhd:544]
INFO: [Synth 8-256] done synthesizing module 'SampleNeuralNet_dense_resource_rf_leq_nin_ap_int_16_ap_int_48_config6_s' (0#1) [/home/eim32828/Desktop/Vitis_HLS_Gens/SampleNeuralNets_30_8/Reuse8/SampleNeuralNet_prj/solution1/syn/vhdl/SampleNeuralNet_dense_resource_rf_leq_nin_ap_int_16_ap_int_48_config6_s.vhd:39]
INFO: [Synth 8-3491] module 'SampleNeuralNet_thresholded_relu_ap_int_48_ap_int_48_ap_int_16_thresholdedrelu_config7_s' declared at '/home/eim32828/Desktop/Vitis_HLS_Gens/SampleNeuralNets_30_8/Reuse8/SampleNeuralNet_prj/solution1/syn/vhdl/SampleNeuralNet_thresholded_relu_ap_int_48_ap_int_48_ap_int_16_thresholdedrelu_config7_s.vhd:11' bound to instance 'thresholded_relu_ap_int_48_ap_int_48_ap_int_16_thresholdedrelu_config7_U0' of component 'SampleNeuralNet_thresholded_relu_ap_int_48_ap_int_48_ap_int_16_thresholdedrelu_config7_s' [/home/eim32828/Desktop/Vitis_HLS_Gens/SampleNeuralNets_30_8/Reuse8/SampleNeuralNet_prj/solution1/syn/vhdl/SampleNeuralNet.vhd:807]
INFO: [Synth 8-638] synthesizing module 'SampleNeuralNet_thresholded_relu_ap_int_48_ap_int_48_ap_int_16_thresholdedrelu_config7_s' [/home/eim32828/Desktop/Vitis_HLS_Gens/SampleNeuralNets_30_8/Reuse8/SampleNeuralNet_prj/solution1/syn/vhdl/SampleNeuralNet_thresholded_relu_ap_int_48_ap_int_48_ap_int_16_thresholdedrelu_config7_s.vhd:47]
INFO: [Synth 8-256] done synthesizing module 'SampleNeuralNet_thresholded_relu_ap_int_48_ap_int_48_ap_int_16_thresholdedrelu_config7_s' (0#1) [/home/eim32828/Desktop/Vitis_HLS_Gens/SampleNeuralNets_30_8/Reuse8/SampleNeuralNet_prj/solution1/syn/vhdl/SampleNeuralNet_thresholded_relu_ap_int_48_ap_int_48_ap_int_16_thresholdedrelu_config7_s.vhd:47]
INFO: [Synth 8-3491] module 'SampleNeuralNet_fifo_w35_d2_S' declared at '/home/eim32828/Desktop/Vitis_HLS_Gens/SampleNeuralNets_30_8/Reuse8/SampleNeuralNet_prj/solution1/syn/vhdl/SampleNeuralNet_fifo_w35_d2_S.vhd:13' bound to instance 'layer2_out_U' of component 'SampleNeuralNet_fifo_w35_d2_S' [/home/eim32828/Desktop/Vitis_HLS_Gens/SampleNeuralNets_30_8/Reuse8/SampleNeuralNet_prj/solution1/syn/vhdl/SampleNeuralNet.vhd:841]
INFO: [Synth 8-638] synthesizing module 'SampleNeuralNet_fifo_w35_d2_S' [/home/eim32828/Desktop/Vitis_HLS_Gens/SampleNeuralNets_30_8/Reuse8/SampleNeuralNet_prj/solution1/syn/vhdl/SampleNeuralNet_fifo_w35_d2_S.vhd:40]
	Parameter DATA_WIDTH bound to: 35 - type: integer 
	Parameter ADDR_WIDTH bound to: 2 - type: integer 
	Parameter DEPTH bound to: 2 - type: integer 
INFO: [Synth 8-3491] module 'SampleNeuralNet_fifo_w35_d2_S_ShiftReg' declared at '/home/eim32828/Desktop/Vitis_HLS_Gens/SampleNeuralNets_30_8/Reuse8/SampleNeuralNet_prj/solution1/syn/vhdl/SampleNeuralNet_fifo_w35_d2_S.vhd:166' bound to instance 'U_SampleNeuralNet_fifo_w35_d2_S_ShiftReg' of component 'SampleNeuralNet_fifo_w35_d2_S_ShiftReg' [/home/eim32828/Desktop/Vitis_HLS_Gens/SampleNeuralNets_30_8/Reuse8/SampleNeuralNet_prj/solution1/syn/vhdl/SampleNeuralNet_fifo_w35_d2_S.vhd:69]
INFO: [Synth 8-638] synthesizing module 'SampleNeuralNet_fifo_w35_d2_S_ShiftReg' [/home/eim32828/Desktop/Vitis_HLS_Gens/SampleNeuralNets_30_8/Reuse8/SampleNeuralNet_prj/solution1/syn/vhdl/SampleNeuralNet_fifo_w35_d2_S.vhd:179]
	Parameter DATA_WIDTH bound to: 35 - type: integer 
	Parameter ADDR_WIDTH bound to: 2 - type: integer 
	Parameter DEPTH bound to: 2 - type: integer 
INFO: [Synth 8-256] done synthesizing module 'SampleNeuralNet_fifo_w35_d2_S_ShiftReg' (0#1) [/home/eim32828/Desktop/Vitis_HLS_Gens/SampleNeuralNets_30_8/Reuse8/SampleNeuralNet_prj/solution1/syn/vhdl/SampleNeuralNet_fifo_w35_d2_S.vhd:179]
INFO: [Synth 8-256] done synthesizing module 'SampleNeuralNet_fifo_w35_d2_S' (0#1) [/home/eim32828/Desktop/Vitis_HLS_Gens/SampleNeuralNets_30_8/Reuse8/SampleNeuralNet_prj/solution1/syn/vhdl/SampleNeuralNet_fifo_w35_d2_S.vhd:40]
INFO: [Synth 8-3491] module 'SampleNeuralNet_fifo_w34_d2_S' declared at '/home/eim32828/Desktop/Vitis_HLS_Gens/SampleNeuralNets_30_8/Reuse8/SampleNeuralNet_prj/solution1/syn/vhdl/SampleNeuralNet_fifo_w34_d2_S.vhd:13' bound to instance 'layer2_out_1_U' of component 'SampleNeuralNet_fifo_w34_d2_S' [/home/eim32828/Desktop/Vitis_HLS_Gens/SampleNeuralNets_30_8/Reuse8/SampleNeuralNet_prj/solution1/syn/vhdl/SampleNeuralNet.vhd:856]
INFO: [Synth 8-638] synthesizing module 'SampleNeuralNet_fifo_w34_d2_S' [/home/eim32828/Desktop/Vitis_HLS_Gens/SampleNeuralNets_30_8/Reuse8/SampleNeuralNet_prj/solution1/syn/vhdl/SampleNeuralNet_fifo_w34_d2_S.vhd:40]
	Parameter DATA_WIDTH bound to: 34 - type: integer 
	Parameter ADDR_WIDTH bound to: 2 - type: integer 
	Parameter DEPTH bound to: 2 - type: integer 
INFO: [Synth 8-3491] module 'SampleNeuralNet_fifo_w34_d2_S_ShiftReg' declared at '/home/eim32828/Desktop/Vitis_HLS_Gens/SampleNeuralNets_30_8/Reuse8/SampleNeuralNet_prj/solution1/syn/vhdl/SampleNeuralNet_fifo_w34_d2_S.vhd:166' bound to instance 'U_SampleNeuralNet_fifo_w34_d2_S_ShiftReg' of component 'SampleNeuralNet_fifo_w34_d2_S_ShiftReg' [/home/eim32828/Desktop/Vitis_HLS_Gens/SampleNeuralNets_30_8/Reuse8/SampleNeuralNet_prj/solution1/syn/vhdl/SampleNeuralNet_fifo_w34_d2_S.vhd:69]
INFO: [Synth 8-638] synthesizing module 'SampleNeuralNet_fifo_w34_d2_S_ShiftReg' [/home/eim32828/Desktop/Vitis_HLS_Gens/SampleNeuralNets_30_8/Reuse8/SampleNeuralNet_prj/solution1/syn/vhdl/SampleNeuralNet_fifo_w34_d2_S.vhd:179]
	Parameter DATA_WIDTH bound to: 34 - type: integer 
	Parameter ADDR_WIDTH bound to: 2 - type: integer 
	Parameter DEPTH bound to: 2 - type: integer 
INFO: [Synth 8-256] done synthesizing module 'SampleNeuralNet_fifo_w34_d2_S_ShiftReg' (0#1) [/home/eim32828/Desktop/Vitis_HLS_Gens/SampleNeuralNets_30_8/Reuse8/SampleNeuralNet_prj/solution1/syn/vhdl/SampleNeuralNet_fifo_w34_d2_S.vhd:179]
INFO: [Synth 8-256] done synthesizing module 'SampleNeuralNet_fifo_w34_d2_S' (0#1) [/home/eim32828/Desktop/Vitis_HLS_Gens/SampleNeuralNets_30_8/Reuse8/SampleNeuralNet_prj/solution1/syn/vhdl/SampleNeuralNet_fifo_w34_d2_S.vhd:40]
INFO: [Synth 8-3491] module 'SampleNeuralNet_fifo_w35_d2_S' declared at '/home/eim32828/Desktop/Vitis_HLS_Gens/SampleNeuralNets_30_8/Reuse8/SampleNeuralNet_prj/solution1/syn/vhdl/SampleNeuralNet_fifo_w35_d2_S.vhd:13' bound to instance 'layer2_out_2_U' of component 'SampleNeuralNet_fifo_w35_d2_S' [/home/eim32828/Desktop/Vitis_HLS_Gens/SampleNeuralNets_30_8/Reuse8/SampleNeuralNet_prj/solution1/syn/vhdl/SampleNeuralNet.vhd:871]
INFO: [Synth 8-3491] module 'SampleNeuralNet_fifo_w35_d2_S' declared at '/home/eim32828/Desktop/Vitis_HLS_Gens/SampleNeuralNets_30_8/Reuse8/SampleNeuralNet_prj/solution1/syn/vhdl/SampleNeuralNet_fifo_w35_d2_S.vhd:13' bound to instance 'layer2_out_3_U' of component 'SampleNeuralNet_fifo_w35_d2_S' [/home/eim32828/Desktop/Vitis_HLS_Gens/SampleNeuralNets_30_8/Reuse8/SampleNeuralNet_prj/solution1/syn/vhdl/SampleNeuralNet.vhd:886]
INFO: [Synth 8-3491] module 'SampleNeuralNet_fifo_w35_d2_S' declared at '/home/eim32828/Desktop/Vitis_HLS_Gens/SampleNeuralNets_30_8/Reuse8/SampleNeuralNet_prj/solution1/syn/vhdl/SampleNeuralNet_fifo_w35_d2_S.vhd:13' bound to instance 'layer2_out_4_U' of component 'SampleNeuralNet_fifo_w35_d2_S' [/home/eim32828/Desktop/Vitis_HLS_Gens/SampleNeuralNets_30_8/Reuse8/SampleNeuralNet_prj/solution1/syn/vhdl/SampleNeuralNet.vhd:901]
INFO: [Synth 8-3491] module 'SampleNeuralNet_fifo_w35_d2_S' declared at '/home/eim32828/Desktop/Vitis_HLS_Gens/SampleNeuralNets_30_8/Reuse8/SampleNeuralNet_prj/solution1/syn/vhdl/SampleNeuralNet_fifo_w35_d2_S.vhd:13' bound to instance 'layer2_out_5_U' of component 'SampleNeuralNet_fifo_w35_d2_S' [/home/eim32828/Desktop/Vitis_HLS_Gens/SampleNeuralNets_30_8/Reuse8/SampleNeuralNet_prj/solution1/syn/vhdl/SampleNeuralNet.vhd:916]
INFO: [Synth 8-3491] module 'SampleNeuralNet_fifo_w34_d2_S' declared at '/home/eim32828/Desktop/Vitis_HLS_Gens/SampleNeuralNets_30_8/Reuse8/SampleNeuralNet_prj/solution1/syn/vhdl/SampleNeuralNet_fifo_w34_d2_S.vhd:13' bound to instance 'layer2_out_6_U' of component 'SampleNeuralNet_fifo_w34_d2_S' [/home/eim32828/Desktop/Vitis_HLS_Gens/SampleNeuralNets_30_8/Reuse8/SampleNeuralNet_prj/solution1/syn/vhdl/SampleNeuralNet.vhd:931]
INFO: [Synth 8-3491] module 'SampleNeuralNet_fifo_w35_d2_S' declared at '/home/eim32828/Desktop/Vitis_HLS_Gens/SampleNeuralNets_30_8/Reuse8/SampleNeuralNet_prj/solution1/syn/vhdl/SampleNeuralNet_fifo_w35_d2_S.vhd:13' bound to instance 'layer2_out_7_U' of component 'SampleNeuralNet_fifo_w35_d2_S' [/home/eim32828/Desktop/Vitis_HLS_Gens/SampleNeuralNets_30_8/Reuse8/SampleNeuralNet_prj/solution1/syn/vhdl/SampleNeuralNet.vhd:946]
INFO: [Synth 8-3491] module 'SampleNeuralNet_fifo_w16_d2_S' declared at '/home/eim32828/Desktop/Vitis_HLS_Gens/SampleNeuralNets_30_8/Reuse8/SampleNeuralNet_prj/solution1/syn/vhdl/SampleNeuralNet_fifo_w16_d2_S.vhd:13' bound to instance 'layer3_out_U' of component 'SampleNeuralNet_fifo_w16_d2_S' [/home/eim32828/Desktop/Vitis_HLS_Gens/SampleNeuralNets_30_8/Reuse8/SampleNeuralNet_prj/solution1/syn/vhdl/SampleNeuralNet.vhd:961]
INFO: [Synth 8-638] synthesizing module 'SampleNeuralNet_fifo_w16_d2_S' [/home/eim32828/Desktop/Vitis_HLS_Gens/SampleNeuralNets_30_8/Reuse8/SampleNeuralNet_prj/solution1/syn/vhdl/SampleNeuralNet_fifo_w16_d2_S.vhd:40]
	Parameter DATA_WIDTH bound to: 16 - type: integer 
	Parameter ADDR_WIDTH bound to: 2 - type: integer 
	Parameter DEPTH bound to: 2 - type: integer 
INFO: [Synth 8-3491] module 'SampleNeuralNet_fifo_w16_d2_S_ShiftReg' declared at '/home/eim32828/Desktop/Vitis_HLS_Gens/SampleNeuralNets_30_8/Reuse8/SampleNeuralNet_prj/solution1/syn/vhdl/SampleNeuralNet_fifo_w16_d2_S.vhd:166' bound to instance 'U_SampleNeuralNet_fifo_w16_d2_S_ShiftReg' of component 'SampleNeuralNet_fifo_w16_d2_S_ShiftReg' [/home/eim32828/Desktop/Vitis_HLS_Gens/SampleNeuralNets_30_8/Reuse8/SampleNeuralNet_prj/solution1/syn/vhdl/SampleNeuralNet_fifo_w16_d2_S.vhd:69]
INFO: [Synth 8-638] synthesizing module 'SampleNeuralNet_fifo_w16_d2_S_ShiftReg' [/home/eim32828/Desktop/Vitis_HLS_Gens/SampleNeuralNets_30_8/Reuse8/SampleNeuralNet_prj/solution1/syn/vhdl/SampleNeuralNet_fifo_w16_d2_S.vhd:179]
	Parameter DATA_WIDTH bound to: 16 - type: integer 
	Parameter ADDR_WIDTH bound to: 2 - type: integer 
	Parameter DEPTH bound to: 2 - type: integer 
INFO: [Synth 8-256] done synthesizing module 'SampleNeuralNet_fifo_w16_d2_S_ShiftReg' (0#1) [/home/eim32828/Desktop/Vitis_HLS_Gens/SampleNeuralNets_30_8/Reuse8/SampleNeuralNet_prj/solution1/syn/vhdl/SampleNeuralNet_fifo_w16_d2_S.vhd:179]
INFO: [Synth 8-256] done synthesizing module 'SampleNeuralNet_fifo_w16_d2_S' (0#1) [/home/eim32828/Desktop/Vitis_HLS_Gens/SampleNeuralNets_30_8/Reuse8/SampleNeuralNet_prj/solution1/syn/vhdl/SampleNeuralNet_fifo_w16_d2_S.vhd:40]
INFO: [Synth 8-3491] module 'SampleNeuralNet_fifo_w16_d2_S' declared at '/home/eim32828/Desktop/Vitis_HLS_Gens/SampleNeuralNets_30_8/Reuse8/SampleNeuralNet_prj/solution1/syn/vhdl/SampleNeuralNet_fifo_w16_d2_S.vhd:13' bound to instance 'layer3_out_1_U' of component 'SampleNeuralNet_fifo_w16_d2_S' [/home/eim32828/Desktop/Vitis_HLS_Gens/SampleNeuralNets_30_8/Reuse8/SampleNeuralNet_prj/solution1/syn/vhdl/SampleNeuralNet.vhd:976]
INFO: [Synth 8-3491] module 'SampleNeuralNet_fifo_w16_d2_S' declared at '/home/eim32828/Desktop/Vitis_HLS_Gens/SampleNeuralNets_30_8/Reuse8/SampleNeuralNet_prj/solution1/syn/vhdl/SampleNeuralNet_fifo_w16_d2_S.vhd:13' bound to instance 'layer3_out_2_U' of component 'SampleNeuralNet_fifo_w16_d2_S' [/home/eim32828/Desktop/Vitis_HLS_Gens/SampleNeuralNets_30_8/Reuse8/SampleNeuralNet_prj/solution1/syn/vhdl/SampleNeuralNet.vhd:991]
INFO: [Synth 8-3491] module 'SampleNeuralNet_fifo_w16_d2_S' declared at '/home/eim32828/Desktop/Vitis_HLS_Gens/SampleNeuralNets_30_8/Reuse8/SampleNeuralNet_prj/solution1/syn/vhdl/SampleNeuralNet_fifo_w16_d2_S.vhd:13' bound to instance 'layer3_out_3_U' of component 'SampleNeuralNet_fifo_w16_d2_S' [/home/eim32828/Desktop/Vitis_HLS_Gens/SampleNeuralNets_30_8/Reuse8/SampleNeuralNet_prj/solution1/syn/vhdl/SampleNeuralNet.vhd:1006]
INFO: [Synth 8-3491] module 'SampleNeuralNet_fifo_w16_d2_S' declared at '/home/eim32828/Desktop/Vitis_HLS_Gens/SampleNeuralNets_30_8/Reuse8/SampleNeuralNet_prj/solution1/syn/vhdl/SampleNeuralNet_fifo_w16_d2_S.vhd:13' bound to instance 'layer3_out_4_U' of component 'SampleNeuralNet_fifo_w16_d2_S' [/home/eim32828/Desktop/Vitis_HLS_Gens/SampleNeuralNets_30_8/Reuse8/SampleNeuralNet_prj/solution1/syn/vhdl/SampleNeuralNet.vhd:1021]
INFO: [Synth 8-3491] module 'SampleNeuralNet_fifo_w16_d2_S' declared at '/home/eim32828/Desktop/Vitis_HLS_Gens/SampleNeuralNets_30_8/Reuse8/SampleNeuralNet_prj/solution1/syn/vhdl/SampleNeuralNet_fifo_w16_d2_S.vhd:13' bound to instance 'layer3_out_5_U' of component 'SampleNeuralNet_fifo_w16_d2_S' [/home/eim32828/Desktop/Vitis_HLS_Gens/SampleNeuralNets_30_8/Reuse8/SampleNeuralNet_prj/solution1/syn/vhdl/SampleNeuralNet.vhd:1036]
INFO: [Synth 8-3491] module 'SampleNeuralNet_fifo_w16_d2_S' declared at '/home/eim32828/Desktop/Vitis_HLS_Gens/SampleNeuralNets_30_8/Reuse8/SampleNeuralNet_prj/solution1/syn/vhdl/SampleNeuralNet_fifo_w16_d2_S.vhd:13' bound to instance 'layer3_out_6_U' of component 'SampleNeuralNet_fifo_w16_d2_S' [/home/eim32828/Desktop/Vitis_HLS_Gens/SampleNeuralNets_30_8/Reuse8/SampleNeuralNet_prj/solution1/syn/vhdl/SampleNeuralNet.vhd:1051]
INFO: [Synth 8-3491] module 'SampleNeuralNet_fifo_w16_d2_S' declared at '/home/eim32828/Desktop/Vitis_HLS_Gens/SampleNeuralNets_30_8/Reuse8/SampleNeuralNet_prj/solution1/syn/vhdl/SampleNeuralNet_fifo_w16_d2_S.vhd:13' bound to instance 'layer3_out_7_U' of component 'SampleNeuralNet_fifo_w16_d2_S' [/home/eim32828/Desktop/Vitis_HLS_Gens/SampleNeuralNets_30_8/Reuse8/SampleNeuralNet_prj/solution1/syn/vhdl/SampleNeuralNet.vhd:1066]
INFO: [Synth 8-3491] module 'SampleNeuralNet_fifo_w35_d2_S' declared at '/home/eim32828/Desktop/Vitis_HLS_Gens/SampleNeuralNets_30_8/Reuse8/SampleNeuralNet_prj/solution1/syn/vhdl/SampleNeuralNet_fifo_w35_d2_S.vhd:13' bound to instance 'layer4_out_U' of component 'SampleNeuralNet_fifo_w35_d2_S' [/home/eim32828/Desktop/Vitis_HLS_Gens/SampleNeuralNets_30_8/Reuse8/SampleNeuralNet_prj/solution1/syn/vhdl/SampleNeuralNet.vhd:1081]
INFO: [Synth 8-3491] module 'SampleNeuralNet_fifo_w34_d2_S' declared at '/home/eim32828/Desktop/Vitis_HLS_Gens/SampleNeuralNets_30_8/Reuse8/SampleNeuralNet_prj/solution1/syn/vhdl/SampleNeuralNet_fifo_w34_d2_S.vhd:13' bound to instance 'layer4_out_1_U' of component 'SampleNeuralNet_fifo_w34_d2_S' [/home/eim32828/Desktop/Vitis_HLS_Gens/SampleNeuralNets_30_8/Reuse8/SampleNeuralNet_prj/solution1/syn/vhdl/SampleNeuralNet.vhd:1096]
INFO: [Synth 8-3491] module 'SampleNeuralNet_fifo_w35_d2_S' declared at '/home/eim32828/Desktop/Vitis_HLS_Gens/SampleNeuralNets_30_8/Reuse8/SampleNeuralNet_prj/solution1/syn/vhdl/SampleNeuralNet_fifo_w35_d2_S.vhd:13' bound to instance 'layer4_out_2_U' of component 'SampleNeuralNet_fifo_w35_d2_S' [/home/eim32828/Desktop/Vitis_HLS_Gens/SampleNeuralNets_30_8/Reuse8/SampleNeuralNet_prj/solution1/syn/vhdl/SampleNeuralNet.vhd:1111]
INFO: [Synth 8-3491] module 'SampleNeuralNet_fifo_w35_d2_S' declared at '/home/eim32828/Desktop/Vitis_HLS_Gens/SampleNeuralNets_30_8/Reuse8/SampleNeuralNet_prj/solution1/syn/vhdl/SampleNeuralNet_fifo_w35_d2_S.vhd:13' bound to instance 'layer4_out_3_U' of component 'SampleNeuralNet_fifo_w35_d2_S' [/home/eim32828/Desktop/Vitis_HLS_Gens/SampleNeuralNets_30_8/Reuse8/SampleNeuralNet_prj/solution1/syn/vhdl/SampleNeuralNet.vhd:1126]
INFO: [Synth 8-3491] module 'SampleNeuralNet_fifo_w34_d2_S' declared at '/home/eim32828/Desktop/Vitis_HLS_Gens/SampleNeuralNets_30_8/Reuse8/SampleNeuralNet_prj/solution1/syn/vhdl/SampleNeuralNet_fifo_w34_d2_S.vhd:13' bound to instance 'layer4_out_4_U' of component 'SampleNeuralNet_fifo_w34_d2_S' [/home/eim32828/Desktop/Vitis_HLS_Gens/SampleNeuralNets_30_8/Reuse8/SampleNeuralNet_prj/solution1/syn/vhdl/SampleNeuralNet.vhd:1141]
INFO: [Synth 8-3491] module 'SampleNeuralNet_fifo_w35_d2_S' declared at '/home/eim32828/Desktop/Vitis_HLS_Gens/SampleNeuralNets_30_8/Reuse8/SampleNeuralNet_prj/solution1/syn/vhdl/SampleNeuralNet_fifo_w35_d2_S.vhd:13' bound to instance 'layer4_out_5_U' of component 'SampleNeuralNet_fifo_w35_d2_S' [/home/eim32828/Desktop/Vitis_HLS_Gens/SampleNeuralNets_30_8/Reuse8/SampleNeuralNet_prj/solution1/syn/vhdl/SampleNeuralNet.vhd:1156]
INFO: [Synth 8-3491] module 'SampleNeuralNet_fifo_w35_d2_S' declared at '/home/eim32828/Desktop/Vitis_HLS_Gens/SampleNeuralNets_30_8/Reuse8/SampleNeuralNet_prj/solution1/syn/vhdl/SampleNeuralNet_fifo_w35_d2_S.vhd:13' bound to instance 'layer4_out_6_U' of component 'SampleNeuralNet_fifo_w35_d2_S' [/home/eim32828/Desktop/Vitis_HLS_Gens/SampleNeuralNets_30_8/Reuse8/SampleNeuralNet_prj/solution1/syn/vhdl/SampleNeuralNet.vhd:1171]
INFO: [Synth 8-3491] module 'SampleNeuralNet_fifo_w35_d2_S' declared at '/home/eim32828/Desktop/Vitis_HLS_Gens/SampleNeuralNets_30_8/Reuse8/SampleNeuralNet_prj/solution1/syn/vhdl/SampleNeuralNet_fifo_w35_d2_S.vhd:13' bound to instance 'layer4_out_7_U' of component 'SampleNeuralNet_fifo_w35_d2_S' [/home/eim32828/Desktop/Vitis_HLS_Gens/SampleNeuralNets_30_8/Reuse8/SampleNeuralNet_prj/solution1/syn/vhdl/SampleNeuralNet.vhd:1186]
INFO: [Synth 8-3491] module 'SampleNeuralNet_fifo_w16_d2_S' declared at '/home/eim32828/Desktop/Vitis_HLS_Gens/SampleNeuralNets_30_8/Reuse8/SampleNeuralNet_prj/solution1/syn/vhdl/SampleNeuralNet_fifo_w16_d2_S.vhd:13' bound to instance 'layer5_out_U' of component 'SampleNeuralNet_fifo_w16_d2_S' [/home/eim32828/Desktop/Vitis_HLS_Gens/SampleNeuralNets_30_8/Reuse8/SampleNeuralNet_prj/solution1/syn/vhdl/SampleNeuralNet.vhd:1201]
INFO: [Synth 8-3491] module 'SampleNeuralNet_fifo_w16_d2_S' declared at '/home/eim32828/Desktop/Vitis_HLS_Gens/SampleNeuralNets_30_8/Reuse8/SampleNeuralNet_prj/solution1/syn/vhdl/SampleNeuralNet_fifo_w16_d2_S.vhd:13' bound to instance 'layer5_out_1_U' of component 'SampleNeuralNet_fifo_w16_d2_S' [/home/eim32828/Desktop/Vitis_HLS_Gens/SampleNeuralNets_30_8/Reuse8/SampleNeuralNet_prj/solution1/syn/vhdl/SampleNeuralNet.vhd:1216]
INFO: [Synth 8-3491] module 'SampleNeuralNet_fifo_w16_d2_S' declared at '/home/eim32828/Desktop/Vitis_HLS_Gens/SampleNeuralNets_30_8/Reuse8/SampleNeuralNet_prj/solution1/syn/vhdl/SampleNeuralNet_fifo_w16_d2_S.vhd:13' bound to instance 'layer5_out_2_U' of component 'SampleNeuralNet_fifo_w16_d2_S' [/home/eim32828/Desktop/Vitis_HLS_Gens/SampleNeuralNets_30_8/Reuse8/SampleNeuralNet_prj/solution1/syn/vhdl/SampleNeuralNet.vhd:1231]
INFO: [Synth 8-3491] module 'SampleNeuralNet_fifo_w16_d2_S' declared at '/home/eim32828/Desktop/Vitis_HLS_Gens/SampleNeuralNets_30_8/Reuse8/SampleNeuralNet_prj/solution1/syn/vhdl/SampleNeuralNet_fifo_w16_d2_S.vhd:13' bound to instance 'layer5_out_3_U' of component 'SampleNeuralNet_fifo_w16_d2_S' [/home/eim32828/Desktop/Vitis_HLS_Gens/SampleNeuralNets_30_8/Reuse8/SampleNeuralNet_prj/solution1/syn/vhdl/SampleNeuralNet.vhd:1246]
INFO: [Synth 8-3491] module 'SampleNeuralNet_fifo_w16_d2_S' declared at '/home/eim32828/Desktop/Vitis_HLS_Gens/SampleNeuralNets_30_8/Reuse8/SampleNeuralNet_prj/solution1/syn/vhdl/SampleNeuralNet_fifo_w16_d2_S.vhd:13' bound to instance 'layer5_out_4_U' of component 'SampleNeuralNet_fifo_w16_d2_S' [/home/eim32828/Desktop/Vitis_HLS_Gens/SampleNeuralNets_30_8/Reuse8/SampleNeuralNet_prj/solution1/syn/vhdl/SampleNeuralNet.vhd:1261]
INFO: [Synth 8-3491] module 'SampleNeuralNet_fifo_w16_d2_S' declared at '/home/eim32828/Desktop/Vitis_HLS_Gens/SampleNeuralNets_30_8/Reuse8/SampleNeuralNet_prj/solution1/syn/vhdl/SampleNeuralNet_fifo_w16_d2_S.vhd:13' bound to instance 'layer5_out_5_U' of component 'SampleNeuralNet_fifo_w16_d2_S' [/home/eim32828/Desktop/Vitis_HLS_Gens/SampleNeuralNets_30_8/Reuse8/SampleNeuralNet_prj/solution1/syn/vhdl/SampleNeuralNet.vhd:1276]
INFO: [Synth 8-3491] module 'SampleNeuralNet_fifo_w16_d2_S' declared at '/home/eim32828/Desktop/Vitis_HLS_Gens/SampleNeuralNets_30_8/Reuse8/SampleNeuralNet_prj/solution1/syn/vhdl/SampleNeuralNet_fifo_w16_d2_S.vhd:13' bound to instance 'layer5_out_6_U' of component 'SampleNeuralNet_fifo_w16_d2_S' [/home/eim32828/Desktop/Vitis_HLS_Gens/SampleNeuralNets_30_8/Reuse8/SampleNeuralNet_prj/solution1/syn/vhdl/SampleNeuralNet.vhd:1291]
INFO: [Synth 8-3491] module 'SampleNeuralNet_fifo_w16_d2_S' declared at '/home/eim32828/Desktop/Vitis_HLS_Gens/SampleNeuralNets_30_8/Reuse8/SampleNeuralNet_prj/solution1/syn/vhdl/SampleNeuralNet_fifo_w16_d2_S.vhd:13' bound to instance 'layer5_out_7_U' of component 'SampleNeuralNet_fifo_w16_d2_S' [/home/eim32828/Desktop/Vitis_HLS_Gens/SampleNeuralNets_30_8/Reuse8/SampleNeuralNet_prj/solution1/syn/vhdl/SampleNeuralNet.vhd:1306]
INFO: [Synth 8-3491] module 'SampleNeuralNet_fifo_w35_d2_S' declared at '/home/eim32828/Desktop/Vitis_HLS_Gens/SampleNeuralNets_30_8/Reuse8/SampleNeuralNet_prj/solution1/syn/vhdl/SampleNeuralNet_fifo_w35_d2_S.vhd:13' bound to instance 'layer6_out_U' of component 'SampleNeuralNet_fifo_w35_d2_S' [/home/eim32828/Desktop/Vitis_HLS_Gens/SampleNeuralNets_30_8/Reuse8/SampleNeuralNet_prj/solution1/syn/vhdl/SampleNeuralNet.vhd:1321]
INFO: [Synth 8-3491] module 'SampleNeuralNet_fifo_w34_d2_S' declared at '/home/eim32828/Desktop/Vitis_HLS_Gens/SampleNeuralNets_30_8/Reuse8/SampleNeuralNet_prj/solution1/syn/vhdl/SampleNeuralNet_fifo_w34_d2_S.vhd:13' bound to instance 'layer6_out_1_U' of component 'SampleNeuralNet_fifo_w34_d2_S' [/home/eim32828/Desktop/Vitis_HLS_Gens/SampleNeuralNets_30_8/Reuse8/SampleNeuralNet_prj/solution1/syn/vhdl/SampleNeuralNet.vhd:1336]
INFO: [Synth 8-3491] module 'SampleNeuralNet_fifo_w35_d2_S' declared at '/home/eim32828/Desktop/Vitis_HLS_Gens/SampleNeuralNets_30_8/Reuse8/SampleNeuralNet_prj/solution1/syn/vhdl/SampleNeuralNet_fifo_w35_d2_S.vhd:13' bound to instance 'layer6_out_2_U' of component 'SampleNeuralNet_fifo_w35_d2_S' [/home/eim32828/Desktop/Vitis_HLS_Gens/SampleNeuralNets_30_8/Reuse8/SampleNeuralNet_prj/solution1/syn/vhdl/SampleNeuralNet.vhd:1351]
INFO: [Synth 8-3491] module 'SampleNeuralNet_fifo_w34_d2_S' declared at '/home/eim32828/Desktop/Vitis_HLS_Gens/SampleNeuralNets_30_8/Reuse8/SampleNeuralNet_prj/solution1/syn/vhdl/SampleNeuralNet_fifo_w34_d2_S.vhd:13' bound to instance 'layer6_out_3_U' of component 'SampleNeuralNet_fifo_w34_d2_S' [/home/eim32828/Desktop/Vitis_HLS_Gens/SampleNeuralNets_30_8/Reuse8/SampleNeuralNet_prj/solution1/syn/vhdl/SampleNeuralNet.vhd:1366]
INFO: [Synth 8-3491] module 'SampleNeuralNet_fifo_w35_d2_S' declared at '/home/eim32828/Desktop/Vitis_HLS_Gens/SampleNeuralNets_30_8/Reuse8/SampleNeuralNet_prj/solution1/syn/vhdl/SampleNeuralNet_fifo_w35_d2_S.vhd:13' bound to instance 'layer6_out_4_U' of component 'SampleNeuralNet_fifo_w35_d2_S' [/home/eim32828/Desktop/Vitis_HLS_Gens/SampleNeuralNets_30_8/Reuse8/SampleNeuralNet_prj/solution1/syn/vhdl/SampleNeuralNet.vhd:1381]
INFO: [Synth 8-3491] module 'SampleNeuralNet_fifo_w35_d2_S' declared at '/home/eim32828/Desktop/Vitis_HLS_Gens/SampleNeuralNets_30_8/Reuse8/SampleNeuralNet_prj/solution1/syn/vhdl/SampleNeuralNet_fifo_w35_d2_S.vhd:13' bound to instance 'layer6_out_5_U' of component 'SampleNeuralNet_fifo_w35_d2_S' [/home/eim32828/Desktop/Vitis_HLS_Gens/SampleNeuralNets_30_8/Reuse8/SampleNeuralNet_prj/solution1/syn/vhdl/SampleNeuralNet.vhd:1396]
INFO: [Synth 8-3491] module 'SampleNeuralNet_fifo_w35_d2_S' declared at '/home/eim32828/Desktop/Vitis_HLS_Gens/SampleNeuralNets_30_8/Reuse8/SampleNeuralNet_prj/solution1/syn/vhdl/SampleNeuralNet_fifo_w35_d2_S.vhd:13' bound to instance 'layer6_out_6_U' of component 'SampleNeuralNet_fifo_w35_d2_S' [/home/eim32828/Desktop/Vitis_HLS_Gens/SampleNeuralNets_30_8/Reuse8/SampleNeuralNet_prj/solution1/syn/vhdl/SampleNeuralNet.vhd:1411]
INFO: [Synth 8-3491] module 'SampleNeuralNet_fifo_w35_d2_S' declared at '/home/eim32828/Desktop/Vitis_HLS_Gens/SampleNeuralNets_30_8/Reuse8/SampleNeuralNet_prj/solution1/syn/vhdl/SampleNeuralNet_fifo_w35_d2_S.vhd:13' bound to instance 'layer6_out_7_U' of component 'SampleNeuralNet_fifo_w35_d2_S' [/home/eim32828/Desktop/Vitis_HLS_Gens/SampleNeuralNets_30_8/Reuse8/SampleNeuralNet_prj/solution1/syn/vhdl/SampleNeuralNet.vhd:1426]
INFO: [Synth 8-256] done synthesizing module 'SampleNeuralNet' (0#1) [/home/eim32828/Desktop/Vitis_HLS_Gens/SampleNeuralNets_30_8/Reuse8/SampleNeuralNet_prj/solution1/syn/vhdl/SampleNeuralNet.vhd:40]
WARNING: [Synth 8-7129] Port addr[1] in module SampleNeuralNet_fifo_w35_d2_S_ShiftReg is either unconnected or has no load
WARNING: [Synth 8-7129] Port addr[1] in module SampleNeuralNet_fifo_w34_d2_S_ShiftReg is either unconnected or has no load
WARNING: [Synth 8-7129] Port addr[1] in module SampleNeuralNet_fifo_w16_d2_S_ShiftReg is either unconnected or has no load
WARNING: [Synth 8-7129] Port ap_done_int in module SampleNeuralNet_flow_control_loop_pipe is either unconnected or has no load
WARNING: [Synth 8-7129] Port rst in module SampleNeuralNet_mac_muladd_16s_5s_23s_24_4_1_DSP48_0 is either unconnected or has no load
WARNING: [Synth 8-7129] Port rst in module SampleNeuralNet_mac_muladd_16s_16s_34s_35_4_1_DSP48_0 is either unconnected or has no load
WARNING: [Synth 8-7129] Port rst in module SampleNeuralNet_mac_muladd_16s_16s_34s_34_4_1_DSP48_0 is either unconnected or has no load
WARNING: [Synth 8-7129] Port def[15] in module SampleNeuralNet_sparsemux_17_3_16_1_1 is either unconnected or has no load
WARNING: [Synth 8-7129] Port def[14] in module SampleNeuralNet_sparsemux_17_3_16_1_1 is either unconnected or has no load
WARNING: [Synth 8-7129] Port def[13] in module SampleNeuralNet_sparsemux_17_3_16_1_1 is either unconnected or has no load
WARNING: [Synth 8-7129] Port def[12] in module SampleNeuralNet_sparsemux_17_3_16_1_1 is either unconnected or has no load
WARNING: [Synth 8-7129] Port def[11] in module SampleNeuralNet_sparsemux_17_3_16_1_1 is either unconnected or has no load
WARNING: [Synth 8-7129] Port def[10] in module SampleNeuralNet_sparsemux_17_3_16_1_1 is either unconnected or has no load
WARNING: [Synth 8-7129] Port def[9] in module SampleNeuralNet_sparsemux_17_3_16_1_1 is either unconnected or has no load
WARNING: [Synth 8-7129] Port def[8] in module SampleNeuralNet_sparsemux_17_3_16_1_1 is either unconnected or has no load
WARNING: [Synth 8-7129] Port def[7] in module SampleNeuralNet_sparsemux_17_3_16_1_1 is either unconnected or has no load
WARNING: [Synth 8-7129] Port def[6] in module SampleNeuralNet_sparsemux_17_3_16_1_1 is either unconnected or has no load
WARNING: [Synth 8-7129] Port def[5] in module SampleNeuralNet_sparsemux_17_3_16_1_1 is either unconnected or has no load
WARNING: [Synth 8-7129] Port def[4] in module SampleNeuralNet_sparsemux_17_3_16_1_1 is either unconnected or has no load
WARNING: [Synth 8-7129] Port def[3] in module SampleNeuralNet_sparsemux_17_3_16_1_1 is either unconnected or has no load
WARNING: [Synth 8-7129] Port def[2] in module SampleNeuralNet_sparsemux_17_3_16_1_1 is either unconnected or has no load
WARNING: [Synth 8-7129] Port def[1] in module SampleNeuralNet_sparsemux_17_3_16_1_1 is either unconnected or has no load
WARNING: [Synth 8-7129] Port def[0] in module SampleNeuralNet_sparsemux_17_3_16_1_1 is either unconnected or has no load
WARNING: [Synth 8-7129] Port reset in module SampleNeuralNet_dense_resource_rf_leq_nin_ap_int_16_ap_int_48_config6_s_w6_93_ROM_NP_BRAM_2R is either unconnected or has no load
WARNING: [Synth 8-7129] Port reset in module SampleNeuralNet_dense_resource_rf_leq_nin_ap_int_16_ap_int_48_config4_s_w4_94_ROM_NP_BRAM_2R is either unconnected or has no load
WARNING: [Synth 8-7129] Port reset in module SampleNeuralNet_dense_resource_rf_leq_nin_ap_int_16_ap_int_48_config2_s_w2_95_ROM_NP_BRAM_2R is either unconnected or has no load
---------------------------------------------------------------------------------
Finished RTL Elaboration : Time (s): cpu = 00:00:05 ; elapsed = 00:00:05 . Memory (MB): peak = 2551.613 ; gain = 525.801 ; free physical = 84441 ; free virtual = 124285
---------------------------------------------------------------------------------
---------------------------------------------------------------------------------
Start Handling Custom Attributes
---------------------------------------------------------------------------------
---------------------------------------------------------------------------------
Finished Handling Custom Attributes : Time (s): cpu = 00:00:05 ; elapsed = 00:00:05 . Memory (MB): peak = 2566.457 ; gain = 540.645 ; free physical = 84433 ; free virtual = 124277
---------------------------------------------------------------------------------
---------------------------------------------------------------------------------
Finished RTL Optimization Phase 1 : Time (s): cpu = 00:00:05 ; elapsed = 00:00:05 . Memory (MB): peak = 2566.457 ; gain = 540.645 ; free physical = 84433 ; free virtual = 124277
---------------------------------------------------------------------------------
Netlist sorting complete. Time (s): cpu = 00:00:00.08 ; elapsed = 00:00:00.09 . Memory (MB): peak = 2566.457 ; gain = 0.000 ; free physical = 84433 ; free virtual = 124277
INFO: [Project 1-570] Preparing netlist for logic optimization

Processing XDC Constraints
Initializing timing engine
Parsing XDC File [/home/eim32828/Desktop/Vitis_HLS_Gens/SampleNeuralNets_30_8/Reuse8/Analysis_Constraints.xdc]
Finished Parsing XDC File [/home/eim32828/Desktop/Vitis_HLS_Gens/SampleNeuralNets_30_8/Reuse8/Analysis_Constraints.xdc]
Completed Processing XDC Constraints

Netlist sorting complete. Time (s): cpu = 00:00:00 ; elapsed = 00:00:00 . Memory (MB): peak = 2710.207 ; gain = 0.000 ; free physical = 84360 ; free virtual = 124205
INFO: [Project 1-111] Unisim Transformation Summary:
No Unisim elements were transformed.

Constraint Validation Runtime : Time (s): cpu = 00:00:00.11 ; elapsed = 00:00:00.05 . Memory (MB): peak = 2710.207 ; gain = 0.000 ; free physical = 84360 ; free virtual = 124204
---------------------------------------------------------------------------------
Finished Constraint Validation : Time (s): cpu = 00:00:10 ; elapsed = 00:00:11 . Memory (MB): peak = 2710.207 ; gain = 684.395 ; free physical = 84364 ; free virtual = 124214
---------------------------------------------------------------------------------
---------------------------------------------------------------------------------
Start Loading Part and Timing Information
---------------------------------------------------------------------------------
Loading part: xc7z010clg400-1
---------------------------------------------------------------------------------
Finished Loading Part and Timing Information : Time (s): cpu = 00:00:10 ; elapsed = 00:00:11 . Memory (MB): peak = 2718.211 ; gain = 692.398 ; free physical = 84364 ; free virtual = 124214
---------------------------------------------------------------------------------
---------------------------------------------------------------------------------
Start Applying 'set_property' XDC Constraints
---------------------------------------------------------------------------------
---------------------------------------------------------------------------------
Finished applying 'set_property' XDC Constraints : Time (s): cpu = 00:00:10 ; elapsed = 00:00:11 . Memory (MB): peak = 2718.211 ; gain = 692.398 ; free physical = 84363 ; free virtual = 124214
---------------------------------------------------------------------------------
WARNING: [Synth 8-3936] Found unconnected internal register 'b_reg_reg' and it is trimmed from '128' to '31' bits. [/home/eim32828/Desktop/Vitis_HLS_Gens/SampleNeuralNets_30_8/Reuse8/SampleNeuralNet_prj/solution1/syn/vhdl/SampleNeuralNet_lshr_128ns_7ns_128_7_1.vhd:64]
WARNING: [Synth 8-3936] Found unconnected internal register 'p_reg_reg' and it is trimmed from '48' to '35' bits. [/home/eim32828/Desktop/Vitis_HLS_Gens/SampleNeuralNets_30_8/Reuse8/SampleNeuralNet_prj/solution1/syn/vhdl/SampleNeuralNet_mac_muladd_16s_16s_34s_35_4_1.vhd:52]
WARNING: [Synth 8-3936] Found unconnected internal register 'm_reg_reg' and it is trimmed from '43' to '35' bits. [/home/eim32828/Desktop/Vitis_HLS_Gens/SampleNeuralNets_30_8/Reuse8/SampleNeuralNet_prj/solution1/syn/vhdl/SampleNeuralNet_mac_muladd_16s_16s_34s_35_4_1.vhd:43]
WARNING: [Synth 8-3936] Found unconnected internal register 'p_reg_reg' and it is trimmed from '48' to '34' bits. [/home/eim32828/Desktop/Vitis_HLS_Gens/SampleNeuralNets_30_8/Reuse8/SampleNeuralNet_prj/solution1/syn/vhdl/SampleNeuralNet_mac_muladd_16s_16s_34s_34_4_1.vhd:52]
WARNING: [Synth 8-3936] Found unconnected internal register 'm_reg_reg' and it is trimmed from '43' to '34' bits. [/home/eim32828/Desktop/Vitis_HLS_Gens/SampleNeuralNets_30_8/Reuse8/SampleNeuralNet_prj/solution1/syn/vhdl/SampleNeuralNet_mac_muladd_16s_16s_34s_34_4_1.vhd:43]
WARNING: [Synth 8-3936] Found unconnected internal register 'p_reg_reg' and it is trimmed from '48' to '24' bits. [/home/eim32828/Desktop/Vitis_HLS_Gens/SampleNeuralNets_30_8/Reuse8/SampleNeuralNet_prj/solution1/syn/vhdl/SampleNeuralNet_mac_muladd_16s_5s_23s_24_4_1.vhd:52]
WARNING: [Synth 8-3936] Found unconnected internal register 'm_reg_reg' and it is trimmed from '43' to '24' bits. [/home/eim32828/Desktop/Vitis_HLS_Gens/SampleNeuralNets_30_8/Reuse8/SampleNeuralNet_prj/solution1/syn/vhdl/SampleNeuralNet_mac_muladd_16s_5s_23s_24_4_1.vhd:43]
WARNING: [Synth 8-3936] Found unconnected internal register 'a_reg_reg' and it is trimmed from '25' to '24' bits. [/home/eim32828/Desktop/Vitis_HLS_Gens/SampleNeuralNets_30_8/Reuse8/SampleNeuralNet_prj/solution1/syn/vhdl/SampleNeuralNet_mac_muladd_16s_5s_23s_24_4_1.vhd:41]
---------------------------------------------------------------------------------
Finished RTL Optimization Phase 2 : Time (s): cpu = 00:00:11 ; elapsed = 00:00:12 . Memory (MB): peak = 2718.211 ; gain = 692.398 ; free physical = 84345 ; free virtual = 124205
---------------------------------------------------------------------------------
---------------------------------------------------------------------------------
Start RTL Component Statistics 
---------------------------------------------------------------------------------
Detailed RTL Component Info : 
+---Adders : 
	   2 Input    3 Bit       Adders := 43    
	   2 Input    2 Bit       Adders := 40    
+---XORs : 
	   2 Input      1 Bit         XORs := 80    
+---Registers : 
	              128 Bit    Registers := 7     
	              117 Bit    Registers := 3     
	               35 Bit    Registers := 72    
	               34 Bit    Registers := 45    
	               31 Bit    Registers := 1     
	               30 Bit    Registers := 3     
	               23 Bit    Registers := 3     
	               18 Bit    Registers := 24    
	               16 Bit    Registers := 137   
	                3 Bit    Registers := 53    
	                2 Bit    Registers := 40    
	                1 Bit    Registers := 249   
+---ROMs : 
	                    ROMs := 3     
+---Muxes : 
	   2 Input   35 Bit        Muxes := 54    
	   2 Input   34 Bit        Muxes := 81    
	   2 Input   23 Bit        Muxes := 9     
	   2 Input   16 Bit        Muxes := 112   
	   2 Input    3 Bit        Muxes := 6     
	   2 Input    2 Bit        Muxes := 80    
	   2 Input    1 Bit        Muxes := 187   
---------------------------------------------------------------------------------
Finished RTL Component Statistics 
---------------------------------------------------------------------------------
---------------------------------------------------------------------------------
Start Part Resource Summary
---------------------------------------------------------------------------------
Part Resources:
DSPs: 80 (col length:40)
BRAMs: 120 (col length: RAMB18 40 RAMB36 20)
---------------------------------------------------------------------------------
Finished Part Resource Summary
---------------------------------------------------------------------------------
---------------------------------------------------------------------------------
Start Cross Boundary and Area Optimization
---------------------------------------------------------------------------------
WARNING: [Synth 8-7080] Parallel synthesis criteria is not met
DSP Report: Generating DSP mac_muladd_16s_16s_34s_35_4_1_U2/SampleNeuralNet_mac_muladd_16s_16s_34s_35_4_1_DSP48_0_U/p_reg_reg, operation Mode is: (C+(A''*B'')')'.
DSP Report: register a_reg_624_reg is absorbed into DSP mac_muladd_16s_16s_34s_35_4_1_U2/SampleNeuralNet_mac_muladd_16s_16s_34s_35_4_1_DSP48_0_U/p_reg_reg.
DSP Report: register mac_muladd_16s_16s_34s_35_4_1_U2/SampleNeuralNet_mac_muladd_16s_16s_34s_35_4_1_DSP48_0_U/b_reg_reg is absorbed into DSP mac_muladd_16s_16s_34s_35_4_1_U2/SampleNeuralNet_mac_muladd_16s_16s_34s_35_4_1_DSP48_0_U/p_reg_reg.
DSP Report: register w2_95_U/q0_t1_reg is absorbed into DSP mac_muladd_16s_16s_34s_35_4_1_U2/SampleNeuralNet_mac_muladd_16s_16s_34s_35_4_1_DSP48_0_U/p_reg_reg.
DSP Report: register mac_muladd_16s_16s_34s_35_4_1_U2/SampleNeuralNet_mac_muladd_16s_16s_34s_35_4_1_DSP48_0_U/a_reg_reg is absorbed into DSP mac_muladd_16s_16s_34s_35_4_1_U2/SampleNeuralNet_mac_muladd_16s_16s_34s_35_4_1_DSP48_0_U/p_reg_reg.
DSP Report: register mac_muladd_16s_16s_34s_35_4_1_U2/SampleNeuralNet_mac_muladd_16s_16s_34s_35_4_1_DSP48_0_U/p_reg_reg is absorbed into DSP mac_muladd_16s_16s_34s_35_4_1_U2/SampleNeuralNet_mac_muladd_16s_16s_34s_35_4_1_DSP48_0_U/p_reg_reg.
DSP Report: register mac_muladd_16s_16s_34s_35_4_1_U2/SampleNeuralNet_mac_muladd_16s_16s_34s_35_4_1_DSP48_0_U/m_reg_reg is absorbed into DSP mac_muladd_16s_16s_34s_35_4_1_U2/SampleNeuralNet_mac_muladd_16s_16s_34s_35_4_1_DSP48_0_U/p_reg_reg.
DSP Report: operator mac_muladd_16s_16s_34s_35_4_1_U2/SampleNeuralNet_mac_muladd_16s_16s_34s_35_4_1_DSP48_0_U/p is absorbed into DSP mac_muladd_16s_16s_34s_35_4_1_U2/SampleNeuralNet_mac_muladd_16s_16s_34s_35_4_1_DSP48_0_U/p_reg_reg.
DSP Report: operator mac_muladd_16s_16s_34s_35_4_1_U2/SampleNeuralNet_mac_muladd_16s_16s_34s_35_4_1_DSP48_0_U/m is absorbed into DSP mac_muladd_16s_16s_34s_35_4_1_U2/SampleNeuralNet_mac_muladd_16s_16s_34s_35_4_1_DSP48_0_U/p_reg_reg.
DSP Report: Generating DSP mac_muladd_16s_16s_34s_34_4_1_U3/SampleNeuralNet_mac_muladd_16s_16s_34s_34_4_1_DSP48_0_U/p_reg_reg, operation Mode is: (P or C)+(A''*B'')'.
DSP Report: register mac_muladd_16s_16s_34s_34_4_1_U3/SampleNeuralNet_mac_muladd_16s_16s_34s_34_4_1_DSP48_0_U/p_reg_reg is absorbed into DSP mac_muladd_16s_16s_34s_34_4_1_U3/SampleNeuralNet_mac_muladd_16s_16s_34s_34_4_1_DSP48_0_U/p_reg_reg.
DSP Report: register mac_muladd_16s_16s_34s_34_4_1_U3/SampleNeuralNet_mac_muladd_16s_16s_34s_34_4_1_DSP48_0_U/a_reg_reg is absorbed into DSP mac_muladd_16s_16s_34s_34_4_1_U3/SampleNeuralNet_mac_muladd_16s_16s_34s_34_4_1_DSP48_0_U/p_reg_reg.
DSP Report: register a_reg_624_reg is absorbed into DSP mac_muladd_16s_16s_34s_34_4_1_U3/SampleNeuralNet_mac_muladd_16s_16s_34s_34_4_1_DSP48_0_U/p_reg_reg.
DSP Report: register mac_muladd_16s_16s_34s_35_4_1_U2/SampleNeuralNet_mac_muladd_16s_16s_34s_35_4_1_DSP48_0_U/b_reg_reg is absorbed into DSP mac_muladd_16s_16s_34s_34_4_1_U3/SampleNeuralNet_mac_muladd_16s_16s_34s_34_4_1_DSP48_0_U/p_reg_reg.
DSP Report: register mac_muladd_16s_16s_34s_34_4_1_U3/SampleNeuralNet_mac_muladd_16s_16s_34s_34_4_1_DSP48_0_U/p_reg_reg is absorbed into DSP mac_muladd_16s_16s_34s_34_4_1_U3/SampleNeuralNet_mac_muladd_16s_16s_34s_34_4_1_DSP48_0_U/p_reg_reg.
DSP Report: register mac_muladd_16s_16s_34s_34_4_1_U3/SampleNeuralNet_mac_muladd_16s_16s_34s_34_4_1_DSP48_0_U/m_reg_reg is absorbed into DSP mac_muladd_16s_16s_34s_34_4_1_U3/SampleNeuralNet_mac_muladd_16s_16s_34s_34_4_1_DSP48_0_U/p_reg_reg.
DSP Report: operator mac_muladd_16s_16s_34s_34_4_1_U3/SampleNeuralNet_mac_muladd_16s_16s_34s_34_4_1_DSP48_0_U/p is absorbed into DSP mac_muladd_16s_16s_34s_34_4_1_U3/SampleNeuralNet_mac_muladd_16s_16s_34s_34_4_1_DSP48_0_U/p_reg_reg.
DSP Report: operator mac_muladd_16s_16s_34s_34_4_1_U3/SampleNeuralNet_mac_muladd_16s_16s_34s_34_4_1_DSP48_0_U/m is absorbed into DSP mac_muladd_16s_16s_34s_34_4_1_U3/SampleNeuralNet_mac_muladd_16s_16s_34s_34_4_1_DSP48_0_U/p_reg_reg.
DSP Report: Generating DSP mac_muladd_16s_16s_34s_35_4_1_U4/SampleNeuralNet_mac_muladd_16s_16s_34s_35_4_1_DSP48_0_U/p_reg_reg, operation Mode is: (C+(A''*B'')')'.
DSP Report: register mac_muladd_16s_16s_34s_35_4_1_U4/SampleNeuralNet_mac_muladd_16s_16s_34s_35_4_1_DSP48_0_U/p_reg_reg is absorbed into DSP mac_muladd_16s_16s_34s_35_4_1_U4/SampleNeuralNet_mac_muladd_16s_16s_34s_35_4_1_DSP48_0_U/p_reg_reg.
DSP Report: register mac_muladd_16s_16s_34s_35_4_1_U4/SampleNeuralNet_mac_muladd_16s_16s_34s_35_4_1_DSP48_0_U/a_reg_reg is absorbed into DSP mac_muladd_16s_16s_34s_35_4_1_U4/SampleNeuralNet_mac_muladd_16s_16s_34s_35_4_1_DSP48_0_U/p_reg_reg.
DSP Report: register a_reg_624_reg is absorbed into DSP mac_muladd_16s_16s_34s_35_4_1_U4/SampleNeuralNet_mac_muladd_16s_16s_34s_35_4_1_DSP48_0_U/p_reg_reg.
DSP Report: register mac_muladd_16s_16s_34s_35_4_1_U2/SampleNeuralNet_mac_muladd_16s_16s_34s_35_4_1_DSP48_0_U/b_reg_reg is absorbed into DSP mac_muladd_16s_16s_34s_35_4_1_U4/SampleNeuralNet_mac_muladd_16s_16s_34s_35_4_1_DSP48_0_U/p_reg_reg.
DSP Report: register mac_muladd_16s_16s_34s_35_4_1_U4/SampleNeuralNet_mac_muladd_16s_16s_34s_35_4_1_DSP48_0_U/p_reg_reg is absorbed into DSP mac_muladd_16s_16s_34s_35_4_1_U4/SampleNeuralNet_mac_muladd_16s_16s_34s_35_4_1_DSP48_0_U/p_reg_reg.
DSP Report: register mac_muladd_16s_16s_34s_35_4_1_U4/SampleNeuralNet_mac_muladd_16s_16s_34s_35_4_1_DSP48_0_U/m_reg_reg is absorbed into DSP mac_muladd_16s_16s_34s_35_4_1_U4/SampleNeuralNet_mac_muladd_16s_16s_34s_35_4_1_DSP48_0_U/p_reg_reg.
DSP Report: operator mac_muladd_16s_16s_34s_35_4_1_U4/SampleNeuralNet_mac_muladd_16s_16s_34s_35_4_1_DSP48_0_U/p is absorbed into DSP mac_muladd_16s_16s_34s_35_4_1_U4/SampleNeuralNet_mac_muladd_16s_16s_34s_35_4_1_DSP48_0_U/p_reg_reg.
DSP Report: operator mac_muladd_16s_16s_34s_35_4_1_U4/SampleNeuralNet_mac_muladd_16s_16s_34s_35_4_1_DSP48_0_U/m is absorbed into DSP mac_muladd_16s_16s_34s_35_4_1_U4/SampleNeuralNet_mac_muladd_16s_16s_34s_35_4_1_DSP48_0_U/p_reg_reg.
DSP Report: Generating DSP mac_muladd_16s_16s_34s_35_4_1_U5/SampleNeuralNet_mac_muladd_16s_16s_34s_35_4_1_DSP48_0_U/p_reg_reg, operation Mode is: (C+(A''*B'')')'.
DSP Report: register mac_muladd_16s_16s_34s_35_4_1_U5/SampleNeuralNet_mac_muladd_16s_16s_34s_35_4_1_DSP48_0_U/p_reg_reg is absorbed into DSP mac_muladd_16s_16s_34s_35_4_1_U5/SampleNeuralNet_mac_muladd_16s_16s_34s_35_4_1_DSP48_0_U/p_reg_reg.
DSP Report: register mac_muladd_16s_16s_34s_35_4_1_U5/SampleNeuralNet_mac_muladd_16s_16s_34s_35_4_1_DSP48_0_U/a_reg_reg is absorbed into DSP mac_muladd_16s_16s_34s_35_4_1_U5/SampleNeuralNet_mac_muladd_16s_16s_34s_35_4_1_DSP48_0_U/p_reg_reg.
DSP Report: register a_reg_624_reg is absorbed into DSP mac_muladd_16s_16s_34s_35_4_1_U5/SampleNeuralNet_mac_muladd_16s_16s_34s_35_4_1_DSP48_0_U/p_reg_reg.
DSP Report: register mac_muladd_16s_16s_34s_35_4_1_U2/SampleNeuralNet_mac_muladd_16s_16s_34s_35_4_1_DSP48_0_U/b_reg_reg is absorbed into DSP mac_muladd_16s_16s_34s_35_4_1_U5/SampleNeuralNet_mac_muladd_16s_16s_34s_35_4_1_DSP48_0_U/p_reg_reg.
DSP Report: register mac_muladd_16s_16s_34s_35_4_1_U5/SampleNeuralNet_mac_muladd_16s_16s_34s_35_4_1_DSP48_0_U/p_reg_reg is absorbed into DSP mac_muladd_16s_16s_34s_35_4_1_U5/SampleNeuralNet_mac_muladd_16s_16s_34s_35_4_1_DSP48_0_U/p_reg_reg.
DSP Report: register mac_muladd_16s_16s_34s_35_4_1_U5/SampleNeuralNet_mac_muladd_16s_16s_34s_35_4_1_DSP48_0_U/m_reg_reg is absorbed into DSP mac_muladd_16s_16s_34s_35_4_1_U5/SampleNeuralNet_mac_muladd_16s_16s_34s_35_4_1_DSP48_0_U/p_reg_reg.
DSP Report: operator mac_muladd_16s_16s_34s_35_4_1_U5/SampleNeuralNet_mac_muladd_16s_16s_34s_35_4_1_DSP48_0_U/p is absorbed into DSP mac_muladd_16s_16s_34s_35_4_1_U5/SampleNeuralNet_mac_muladd_16s_16s_34s_35_4_1_DSP48_0_U/p_reg_reg.
DSP Report: operator mac_muladd_16s_16s_34s_35_4_1_U5/SampleNeuralNet_mac_muladd_16s_16s_34s_35_4_1_DSP48_0_U/m is absorbed into DSP mac_muladd_16s_16s_34s_35_4_1_U5/SampleNeuralNet_mac_muladd_16s_16s_34s_35_4_1_DSP48_0_U/p_reg_reg.
DSP Report: Generating DSP mac_muladd_16s_16s_34s_35_4_1_U6/SampleNeuralNet_mac_muladd_16s_16s_34s_35_4_1_DSP48_0_U/p_reg_reg, operation Mode is: (C+(A''*B'')')'.
DSP Report: register mac_muladd_16s_16s_34s_35_4_1_U6/SampleNeuralNet_mac_muladd_16s_16s_34s_35_4_1_DSP48_0_U/p_reg_reg is absorbed into DSP mac_muladd_16s_16s_34s_35_4_1_U6/SampleNeuralNet_mac_muladd_16s_16s_34s_35_4_1_DSP48_0_U/p_reg_reg.
DSP Report: register mac_muladd_16s_16s_34s_35_4_1_U6/SampleNeuralNet_mac_muladd_16s_16s_34s_35_4_1_DSP48_0_U/a_reg_reg is absorbed into DSP mac_muladd_16s_16s_34s_35_4_1_U6/SampleNeuralNet_mac_muladd_16s_16s_34s_35_4_1_DSP48_0_U/p_reg_reg.
DSP Report: register a_reg_624_reg is absorbed into DSP mac_muladd_16s_16s_34s_35_4_1_U6/SampleNeuralNet_mac_muladd_16s_16s_34s_35_4_1_DSP48_0_U/p_reg_reg.
DSP Report: register mac_muladd_16s_16s_34s_35_4_1_U2/SampleNeuralNet_mac_muladd_16s_16s_34s_35_4_1_DSP48_0_U/b_reg_reg is absorbed into DSP mac_muladd_16s_16s_34s_35_4_1_U6/SampleNeuralNet_mac_muladd_16s_16s_34s_35_4_1_DSP48_0_U/p_reg_reg.
DSP Report: register mac_muladd_16s_16s_34s_35_4_1_U6/SampleNeuralNet_mac_muladd_16s_16s_34s_35_4_1_DSP48_0_U/p_reg_reg is absorbed into DSP mac_muladd_16s_16s_34s_35_4_1_U6/SampleNeuralNet_mac_muladd_16s_16s_34s_35_4_1_DSP48_0_U/p_reg_reg.
DSP Report: register mac_muladd_16s_16s_34s_35_4_1_U6/SampleNeuralNet_mac_muladd_16s_16s_34s_35_4_1_DSP48_0_U/m_reg_reg is absorbed into DSP mac_muladd_16s_16s_34s_35_4_1_U6/SampleNeuralNet_mac_muladd_16s_16s_34s_35_4_1_DSP48_0_U/p_reg_reg.
DSP Report: operator mac_muladd_16s_16s_34s_35_4_1_U6/SampleNeuralNet_mac_muladd_16s_16s_34s_35_4_1_DSP48_0_U/p is absorbed into DSP mac_muladd_16s_16s_34s_35_4_1_U6/SampleNeuralNet_mac_muladd_16s_16s_34s_35_4_1_DSP48_0_U/p_reg_reg.
DSP Report: operator mac_muladd_16s_16s_34s_35_4_1_U6/SampleNeuralNet_mac_muladd_16s_16s_34s_35_4_1_DSP48_0_U/m is absorbed into DSP mac_muladd_16s_16s_34s_35_4_1_U6/SampleNeuralNet_mac_muladd_16s_16s_34s_35_4_1_DSP48_0_U/p_reg_reg.
DSP Report: Generating DSP mac_muladd_16s_16s_34s_35_4_1_U7/SampleNeuralNet_mac_muladd_16s_16s_34s_35_4_1_DSP48_0_U/p_reg_reg, operation Mode is: (C+(A''*B'')')'.
DSP Report: register mac_muladd_16s_16s_34s_35_4_1_U7/SampleNeuralNet_mac_muladd_16s_16s_34s_35_4_1_DSP48_0_U/p_reg_reg is absorbed into DSP mac_muladd_16s_16s_34s_35_4_1_U7/SampleNeuralNet_mac_muladd_16s_16s_34s_35_4_1_DSP48_0_U/p_reg_reg.
DSP Report: register mac_muladd_16s_16s_34s_35_4_1_U7/SampleNeuralNet_mac_muladd_16s_16s_34s_35_4_1_DSP48_0_U/a_reg_reg is absorbed into DSP mac_muladd_16s_16s_34s_35_4_1_U7/SampleNeuralNet_mac_muladd_16s_16s_34s_35_4_1_DSP48_0_U/p_reg_reg.
DSP Report: register a_reg_624_reg is absorbed into DSP mac_muladd_16s_16s_34s_35_4_1_U7/SampleNeuralNet_mac_muladd_16s_16s_34s_35_4_1_DSP48_0_U/p_reg_reg.
DSP Report: register mac_muladd_16s_16s_34s_35_4_1_U2/SampleNeuralNet_mac_muladd_16s_16s_34s_35_4_1_DSP48_0_U/b_reg_reg is absorbed into DSP mac_muladd_16s_16s_34s_35_4_1_U7/SampleNeuralNet_mac_muladd_16s_16s_34s_35_4_1_DSP48_0_U/p_reg_reg.
DSP Report: register mac_muladd_16s_16s_34s_35_4_1_U7/SampleNeuralNet_mac_muladd_16s_16s_34s_35_4_1_DSP48_0_U/p_reg_reg is absorbed into DSP mac_muladd_16s_16s_34s_35_4_1_U7/SampleNeuralNet_mac_muladd_16s_16s_34s_35_4_1_DSP48_0_U/p_reg_reg.
DSP Report: register mac_muladd_16s_16s_34s_35_4_1_U7/SampleNeuralNet_mac_muladd_16s_16s_34s_35_4_1_DSP48_0_U/m_reg_reg is absorbed into DSP mac_muladd_16s_16s_34s_35_4_1_U7/SampleNeuralNet_mac_muladd_16s_16s_34s_35_4_1_DSP48_0_U/p_reg_reg.
DSP Report: operator mac_muladd_16s_16s_34s_35_4_1_U7/SampleNeuralNet_mac_muladd_16s_16s_34s_35_4_1_DSP48_0_U/p is absorbed into DSP mac_muladd_16s_16s_34s_35_4_1_U7/SampleNeuralNet_mac_muladd_16s_16s_34s_35_4_1_DSP48_0_U/p_reg_reg.
DSP Report: operator mac_muladd_16s_16s_34s_35_4_1_U7/SampleNeuralNet_mac_muladd_16s_16s_34s_35_4_1_DSP48_0_U/m is absorbed into DSP mac_muladd_16s_16s_34s_35_4_1_U7/SampleNeuralNet_mac_muladd_16s_16s_34s_35_4_1_DSP48_0_U/p_reg_reg.
DSP Report: Generating DSP mac_muladd_16s_16s_34s_34_4_1_U8/SampleNeuralNet_mac_muladd_16s_16s_34s_34_4_1_DSP48_0_U/p_reg_reg, operation Mode is: (P or C)+(A''*B'')'.
DSP Report: register mac_muladd_16s_16s_34s_34_4_1_U8/SampleNeuralNet_mac_muladd_16s_16s_34s_34_4_1_DSP48_0_U/p_reg_reg is absorbed into DSP mac_muladd_16s_16s_34s_34_4_1_U8/SampleNeuralNet_mac_muladd_16s_16s_34s_34_4_1_DSP48_0_U/p_reg_reg.
DSP Report: register mac_muladd_16s_16s_34s_34_4_1_U8/SampleNeuralNet_mac_muladd_16s_16s_34s_34_4_1_DSP48_0_U/a_reg_reg is absorbed into DSP mac_muladd_16s_16s_34s_34_4_1_U8/SampleNeuralNet_mac_muladd_16s_16s_34s_34_4_1_DSP48_0_U/p_reg_reg.
DSP Report: register a_reg_624_reg is absorbed into DSP mac_muladd_16s_16s_34s_34_4_1_U8/SampleNeuralNet_mac_muladd_16s_16s_34s_34_4_1_DSP48_0_U/p_reg_reg.
DSP Report: register mac_muladd_16s_16s_34s_35_4_1_U2/SampleNeuralNet_mac_muladd_16s_16s_34s_35_4_1_DSP48_0_U/b_reg_reg is absorbed into DSP mac_muladd_16s_16s_34s_34_4_1_U8/SampleNeuralNet_mac_muladd_16s_16s_34s_34_4_1_DSP48_0_U/p_reg_reg.
DSP Report: register mac_muladd_16s_16s_34s_34_4_1_U8/SampleNeuralNet_mac_muladd_16s_16s_34s_34_4_1_DSP48_0_U/p_reg_reg is absorbed into DSP mac_muladd_16s_16s_34s_34_4_1_U8/SampleNeuralNet_mac_muladd_16s_16s_34s_34_4_1_DSP48_0_U/p_reg_reg.
DSP Report: register mac_muladd_16s_16s_34s_34_4_1_U8/SampleNeuralNet_mac_muladd_16s_16s_34s_34_4_1_DSP48_0_U/m_reg_reg is absorbed into DSP mac_muladd_16s_16s_34s_34_4_1_U8/SampleNeuralNet_mac_muladd_16s_16s_34s_34_4_1_DSP48_0_U/p_reg_reg.
DSP Report: operator mac_muladd_16s_16s_34s_34_4_1_U8/SampleNeuralNet_mac_muladd_16s_16s_34s_34_4_1_DSP48_0_U/p is absorbed into DSP mac_muladd_16s_16s_34s_34_4_1_U8/SampleNeuralNet_mac_muladd_16s_16s_34s_34_4_1_DSP48_0_U/p_reg_reg.
DSP Report: operator mac_muladd_16s_16s_34s_34_4_1_U8/SampleNeuralNet_mac_muladd_16s_16s_34s_34_4_1_DSP48_0_U/m is absorbed into DSP mac_muladd_16s_16s_34s_34_4_1_U8/SampleNeuralNet_mac_muladd_16s_16s_34s_34_4_1_DSP48_0_U/p_reg_reg.
DSP Report: Generating DSP mac_muladd_16s_5s_23s_24_4_1_U9/SampleNeuralNet_mac_muladd_16s_5s_23s_24_4_1_DSP48_0_U/p_reg_reg, operation Mode is: (C+(A''*B'')')'.
DSP Report: register a_reg_624_reg is absorbed into DSP mac_muladd_16s_5s_23s_24_4_1_U9/SampleNeuralNet_mac_muladd_16s_5s_23s_24_4_1_DSP48_0_U/p_reg_reg.
DSP Report: register mac_muladd_16s_5s_23s_24_4_1_U9/SampleNeuralNet_mac_muladd_16s_5s_23s_24_4_1_DSP48_0_U/p_reg_reg is absorbed into DSP mac_muladd_16s_5s_23s_24_4_1_U9/SampleNeuralNet_mac_muladd_16s_5s_23s_24_4_1_DSP48_0_U/p_reg_reg.
DSP Report: register mac_muladd_16s_5s_23s_24_4_1_U9/SampleNeuralNet_mac_muladd_16s_5s_23s_24_4_1_DSP48_0_U/b_reg_reg is absorbed into DSP mac_muladd_16s_5s_23s_24_4_1_U9/SampleNeuralNet_mac_muladd_16s_5s_23s_24_4_1_DSP48_0_U/p_reg_reg.
DSP Report: register mac_muladd_16s_16s_34s_35_4_1_U2/SampleNeuralNet_mac_muladd_16s_16s_34s_35_4_1_DSP48_0_U/b_reg_reg is absorbed into DSP mac_muladd_16s_5s_23s_24_4_1_U9/SampleNeuralNet_mac_muladd_16s_5s_23s_24_4_1_DSP48_0_U/p_reg_reg.
DSP Report: register mac_muladd_16s_5s_23s_24_4_1_U9/SampleNeuralNet_mac_muladd_16s_5s_23s_24_4_1_DSP48_0_U/p_reg_reg is absorbed into DSP mac_muladd_16s_5s_23s_24_4_1_U9/SampleNeuralNet_mac_muladd_16s_5s_23s_24_4_1_DSP48_0_U/p_reg_reg.
DSP Report: register mac_muladd_16s_5s_23s_24_4_1_U9/SampleNeuralNet_mac_muladd_16s_5s_23s_24_4_1_DSP48_0_U/m_reg_reg is absorbed into DSP mac_muladd_16s_5s_23s_24_4_1_U9/SampleNeuralNet_mac_muladd_16s_5s_23s_24_4_1_DSP48_0_U/p_reg_reg.
DSP Report: operator mac_muladd_16s_5s_23s_24_4_1_U9/SampleNeuralNet_mac_muladd_16s_5s_23s_24_4_1_DSP48_0_U/p is absorbed into DSP mac_muladd_16s_5s_23s_24_4_1_U9/SampleNeuralNet_mac_muladd_16s_5s_23s_24_4_1_DSP48_0_U/p_reg_reg.
DSP Report: operator mac_muladd_16s_5s_23s_24_4_1_U9/SampleNeuralNet_mac_muladd_16s_5s_23s_24_4_1_DSP48_0_U/m is absorbed into DSP mac_muladd_16s_5s_23s_24_4_1_U9/SampleNeuralNet_mac_muladd_16s_5s_23s_24_4_1_DSP48_0_U/p_reg_reg.
DSP Report: Generating DSP mac_muladd_16s_16s_34s_35_4_1_U25/SampleNeuralNet_mac_muladd_16s_16s_34s_35_4_1_DSP48_0_U/p_reg_reg, operation Mode is: (C+(A''*B2)')'.
DSP Report: register mac_muladd_16s_16s_34s_35_4_1_U25/SampleNeuralNet_mac_muladd_16s_16s_34s_35_4_1_DSP48_0_U/b_reg_reg is absorbed into DSP mac_muladd_16s_16s_34s_35_4_1_U25/SampleNeuralNet_mac_muladd_16s_16s_34s_35_4_1_DSP48_0_U/p_reg_reg.
DSP Report: register w4_94_U/q0_t1_reg is absorbed into DSP mac_muladd_16s_16s_34s_35_4_1_U25/SampleNeuralNet_mac_muladd_16s_16s_34s_35_4_1_DSP48_0_U/p_reg_reg.
DSP Report: register mac_muladd_16s_16s_34s_35_4_1_U25/SampleNeuralNet_mac_muladd_16s_16s_34s_35_4_1_DSP48_0_U/a_reg_reg is absorbed into DSP mac_muladd_16s_16s_34s_35_4_1_U25/SampleNeuralNet_mac_muladd_16s_16s_34s_35_4_1_DSP48_0_U/p_reg_reg.
DSP Report: register mac_muladd_16s_16s_34s_35_4_1_U25/SampleNeuralNet_mac_muladd_16s_16s_34s_35_4_1_DSP48_0_U/p_reg_reg is absorbed into DSP mac_muladd_16s_16s_34s_35_4_1_U25/SampleNeuralNet_mac_muladd_16s_16s_34s_35_4_1_DSP48_0_U/p_reg_reg.
DSP Report: register mac_muladd_16s_16s_34s_35_4_1_U25/SampleNeuralNet_mac_muladd_16s_16s_34s_35_4_1_DSP48_0_U/m_reg_reg is absorbed into DSP mac_muladd_16s_16s_34s_35_4_1_U25/SampleNeuralNet_mac_muladd_16s_16s_34s_35_4_1_DSP48_0_U/p_reg_reg.
DSP Report: operator mac_muladd_16s_16s_34s_35_4_1_U25/SampleNeuralNet_mac_muladd_16s_16s_34s_35_4_1_DSP48_0_U/p is absorbed into DSP mac_muladd_16s_16s_34s_35_4_1_U25/SampleNeuralNet_mac_muladd_16s_16s_34s_35_4_1_DSP48_0_U/p_reg_reg.
DSP Report: operator mac_muladd_16s_16s_34s_35_4_1_U25/SampleNeuralNet_mac_muladd_16s_16s_34s_35_4_1_DSP48_0_U/m is absorbed into DSP mac_muladd_16s_16s_34s_35_4_1_U25/SampleNeuralNet_mac_muladd_16s_16s_34s_35_4_1_DSP48_0_U/p_reg_reg.
DSP Report: Generating DSP mac_muladd_16s_16s_34s_34_4_1_U26/SampleNeuralNet_mac_muladd_16s_16s_34s_34_4_1_DSP48_0_U/p_reg_reg, operation Mode is: (P or C)+(A''*B2)'.
DSP Report: register mac_muladd_16s_16s_34s_34_4_1_U26/SampleNeuralNet_mac_muladd_16s_16s_34s_34_4_1_DSP48_0_U/p_reg_reg is absorbed into DSP mac_muladd_16s_16s_34s_34_4_1_U26/SampleNeuralNet_mac_muladd_16s_16s_34s_34_4_1_DSP48_0_U/p_reg_reg.
DSP Report: register mac_muladd_16s_16s_34s_34_4_1_U26/SampleNeuralNet_mac_muladd_16s_16s_34s_34_4_1_DSP48_0_U/a_reg_reg is absorbed into DSP mac_muladd_16s_16s_34s_34_4_1_U26/SampleNeuralNet_mac_muladd_16s_16s_34s_34_4_1_DSP48_0_U/p_reg_reg.
DSP Report: register mac_muladd_16s_16s_34s_35_4_1_U25/SampleNeuralNet_mac_muladd_16s_16s_34s_35_4_1_DSP48_0_U/b_reg_reg is absorbed into DSP mac_muladd_16s_16s_34s_34_4_1_U26/SampleNeuralNet_mac_muladd_16s_16s_34s_34_4_1_DSP48_0_U/p_reg_reg.
DSP Report: register mac_muladd_16s_16s_34s_34_4_1_U26/SampleNeuralNet_mac_muladd_16s_16s_34s_34_4_1_DSP48_0_U/p_reg_reg is absorbed into DSP mac_muladd_16s_16s_34s_34_4_1_U26/SampleNeuralNet_mac_muladd_16s_16s_34s_34_4_1_DSP48_0_U/p_reg_reg.
DSP Report: register mac_muladd_16s_16s_34s_34_4_1_U26/SampleNeuralNet_mac_muladd_16s_16s_34s_34_4_1_DSP48_0_U/m_reg_reg is absorbed into DSP mac_muladd_16s_16s_34s_34_4_1_U26/SampleNeuralNet_mac_muladd_16s_16s_34s_34_4_1_DSP48_0_U/p_reg_reg.
DSP Report: operator mac_muladd_16s_16s_34s_34_4_1_U26/SampleNeuralNet_mac_muladd_16s_16s_34s_34_4_1_DSP48_0_U/p is absorbed into DSP mac_muladd_16s_16s_34s_34_4_1_U26/SampleNeuralNet_mac_muladd_16s_16s_34s_34_4_1_DSP48_0_U/p_reg_reg.
DSP Report: operator mac_muladd_16s_16s_34s_34_4_1_U26/SampleNeuralNet_mac_muladd_16s_16s_34s_34_4_1_DSP48_0_U/m is absorbed into DSP mac_muladd_16s_16s_34s_34_4_1_U26/SampleNeuralNet_mac_muladd_16s_16s_34s_34_4_1_DSP48_0_U/p_reg_reg.
DSP Report: Generating DSP mac_muladd_16s_16s_34s_35_4_1_U27/SampleNeuralNet_mac_muladd_16s_16s_34s_35_4_1_DSP48_0_U/p_reg_reg, operation Mode is: (C+(A''*B2)')'.
DSP Report: register mac_muladd_16s_16s_34s_35_4_1_U27/SampleNeuralNet_mac_muladd_16s_16s_34s_35_4_1_DSP48_0_U/p_reg_reg is absorbed into DSP mac_muladd_16s_16s_34s_35_4_1_U27/SampleNeuralNet_mac_muladd_16s_16s_34s_35_4_1_DSP48_0_U/p_reg_reg.
DSP Report: register mac_muladd_16s_16s_34s_35_4_1_U27/SampleNeuralNet_mac_muladd_16s_16s_34s_35_4_1_DSP48_0_U/a_reg_reg is absorbed into DSP mac_muladd_16s_16s_34s_35_4_1_U27/SampleNeuralNet_mac_muladd_16s_16s_34s_35_4_1_DSP48_0_U/p_reg_reg.
DSP Report: register mac_muladd_16s_16s_34s_35_4_1_U25/SampleNeuralNet_mac_muladd_16s_16s_34s_35_4_1_DSP48_0_U/b_reg_reg is absorbed into DSP mac_muladd_16s_16s_34s_35_4_1_U27/SampleNeuralNet_mac_muladd_16s_16s_34s_35_4_1_DSP48_0_U/p_reg_reg.
DSP Report: register mac_muladd_16s_16s_34s_35_4_1_U27/SampleNeuralNet_mac_muladd_16s_16s_34s_35_4_1_DSP48_0_U/p_reg_reg is absorbed into DSP mac_muladd_16s_16s_34s_35_4_1_U27/SampleNeuralNet_mac_muladd_16s_16s_34s_35_4_1_DSP48_0_U/p_reg_reg.
DSP Report: register mac_muladd_16s_16s_34s_35_4_1_U27/SampleNeuralNet_mac_muladd_16s_16s_34s_35_4_1_DSP48_0_U/m_reg_reg is absorbed into DSP mac_muladd_16s_16s_34s_35_4_1_U27/SampleNeuralNet_mac_muladd_16s_16s_34s_35_4_1_DSP48_0_U/p_reg_reg.
DSP Report: operator mac_muladd_16s_16s_34s_35_4_1_U27/SampleNeuralNet_mac_muladd_16s_16s_34s_35_4_1_DSP48_0_U/p is absorbed into DSP mac_muladd_16s_16s_34s_35_4_1_U27/SampleNeuralNet_mac_muladd_16s_16s_34s_35_4_1_DSP48_0_U/p_reg_reg.
DSP Report: operator mac_muladd_16s_16s_34s_35_4_1_U27/SampleNeuralNet_mac_muladd_16s_16s_34s_35_4_1_DSP48_0_U/m is absorbed into DSP mac_muladd_16s_16s_34s_35_4_1_U27/SampleNeuralNet_mac_muladd_16s_16s_34s_35_4_1_DSP48_0_U/p_reg_reg.
DSP Report: Generating DSP mac_muladd_16s_16s_34s_35_4_1_U28/SampleNeuralNet_mac_muladd_16s_16s_34s_35_4_1_DSP48_0_U/p_reg_reg, operation Mode is: (C+(A''*B2)')'.
DSP Report: register mac_muladd_16s_16s_34s_35_4_1_U28/SampleNeuralNet_mac_muladd_16s_16s_34s_35_4_1_DSP48_0_U/p_reg_reg is absorbed into DSP mac_muladd_16s_16s_34s_35_4_1_U28/SampleNeuralNet_mac_muladd_16s_16s_34s_35_4_1_DSP48_0_U/p_reg_reg.
DSP Report: register mac_muladd_16s_16s_34s_35_4_1_U28/SampleNeuralNet_mac_muladd_16s_16s_34s_35_4_1_DSP48_0_U/a_reg_reg is absorbed into DSP mac_muladd_16s_16s_34s_35_4_1_U28/SampleNeuralNet_mac_muladd_16s_16s_34s_35_4_1_DSP48_0_U/p_reg_reg.
DSP Report: register mac_muladd_16s_16s_34s_35_4_1_U25/SampleNeuralNet_mac_muladd_16s_16s_34s_35_4_1_DSP48_0_U/b_reg_reg is absorbed into DSP mac_muladd_16s_16s_34s_35_4_1_U28/SampleNeuralNet_mac_muladd_16s_16s_34s_35_4_1_DSP48_0_U/p_reg_reg.
DSP Report: register mac_muladd_16s_16s_34s_35_4_1_U28/SampleNeuralNet_mac_muladd_16s_16s_34s_35_4_1_DSP48_0_U/p_reg_reg is absorbed into DSP mac_muladd_16s_16s_34s_35_4_1_U28/SampleNeuralNet_mac_muladd_16s_16s_34s_35_4_1_DSP48_0_U/p_reg_reg.
DSP Report: register mac_muladd_16s_16s_34s_35_4_1_U28/SampleNeuralNet_mac_muladd_16s_16s_34s_35_4_1_DSP48_0_U/m_reg_reg is absorbed into DSP mac_muladd_16s_16s_34s_35_4_1_U28/SampleNeuralNet_mac_muladd_16s_16s_34s_35_4_1_DSP48_0_U/p_reg_reg.
DSP Report: operator mac_muladd_16s_16s_34s_35_4_1_U28/SampleNeuralNet_mac_muladd_16s_16s_34s_35_4_1_DSP48_0_U/p is absorbed into DSP mac_muladd_16s_16s_34s_35_4_1_U28/SampleNeuralNet_mac_muladd_16s_16s_34s_35_4_1_DSP48_0_U/p_reg_reg.
DSP Report: operator mac_muladd_16s_16s_34s_35_4_1_U28/SampleNeuralNet_mac_muladd_16s_16s_34s_35_4_1_DSP48_0_U/m is absorbed into DSP mac_muladd_16s_16s_34s_35_4_1_U28/SampleNeuralNet_mac_muladd_16s_16s_34s_35_4_1_DSP48_0_U/p_reg_reg.
DSP Report: Generating DSP mac_muladd_16s_16s_34s_34_4_1_U29/SampleNeuralNet_mac_muladd_16s_16s_34s_34_4_1_DSP48_0_U/p_reg_reg, operation Mode is: (P or C)+(A''*B2)'.
DSP Report: register mac_muladd_16s_16s_34s_34_4_1_U29/SampleNeuralNet_mac_muladd_16s_16s_34s_34_4_1_DSP48_0_U/p_reg_reg is absorbed into DSP mac_muladd_16s_16s_34s_34_4_1_U29/SampleNeuralNet_mac_muladd_16s_16s_34s_34_4_1_DSP48_0_U/p_reg_reg.
DSP Report: register mac_muladd_16s_16s_34s_34_4_1_U29/SampleNeuralNet_mac_muladd_16s_16s_34s_34_4_1_DSP48_0_U/a_reg_reg is absorbed into DSP mac_muladd_16s_16s_34s_34_4_1_U29/SampleNeuralNet_mac_muladd_16s_16s_34s_34_4_1_DSP48_0_U/p_reg_reg.
DSP Report: register mac_muladd_16s_16s_34s_35_4_1_U25/SampleNeuralNet_mac_muladd_16s_16s_34s_35_4_1_DSP48_0_U/b_reg_reg is absorbed into DSP mac_muladd_16s_16s_34s_34_4_1_U29/SampleNeuralNet_mac_muladd_16s_16s_34s_34_4_1_DSP48_0_U/p_reg_reg.
DSP Report: register mac_muladd_16s_16s_34s_34_4_1_U29/SampleNeuralNet_mac_muladd_16s_16s_34s_34_4_1_DSP48_0_U/p_reg_reg is absorbed into DSP mac_muladd_16s_16s_34s_34_4_1_U29/SampleNeuralNet_mac_muladd_16s_16s_34s_34_4_1_DSP48_0_U/p_reg_reg.
DSP Report: register mac_muladd_16s_16s_34s_34_4_1_U29/SampleNeuralNet_mac_muladd_16s_16s_34s_34_4_1_DSP48_0_U/m_reg_reg is absorbed into DSP mac_muladd_16s_16s_34s_34_4_1_U29/SampleNeuralNet_mac_muladd_16s_16s_34s_34_4_1_DSP48_0_U/p_reg_reg.
DSP Report: operator mac_muladd_16s_16s_34s_34_4_1_U29/SampleNeuralNet_mac_muladd_16s_16s_34s_34_4_1_DSP48_0_U/p is absorbed into DSP mac_muladd_16s_16s_34s_34_4_1_U29/SampleNeuralNet_mac_muladd_16s_16s_34s_34_4_1_DSP48_0_U/p_reg_reg.
DSP Report: operator mac_muladd_16s_16s_34s_34_4_1_U29/SampleNeuralNet_mac_muladd_16s_16s_34s_34_4_1_DSP48_0_U/m is absorbed into DSP mac_muladd_16s_16s_34s_34_4_1_U29/SampleNeuralNet_mac_muladd_16s_16s_34s_34_4_1_DSP48_0_U/p_reg_reg.
DSP Report: Generating DSP mac_muladd_16s_16s_34s_35_4_1_U30/SampleNeuralNet_mac_muladd_16s_16s_34s_35_4_1_DSP48_0_U/p_reg_reg, operation Mode is: (C+(A''*B2)')'.
DSP Report: register mac_muladd_16s_16s_34s_35_4_1_U30/SampleNeuralNet_mac_muladd_16s_16s_34s_35_4_1_DSP48_0_U/p_reg_reg is absorbed into DSP mac_muladd_16s_16s_34s_35_4_1_U30/SampleNeuralNet_mac_muladd_16s_16s_34s_35_4_1_DSP48_0_U/p_reg_reg.
DSP Report: register mac_muladd_16s_16s_34s_35_4_1_U30/SampleNeuralNet_mac_muladd_16s_16s_34s_35_4_1_DSP48_0_U/a_reg_reg is absorbed into DSP mac_muladd_16s_16s_34s_35_4_1_U30/SampleNeuralNet_mac_muladd_16s_16s_34s_35_4_1_DSP48_0_U/p_reg_reg.
DSP Report: register mac_muladd_16s_16s_34s_35_4_1_U25/SampleNeuralNet_mac_muladd_16s_16s_34s_35_4_1_DSP48_0_U/b_reg_reg is absorbed into DSP mac_muladd_16s_16s_34s_35_4_1_U30/SampleNeuralNet_mac_muladd_16s_16s_34s_35_4_1_DSP48_0_U/p_reg_reg.
DSP Report: register mac_muladd_16s_16s_34s_35_4_1_U30/SampleNeuralNet_mac_muladd_16s_16s_34s_35_4_1_DSP48_0_U/p_reg_reg is absorbed into DSP mac_muladd_16s_16s_34s_35_4_1_U30/SampleNeuralNet_mac_muladd_16s_16s_34s_35_4_1_DSP48_0_U/p_reg_reg.
DSP Report: register mac_muladd_16s_16s_34s_35_4_1_U30/SampleNeuralNet_mac_muladd_16s_16s_34s_35_4_1_DSP48_0_U/m_reg_reg is absorbed into DSP mac_muladd_16s_16s_34s_35_4_1_U30/SampleNeuralNet_mac_muladd_16s_16s_34s_35_4_1_DSP48_0_U/p_reg_reg.
DSP Report: operator mac_muladd_16s_16s_34s_35_4_1_U30/SampleNeuralNet_mac_muladd_16s_16s_34s_35_4_1_DSP48_0_U/p is absorbed into DSP mac_muladd_16s_16s_34s_35_4_1_U30/SampleNeuralNet_mac_muladd_16s_16s_34s_35_4_1_DSP48_0_U/p_reg_reg.
DSP Report: operator mac_muladd_16s_16s_34s_35_4_1_U30/SampleNeuralNet_mac_muladd_16s_16s_34s_35_4_1_DSP48_0_U/m is absorbed into DSP mac_muladd_16s_16s_34s_35_4_1_U30/SampleNeuralNet_mac_muladd_16s_16s_34s_35_4_1_DSP48_0_U/p_reg_reg.
DSP Report: Generating DSP mac_muladd_16s_16s_34s_35_4_1_U31/SampleNeuralNet_mac_muladd_16s_16s_34s_35_4_1_DSP48_0_U/p_reg_reg, operation Mode is: (C+(A''*B2)')'.
DSP Report: register mac_muladd_16s_16s_34s_35_4_1_U31/SampleNeuralNet_mac_muladd_16s_16s_34s_35_4_1_DSP48_0_U/p_reg_reg is absorbed into DSP mac_muladd_16s_16s_34s_35_4_1_U31/SampleNeuralNet_mac_muladd_16s_16s_34s_35_4_1_DSP48_0_U/p_reg_reg.
DSP Report: register mac_muladd_16s_16s_34s_35_4_1_U31/SampleNeuralNet_mac_muladd_16s_16s_34s_35_4_1_DSP48_0_U/a_reg_reg is absorbed into DSP mac_muladd_16s_16s_34s_35_4_1_U31/SampleNeuralNet_mac_muladd_16s_16s_34s_35_4_1_DSP48_0_U/p_reg_reg.
DSP Report: register mac_muladd_16s_16s_34s_35_4_1_U25/SampleNeuralNet_mac_muladd_16s_16s_34s_35_4_1_DSP48_0_U/b_reg_reg is absorbed into DSP mac_muladd_16s_16s_34s_35_4_1_U31/SampleNeuralNet_mac_muladd_16s_16s_34s_35_4_1_DSP48_0_U/p_reg_reg.
DSP Report: register mac_muladd_16s_16s_34s_35_4_1_U31/SampleNeuralNet_mac_muladd_16s_16s_34s_35_4_1_DSP48_0_U/p_reg_reg is absorbed into DSP mac_muladd_16s_16s_34s_35_4_1_U31/SampleNeuralNet_mac_muladd_16s_16s_34s_35_4_1_DSP48_0_U/p_reg_reg.
DSP Report: register mac_muladd_16s_16s_34s_35_4_1_U31/SampleNeuralNet_mac_muladd_16s_16s_34s_35_4_1_DSP48_0_U/m_reg_reg is absorbed into DSP mac_muladd_16s_16s_34s_35_4_1_U31/SampleNeuralNet_mac_muladd_16s_16s_34s_35_4_1_DSP48_0_U/p_reg_reg.
DSP Report: operator mac_muladd_16s_16s_34s_35_4_1_U31/SampleNeuralNet_mac_muladd_16s_16s_34s_35_4_1_DSP48_0_U/p is absorbed into DSP mac_muladd_16s_16s_34s_35_4_1_U31/SampleNeuralNet_mac_muladd_16s_16s_34s_35_4_1_DSP48_0_U/p_reg_reg.
DSP Report: operator mac_muladd_16s_16s_34s_35_4_1_U31/SampleNeuralNet_mac_muladd_16s_16s_34s_35_4_1_DSP48_0_U/m is absorbed into DSP mac_muladd_16s_16s_34s_35_4_1_U31/SampleNeuralNet_mac_muladd_16s_16s_34s_35_4_1_DSP48_0_U/p_reg_reg.
DSP Report: Generating DSP mac_muladd_16s_5s_23s_24_4_1_U32/SampleNeuralNet_mac_muladd_16s_5s_23s_24_4_1_DSP48_0_U/p_reg_reg, operation Mode is: (C+(A''*B2)')'.
DSP Report: register mac_muladd_16s_16s_34s_35_4_1_U25/SampleNeuralNet_mac_muladd_16s_16s_34s_35_4_1_DSP48_0_U/b_reg_reg is absorbed into DSP mac_muladd_16s_5s_23s_24_4_1_U32/SampleNeuralNet_mac_muladd_16s_5s_23s_24_4_1_DSP48_0_U/p_reg_reg.
DSP Report: register mac_muladd_16s_5s_23s_24_4_1_U32/SampleNeuralNet_mac_muladd_16s_5s_23s_24_4_1_DSP48_0_U/p_reg_reg is absorbed into DSP mac_muladd_16s_5s_23s_24_4_1_U32/SampleNeuralNet_mac_muladd_16s_5s_23s_24_4_1_DSP48_0_U/p_reg_reg.
DSP Report: register mac_muladd_16s_5s_23s_24_4_1_U32/SampleNeuralNet_mac_muladd_16s_5s_23s_24_4_1_DSP48_0_U/b_reg_reg is absorbed into DSP mac_muladd_16s_5s_23s_24_4_1_U32/SampleNeuralNet_mac_muladd_16s_5s_23s_24_4_1_DSP48_0_U/p_reg_reg.
DSP Report: register mac_muladd_16s_5s_23s_24_4_1_U32/SampleNeuralNet_mac_muladd_16s_5s_23s_24_4_1_DSP48_0_U/p_reg_reg is absorbed into DSP mac_muladd_16s_5s_23s_24_4_1_U32/SampleNeuralNet_mac_muladd_16s_5s_23s_24_4_1_DSP48_0_U/p_reg_reg.
DSP Report: register mac_muladd_16s_5s_23s_24_4_1_U32/SampleNeuralNet_mac_muladd_16s_5s_23s_24_4_1_DSP48_0_U/m_reg_reg is absorbed into DSP mac_muladd_16s_5s_23s_24_4_1_U32/SampleNeuralNet_mac_muladd_16s_5s_23s_24_4_1_DSP48_0_U/p_reg_reg.
DSP Report: operator mac_muladd_16s_5s_23s_24_4_1_U32/SampleNeuralNet_mac_muladd_16s_5s_23s_24_4_1_DSP48_0_U/p is absorbed into DSP mac_muladd_16s_5s_23s_24_4_1_U32/SampleNeuralNet_mac_muladd_16s_5s_23s_24_4_1_DSP48_0_U/p_reg_reg.
DSP Report: operator mac_muladd_16s_5s_23s_24_4_1_U32/SampleNeuralNet_mac_muladd_16s_5s_23s_24_4_1_DSP48_0_U/m is absorbed into DSP mac_muladd_16s_5s_23s_24_4_1_U32/SampleNeuralNet_mac_muladd_16s_5s_23s_24_4_1_DSP48_0_U/p_reg_reg.
DSP Report: Generating DSP mac_muladd_16s_16s_34s_35_4_1_U52/SampleNeuralNet_mac_muladd_16s_16s_34s_35_4_1_DSP48_0_U/p_reg_reg, operation Mode is: (C+(A''*B2)')'.
DSP Report: register mac_muladd_16s_16s_34s_35_4_1_U52/SampleNeuralNet_mac_muladd_16s_16s_34s_35_4_1_DSP48_0_U/b_reg_reg is absorbed into DSP mac_muladd_16s_16s_34s_35_4_1_U52/SampleNeuralNet_mac_muladd_16s_16s_34s_35_4_1_DSP48_0_U/p_reg_reg.
DSP Report: register w6_93_U/q0_t1_reg is absorbed into DSP mac_muladd_16s_16s_34s_35_4_1_U52/SampleNeuralNet_mac_muladd_16s_16s_34s_35_4_1_DSP48_0_U/p_reg_reg.
DSP Report: register mac_muladd_16s_16s_34s_35_4_1_U52/SampleNeuralNet_mac_muladd_16s_16s_34s_35_4_1_DSP48_0_U/a_reg_reg is absorbed into DSP mac_muladd_16s_16s_34s_35_4_1_U52/SampleNeuralNet_mac_muladd_16s_16s_34s_35_4_1_DSP48_0_U/p_reg_reg.
DSP Report: register mac_muladd_16s_16s_34s_35_4_1_U52/SampleNeuralNet_mac_muladd_16s_16s_34s_35_4_1_DSP48_0_U/p_reg_reg is absorbed into DSP mac_muladd_16s_16s_34s_35_4_1_U52/SampleNeuralNet_mac_muladd_16s_16s_34s_35_4_1_DSP48_0_U/p_reg_reg.
DSP Report: register mac_muladd_16s_16s_34s_35_4_1_U52/SampleNeuralNet_mac_muladd_16s_16s_34s_35_4_1_DSP48_0_U/m_reg_reg is absorbed into DSP mac_muladd_16s_16s_34s_35_4_1_U52/SampleNeuralNet_mac_muladd_16s_16s_34s_35_4_1_DSP48_0_U/p_reg_reg.
DSP Report: operator mac_muladd_16s_16s_34s_35_4_1_U52/SampleNeuralNet_mac_muladd_16s_16s_34s_35_4_1_DSP48_0_U/p is absorbed into DSP mac_muladd_16s_16s_34s_35_4_1_U52/SampleNeuralNet_mac_muladd_16s_16s_34s_35_4_1_DSP48_0_U/p_reg_reg.
DSP Report: operator mac_muladd_16s_16s_34s_35_4_1_U52/SampleNeuralNet_mac_muladd_16s_16s_34s_35_4_1_DSP48_0_U/m is absorbed into DSP mac_muladd_16s_16s_34s_35_4_1_U52/SampleNeuralNet_mac_muladd_16s_16s_34s_35_4_1_DSP48_0_U/p_reg_reg.
DSP Report: Generating DSP mac_muladd_16s_16s_34s_34_4_1_U53/SampleNeuralNet_mac_muladd_16s_16s_34s_34_4_1_DSP48_0_U/p_reg_reg, operation Mode is: (P or C)+(A''*B2)'.
DSP Report: register mac_muladd_16s_16s_34s_34_4_1_U53/SampleNeuralNet_mac_muladd_16s_16s_34s_34_4_1_DSP48_0_U/p_reg_reg is absorbed into DSP mac_muladd_16s_16s_34s_34_4_1_U53/SampleNeuralNet_mac_muladd_16s_16s_34s_34_4_1_DSP48_0_U/p_reg_reg.
DSP Report: register mac_muladd_16s_16s_34s_34_4_1_U53/SampleNeuralNet_mac_muladd_16s_16s_34s_34_4_1_DSP48_0_U/a_reg_reg is absorbed into DSP mac_muladd_16s_16s_34s_34_4_1_U53/SampleNeuralNet_mac_muladd_16s_16s_34s_34_4_1_DSP48_0_U/p_reg_reg.
DSP Report: register mac_muladd_16s_16s_34s_35_4_1_U52/SampleNeuralNet_mac_muladd_16s_16s_34s_35_4_1_DSP48_0_U/b_reg_reg is absorbed into DSP mac_muladd_16s_16s_34s_34_4_1_U53/SampleNeuralNet_mac_muladd_16s_16s_34s_34_4_1_DSP48_0_U/p_reg_reg.
DSP Report: register mac_muladd_16s_16s_34s_34_4_1_U53/SampleNeuralNet_mac_muladd_16s_16s_34s_34_4_1_DSP48_0_U/p_reg_reg is absorbed into DSP mac_muladd_16s_16s_34s_34_4_1_U53/SampleNeuralNet_mac_muladd_16s_16s_34s_34_4_1_DSP48_0_U/p_reg_reg.
DSP Report: register mac_muladd_16s_16s_34s_34_4_1_U53/SampleNeuralNet_mac_muladd_16s_16s_34s_34_4_1_DSP48_0_U/m_reg_reg is absorbed into DSP mac_muladd_16s_16s_34s_34_4_1_U53/SampleNeuralNet_mac_muladd_16s_16s_34s_34_4_1_DSP48_0_U/p_reg_reg.
DSP Report: operator mac_muladd_16s_16s_34s_34_4_1_U53/SampleNeuralNet_mac_muladd_16s_16s_34s_34_4_1_DSP48_0_U/p is absorbed into DSP mac_muladd_16s_16s_34s_34_4_1_U53/SampleNeuralNet_mac_muladd_16s_16s_34s_34_4_1_DSP48_0_U/p_reg_reg.
DSP Report: operator mac_muladd_16s_16s_34s_34_4_1_U53/SampleNeuralNet_mac_muladd_16s_16s_34s_34_4_1_DSP48_0_U/m is absorbed into DSP mac_muladd_16s_16s_34s_34_4_1_U53/SampleNeuralNet_mac_muladd_16s_16s_34s_34_4_1_DSP48_0_U/p_reg_reg.
DSP Report: Generating DSP mac_muladd_16s_16s_34s_35_4_1_U54/SampleNeuralNet_mac_muladd_16s_16s_34s_35_4_1_DSP48_0_U/p_reg_reg, operation Mode is: (C+(A''*B2)')'.
DSP Report: register mac_muladd_16s_16s_34s_35_4_1_U54/SampleNeuralNet_mac_muladd_16s_16s_34s_35_4_1_DSP48_0_U/p_reg_reg is absorbed into DSP mac_muladd_16s_16s_34s_35_4_1_U54/SampleNeuralNet_mac_muladd_16s_16s_34s_35_4_1_DSP48_0_U/p_reg_reg.
DSP Report: register mac_muladd_16s_16s_34s_35_4_1_U54/SampleNeuralNet_mac_muladd_16s_16s_34s_35_4_1_DSP48_0_U/a_reg_reg is absorbed into DSP mac_muladd_16s_16s_34s_35_4_1_U54/SampleNeuralNet_mac_muladd_16s_16s_34s_35_4_1_DSP48_0_U/p_reg_reg.
DSP Report: register mac_muladd_16s_16s_34s_35_4_1_U52/SampleNeuralNet_mac_muladd_16s_16s_34s_35_4_1_DSP48_0_U/b_reg_reg is absorbed into DSP mac_muladd_16s_16s_34s_35_4_1_U54/SampleNeuralNet_mac_muladd_16s_16s_34s_35_4_1_DSP48_0_U/p_reg_reg.
DSP Report: register mac_muladd_16s_16s_34s_35_4_1_U54/SampleNeuralNet_mac_muladd_16s_16s_34s_35_4_1_DSP48_0_U/p_reg_reg is absorbed into DSP mac_muladd_16s_16s_34s_35_4_1_U54/SampleNeuralNet_mac_muladd_16s_16s_34s_35_4_1_DSP48_0_U/p_reg_reg.
DSP Report: register mac_muladd_16s_16s_34s_35_4_1_U54/SampleNeuralNet_mac_muladd_16s_16s_34s_35_4_1_DSP48_0_U/m_reg_reg is absorbed into DSP mac_muladd_16s_16s_34s_35_4_1_U54/SampleNeuralNet_mac_muladd_16s_16s_34s_35_4_1_DSP48_0_U/p_reg_reg.
DSP Report: operator mac_muladd_16s_16s_34s_35_4_1_U54/SampleNeuralNet_mac_muladd_16s_16s_34s_35_4_1_DSP48_0_U/p is absorbed into DSP mac_muladd_16s_16s_34s_35_4_1_U54/SampleNeuralNet_mac_muladd_16s_16s_34s_35_4_1_DSP48_0_U/p_reg_reg.
DSP Report: operator mac_muladd_16s_16s_34s_35_4_1_U54/SampleNeuralNet_mac_muladd_16s_16s_34s_35_4_1_DSP48_0_U/m is absorbed into DSP mac_muladd_16s_16s_34s_35_4_1_U54/SampleNeuralNet_mac_muladd_16s_16s_34s_35_4_1_DSP48_0_U/p_reg_reg.
DSP Report: Generating DSP mac_muladd_16s_16s_34s_34_4_1_U55/SampleNeuralNet_mac_muladd_16s_16s_34s_34_4_1_DSP48_0_U/p_reg_reg, operation Mode is: (P or C)+(A''*B2)'.
DSP Report: register mac_muladd_16s_16s_34s_34_4_1_U55/SampleNeuralNet_mac_muladd_16s_16s_34s_34_4_1_DSP48_0_U/p_reg_reg is absorbed into DSP mac_muladd_16s_16s_34s_34_4_1_U55/SampleNeuralNet_mac_muladd_16s_16s_34s_34_4_1_DSP48_0_U/p_reg_reg.
DSP Report: register mac_muladd_16s_16s_34s_34_4_1_U55/SampleNeuralNet_mac_muladd_16s_16s_34s_34_4_1_DSP48_0_U/a_reg_reg is absorbed into DSP mac_muladd_16s_16s_34s_34_4_1_U55/SampleNeuralNet_mac_muladd_16s_16s_34s_34_4_1_DSP48_0_U/p_reg_reg.
DSP Report: register mac_muladd_16s_16s_34s_35_4_1_U52/SampleNeuralNet_mac_muladd_16s_16s_34s_35_4_1_DSP48_0_U/b_reg_reg is absorbed into DSP mac_muladd_16s_16s_34s_34_4_1_U55/SampleNeuralNet_mac_muladd_16s_16s_34s_34_4_1_DSP48_0_U/p_reg_reg.
DSP Report: register mac_muladd_16s_16s_34s_34_4_1_U55/SampleNeuralNet_mac_muladd_16s_16s_34s_34_4_1_DSP48_0_U/p_reg_reg is absorbed into DSP mac_muladd_16s_16s_34s_34_4_1_U55/SampleNeuralNet_mac_muladd_16s_16s_34s_34_4_1_DSP48_0_U/p_reg_reg.
DSP Report: register mac_muladd_16s_16s_34s_34_4_1_U55/SampleNeuralNet_mac_muladd_16s_16s_34s_34_4_1_DSP48_0_U/m_reg_reg is absorbed into DSP mac_muladd_16s_16s_34s_34_4_1_U55/SampleNeuralNet_mac_muladd_16s_16s_34s_34_4_1_DSP48_0_U/p_reg_reg.
DSP Report: operator mac_muladd_16s_16s_34s_34_4_1_U55/SampleNeuralNet_mac_muladd_16s_16s_34s_34_4_1_DSP48_0_U/p is absorbed into DSP mac_muladd_16s_16s_34s_34_4_1_U55/SampleNeuralNet_mac_muladd_16s_16s_34s_34_4_1_DSP48_0_U/p_reg_reg.
DSP Report: operator mac_muladd_16s_16s_34s_34_4_1_U55/SampleNeuralNet_mac_muladd_16s_16s_34s_34_4_1_DSP48_0_U/m is absorbed into DSP mac_muladd_16s_16s_34s_34_4_1_U55/SampleNeuralNet_mac_muladd_16s_16s_34s_34_4_1_DSP48_0_U/p_reg_reg.
DSP Report: Generating DSP mac_muladd_16s_16s_34s_35_4_1_U56/SampleNeuralNet_mac_muladd_16s_16s_34s_35_4_1_DSP48_0_U/p_reg_reg, operation Mode is: (C+(A''*B2)')'.
DSP Report: register mac_muladd_16s_16s_34s_35_4_1_U56/SampleNeuralNet_mac_muladd_16s_16s_34s_35_4_1_DSP48_0_U/p_reg_reg is absorbed into DSP mac_muladd_16s_16s_34s_35_4_1_U56/SampleNeuralNet_mac_muladd_16s_16s_34s_35_4_1_DSP48_0_U/p_reg_reg.
DSP Report: register mac_muladd_16s_16s_34s_35_4_1_U56/SampleNeuralNet_mac_muladd_16s_16s_34s_35_4_1_DSP48_0_U/a_reg_reg is absorbed into DSP mac_muladd_16s_16s_34s_35_4_1_U56/SampleNeuralNet_mac_muladd_16s_16s_34s_35_4_1_DSP48_0_U/p_reg_reg.
DSP Report: register mac_muladd_16s_16s_34s_35_4_1_U52/SampleNeuralNet_mac_muladd_16s_16s_34s_35_4_1_DSP48_0_U/b_reg_reg is absorbed into DSP mac_muladd_16s_16s_34s_35_4_1_U56/SampleNeuralNet_mac_muladd_16s_16s_34s_35_4_1_DSP48_0_U/p_reg_reg.
DSP Report: register mac_muladd_16s_16s_34s_35_4_1_U56/SampleNeuralNet_mac_muladd_16s_16s_34s_35_4_1_DSP48_0_U/p_reg_reg is absorbed into DSP mac_muladd_16s_16s_34s_35_4_1_U56/SampleNeuralNet_mac_muladd_16s_16s_34s_35_4_1_DSP48_0_U/p_reg_reg.
DSP Report: register mac_muladd_16s_16s_34s_35_4_1_U56/SampleNeuralNet_mac_muladd_16s_16s_34s_35_4_1_DSP48_0_U/m_reg_reg is absorbed into DSP mac_muladd_16s_16s_34s_35_4_1_U56/SampleNeuralNet_mac_muladd_16s_16s_34s_35_4_1_DSP48_0_U/p_reg_reg.
DSP Report: operator mac_muladd_16s_16s_34s_35_4_1_U56/SampleNeuralNet_mac_muladd_16s_16s_34s_35_4_1_DSP48_0_U/p is absorbed into DSP mac_muladd_16s_16s_34s_35_4_1_U56/SampleNeuralNet_mac_muladd_16s_16s_34s_35_4_1_DSP48_0_U/p_reg_reg.
DSP Report: operator mac_muladd_16s_16s_34s_35_4_1_U56/SampleNeuralNet_mac_muladd_16s_16s_34s_35_4_1_DSP48_0_U/m is absorbed into DSP mac_muladd_16s_16s_34s_35_4_1_U56/SampleNeuralNet_mac_muladd_16s_16s_34s_35_4_1_DSP48_0_U/p_reg_reg.
DSP Report: Generating DSP mac_muladd_16s_16s_34s_35_4_1_U57/SampleNeuralNet_mac_muladd_16s_16s_34s_35_4_1_DSP48_0_U/p_reg_reg, operation Mode is: (C+(A''*B2)')'.
DSP Report: register mac_muladd_16s_16s_34s_35_4_1_U57/SampleNeuralNet_mac_muladd_16s_16s_34s_35_4_1_DSP48_0_U/p_reg_reg is absorbed into DSP mac_muladd_16s_16s_34s_35_4_1_U57/SampleNeuralNet_mac_muladd_16s_16s_34s_35_4_1_DSP48_0_U/p_reg_reg.
DSP Report: register mac_muladd_16s_16s_34s_35_4_1_U57/SampleNeuralNet_mac_muladd_16s_16s_34s_35_4_1_DSP48_0_U/a_reg_reg is absorbed into DSP mac_muladd_16s_16s_34s_35_4_1_U57/SampleNeuralNet_mac_muladd_16s_16s_34s_35_4_1_DSP48_0_U/p_reg_reg.
DSP Report: register mac_muladd_16s_16s_34s_35_4_1_U52/SampleNeuralNet_mac_muladd_16s_16s_34s_35_4_1_DSP48_0_U/b_reg_reg is absorbed into DSP mac_muladd_16s_16s_34s_35_4_1_U57/SampleNeuralNet_mac_muladd_16s_16s_34s_35_4_1_DSP48_0_U/p_reg_reg.
DSP Report: register mac_muladd_16s_16s_34s_35_4_1_U57/SampleNeuralNet_mac_muladd_16s_16s_34s_35_4_1_DSP48_0_U/p_reg_reg is absorbed into DSP mac_muladd_16s_16s_34s_35_4_1_U57/SampleNeuralNet_mac_muladd_16s_16s_34s_35_4_1_DSP48_0_U/p_reg_reg.
DSP Report: register mac_muladd_16s_16s_34s_35_4_1_U57/SampleNeuralNet_mac_muladd_16s_16s_34s_35_4_1_DSP48_0_U/m_reg_reg is absorbed into DSP mac_muladd_16s_16s_34s_35_4_1_U57/SampleNeuralNet_mac_muladd_16s_16s_34s_35_4_1_DSP48_0_U/p_reg_reg.
DSP Report: operator mac_muladd_16s_16s_34s_35_4_1_U57/SampleNeuralNet_mac_muladd_16s_16s_34s_35_4_1_DSP48_0_U/p is absorbed into DSP mac_muladd_16s_16s_34s_35_4_1_U57/SampleNeuralNet_mac_muladd_16s_16s_34s_35_4_1_DSP48_0_U/p_reg_reg.
DSP Report: operator mac_muladd_16s_16s_34s_35_4_1_U57/SampleNeuralNet_mac_muladd_16s_16s_34s_35_4_1_DSP48_0_U/m is absorbed into DSP mac_muladd_16s_16s_34s_35_4_1_U57/SampleNeuralNet_mac_muladd_16s_16s_34s_35_4_1_DSP48_0_U/p_reg_reg.
DSP Report: Generating DSP mac_muladd_16s_16s_34s_35_4_1_U58/SampleNeuralNet_mac_muladd_16s_16s_34s_35_4_1_DSP48_0_U/p_reg_reg, operation Mode is: (C+(A''*B2)')'.
DSP Report: register mac_muladd_16s_16s_34s_35_4_1_U58/SampleNeuralNet_mac_muladd_16s_16s_34s_35_4_1_DSP48_0_U/p_reg_reg is absorbed into DSP mac_muladd_16s_16s_34s_35_4_1_U58/SampleNeuralNet_mac_muladd_16s_16s_34s_35_4_1_DSP48_0_U/p_reg_reg.
DSP Report: register mac_muladd_16s_16s_34s_35_4_1_U58/SampleNeuralNet_mac_muladd_16s_16s_34s_35_4_1_DSP48_0_U/a_reg_reg is absorbed into DSP mac_muladd_16s_16s_34s_35_4_1_U58/SampleNeuralNet_mac_muladd_16s_16s_34s_35_4_1_DSP48_0_U/p_reg_reg.
DSP Report: register mac_muladd_16s_16s_34s_35_4_1_U52/SampleNeuralNet_mac_muladd_16s_16s_34s_35_4_1_DSP48_0_U/b_reg_reg is absorbed into DSP mac_muladd_16s_16s_34s_35_4_1_U58/SampleNeuralNet_mac_muladd_16s_16s_34s_35_4_1_DSP48_0_U/p_reg_reg.
DSP Report: register mac_muladd_16s_16s_34s_35_4_1_U58/SampleNeuralNet_mac_muladd_16s_16s_34s_35_4_1_DSP48_0_U/p_reg_reg is absorbed into DSP mac_muladd_16s_16s_34s_35_4_1_U58/SampleNeuralNet_mac_muladd_16s_16s_34s_35_4_1_DSP48_0_U/p_reg_reg.
DSP Report: register mac_muladd_16s_16s_34s_35_4_1_U58/SampleNeuralNet_mac_muladd_16s_16s_34s_35_4_1_DSP48_0_U/m_reg_reg is absorbed into DSP mac_muladd_16s_16s_34s_35_4_1_U58/SampleNeuralNet_mac_muladd_16s_16s_34s_35_4_1_DSP48_0_U/p_reg_reg.
DSP Report: operator mac_muladd_16s_16s_34s_35_4_1_U58/SampleNeuralNet_mac_muladd_16s_16s_34s_35_4_1_DSP48_0_U/p is absorbed into DSP mac_muladd_16s_16s_34s_35_4_1_U58/SampleNeuralNet_mac_muladd_16s_16s_34s_35_4_1_DSP48_0_U/p_reg_reg.
DSP Report: operator mac_muladd_16s_16s_34s_35_4_1_U58/SampleNeuralNet_mac_muladd_16s_16s_34s_35_4_1_DSP48_0_U/m is absorbed into DSP mac_muladd_16s_16s_34s_35_4_1_U58/SampleNeuralNet_mac_muladd_16s_16s_34s_35_4_1_DSP48_0_U/p_reg_reg.
DSP Report: Generating DSP mac_muladd_16s_5s_23s_24_4_1_U59/SampleNeuralNet_mac_muladd_16s_5s_23s_24_4_1_DSP48_0_U/p_reg_reg, operation Mode is: (C+(A''*B2)')'.
DSP Report: register mac_muladd_16s_16s_34s_35_4_1_U52/SampleNeuralNet_mac_muladd_16s_16s_34s_35_4_1_DSP48_0_U/b_reg_reg is absorbed into DSP mac_muladd_16s_5s_23s_24_4_1_U59/SampleNeuralNet_mac_muladd_16s_5s_23s_24_4_1_DSP48_0_U/p_reg_reg.
DSP Report: register mac_muladd_16s_5s_23s_24_4_1_U59/SampleNeuralNet_mac_muladd_16s_5s_23s_24_4_1_DSP48_0_U/p_reg_reg is absorbed into DSP mac_muladd_16s_5s_23s_24_4_1_U59/SampleNeuralNet_mac_muladd_16s_5s_23s_24_4_1_DSP48_0_U/p_reg_reg.
DSP Report: register mac_muladd_16s_5s_23s_24_4_1_U59/SampleNeuralNet_mac_muladd_16s_5s_23s_24_4_1_DSP48_0_U/b_reg_reg is absorbed into DSP mac_muladd_16s_5s_23s_24_4_1_U59/SampleNeuralNet_mac_muladd_16s_5s_23s_24_4_1_DSP48_0_U/p_reg_reg.
DSP Report: register mac_muladd_16s_5s_23s_24_4_1_U59/SampleNeuralNet_mac_muladd_16s_5s_23s_24_4_1_DSP48_0_U/p_reg_reg is absorbed into DSP mac_muladd_16s_5s_23s_24_4_1_U59/SampleNeuralNet_mac_muladd_16s_5s_23s_24_4_1_DSP48_0_U/p_reg_reg.
DSP Report: register mac_muladd_16s_5s_23s_24_4_1_U59/SampleNeuralNet_mac_muladd_16s_5s_23s_24_4_1_DSP48_0_U/m_reg_reg is absorbed into DSP mac_muladd_16s_5s_23s_24_4_1_U59/SampleNeuralNet_mac_muladd_16s_5s_23s_24_4_1_DSP48_0_U/p_reg_reg.
DSP Report: operator mac_muladd_16s_5s_23s_24_4_1_U59/SampleNeuralNet_mac_muladd_16s_5s_23s_24_4_1_DSP48_0_U/p is absorbed into DSP mac_muladd_16s_5s_23s_24_4_1_U59/SampleNeuralNet_mac_muladd_16s_5s_23s_24_4_1_DSP48_0_U/p_reg_reg.
DSP Report: operator mac_muladd_16s_5s_23s_24_4_1_U59/SampleNeuralNet_mac_muladd_16s_5s_23s_24_4_1_DSP48_0_U/m is absorbed into DSP mac_muladd_16s_5s_23s_24_4_1_U59/SampleNeuralNet_mac_muladd_16s_5s_23s_24_4_1_DSP48_0_U/p_reg_reg.
WARNING: [Synth 8-7129] Port din1[127] in module SampleNeuralNet_lshr_128ns_7ns_128_7_1 is either unconnected or has no load
WARNING: [Synth 8-7129] Port din1[126] in module SampleNeuralNet_lshr_128ns_7ns_128_7_1 is either unconnected or has no load
WARNING: [Synth 8-7129] Port din1[125] in module SampleNeuralNet_lshr_128ns_7ns_128_7_1 is either unconnected or has no load
WARNING: [Synth 8-7129] Port din1[124] in module SampleNeuralNet_lshr_128ns_7ns_128_7_1 is either unconnected or has no load
WARNING: [Synth 8-7129] Port din1[123] in module SampleNeuralNet_lshr_128ns_7ns_128_7_1 is either unconnected or has no load
WARNING: [Synth 8-7129] Port din1[122] in module SampleNeuralNet_lshr_128ns_7ns_128_7_1 is either unconnected or has no load
WARNING: [Synth 8-7129] Port din1[121] in module SampleNeuralNet_lshr_128ns_7ns_128_7_1 is either unconnected or has no load
WARNING: [Synth 8-7129] Port din1[120] in module SampleNeuralNet_lshr_128ns_7ns_128_7_1 is either unconnected or has no load
WARNING: [Synth 8-7129] Port din1[119] in module SampleNeuralNet_lshr_128ns_7ns_128_7_1 is either unconnected or has no load
WARNING: [Synth 8-7129] Port din1[118] in module SampleNeuralNet_lshr_128ns_7ns_128_7_1 is either unconnected or has no load
WARNING: [Synth 8-7129] Port din1[117] in module SampleNeuralNet_lshr_128ns_7ns_128_7_1 is either unconnected or has no load
WARNING: [Synth 8-7129] Port din1[116] in module SampleNeuralNet_lshr_128ns_7ns_128_7_1 is either unconnected or has no load
WARNING: [Synth 8-7129] Port din1[115] in module SampleNeuralNet_lshr_128ns_7ns_128_7_1 is either unconnected or has no load
WARNING: [Synth 8-7129] Port din1[114] in module SampleNeuralNet_lshr_128ns_7ns_128_7_1 is either unconnected or has no load
WARNING: [Synth 8-7129] Port din1[113] in module SampleNeuralNet_lshr_128ns_7ns_128_7_1 is either unconnected or has no load
WARNING: [Synth 8-7129] Port din1[112] in module SampleNeuralNet_lshr_128ns_7ns_128_7_1 is either unconnected or has no load
WARNING: [Synth 8-7129] Port din1[111] in module SampleNeuralNet_lshr_128ns_7ns_128_7_1 is either unconnected or has no load
WARNING: [Synth 8-7129] Port din1[110] in module SampleNeuralNet_lshr_128ns_7ns_128_7_1 is either unconnected or has no load
WARNING: [Synth 8-7129] Port din1[109] in module SampleNeuralNet_lshr_128ns_7ns_128_7_1 is either unconnected or has no load
WARNING: [Synth 8-7129] Port din1[108] in module SampleNeuralNet_lshr_128ns_7ns_128_7_1 is either unconnected or has no load
WARNING: [Synth 8-7129] Port din1[107] in module SampleNeuralNet_lshr_128ns_7ns_128_7_1 is either unconnected or has no load
WARNING: [Synth 8-7129] Port din1[106] in module SampleNeuralNet_lshr_128ns_7ns_128_7_1 is either unconnected or has no load
WARNING: [Synth 8-7129] Port din1[105] in module SampleNeuralNet_lshr_128ns_7ns_128_7_1 is either unconnected or has no load
WARNING: [Synth 8-7129] Port din1[104] in module SampleNeuralNet_lshr_128ns_7ns_128_7_1 is either unconnected or has no load
WARNING: [Synth 8-7129] Port din1[103] in module SampleNeuralNet_lshr_128ns_7ns_128_7_1 is either unconnected or has no load
WARNING: [Synth 8-7129] Port din1[102] in module SampleNeuralNet_lshr_128ns_7ns_128_7_1 is either unconnected or has no load
WARNING: [Synth 8-7129] Port din1[101] in module SampleNeuralNet_lshr_128ns_7ns_128_7_1 is either unconnected or has no load
WARNING: [Synth 8-7129] Port din1[100] in module SampleNeuralNet_lshr_128ns_7ns_128_7_1 is either unconnected or has no load
WARNING: [Synth 8-7129] Port din1[99] in module SampleNeuralNet_lshr_128ns_7ns_128_7_1 is either unconnected or has no load
WARNING: [Synth 8-7129] Port din1[98] in module SampleNeuralNet_lshr_128ns_7ns_128_7_1 is either unconnected or has no load
WARNING: [Synth 8-7129] Port din1[97] in module SampleNeuralNet_lshr_128ns_7ns_128_7_1 is either unconnected or has no load
WARNING: [Synth 8-7129] Port din1[96] in module SampleNeuralNet_lshr_128ns_7ns_128_7_1 is either unconnected or has no load
WARNING: [Synth 8-7129] Port din1[95] in module SampleNeuralNet_lshr_128ns_7ns_128_7_1 is either unconnected or has no load
WARNING: [Synth 8-7129] Port din1[94] in module SampleNeuralNet_lshr_128ns_7ns_128_7_1 is either unconnected or has no load
WARNING: [Synth 8-7129] Port din1[93] in module SampleNeuralNet_lshr_128ns_7ns_128_7_1 is either unconnected or has no load
WARNING: [Synth 8-7129] Port din1[92] in module SampleNeuralNet_lshr_128ns_7ns_128_7_1 is either unconnected or has no load
WARNING: [Synth 8-7129] Port din1[91] in module SampleNeuralNet_lshr_128ns_7ns_128_7_1 is either unconnected or has no load
WARNING: [Synth 8-7129] Port din1[90] in module SampleNeuralNet_lshr_128ns_7ns_128_7_1 is either unconnected or has no load
WARNING: [Synth 8-7129] Port din1[89] in module SampleNeuralNet_lshr_128ns_7ns_128_7_1 is either unconnected or has no load
WARNING: [Synth 8-7129] Port din1[88] in module SampleNeuralNet_lshr_128ns_7ns_128_7_1 is either unconnected or has no load
WARNING: [Synth 8-7129] Port din1[87] in module SampleNeuralNet_lshr_128ns_7ns_128_7_1 is either unconnected or has no load
WARNING: [Synth 8-7129] Port din1[86] in module SampleNeuralNet_lshr_128ns_7ns_128_7_1 is either unconnected or has no load
WARNING: [Synth 8-7129] Port din1[85] in module SampleNeuralNet_lshr_128ns_7ns_128_7_1 is either unconnected or has no load
WARNING: [Synth 8-7129] Port din1[84] in module SampleNeuralNet_lshr_128ns_7ns_128_7_1 is either unconnected or has no load
WARNING: [Synth 8-7129] Port din1[83] in module SampleNeuralNet_lshr_128ns_7ns_128_7_1 is either unconnected or has no load
WARNING: [Synth 8-7129] Port din1[82] in module SampleNeuralNet_lshr_128ns_7ns_128_7_1 is either unconnected or has no load
WARNING: [Synth 8-7129] Port din1[81] in module SampleNeuralNet_lshr_128ns_7ns_128_7_1 is either unconnected or has no load
WARNING: [Synth 8-7129] Port din1[80] in module SampleNeuralNet_lshr_128ns_7ns_128_7_1 is either unconnected or has no load
WARNING: [Synth 8-7129] Port din1[79] in module SampleNeuralNet_lshr_128ns_7ns_128_7_1 is either unconnected or has no load
WARNING: [Synth 8-7129] Port din1[78] in module SampleNeuralNet_lshr_128ns_7ns_128_7_1 is either unconnected or has no load
WARNING: [Synth 8-7129] Port din1[77] in module SampleNeuralNet_lshr_128ns_7ns_128_7_1 is either unconnected or has no load
WARNING: [Synth 8-7129] Port din1[76] in module SampleNeuralNet_lshr_128ns_7ns_128_7_1 is either unconnected or has no load
WARNING: [Synth 8-7129] Port din1[75] in module SampleNeuralNet_lshr_128ns_7ns_128_7_1 is either unconnected or has no load
WARNING: [Synth 8-7129] Port din1[74] in module SampleNeuralNet_lshr_128ns_7ns_128_7_1 is either unconnected or has no load
WARNING: [Synth 8-7129] Port din1[73] in module SampleNeuralNet_lshr_128ns_7ns_128_7_1 is either unconnected or has no load
WARNING: [Synth 8-7129] Port din1[72] in module SampleNeuralNet_lshr_128ns_7ns_128_7_1 is either unconnected or has no load
WARNING: [Synth 8-7129] Port din1[71] in module SampleNeuralNet_lshr_128ns_7ns_128_7_1 is either unconnected or has no load
WARNING: [Synth 8-7129] Port din1[70] in module SampleNeuralNet_lshr_128ns_7ns_128_7_1 is either unconnected or has no load
WARNING: [Synth 8-7129] Port din1[69] in module SampleNeuralNet_lshr_128ns_7ns_128_7_1 is either unconnected or has no load
WARNING: [Synth 8-7129] Port din1[68] in module SampleNeuralNet_lshr_128ns_7ns_128_7_1 is either unconnected or has no load
WARNING: [Synth 8-7129] Port din1[67] in module SampleNeuralNet_lshr_128ns_7ns_128_7_1 is either unconnected or has no load
WARNING: [Synth 8-7129] Port din1[66] in module SampleNeuralNet_lshr_128ns_7ns_128_7_1 is either unconnected or has no load
WARNING: [Synth 8-7129] Port din1[65] in module SampleNeuralNet_lshr_128ns_7ns_128_7_1 is either unconnected or has no load
WARNING: [Synth 8-7129] Port din1[64] in module SampleNeuralNet_lshr_128ns_7ns_128_7_1 is either unconnected or has no load
WARNING: [Synth 8-7129] Port din1[63] in module SampleNeuralNet_lshr_128ns_7ns_128_7_1 is either unconnected or has no load
WARNING: [Synth 8-7129] Port din1[62] in module SampleNeuralNet_lshr_128ns_7ns_128_7_1 is either unconnected or has no load
WARNING: [Synth 8-7129] Port din1[61] in module SampleNeuralNet_lshr_128ns_7ns_128_7_1 is either unconnected or has no load
WARNING: [Synth 8-7129] Port din1[60] in module SampleNeuralNet_lshr_128ns_7ns_128_7_1 is either unconnected or has no load
WARNING: [Synth 8-7129] Port din1[59] in module SampleNeuralNet_lshr_128ns_7ns_128_7_1 is either unconnected or has no load
WARNING: [Synth 8-7129] Port din1[58] in module SampleNeuralNet_lshr_128ns_7ns_128_7_1 is either unconnected or has no load
WARNING: [Synth 8-7129] Port din1[57] in module SampleNeuralNet_lshr_128ns_7ns_128_7_1 is either unconnected or has no load
WARNING: [Synth 8-7129] Port din1[56] in module SampleNeuralNet_lshr_128ns_7ns_128_7_1 is either unconnected or has no load
WARNING: [Synth 8-7129] Port din1[55] in module SampleNeuralNet_lshr_128ns_7ns_128_7_1 is either unconnected or has no load
WARNING: [Synth 8-7129] Port din1[54] in module SampleNeuralNet_lshr_128ns_7ns_128_7_1 is either unconnected or has no load
INFO: [Common 17-14] Message 'Synth 8-7129' appears 100 times and further instances of the messages will be disabled. Use the Tcl command set_msg_config to change the current settings.
---------------------------------------------------------------------------------
Finished Cross Boundary and Area Optimization : Time (s): cpu = 00:00:19 ; elapsed = 00:00:20 . Memory (MB): peak = 2718.211 ; gain = 692.398 ; free physical = 84340 ; free virtual = 124200
---------------------------------------------------------------------------------
 Sort Area is  mac_muladd_16s_16s_34s_34_4_1_U3/SampleNeuralNet_mac_muladd_16s_16s_34s_34_4_1_DSP48_0_U/p_reg_reg_2 : 0 0 : 3055 3055 : Used 1 time 0
 Sort Area is  mac_muladd_16s_16s_34s_34_4_1_U8/SampleNeuralNet_mac_muladd_16s_16s_34s_34_4_1_DSP48_0_U/p_reg_reg_9 : 0 0 : 3055 3055 : Used 1 time 0
 Sort Area is  mac_muladd_16s_16s_34s_34_4_1_U26/SampleNeuralNet_mac_muladd_16s_16s_34s_34_4_1_DSP48_0_U/p_reg_reg_e : 0 0 : 3039 3039 : Used 1 time 0
 Sort Area is  mac_muladd_16s_16s_34s_34_4_1_U29/SampleNeuralNet_mac_muladd_16s_16s_34s_34_4_1_DSP48_0_U/p_reg_reg_13 : 0 0 : 3039 3039 : Used 1 time 0
 Sort Area is  mac_muladd_16s_16s_34s_34_4_1_U53/SampleNeuralNet_mac_muladd_16s_16s_34s_34_4_1_DSP48_0_U/p_reg_reg_19 : 0 0 : 3039 3039 : Used 1 time 0
 Sort Area is  mac_muladd_16s_16s_34s_34_4_1_U55/SampleNeuralNet_mac_muladd_16s_16s_34s_34_4_1_DSP48_0_U/p_reg_reg_1b : 0 0 : 3039 3039 : Used 1 time 0
 Sort Area is  mac_muladd_16s_16s_34s_35_4_1_U4/SampleNeuralNet_mac_muladd_16s_16s_34s_35_4_1_DSP48_0_U/p_reg_reg_4 : 0 0 : 3028 3028 : Used 1 time 0
 Sort Area is  mac_muladd_16s_16s_34s_35_4_1_U5/SampleNeuralNet_mac_muladd_16s_16s_34s_35_4_1_DSP48_0_U/p_reg_reg_6 : 0 0 : 3028 3028 : Used 1 time 0
 Sort Area is  mac_muladd_16s_16s_34s_35_4_1_U6/SampleNeuralNet_mac_muladd_16s_16s_34s_35_4_1_DSP48_0_U/p_reg_reg_7 : 0 0 : 3028 3028 : Used 1 time 0
 Sort Area is  mac_muladd_16s_16s_34s_35_4_1_U7/SampleNeuralNet_mac_muladd_16s_16s_34s_35_4_1_DSP48_0_U/p_reg_reg_8 : 0 0 : 3028 3028 : Used 1 time 0
 Sort Area is  mac_muladd_16s_16s_34s_35_4_1_U27/SampleNeuralNet_mac_muladd_16s_16s_34s_35_4_1_DSP48_0_U/p_reg_reg_10 : 0 0 : 3012 3012 : Used 1 time 0
 Sort Area is  mac_muladd_16s_16s_34s_35_4_1_U28/SampleNeuralNet_mac_muladd_16s_16s_34s_35_4_1_DSP48_0_U/p_reg_reg_12 : 0 0 : 3012 3012 : Used 1 time 0
 Sort Area is  mac_muladd_16s_16s_34s_35_4_1_U30/SampleNeuralNet_mac_muladd_16s_16s_34s_35_4_1_DSP48_0_U/p_reg_reg_14 : 0 0 : 3012 3012 : Used 1 time 0
 Sort Area is  mac_muladd_16s_16s_34s_35_4_1_U31/SampleNeuralNet_mac_muladd_16s_16s_34s_35_4_1_DSP48_0_U/p_reg_reg_15 : 0 0 : 3012 3012 : Used 1 time 0
 Sort Area is  mac_muladd_16s_16s_34s_35_4_1_U54/SampleNeuralNet_mac_muladd_16s_16s_34s_35_4_1_DSP48_0_U/p_reg_reg_1a : 0 0 : 3012 3012 : Used 1 time 0
 Sort Area is  mac_muladd_16s_16s_34s_35_4_1_U56/SampleNeuralNet_mac_muladd_16s_16s_34s_35_4_1_DSP48_0_U/p_reg_reg_1c : 0 0 : 3012 3012 : Used 1 time 0
 Sort Area is  mac_muladd_16s_16s_34s_35_4_1_U57/SampleNeuralNet_mac_muladd_16s_16s_34s_35_4_1_DSP48_0_U/p_reg_reg_1d : 0 0 : 3012 3012 : Used 1 time 0
 Sort Area is  mac_muladd_16s_16s_34s_35_4_1_U58/SampleNeuralNet_mac_muladd_16s_16s_34s_35_4_1_DSP48_0_U/p_reg_reg_1e : 0 0 : 3012 3012 : Used 1 time 0
 Sort Area is  mac_muladd_16s_5s_23s_24_4_1_U9/SampleNeuralNet_mac_muladd_16s_5s_23s_24_4_1_DSP48_0_U/p_reg_reg_a : 0 0 : 2315 2315 : Used 1 time 0
 Sort Area is  mac_muladd_16s_5s_23s_24_4_1_U32/SampleNeuralNet_mac_muladd_16s_5s_23s_24_4_1_DSP48_0_U/p_reg_reg_16 : 0 0 : 2299 2299 : Used 1 time 0
 Sort Area is  mac_muladd_16s_5s_23s_24_4_1_U59/SampleNeuralNet_mac_muladd_16s_5s_23s_24_4_1_DSP48_0_U/p_reg_reg_1f : 0 0 : 2299 2299 : Used 1 time 0
 Sort Area is  mac_muladd_16s_16s_34s_35_4_1_U2/SampleNeuralNet_mac_muladd_16s_16s_34s_35_4_1_DSP48_0_U/p_reg_reg_0 : 0 0 : 2277 2277 : Used 1 time 0
 Sort Area is  mac_muladd_16s_16s_34s_35_4_1_U25/SampleNeuralNet_mac_muladd_16s_16s_34s_35_4_1_DSP48_0_U/p_reg_reg_c : 0 0 : 2261 2261 : Used 1 time 0
 Sort Area is  mac_muladd_16s_16s_34s_35_4_1_U52/SampleNeuralNet_mac_muladd_16s_16s_34s_35_4_1_DSP48_0_U/p_reg_reg_18 : 0 0 : 2261 2261 : Used 1 time 0
---------------------------------------------------------------------------------
Start ROM, RAM, DSP, Shift Register and Retiming Reporting
---------------------------------------------------------------------------------

DSP: Preliminary Mapping Report (see note below. The ' indicates corresponding REG is set)
+------------------------------------------------------------------------+---------------------+--------+--------+--------+--------+--------+------+------+------+------+-------+------+------+
|Module Name                                                             | DSP Mapping         | A Size | B Size | C Size | D Size | P Size | AREG | BREG | CREG | DREG | ADREG | MREG | PREG | 
+------------------------------------------------------------------------+---------------------+--------+--------+--------+--------+--------+------+------+------+------+-------+------+------+
|SampleNeuralNet_dense_resource_rf_leq_nin_ap_int_16_ap_int_48_config2_s | (C+(A''*B'')')'     | 16     | 16     | 34     | -      | 35     | 2    | 2    | 0    | -    | -     | 1    | 1    | 
|SampleNeuralNet_dense_resource_rf_leq_nin_ap_int_16_ap_int_48_config2_s | (P or C)+(A''*B'')' | 25     | 16     | 34     | -      | 34     | 2    | 2    | 0    | -    | -     | 1    | 1    | 
|SampleNeuralNet_dense_resource_rf_leq_nin_ap_int_16_ap_int_48_config2_s | (C+(A''*B'')')'     | 25     | 16     | 34     | -      | 35     | 2    | 2    | 0    | -    | -     | 1    | 1    | 
|SampleNeuralNet_dense_resource_rf_leq_nin_ap_int_16_ap_int_48_config2_s | (C+(A''*B'')')'     | 25     | 16     | 34     | -      | 35     | 2    | 2    | 0    | -    | -     | 1    | 1    | 
|SampleNeuralNet_dense_resource_rf_leq_nin_ap_int_16_ap_int_48_config2_s | (C+(A''*B'')')'     | 25     | 16     | 34     | -      | 35     | 2    | 2    | 0    | -    | -     | 1    | 1    | 
|SampleNeuralNet_dense_resource_rf_leq_nin_ap_int_16_ap_int_48_config2_s | (C+(A''*B'')')'     | 25     | 16     | 34     | -      | 35     | 2    | 2    | 0    | -    | -     | 1    | 1    | 
|SampleNeuralNet_dense_resource_rf_leq_nin_ap_int_16_ap_int_48_config2_s | (P or C)+(A''*B'')' | 25     | 16     | 34     | -      | 34     | 2    | 2    | 0    | -    | -     | 1    | 1    | 
|SampleNeuralNet_dense_resource_rf_leq_nin_ap_int_16_ap_int_48_config2_s | (C+(A''*B'')')'     | 18     | 16     | 23     | -      | 24     | 2    | 2    | 0    | -    | -     | 1    | 1    | 
|SampleNeuralNet_mac_muladd_16s_16s_34s_35_4_1_DSP48_0                   | (C+(A''*B2)')'      | 16     | 16     | 34     | -      | 35     | 2    | 1    | 0    | -    | -     | 1    | 1    | 
|SampleNeuralNet_dense_resource_rf_leq_nin_ap_int_16_ap_int_48_config4_s | (P or C)+(A''*B2)'  | 25     | 16     | 34     | -      | 34     | 2    | 1    | 0    | -    | -     | 1    | 1    | 
|SampleNeuralNet_dense_resource_rf_leq_nin_ap_int_16_ap_int_48_config4_s | (C+(A''*B2)')'      | 25     | 16     | 34     | -      | 35     | 2    | 1    | 0    | -    | -     | 1    | 1    | 
|SampleNeuralNet_dense_resource_rf_leq_nin_ap_int_16_ap_int_48_config4_s | (C+(A''*B2)')'      | 25     | 16     | 34     | -      | 35     | 2    | 1    | 0    | -    | -     | 1    | 1    | 
|SampleNeuralNet_dense_resource_rf_leq_nin_ap_int_16_ap_int_48_config4_s | (P or C)+(A''*B2)'  | 25     | 16     | 34     | -      | 34     | 2    | 1    | 0    | -    | -     | 1    | 1    | 
|SampleNeuralNet_dense_resource_rf_leq_nin_ap_int_16_ap_int_48_config4_s | (C+(A''*B2)')'      | 25     | 16     | 34     | -      | 35     | 2    | 1    | 0    | -    | -     | 1    | 1    | 
|SampleNeuralNet_dense_resource_rf_leq_nin_ap_int_16_ap_int_48_config4_s | (C+(A''*B2)')'      | 25     | 16     | 34     | -      | 35     | 2    | 1    | 0    | -    | -     | 1    | 1    | 
|SampleNeuralNet_mac_muladd_16s_16s_34s_35_4_1_DSP48_0                   | (C+(A''*B2)')'      | 18     | 16     | 23     | -      | 24     | 2    | 1    | 0    | -    | -     | 1    | 1    | 
|SampleNeuralNet_mac_muladd_16s_16s_34s_35_4_1_DSP48_0                   | (C+(A''*B2)')'      | 16     | 16     | 34     | -      | 35     | 2    | 1    | 0    | -    | -     | 1    | 1    | 
|SampleNeuralNet_dense_resource_rf_leq_nin_ap_int_16_ap_int_48_config6_s | (P or C)+(A''*B2)'  | 25     | 16     | 34     | -      | 34     | 2    | 1    | 0    | -    | -     | 1    | 1    | 
|SampleNeuralNet_dense_resource_rf_leq_nin_ap_int_16_ap_int_48_config6_s | (C+(A''*B2)')'      | 25     | 16     | 34     | -      | 35     | 2    | 1    | 0    | -    | -     | 1    | 1    | 
|SampleNeuralNet_dense_resource_rf_leq_nin_ap_int_16_ap_int_48_config6_s | (P or C)+(A''*B2)'  | 25     | 16     | 34     | -      | 34     | 2    | 1    | 0    | -    | -     | 1    | 1    | 
|SampleNeuralNet_dense_resource_rf_leq_nin_ap_int_16_ap_int_48_config6_s | (C+(A''*B2)')'      | 25     | 16     | 34     | -      | 35     | 2    | 1    | 0    | -    | -     | 1    | 1    | 
|SampleNeuralNet_dense_resource_rf_leq_nin_ap_int_16_ap_int_48_config6_s | (C+(A''*B2)')'      | 25     | 16     | 34     | -      | 35     | 2    | 1    | 0    | -    | -     | 1    | 1    | 
|SampleNeuralNet_dense_resource_rf_leq_nin_ap_int_16_ap_int_48_config6_s | (C+(A''*B2)')'      | 25     | 16     | 34     | -      | 35     | 2    | 1    | 0    | -    | -     | 1    | 1    | 
|SampleNeuralNet_mac_muladd_16s_16s_34s_35_4_1_DSP48_0                   | (C+(A''*B2)')'      | 18     | 16     | 23     | -      | 24     | 2    | 1    | 0    | -    | -     | 1    | 1    | 
+------------------------------------------------------------------------+---------------------+--------+--------+--------+--------+--------+------+------+------+------+-------+------+------+

Note: The table above is a preliminary report that shows the DSPs inferred at the current stage of the synthesis flow. Some DSP may be reimplemented as non DSP primitives later in the synthesis flow. Multiple instantiated DSPs are reported only once.
---------------------------------------------------------------------------------
Finished ROM, RAM, DSP, Shift Register and Retiming Reporting
---------------------------------------------------------------------------------
---------------------------------------------------------------------------------
Start Applying XDC Timing Constraints
---------------------------------------------------------------------------------
---------------------------------------------------------------------------------
Finished Applying XDC Timing Constraints : Time (s): cpu = 00:00:25 ; elapsed = 00:00:26 . Memory (MB): peak = 2718.211 ; gain = 692.398 ; free physical = 84334 ; free virtual = 124194
---------------------------------------------------------------------------------
---------------------------------------------------------------------------------
Start Timing Optimization
---------------------------------------------------------------------------------
---------------------------------------------------------------------------------
Finished Timing Optimization : Time (s): cpu = 00:00:27 ; elapsed = 00:00:27 . Memory (MB): peak = 2718.211 ; gain = 692.398 ; free physical = 84334 ; free virtual = 124194
---------------------------------------------------------------------------------
---------------------------------------------------------------------------------
Start Technology Mapping
---------------------------------------------------------------------------------
INFO: [Synth 8-7052] The timing for the instance dense_resource_rf_leq_nin_ap_int_16_ap_int_48_config2_U0/w2_95_U/q0_t0_reg (implemented as a Block RAM) might be sub-optimal as no optional output register could be merged into the ram block. Providing additional output register may help in improving timing.
INFO: [Synth 8-7052] The timing for the instance dense_resource_rf_leq_nin_ap_int_16_ap_int_48_config2_U0/w2_95_U/q0_t0_reg (implemented as a Block RAM) might be sub-optimal as no optional output register could be merged into the ram block. Providing additional output register may help in improving timing.
INFO: [Synth 8-7052] The timing for the instance dense_resource_rf_leq_nin_ap_int_16_ap_int_48_config4_U0/w4_94_U/q0_t0_reg (implemented as a Block RAM) might be sub-optimal as no optional output register could be merged into the ram block. Providing additional output register may help in improving timing.
INFO: [Synth 8-7052] The timing for the instance dense_resource_rf_leq_nin_ap_int_16_ap_int_48_config4_U0/w4_94_U/q0_t0_reg (implemented as a Block RAM) might be sub-optimal as no optional output register could be merged into the ram block. Providing additional output register may help in improving timing.
INFO: [Synth 8-7052] The timing for the instance dense_resource_rf_leq_nin_ap_int_16_ap_int_48_config6_U0/w6_93_U/q0_t0_reg (implemented as a Block RAM) might be sub-optimal as no optional output register could be merged into the ram block. Providing additional output register may help in improving timing.
INFO: [Synth 8-7052] The timing for the instance dense_resource_rf_leq_nin_ap_int_16_ap_int_48_config6_U0/w6_93_U/q0_t0_reg (implemented as a Block RAM) might be sub-optimal as no optional output register could be merged into the ram block. Providing additional output register may help in improving timing.
---------------------------------------------------------------------------------
Finished Technology Mapping : Time (s): cpu = 00:00:29 ; elapsed = 00:00:30 . Memory (MB): peak = 2718.211 ; gain = 692.398 ; free physical = 84330 ; free virtual = 124190
---------------------------------------------------------------------------------
---------------------------------------------------------------------------------
Start IO Insertion
---------------------------------------------------------------------------------
---------------------------------------------------------------------------------
Start Flattening Before IO Insertion
---------------------------------------------------------------------------------
---------------------------------------------------------------------------------
Finished Flattening Before IO Insertion
---------------------------------------------------------------------------------
---------------------------------------------------------------------------------
Start Final Netlist Cleanup
---------------------------------------------------------------------------------
---------------------------------------------------------------------------------
Finished Final Netlist Cleanup
---------------------------------------------------------------------------------
---------------------------------------------------------------------------------
Finished IO Insertion : Time (s): cpu = 00:00:32 ; elapsed = 00:00:33 . Memory (MB): peak = 2718.211 ; gain = 692.398 ; free physical = 84329 ; free virtual = 124190
---------------------------------------------------------------------------------
---------------------------------------------------------------------------------
Start Renaming Generated Instances
---------------------------------------------------------------------------------
---------------------------------------------------------------------------------
Finished Renaming Generated Instances : Time (s): cpu = 00:00:32 ; elapsed = 00:00:33 . Memory (MB): peak = 2718.211 ; gain = 692.398 ; free physical = 84329 ; free virtual = 124190
---------------------------------------------------------------------------------
---------------------------------------------------------------------------------
Start Rebuilding User Hierarchy
---------------------------------------------------------------------------------
---------------------------------------------------------------------------------
Finished Rebuilding User Hierarchy : Time (s): cpu = 00:00:33 ; elapsed = 00:00:34 . Memory (MB): peak = 2718.211 ; gain = 692.398 ; free physical = 84329 ; free virtual = 124190
---------------------------------------------------------------------------------
---------------------------------------------------------------------------------
Start Renaming Generated Ports
---------------------------------------------------------------------------------
---------------------------------------------------------------------------------
Finished Renaming Generated Ports : Time (s): cpu = 00:00:33 ; elapsed = 00:00:34 . Memory (MB): peak = 2718.211 ; gain = 692.398 ; free physical = 84329 ; free virtual = 124190
---------------------------------------------------------------------------------
---------------------------------------------------------------------------------
Start Handling Custom Attributes
---------------------------------------------------------------------------------
---------------------------------------------------------------------------------
Finished Handling Custom Attributes : Time (s): cpu = 00:00:33 ; elapsed = 00:00:34 . Memory (MB): peak = 2718.211 ; gain = 692.398 ; free physical = 84329 ; free virtual = 124190
---------------------------------------------------------------------------------
---------------------------------------------------------------------------------
Start Renaming Generated Nets
---------------------------------------------------------------------------------
---------------------------------------------------------------------------------
Finished Renaming Generated Nets : Time (s): cpu = 00:00:33 ; elapsed = 00:00:34 . Memory (MB): peak = 2718.211 ; gain = 692.398 ; free physical = 84329 ; free virtual = 124190
---------------------------------------------------------------------------------
---------------------------------------------------------------------------------
Start ROM, RAM, DSP, Shift Register and Retiming Reporting
---------------------------------------------------------------------------------

Static Shift Register Report:
+----------------+--------------------------------------------------------------------------------------------------+--------+-------+--------------+--------------------+-------------------+--------+---------+
|Module Name     | RTL Name                                                                                         | Length | Width | Reset Signal | Pull out first Reg | Pull out last Reg | SRL16E | SRLC32E | 
+----------------+--------------------------------------------------------------------------------------------------+--------+-------+--------------+--------------------+-------------------+--------+---------+
|SampleNeuralNet | dense_resource_rf_leq_nin_ap_int_16_ap_int_48_config2_U0/lshr_128ns_7ns_128_7_1_U1/buff3_reg[15] | 4      | 16    | NO           | YES                | NO                | 16     | 0       | 
|SampleNeuralNet | dense_resource_rf_leq_nin_ap_int_16_ap_int_48_config2_U0/ap_loop_exit_ready_pp0_iter10_reg_reg   | 10     | 1     | NO           | NO                 | YES               | 1      | 0       | 
|SampleNeuralNet | dense_resource_rf_leq_nin_ap_int_16_ap_int_48_config2_U0/icmp_ln46_reg_610_pp0_iter10_reg_reg[0] | 10     | 1     | NO           | NO                 | YES               | 1      | 0       | 
|SampleNeuralNet | dense_resource_rf_leq_nin_ap_int_16_ap_int_48_config2_U0/ap_loop_init_pp0_iter10_reg_reg         | 10     | 1     | NO           | NO                 | YES               | 1      | 0       | 
|SampleNeuralNet | dense_resource_rf_leq_nin_ap_int_16_ap_int_48_config2_U0/phi_ln59_reg_145_pp0_iter5_reg_reg[2]   | 5      | 3     | NO           | NO                 | YES               | 3      | 0       | 
|SampleNeuralNet | dense_resource_rf_leq_nin_ap_int_16_ap_int_48_config4_U0/ap_loop_exit_ready_pp0_iter4_reg_reg    | 4      | 1     | NO           | NO                 | YES               | 1      | 0       | 
|SampleNeuralNet | dense_resource_rf_leq_nin_ap_int_16_ap_int_48_config4_U0/icmp_ln46_reg_919_pp0_iter4_reg_reg[0]  | 4      | 1     | NO           | NO                 | YES               | 1      | 0       | 
|SampleNeuralNet | dense_resource_rf_leq_nin_ap_int_16_ap_int_48_config4_U0/ap_loop_init_pp0_iter4_reg_reg          | 4      | 1     | NO           | NO                 | YES               | 1      | 0       | 
|SampleNeuralNet | dense_resource_rf_leq_nin_ap_int_16_ap_int_48_config6_U0/ap_loop_exit_ready_pp0_iter4_reg_reg    | 4      | 1     | NO           | NO                 | YES               | 1      | 0       | 
|SampleNeuralNet | dense_resource_rf_leq_nin_ap_int_16_ap_int_48_config6_U0/icmp_ln46_reg_919_pp0_iter4_reg_reg[0]  | 4      | 1     | NO           | NO                 | YES               | 1      | 0       | 
|SampleNeuralNet | dense_resource_rf_leq_nin_ap_int_16_ap_int_48_config6_U0/ap_loop_init_pp0_iter4_reg_reg          | 4      | 1     | NO           | NO                 | YES               | 1      | 0       | 
+----------------+--------------------------------------------------------------------------------------------------+--------+-------+--------------+--------------------+-------------------+--------+---------+

---------------------------------------------------------------------------------
Finished ROM, RAM, DSP, Shift Register and Retiming Reporting
---------------------------------------------------------------------------------
---------------------------------------------------------------------------------
Start Writing Synthesis Report
---------------------------------------------------------------------------------

DSP Final Report (the ' indicates corresponding REG is set)
+------------------------------------------------------------------------+-----------------+--------+--------+--------+--------+--------+------+------+------+------+-------+------+------+
|Module Name                                                             | DSP Mapping     | A Size | B Size | C Size | D Size | P Size | AREG | BREG | CREG | DREG | ADREG | MREG | PREG | 
+------------------------------------------------------------------------+-----------------+--------+--------+--------+--------+--------+------+------+------+------+-------+------+------+
|SampleNeuralNet_dense_resource_rf_leq_nin_ap_int_16_ap_int_48_config2_s | Dynamic         | -      | -      | -      | -      | 34     | -    | -    | -    | -    | -     | 1    | 1    | 
|SampleNeuralNet_dense_resource_rf_leq_nin_ap_int_16_ap_int_48_config2_s | Dynamic         | -      | -      | -      | -      | 34     | -    | -    | -    | -    | -     | 1    | 1    | 
|SampleNeuralNet_dense_resource_rf_leq_nin_ap_int_16_ap_int_48_config2_s | (C+(A''*B'')')' | 30     | 18     | 48     | -      | 35     | 2    | 2    | 2    | -    | -     | 1    | 1    | 
|SampleNeuralNet_dense_resource_rf_leq_nin_ap_int_16_ap_int_48_config2_s | (C+(A''*B'')')' | 30     | 18     | 48     | -      | 35     | 2    | 2    | 2    | -    | -     | 1    | 1    | 
|SampleNeuralNet_dense_resource_rf_leq_nin_ap_int_16_ap_int_48_config2_s | (C+(A''*B'')')' | 30     | 18     | 48     | -      | 35     | 2    | 2    | 2    | -    | -     | 1    | 1    | 
|SampleNeuralNet_dense_resource_rf_leq_nin_ap_int_16_ap_int_48_config2_s | (C+(A''*B'')')' | 30     | 18     | 48     | -      | 35     | 2    | 2    | 2    | -    | -     | 1    | 1    | 
|SampleNeuralNet_dense_resource_rf_leq_nin_ap_int_16_ap_int_48_config2_s | (C+(A''*B'')')' | 30     | 18     | 48     | -      | 35     | 2    | 2    | 2    | -    | -     | 1    | 1    | 
|SampleNeuralNet_dense_resource_rf_leq_nin_ap_int_16_ap_int_48_config2_s | (C+(A''*B'')')' | 30     | 18     | 48     | -      | 24     | 2    | 2    | 2    | -    | -     | 1    | 1    | 
|SampleNeuralNet_dense_resource_rf_leq_nin_ap_int_16_ap_int_48_config4_s | Dynamic         | -      | -      | -      | -      | 34     | -    | -    | -    | -    | -     | 1    | 1    | 
|SampleNeuralNet_dense_resource_rf_leq_nin_ap_int_16_ap_int_48_config4_s | Dynamic         | -      | -      | -      | -      | 34     | -    | -    | -    | -    | -     | 1    | 1    | 
|SampleNeuralNet_mac_muladd_16s_16s_34s_35_4_1_DSP48_0                   | (C+(A''*B')')'  | 30     | 18     | 48     | -      | 35     | 2    | 1    | 1    | -    | -     | 1    | 1    | 
|SampleNeuralNet_dense_resource_rf_leq_nin_ap_int_16_ap_int_48_config4_s | (C+(A''*B')')'  | 30     | 18     | 48     | -      | 35     | 2    | 1    | 1    | -    | -     | 1    | 1    | 
|SampleNeuralNet_dense_resource_rf_leq_nin_ap_int_16_ap_int_48_config4_s | (C+(A''*B')')'  | 30     | 18     | 48     | -      | 35     | 2    | 1    | 1    | -    | -     | 1    | 1    | 
|SampleNeuralNet_dense_resource_rf_leq_nin_ap_int_16_ap_int_48_config4_s | (C+(A''*B')')'  | 30     | 18     | 48     | -      | 35     | 2    | 1    | 1    | -    | -     | 1    | 1    | 
|SampleNeuralNet_dense_resource_rf_leq_nin_ap_int_16_ap_int_48_config4_s | (C+(A''*B')')'  | 30     | 18     | 48     | -      | 35     | 2    | 1    | 1    | -    | -     | 1    | 1    | 
|SampleNeuralNet_mac_muladd_16s_16s_34s_35_4_1_DSP48_0                   | (C+(A''*B')')'  | 30     | 18     | 48     | -      | 24     | 2    | 1    | 1    | -    | -     | 1    | 1    | 
|SampleNeuralNet_dense_resource_rf_leq_nin_ap_int_16_ap_int_48_config6_s | Dynamic         | -      | -      | -      | -      | 34     | -    | -    | -    | -    | -     | 1    | 1    | 
|SampleNeuralNet_dense_resource_rf_leq_nin_ap_int_16_ap_int_48_config6_s | Dynamic         | -      | -      | -      | -      | 34     | -    | -    | -    | -    | -     | 1    | 1    | 
|SampleNeuralNet_mac_muladd_16s_16s_34s_35_4_1_DSP48_0                   | (C+(A''*B')')'  | 30     | 18     | 48     | -      | 35     | 2    | 1    | 1    | -    | -     | 1    | 1    | 
|SampleNeuralNet_dense_resource_rf_leq_nin_ap_int_16_ap_int_48_config6_s | (C+(A''*B')')'  | 30     | 18     | 48     | -      | 35     | 2    | 1    | 1    | -    | -     | 1    | 1    | 
|SampleNeuralNet_dense_resource_rf_leq_nin_ap_int_16_ap_int_48_config6_s | (C+(A''*B')')'  | 30     | 18     | 48     | -      | 35     | 2    | 1    | 1    | -    | -     | 1    | 1    | 
|SampleNeuralNet_dense_resource_rf_leq_nin_ap_int_16_ap_int_48_config6_s | (C+(A''*B')')'  | 30     | 18     | 48     | -      | 35     | 2    | 1    | 1    | -    | -     | 1    | 1    | 
|SampleNeuralNet_dense_resource_rf_leq_nin_ap_int_16_ap_int_48_config6_s | (C+(A''*B')')'  | 30     | 18     | 48     | -      | 35     | 2    | 1    | 1    | -    | -     | 1    | 1    | 
|SampleNeuralNet_mac_muladd_16s_16s_34s_35_4_1_DSP48_0                   | (C+(A''*B')')'  | 30     | 18     | 48     | -      | 24     | 2    | 1    | 1    | -    | -     | 1    | 1    | 
+------------------------------------------------------------------------+-----------------+--------+--------+--------+--------+--------+------+------+------+------+-------+------+------+


Report BlackBoxes: 
+-+--------------+----------+
| |BlackBox name |Instances |
+-+--------------+----------+
+-+--------------+----------+

Report Cell Usage: 
+------+---------+------+
|      |Cell     |Count |
+------+---------+------+
|1     |CARRY4   |   120|
|2     |DSP48E1  |    24|
|4     |LUT1     |    12|
|5     |LUT2     |   952|
|6     |LUT3     |  1553|
|7     |LUT4     |  1530|
|8     |LUT5     |   699|
|9     |LUT6     |   261|
|10    |MUXF7    |    48|
|11    |RAMB18E1 |     3|
|14    |SRL16E   |    28|
|15    |FDRE     |  6261|
|16    |FDSE     |   275|
+------+---------+------+
---------------------------------------------------------------------------------
Finished Writing Synthesis Report : Time (s): cpu = 00:00:33 ; elapsed = 00:00:34 . Memory (MB): peak = 2718.211 ; gain = 692.398 ; free physical = 84329 ; free virtual = 124190
---------------------------------------------------------------------------------
Synthesis finished with 0 errors, 0 critical warnings and 106 warnings.
Synthesis Optimization Runtime : Time (s): cpu = 00:00:31 ; elapsed = 00:00:32 . Memory (MB): peak = 2718.211 ; gain = 548.648 ; free physical = 84329 ; free virtual = 124190
Synthesis Optimization Complete : Time (s): cpu = 00:00:33 ; elapsed = 00:00:34 . Memory (MB): peak = 2718.219 ; gain = 692.398 ; free physical = 84329 ; free virtual = 124190
INFO: [Project 1-571] Translating synthesized netlist
Netlist sorting complete. Time (s): cpu = 00:00:00.08 ; elapsed = 00:00:00.08 . Memory (MB): peak = 2718.219 ; gain = 0.000 ; free physical = 84683 ; free virtual = 124543
INFO: [Netlist 29-17] Analyzing 195 Unisim elements for replacement
INFO: [Netlist 29-28] Unisim Transformation completed in 0 CPU seconds
INFO: [Project 1-570] Preparing netlist for logic optimization
Parsing XDC File [/home/eim32828/Desktop/Vitis_HLS_Gens/SampleNeuralNets_30_8/Reuse8/Analysis_Constraints.xdc]
Finished Parsing XDC File [/home/eim32828/Desktop/Vitis_HLS_Gens/SampleNeuralNets_30_8/Reuse8/Analysis_Constraints.xdc]
INFO: [Opt 31-138] Pushed 0 inverter(s) to 0 load pin(s).
Netlist sorting complete. Time (s): cpu = 00:00:00 ; elapsed = 00:00:00 . Memory (MB): peak = 2774.238 ; gain = 0.000 ; free physical = 84679 ; free virtual = 124539
INFO: [Project 1-111] Unisim Transformation Summary:
No Unisim elements were transformed.

Synth Design complete | Checksum: 75d5ad7e
INFO: [Common 17-83] Releasing license: Synthesis
158 Infos, 110 Warnings, 0 Critical Warnings and 0 Errors encountered.
synth_design completed successfully
synth_design: Time (s): cpu = 00:00:42 ; elapsed = 00:00:42 . Memory (MB): peak = 2774.238 ; gain = 1090.605 ; free physical = 84678 ; free virtual = 124539
INFO: [Common 17-2834] synth_design peak Physical Memory [PSS] (MB): overall = 2553.426; main = 2199.008; forked = 502.098
INFO: [Common 17-2834] synth_design peak Virtual Memory [VSS] (MB): overall = 3807.426; main = 2774.238; forked = 1089.215
# report_timing_summary -file ./Analysis_alt/Timing_Report_Synthesis.rpt
INFO: [Timing 38-35] Done setting XDC timing constraints.
INFO: [Timing 38-91] UpdateTimingParams: Speed grade: -1, Delay Type: min_max.
INFO: [Timing 38-191] Multithreading enabled for timing update using a maximum of 8 CPUs
WARNING: [Timing 38-242] The property HD.CLK_SRC of clock port "ap_clk" is not set. In out-of-context mode, this prevents timing estimation for clock delay/skew
Resolution: Set the HD.CLK_SRC property of the out-of-context port to the location of the clock buffer instance in the top-level design
report_timing_summary: Time (s): cpu = 00:00:07 ; elapsed = 00:00:05 . Memory (MB): peak = 2845.051 ; gain = 70.812 ; free physical = 84631 ; free virtual = 124491
# report_timing -max_paths 20 -file ./Analysis_alt/Timing_Paths_Synthesis.rpt
INFO: [Timing 38-91] UpdateTimingParams: Speed grade: -1, Delay Type: max.
INFO: [Timing 38-191] Multithreading enabled for timing update using a maximum of 8 CPUs
INFO: [Timing 38-78] ReportTimingParams: -max_paths 20 -nworst 1 -delay_type max -sort_by slack.
# report_utilization -hierarchical -file ./Analysis_alt/Utilization_Report_Synthesis.rpt
# set dsps [get_cells -hierarchical -filter {REF_NAME == DSP48E1}]
# set fh [open "./Analysis_alt/DSP_Properties.rpt" w]
# puts $fh "DSP48E1 count: [llength $dsps]"
# puts $fh ""
# foreach dsp $dsps {
#     puts $fh "--------------------------------------------------"
#     puts $fh "DSP: $dsp"
# 
#     foreach prop {
#         AREG
#         BREG
#         MREG
#         PREG
#         CREG
#         OPMODEREG
#         ALUMODEREG
#         USE_MULT
#         PRIMITIVE_TYPE
#     } {
#         puts $fh "$prop = [get_property $prop $dsp]"
#     }
# 
#     puts $fh ""
# }
# close $fh
# write_checkpoint -force ./Analysis_alt/Post_Synthesis.dcp
INFO: [Timing 38-480] Writing timing data to binary archive.
Write ShapeDB Complete: Time (s): cpu = 00:00:00.01 ; elapsed = 00:00:00 . Memory (MB): peak = 2897.848 ; gain = 0.000 ; free physical = 84608 ; free virtual = 124468
INFO: [Common 17-1381] The checkpoint '/home/eim32828/Desktop/Vitis_HLS_Gens/SampleNeuralNets_30_8/Reuse8/Analysis_alt/Post_Synthesis.dcp' has been generated.
# opt_design
Command: opt_design
Attempting to get a license for feature 'Implementation' and/or device 'xc7z010'
INFO: [Common 17-349] Got license for feature 'Implementation' and/or device 'xc7z010'
Running DRC as a precondition to command opt_design

Starting DRC Task
INFO: [DRC 23-27] Running DRC with 8 threads
INFO: [Project 1-461] DRC finished with 0 Errors
INFO: [Project 1-462] Please refer to the DRC report (report_drc) for more information.

Time (s): cpu = 00:00:00.95 ; elapsed = 00:00:00.6 . Memory (MB): peak = 2960.965 ; gain = 63.117 ; free physical = 84562 ; free virtual = 124439

Starting Cache Timing Information Task
Ending Cache Timing Information Task | Checksum: 11a3aab76

Time (s): cpu = 00:00:00.01 ; elapsed = 00:00:00 . Memory (MB): peak = 2960.965 ; gain = 0.000 ; free physical = 84562 ; free virtual = 124439

Starting Logic Optimization Task

Phase 1 Initialization

Phase 1.1 Core Generation And Design Setup
Phase 1.1 Core Generation And Design Setup | Checksum: 11a3aab76

Time (s): cpu = 00:00:00 ; elapsed = 00:00:00 . Memory (MB): peak = 3154.949 ; gain = 0.000 ; free physical = 84331 ; free virtual = 124208

Phase 1.2 Setup Constraints And Sort Netlist
Phase 1.2 Setup Constraints And Sort Netlist | Checksum: 11a3aab76

Time (s): cpu = 00:00:00.01 ; elapsed = 00:00:00 . Memory (MB): peak = 3154.949 ; gain = 0.000 ; free physical = 84331 ; free virtual = 124208
Phase 1 Initialization | Checksum: 11a3aab76

Time (s): cpu = 00:00:00.01 ; elapsed = 00:00:00 . Memory (MB): peak = 3154.949 ; gain = 0.000 ; free physical = 84331 ; free virtual = 124208

Phase 2 Timer Update And Timing Data Collection

Phase 2.1 Timer Update
Phase 2.1 Timer Update | Checksum: 11a3aab76

Time (s): cpu = 00:00:00.22 ; elapsed = 00:00:00.07 . Memory (MB): peak = 3154.949 ; gain = 0.000 ; free physical = 84331 ; free virtual = 124208

Phase 2.2 Timing Data Collection
Phase 2.2 Timing Data Collection | Checksum: 11a3aab76

Time (s): cpu = 00:00:00.23 ; elapsed = 00:00:00.08 . Memory (MB): peak = 3154.949 ; gain = 0.000 ; free physical = 84331 ; free virtual = 124208
Phase 2 Timer Update And Timing Data Collection | Checksum: 11a3aab76

Time (s): cpu = 00:00:00.23 ; elapsed = 00:00:00.08 . Memory (MB): peak = 3154.949 ; gain = 0.000 ; free physical = 84331 ; free virtual = 124208

Phase 3 Retarget
INFO: [Opt 31-1834] Total Chains To Be Transformed Were: 0 AND Number of Transformed insts Created are: 0
INFO: [Opt 31-138] Pushed 0 inverter(s) to 0 load pin(s).
INFO: [Opt 31-49] Retargeted 0 cell(s).
Phase 3 Retarget | Checksum: 11a3aab76

Time (s): cpu = 00:00:00.32 ; elapsed = 00:00:00.17 . Memory (MB): peak = 3154.949 ; gain = 0.000 ; free physical = 84331 ; free virtual = 124208
Retarget | Checksum: 11a3aab76
INFO: [Opt 31-389] Phase Retarget created 0 cells and removed 0 cells

Phase 4 Constant propagation
INFO: [Opt 31-138] Pushed 0 inverter(s) to 0 load pin(s).
Phase 4 Constant propagation | Checksum: 11a3aab76

Time (s): cpu = 00:00:00.36 ; elapsed = 00:00:00.22 . Memory (MB): peak = 3154.949 ; gain = 0.000 ; free physical = 84331 ; free virtual = 124208
Constant propagation | Checksum: 11a3aab76
INFO: [Opt 31-389] Phase Constant propagation created 0 cells and removed 0 cells

Phase 5 Sweep
Phase 5 Sweep | Checksum: 12d832313

Time (s): cpu = 00:00:00.44 ; elapsed = 00:00:00.29 . Memory (MB): peak = 3154.949 ; gain = 0.000 ; free physical = 84331 ; free virtual = 124208
Sweep | Checksum: 12d832313
INFO: [Opt 31-389] Phase Sweep created 0 cells and removed 0 cells

Phase 6 BUFG optimization
Phase 6 BUFG optimization | Checksum: 12d832313

Time (s): cpu = 00:00:00.47 ; elapsed = 00:00:00.32 . Memory (MB): peak = 3154.949 ; gain = 0.000 ; free physical = 84331 ; free virtual = 124208
BUFG optimization | Checksum: 12d832313
INFO: [Opt 31-662] Phase BUFG optimization created 0 cells of which 0 are BUFGs and removed 0 cells.

Phase 7 Shift Register Optimization
INFO: [Opt 31-1064] SRL Remap converted 0 SRLs to 0 registers and converted 0 registers of register chains to 0 SRLs
Phase 7 Shift Register Optimization | Checksum: c483d582

Time (s): cpu = 00:00:00.48 ; elapsed = 00:00:00.33 . Memory (MB): peak = 3154.949 ; gain = 0.000 ; free physical = 84331 ; free virtual = 124208
Shift Register Optimization | Checksum: c483d582
INFO: [Opt 31-389] Phase Shift Register Optimization created 3 cells and removed 0 cells

Phase 8 Post Processing Netlist
Phase 8 Post Processing Netlist | Checksum: c483d582

Time (s): cpu = 00:00:00.5 ; elapsed = 00:00:00.35 . Memory (MB): peak = 3154.949 ; gain = 0.000 ; free physical = 84331 ; free virtual = 124208
Post Processing Netlist | Checksum: c483d582
INFO: [Opt 31-389] Phase Post Processing Netlist created 0 cells and removed 0 cells

Phase 9 Finalization

Phase 9.1 Finalizing Design Cores and Updating Shapes
Phase 9.1 Finalizing Design Cores and Updating Shapes | Checksum: 1f5c952b6

Time (s): cpu = 00:00:00.55 ; elapsed = 00:00:00.4 . Memory (MB): peak = 3154.949 ; gain = 0.000 ; free physical = 84331 ; free virtual = 124208

Phase 9.2 Verifying Netlist Connectivity

Starting Connectivity Check Task

Time (s): cpu = 00:00:00.01 ; elapsed = 00:00:00.01 . Memory (MB): peak = 3154.949 ; gain = 0.000 ; free physical = 84331 ; free virtual = 124208
Phase 9.2 Verifying Netlist Connectivity | Checksum: 1f5c952b6

Time (s): cpu = 00:00:00.56 ; elapsed = 00:00:00.41 . Memory (MB): peak = 3154.949 ; gain = 0.000 ; free physical = 84331 ; free virtual = 124208
Phase 9 Finalization | Checksum: 1f5c952b6

Time (s): cpu = 00:00:00.56 ; elapsed = 00:00:00.42 . Memory (MB): peak = 3154.949 ; gain = 0.000 ; free physical = 84331 ; free virtual = 124208
Opt_design Change Summary
=========================


-------------------------------------------------------------------------------------------------------------------------
|  Phase                        |  #Cells created  |  #Cells Removed  |  #Constrained objects preventing optimizations  |
-------------------------------------------------------------------------------------------------------------------------
|  Retarget                     |               0  |               0  |                                              0  |
|  Constant propagation         |               0  |               0  |                                              0  |
|  Sweep                        |               0  |               0  |                                              0  |
|  BUFG optimization            |               0  |               0  |                                              0  |
|  Shift Register Optimization  |               3  |               0  |                                              0  |
|  Post Processing Netlist      |               0  |               0  |                                              0  |
-------------------------------------------------------------------------------------------------------------------------


Ending Logic Optimization Task | Checksum: 1f5c952b6

Time (s): cpu = 00:00:00.56 ; elapsed = 00:00:00.42 . Memory (MB): peak = 3154.949 ; gain = 0.000 ; free physical = 84331 ; free virtual = 124208

Starting Power Optimization Task
INFO: [Pwropt 34-132] Skipping clock gating for clocks with a period < 2.00 ns.
INFO: [Pwropt 34-9] Applying IDT optimizations ...
INFO: [Pwropt 34-10] Applying ODC optimizations ...
INFO: [Timing 38-35] Done setting XDC timing constraints.
Running Vector-less Activity Propagation...

Finished Running Vector-less Activity Propagation


Starting PowerOpt Patch Enables Task
INFO: [Pwropt 34-162] WRITE_MODE attribute of 0 BRAM(s) out of a total of 3 has been updated to save power. Run report_power_opt to get a complete listing of the BRAMs updated.
INFO: [Pwropt 34-201] Structural ODC has moved 0 WE to EN ports
Number of BRAM Ports augmented: 2 newly gated: 0 Total Ports: 6
Number of Flops added for Enable Generation: 2

Ending PowerOpt Patch Enables Task | Checksum: 1981ed909

Time (s): cpu = 00:00:00.02 ; elapsed = 00:00:00.03 . Memory (MB): peak = 3331.004 ; gain = 0.000 ; free physical = 84315 ; free virtual = 124192
Ending Power Optimization Task | Checksum: 1981ed909

Time (s): cpu = 00:00:02 ; elapsed = 00:00:01 . Memory (MB): peak = 3331.004 ; gain = 176.055 ; free physical = 84314 ; free virtual = 124191

Starting Final Cleanup Task

Starting Logic Optimization Task
INFO: [Timing 38-35] Done setting XDC timing constraints.
Ending Logic Optimization Task | Checksum: 1c5f88c00

Time (s): cpu = 00:00:00.73 ; elapsed = 00:00:00.35 . Memory (MB): peak = 3331.004 ; gain = 0.000 ; free physical = 84309 ; free virtual = 124186
Ending Final Cleanup Task | Checksum: 1c5f88c00

Time (s): cpu = 00:00:02 ; elapsed = 00:00:02 . Memory (MB): peak = 3331.004 ; gain = 0.000 ; free physical = 84309 ; free virtual = 124186

Starting Netlist Obfuscation Task
Netlist sorting complete. Time (s): cpu = 00:00:00 ; elapsed = 00:00:00.01 . Memory (MB): peak = 3331.004 ; gain = 0.000 ; free physical = 84309 ; free virtual = 124186
Ending Netlist Obfuscation Task | Checksum: 1c5f88c00

Time (s): cpu = 00:00:00 ; elapsed = 00:00:00.01 . Memory (MB): peak = 3331.004 ; gain = 0.000 ; free physical = 84309 ; free virtual = 124186
INFO: [Common 17-83] Releasing license: Implementation
23 Infos, 0 Warnings, 0 Critical Warnings and 0 Errors encountered.
opt_design completed successfully
opt_design: Time (s): cpu = 00:00:07 ; elapsed = 00:00:06 . Memory (MB): peak = 3331.004 ; gain = 433.156 ; free physical = 84309 ; free virtual = 124186
# place_design
Command: place_design
Attempting to get a license for feature 'Implementation' and/or device 'xc7z010'
INFO: [Common 17-349] Got license for feature 'Implementation' and/or device 'xc7z010'
INFO: [Common 17-83] Releasing license: Implementation
INFO: [DRC 23-27] Running DRC with 8 threads
INFO: [Vivado_Tcl 4-198] DRC finished with 0 Errors
INFO: [Vivado_Tcl 4-199] Please refer to the DRC report (report_drc) for more information.
Running DRC as a precondition to command place_design
INFO: [DRC 23-27] Running DRC with 8 threads
INFO: [Vivado_Tcl 4-198] DRC finished with 0 Errors
INFO: [Vivado_Tcl 4-199] Please refer to the DRC report (report_drc) for more information.
INFO: [Place 30-611] Multithreading enabled for place_design using a maximum of 8 CPUs

Starting Placer Task

Phase 1 Placer Initialization

Phase 1.1 Placer Initialization Netlist Sorting
Netlist sorting complete. Time (s): cpu = 00:00:00 ; elapsed = 00:00:00.01 . Memory (MB): peak = 3331.004 ; gain = 0.000 ; free physical = 84308 ; free virtual = 124185
Phase 1.1 Placer Initialization Netlist Sorting | Checksum: 138cddef6

Time (s): cpu = 00:00:00 ; elapsed = 00:00:00.01 . Memory (MB): peak = 3331.004 ; gain = 0.000 ; free physical = 84308 ; free virtual = 124185
Netlist sorting complete. Time (s): cpu = 00:00:00.01 ; elapsed = 00:00:00 . Memory (MB): peak = 3331.004 ; gain = 0.000 ; free physical = 84308 ; free virtual = 124185

Phase 1.2 IO Placement/ Clock Placement/ Build Placer Device
INFO: [Timing 38-35] Done setting XDC timing constraints.
Phase 1.2 IO Placement/ Clock Placement/ Build Placer Device | Checksum: 7006379f

Time (s): cpu = 00:00:01 ; elapsed = 00:00:00.45 . Memory (MB): peak = 3331.004 ; gain = 0.000 ; free physical = 84308 ; free virtual = 124185

Phase 1.3 Build Placer Netlist Model
Phase 1.3 Build Placer Netlist Model | Checksum: c0e1dc96

Time (s): cpu = 00:00:03 ; elapsed = 00:00:01 . Memory (MB): peak = 3331.004 ; gain = 0.000 ; free physical = 84307 ; free virtual = 124184

Phase 1.4 Constrain Clocks/Macros
Phase 1.4 Constrain Clocks/Macros | Checksum: c0e1dc96

Time (s): cpu = 00:00:03 ; elapsed = 00:00:01 . Memory (MB): peak = 3331.004 ; gain = 0.000 ; free physical = 84307 ; free virtual = 124184
Phase 1 Placer Initialization | Checksum: c0e1dc96

Time (s): cpu = 00:00:03 ; elapsed = 00:00:01 . Memory (MB): peak = 3331.004 ; gain = 0.000 ; free physical = 84307 ; free virtual = 124184

Phase 2 Global Placement

Phase 2.1 Floorplanning
Phase 2.1 Floorplanning | Checksum: 117e6a9e6

Time (s): cpu = 00:00:04 ; elapsed = 00:00:01 . Memory (MB): peak = 3331.004 ; gain = 0.000 ; free physical = 84303 ; free virtual = 124180

Phase 2.2 Update Timing before SLR Path Opt
Phase 2.2 Update Timing before SLR Path Opt | Checksum: be73a1e3

Time (s): cpu = 00:00:04 ; elapsed = 00:00:01 . Memory (MB): peak = 3331.004 ; gain = 0.000 ; free physical = 84303 ; free virtual = 124180

Phase 2.3 Post-Processing in Floorplanning
Phase 2.3 Post-Processing in Floorplanning | Checksum: be73a1e3

Time (s): cpu = 00:00:04 ; elapsed = 00:00:01 . Memory (MB): peak = 3331.004 ; gain = 0.000 ; free physical = 84303 ; free virtual = 124180

Phase 2.4 Global Placement Core

Phase 2.4.1 UpdateTiming Before Physical Synthesis
Phase 2.4.1 UpdateTiming Before Physical Synthesis | Checksum: 14e805227

Time (s): cpu = 00:00:14 ; elapsed = 00:00:04 . Memory (MB): peak = 3331.004 ; gain = 0.000 ; free physical = 84284 ; free virtual = 124161

Phase 2.4.2 Physical Synthesis In Placer
INFO: [Physopt 32-1035] Found 1 LUTNM shape to break, 204 LUT instances to create LUTNM shape
INFO: [Physopt 32-1044] Break lutnm for timing: one critical 0, two critical 1, total 1, new lutff created 1
INFO: [Physopt 32-1138] End 1 Pass. Optimized 24 nets or LUTs. Breaked 1 LUT, combined 23 existing LUTs and moved 0 existing LUT
INFO: [Physopt 32-65] No nets found for high-fanout optimization.
INFO: [Physopt 32-232] Optimized 0 net. Created 0 new instance.
INFO: [Physopt 32-775] End 1 Pass. Optimized 0 net or cell. Created 0 new cell, deleted 0 existing cell and moved 0 existing cell
INFO: [Physopt 32-76] Pass 1. Identified 2 candidate nets for fanout optimization.
INFO: [Physopt 32-81] Processed net dense_resource_rf_leq_nin_ap_int_16_ap_int_48_config6_U0/ap_block_pp0_stage0_subdone. Replicated 2 times.
INFO: [Physopt 32-81] Processed net dense_resource_rf_leq_nin_ap_int_16_ap_int_48_config4_U0/ap_block_pp0_stage0_subdone. Replicated 2 times.
INFO: [Physopt 32-232] Optimized 2 nets. Created 4 new instances.
INFO: [Physopt 32-775] End 1 Pass. Optimized 2 nets or cells. Created 4 new cells, deleted 0 existing cell and moved 0 existing cell
Netlist sorting complete. Time (s): cpu = 00:00:00.02 ; elapsed = 00:00:00.02 . Memory (MB): peak = 3331.004 ; gain = 0.000 ; free physical = 84284 ; free virtual = 124161
INFO: [Physopt 32-457] Pass 1. Identified 50 candidate cells for DSP register optimization.
INFO: [Physopt 32-666] Processed cell dense_resource_rf_leq_nin_ap_int_16_ap_int_48_config2_U0/mac_muladd_16s_16s_34s_34_4_1_U3/SampleNeuralNet_mac_muladd_16s_16s_34s_34_4_1_DSP48_0_U/p_reg_reg. No change.
INFO: [Physopt 32-666] Processed cell dense_resource_rf_leq_nin_ap_int_16_ap_int_48_config2_U0/mac_muladd_16s_16s_34s_34_4_1_U8/SampleNeuralNet_mac_muladd_16s_16s_34s_34_4_1_DSP48_0_U/p_reg_reg. No change.
INFO: [Physopt 32-666] Processed cell dense_resource_rf_leq_nin_ap_int_16_ap_int_48_config4_U0/mac_muladd_16s_16s_34s_35_4_1_U28/SampleNeuralNet_mac_muladd_16s_16s_34s_35_4_1_DSP48_0_U/p_reg_reg. No change.
INFO: [Physopt 32-666] Processed cell dense_resource_rf_leq_nin_ap_int_16_ap_int_48_config2_U0/mac_muladd_16s_16s_34s_35_4_1_U5/SampleNeuralNet_mac_muladd_16s_16s_34s_35_4_1_DSP48_0_U/p_reg_reg. No change.
INFO: [Physopt 32-666] Processed cell dense_resource_rf_leq_nin_ap_int_16_ap_int_48_config2_U0/mac_muladd_16s_16s_34s_35_4_1_U7/SampleNeuralNet_mac_muladd_16s_16s_34s_35_4_1_DSP48_0_U/p_reg_reg. No change.
INFO: [Physopt 32-665] Processed cell dense_resource_rf_leq_nin_ap_int_16_ap_int_48_config6_U0/mac_muladd_16s_16s_34s_34_4_1_U53/SampleNeuralNet_mac_muladd_16s_16s_34s_34_4_1_DSP48_0_U/p_reg_reg. 16 registers were pushed out.
INFO: [Physopt 32-665] Processed cell dense_resource_rf_leq_nin_ap_int_16_ap_int_48_config6_U0/mac_muladd_16s_16s_34s_34_4_1_U55/SampleNeuralNet_mac_muladd_16s_16s_34s_34_4_1_DSP48_0_U/p_reg_reg. 16 registers were pushed out.
INFO: [Physopt 32-666] Processed cell dense_resource_rf_leq_nin_ap_int_16_ap_int_48_config4_U0/mac_muladd_16s_16s_34s_35_4_1_U27/SampleNeuralNet_mac_muladd_16s_16s_34s_35_4_1_DSP48_0_U/p_reg_reg. No change.
INFO: [Physopt 32-666] Processed cell dense_resource_rf_leq_nin_ap_int_16_ap_int_48_config2_U0/mac_muladd_16s_16s_34s_35_4_1_U2/SampleNeuralNet_mac_muladd_16s_16s_34s_35_4_1_DSP48_0_U/p_reg_reg. No change.
INFO: [Physopt 32-665] Processed cell dense_resource_rf_leq_nin_ap_int_16_ap_int_48_config4_U0/mac_muladd_16s_16s_34s_34_4_1_U29/SampleNeuralNet_mac_muladd_16s_16s_34s_34_4_1_DSP48_0_U/p_reg_reg. 4 registers were pushed out.
INFO: [Physopt 32-665] Processed cell dense_resource_rf_leq_nin_ap_int_16_ap_int_48_config6_U0/mac_muladd_16s_16s_34s_35_4_1_U56/SampleNeuralNet_mac_muladd_16s_16s_34s_35_4_1_DSP48_0_U/p_reg_reg. 4 registers were pushed out.
INFO: [Physopt 32-666] Processed cell dense_resource_rf_leq_nin_ap_int_16_ap_int_48_config4_U0/mac_muladd_16s_16s_34s_35_4_1_U30/SampleNeuralNet_mac_muladd_16s_16s_34s_35_4_1_DSP48_0_U/p_reg_reg. No change.
INFO: [Physopt 32-665] Processed cell dense_resource_rf_leq_nin_ap_int_16_ap_int_48_config4_U0/mac_muladd_16s_16s_34s_34_4_1_U26/SampleNeuralNet_mac_muladd_16s_16s_34s_34_4_1_DSP48_0_U/p_reg_reg. 4 registers were pushed out.
INFO: [Physopt 32-666] Processed cell dense_resource_rf_leq_nin_ap_int_16_ap_int_48_config2_U0/mac_muladd_16s_16s_34s_35_4_1_U4/SampleNeuralNet_mac_muladd_16s_16s_34s_35_4_1_DSP48_0_U/p_reg_reg. No change.
INFO: [Physopt 32-666] Processed cell dense_resource_rf_leq_nin_ap_int_16_ap_int_48_config2_U0/mac_muladd_16s_16s_34s_35_4_1_U6/SampleNeuralNet_mac_muladd_16s_16s_34s_35_4_1_DSP48_0_U/p_reg_reg. No change.
INFO: [Physopt 32-665] Processed cell dense_resource_rf_leq_nin_ap_int_16_ap_int_48_config6_U0/mac_muladd_16s_5s_23s_24_4_1_U59/SampleNeuralNet_mac_muladd_16s_5s_23s_24_4_1_DSP48_0_U/p_reg_reg. 5 registers were pushed out.
INFO: [Physopt 32-665] Processed cell dense_resource_rf_leq_nin_ap_int_16_ap_int_48_config2_U0/mac_muladd_16s_16s_34s_35_4_1_U6/SampleNeuralNet_mac_muladd_16s_16s_34s_35_4_1_DSP48_0_U/p_reg_reg. 4 registers were pushed out.
INFO: [Physopt 32-665] Processed cell dense_resource_rf_leq_nin_ap_int_16_ap_int_48_config4_U0/mac_muladd_16s_16s_34s_35_4_1_U25/SampleNeuralNet_mac_muladd_16s_16s_34s_35_4_1_DSP48_0_U/p_reg_reg. 2 registers were pushed out.
INFO: [Physopt 32-665] Processed cell dense_resource_rf_leq_nin_ap_int_16_ap_int_48_config4_U0/mac_muladd_16s_16s_34s_35_4_1_U25/SampleNeuralNet_mac_muladd_16s_16s_34s_35_4_1_DSP48_0_U/p_reg_reg. 16 registers were pushed out.
INFO: [Physopt 32-666] Processed cell dense_resource_rf_leq_nin_ap_int_16_ap_int_48_config4_U0/mac_muladd_16s_16s_34s_35_4_1_U25/SampleNeuralNet_mac_muladd_16s_16s_34s_35_4_1_DSP48_0_U/p_reg_reg. No change.
INFO: [Physopt 32-666] Processed cell dense_resource_rf_leq_nin_ap_int_16_ap_int_48_config4_U0/mac_muladd_16s_5s_23s_24_4_1_U32/SampleNeuralNet_mac_muladd_16s_5s_23s_24_4_1_DSP48_0_U/p_reg_reg. No change.
INFO: [Physopt 32-665] Processed cell dense_resource_rf_leq_nin_ap_int_16_ap_int_48_config6_U0/mac_muladd_16s_16s_34s_34_4_1_U53/SampleNeuralNet_mac_muladd_16s_16s_34s_34_4_1_DSP48_0_U/p_reg_reg. 4 registers were pushed out.
INFO: [Physopt 32-666] Processed cell dense_resource_rf_leq_nin_ap_int_16_ap_int_48_config4_U0/mac_muladd_16s_16s_34s_35_4_1_U31/SampleNeuralNet_mac_muladd_16s_16s_34s_35_4_1_DSP48_0_U/p_reg_reg. No change.
INFO: [Physopt 32-665] Processed cell dense_resource_rf_leq_nin_ap_int_16_ap_int_48_config4_U0/mac_muladd_16s_5s_23s_24_4_1_U32/SampleNeuralNet_mac_muladd_16s_5s_23s_24_4_1_DSP48_0_U/p_reg_reg. 16 registers were pushed out.
INFO: [Physopt 32-665] Processed cell dense_resource_rf_leq_nin_ap_int_16_ap_int_48_config2_U0/mac_muladd_16s_16s_34s_35_4_1_U4/SampleNeuralNet_mac_muladd_16s_16s_34s_35_4_1_DSP48_0_U/p_reg_reg. 4 registers were pushed out.
INFO: [Physopt 32-665] Processed cell dense_resource_rf_leq_nin_ap_int_16_ap_int_48_config6_U0/mac_muladd_16s_16s_34s_35_4_1_U56/SampleNeuralNet_mac_muladd_16s_16s_34s_35_4_1_DSP48_0_U/p_reg_reg. 16 registers were pushed out.
INFO: [Physopt 32-665] Processed cell dense_resource_rf_leq_nin_ap_int_16_ap_int_48_config6_U0/mac_muladd_16s_5s_23s_24_4_1_U59/SampleNeuralNet_mac_muladd_16s_5s_23s_24_4_1_DSP48_0_U/p_reg_reg. 16 registers were pushed out.
INFO: [Physopt 32-666] Processed cell dense_resource_rf_leq_nin_ap_int_16_ap_int_48_config4_U0/mac_muladd_16s_5s_23s_24_4_1_U32/SampleNeuralNet_mac_muladd_16s_5s_23s_24_4_1_DSP48_0_U/p_reg_reg. No change.
INFO: [Physopt 32-665] Processed cell dense_resource_rf_leq_nin_ap_int_16_ap_int_48_config6_U0/mac_muladd_16s_16s_34s_35_4_1_U57/SampleNeuralNet_mac_muladd_16s_16s_34s_35_4_1_DSP48_0_U/p_reg_reg. 16 registers were pushed out.
INFO: [Physopt 32-665] Processed cell dense_resource_rf_leq_nin_ap_int_16_ap_int_48_config6_U0/mac_muladd_16s_16s_34s_35_4_1_U58/SampleNeuralNet_mac_muladd_16s_16s_34s_35_4_1_DSP48_0_U/p_reg_reg. 16 registers were pushed out.
INFO: [Physopt 32-666] Processed cell dense_resource_rf_leq_nin_ap_int_16_ap_int_48_config6_U0/mac_muladd_16s_5s_23s_24_4_1_U59/SampleNeuralNet_mac_muladd_16s_5s_23s_24_4_1_DSP48_0_U/p_reg_reg. No change.
INFO: [Physopt 32-665] Processed cell dense_resource_rf_leq_nin_ap_int_16_ap_int_48_config4_U0/mac_muladd_16s_16s_34s_35_4_1_U27/SampleNeuralNet_mac_muladd_16s_16s_34s_35_4_1_DSP48_0_U/p_reg_reg. 16 registers were pushed out.
INFO: [Physopt 32-665] Processed cell dense_resource_rf_leq_nin_ap_int_16_ap_int_48_config4_U0/mac_muladd_16s_16s_34s_35_4_1_U28/SampleNeuralNet_mac_muladd_16s_16s_34s_35_4_1_DSP48_0_U/p_reg_reg. 16 registers were pushed out.
INFO: [Physopt 32-665] Processed cell dense_resource_rf_leq_nin_ap_int_16_ap_int_48_config6_U0/mac_muladd_16s_16s_34s_34_4_1_U55/SampleNeuralNet_mac_muladd_16s_16s_34s_34_4_1_DSP48_0_U/p_reg_reg. 5 registers were pushed out.
INFO: [Physopt 32-665] Processed cell dense_resource_rf_leq_nin_ap_int_16_ap_int_48_config2_U0/mac_muladd_16s_16s_34s_35_4_1_U5/SampleNeuralNet_mac_muladd_16s_16s_34s_35_4_1_DSP48_0_U/p_reg_reg. 5 registers were pushed out.
INFO: [Physopt 32-665] Processed cell dense_resource_rf_leq_nin_ap_int_16_ap_int_48_config4_U0/mac_muladd_16s_16s_34s_34_4_1_U26/SampleNeuralNet_mac_muladd_16s_16s_34s_34_4_1_DSP48_0_U/p_reg_reg. 16 registers were pushed out.
INFO: [Physopt 32-665] Processed cell dense_resource_rf_leq_nin_ap_int_16_ap_int_48_config4_U0/mac_muladd_16s_16s_34s_34_4_1_U29/SampleNeuralNet_mac_muladd_16s_16s_34s_34_4_1_DSP48_0_U/p_reg_reg. 16 registers were pushed out.
INFO: [Physopt 32-665] Processed cell dense_resource_rf_leq_nin_ap_int_16_ap_int_48_config6_U0/mac_muladd_16s_16s_34s_35_4_1_U52/SampleNeuralNet_mac_muladd_16s_16s_34s_35_4_1_DSP48_0_U/p_reg_reg. 2 registers were pushed out.
INFO: [Physopt 32-666] Processed cell dense_resource_rf_leq_nin_ap_int_16_ap_int_48_config2_U0/mac_muladd_16s_16s_34s_35_4_1_U7/SampleNeuralNet_mac_muladd_16s_16s_34s_35_4_1_DSP48_0_U/p_reg_reg. No change.
INFO: [Physopt 32-666] Processed cell dense_resource_rf_leq_nin_ap_int_16_ap_int_48_config2_U0/mac_muladd_16s_5s_23s_24_4_1_U9/SampleNeuralNet_mac_muladd_16s_5s_23s_24_4_1_DSP48_0_U/p_reg_reg. No change.
INFO: [Physopt 32-666] Processed cell dense_resource_rf_leq_nin_ap_int_16_ap_int_48_config6_U0/mac_muladd_16s_16s_34s_35_4_1_U56/SampleNeuralNet_mac_muladd_16s_16s_34s_35_4_1_DSP48_0_U/p_reg_reg. No change.
INFO: [Physopt 32-665] Processed cell dense_resource_rf_leq_nin_ap_int_16_ap_int_48_config6_U0/mac_muladd_16s_16s_34s_35_4_1_U54/SampleNeuralNet_mac_muladd_16s_16s_34s_35_4_1_DSP48_0_U/p_reg_reg. 4 registers were pushed out.
INFO: [Physopt 32-665] Processed cell dense_resource_rf_leq_nin_ap_int_16_ap_int_48_config2_U0/mac_muladd_16s_16s_34s_35_4_1_U2/SampleNeuralNet_mac_muladd_16s_16s_34s_35_4_1_DSP48_0_U/p_reg_reg. 2 registers were pushed out.
INFO: [Physopt 32-665] Processed cell dense_resource_rf_leq_nin_ap_int_16_ap_int_48_config2_U0/mac_muladd_16s_5s_23s_24_4_1_U9/SampleNeuralNet_mac_muladd_16s_5s_23s_24_4_1_DSP48_0_U/p_reg_reg. 5 registers were pushed out.
INFO: [Physopt 32-665] Processed cell dense_resource_rf_leq_nin_ap_int_16_ap_int_48_config4_U0/mac_muladd_16s_16s_34s_35_4_1_U27/SampleNeuralNet_mac_muladd_16s_16s_34s_35_4_1_DSP48_0_U/p_reg_reg. 4 registers were pushed out.
INFO: [Physopt 32-665] Processed cell dense_resource_rf_leq_nin_ap_int_16_ap_int_48_config6_U0/mac_muladd_16s_16s_34s_35_4_1_U54/SampleNeuralNet_mac_muladd_16s_16s_34s_35_4_1_DSP48_0_U/p_reg_reg. 16 registers were pushed out.
INFO: [Physopt 32-665] Processed cell dense_resource_rf_leq_nin_ap_int_16_ap_int_48_config4_U0/mac_muladd_16s_16s_34s_35_4_1_U28/SampleNeuralNet_mac_muladd_16s_16s_34s_35_4_1_DSP48_0_U/p_reg_reg. 5 registers were pushed out.
INFO: [Physopt 32-666] Processed cell dense_resource_rf_leq_nin_ap_int_16_ap_int_48_config6_U0/mac_muladd_16s_16s_34s_35_4_1_U54/SampleNeuralNet_mac_muladd_16s_16s_34s_35_4_1_DSP48_0_U/p_reg_reg. No change.
INFO: [Physopt 32-665] Processed cell dense_resource_rf_leq_nin_ap_int_16_ap_int_48_config6_U0/mac_muladd_16s_16s_34s_35_4_1_U58/SampleNeuralNet_mac_muladd_16s_16s_34s_35_4_1_DSP48_0_U/p_reg_reg. 5 registers were pushed out.
INFO: [Physopt 32-665] Processed cell dense_resource_rf_leq_nin_ap_int_16_ap_int_48_config4_U0/mac_muladd_16s_16s_34s_35_4_1_U30/SampleNeuralNet_mac_muladd_16s_16s_34s_35_4_1_DSP48_0_U/p_reg_reg. 5 registers were pushed out.
INFO: [Physopt 32-457] Pass 2. Identified 27 candidate cells for DSP register optimization.
INFO: [Physopt 32-665] Processed cell dense_resource_rf_leq_nin_ap_int_16_ap_int_48_config2_U0/mac_muladd_16s_16s_34s_34_4_1_U3/SampleNeuralNet_mac_muladd_16s_16s_34s_34_4_1_DSP48_0_U/p_reg_reg. 4 registers were pushed out.
INFO: [Physopt 32-665] Processed cell dense_resource_rf_leq_nin_ap_int_16_ap_int_48_config2_U0/mac_muladd_16s_16s_34s_34_4_1_U8/SampleNeuralNet_mac_muladd_16s_16s_34s_34_4_1_DSP48_0_U/p_reg_reg. 5 registers were pushed out.
INFO: [Physopt 32-666] Processed cell dense_resource_rf_leq_nin_ap_int_16_ap_int_48_config4_U0/mac_muladd_16s_16s_34s_35_4_1_U28/SampleNeuralNet_mac_muladd_16s_16s_34s_35_4_1_DSP48_0_U/p_reg_reg. No change.
INFO: [Physopt 32-666] Processed cell dense_resource_rf_leq_nin_ap_int_16_ap_int_48_config2_U0/mac_muladd_16s_16s_34s_35_4_1_U5/SampleNeuralNet_mac_muladd_16s_16s_34s_35_4_1_DSP48_0_U/p_reg_reg. No change.
INFO: [Physopt 32-666] Processed cell dense_resource_rf_leq_nin_ap_int_16_ap_int_48_config2_U0/mac_muladd_16s_16s_34s_35_4_1_U7/SampleNeuralNet_mac_muladd_16s_16s_34s_35_4_1_DSP48_0_U/p_reg_reg. No change.
INFO: [Physopt 32-666] Processed cell dense_resource_rf_leq_nin_ap_int_16_ap_int_48_config4_U0/mac_muladd_16s_16s_34s_35_4_1_U27/SampleNeuralNet_mac_muladd_16s_16s_34s_35_4_1_DSP48_0_U/p_reg_reg. No change.
INFO: [Physopt 32-666] Processed cell dense_resource_rf_leq_nin_ap_int_16_ap_int_48_config2_U0/mac_muladd_16s_16s_34s_35_4_1_U2/SampleNeuralNet_mac_muladd_16s_16s_34s_35_4_1_DSP48_0_U/p_reg_reg. No change.
INFO: [Physopt 32-666] Processed cell dense_resource_rf_leq_nin_ap_int_16_ap_int_48_config4_U0/mac_muladd_16s_16s_34s_35_4_1_U30/SampleNeuralNet_mac_muladd_16s_16s_34s_35_4_1_DSP48_0_U/p_reg_reg. No change.
INFO: [Physopt 32-666] Processed cell dense_resource_rf_leq_nin_ap_int_16_ap_int_48_config2_U0/mac_muladd_16s_16s_34s_35_4_1_U4/SampleNeuralNet_mac_muladd_16s_16s_34s_35_4_1_DSP48_0_U/p_reg_reg. No change.
INFO: [Physopt 32-666] Processed cell dense_resource_rf_leq_nin_ap_int_16_ap_int_48_config2_U0/mac_muladd_16s_16s_34s_35_4_1_U6/SampleNeuralNet_mac_muladd_16s_16s_34s_35_4_1_DSP48_0_U/p_reg_reg. No change.
INFO: [Physopt 32-666] Processed cell dense_resource_rf_leq_nin_ap_int_16_ap_int_48_config4_U0/mac_muladd_16s_16s_34s_35_4_1_U25/SampleNeuralNet_mac_muladd_16s_16s_34s_35_4_1_DSP48_0_U/p_reg_reg. No change.
INFO: [Physopt 32-665] Processed cell dense_resource_rf_leq_nin_ap_int_16_ap_int_48_config4_U0/mac_muladd_16s_5s_23s_24_4_1_U32/SampleNeuralNet_mac_muladd_16s_5s_23s_24_4_1_DSP48_0_U/p_reg_reg. 5 registers were pushed out.
INFO: [Physopt 32-666] Processed cell dense_resource_rf_leq_nin_ap_int_16_ap_int_48_config4_U0/mac_muladd_16s_16s_34s_35_4_1_U31/SampleNeuralNet_mac_muladd_16s_16s_34s_35_4_1_DSP48_0_U/p_reg_reg. No change.
INFO: [Physopt 32-666] Processed cell dense_resource_rf_leq_nin_ap_int_16_ap_int_48_config4_U0/mac_muladd_16s_5s_23s_24_4_1_U32/SampleNeuralNet_mac_muladd_16s_5s_23s_24_4_1_DSP48_0_U/p_reg_reg. No change.
INFO: [Physopt 32-666] Processed cell dense_resource_rf_leq_nin_ap_int_16_ap_int_48_config6_U0/mac_muladd_16s_5s_23s_24_4_1_U59/SampleNeuralNet_mac_muladd_16s_5s_23s_24_4_1_DSP48_0_U/p_reg_reg. No change.
INFO: [Physopt 32-665] Processed cell dense_resource_rf_leq_nin_ap_int_16_ap_int_48_config2_U0/mac_muladd_16s_16s_34s_35_4_1_U7/SampleNeuralNet_mac_muladd_16s_16s_34s_35_4_1_DSP48_0_U/p_reg_reg. 5 registers were pushed out.
INFO: [Physopt 32-666] Processed cell dense_resource_rf_leq_nin_ap_int_16_ap_int_48_config2_U0/mac_muladd_16s_5s_23s_24_4_1_U9/SampleNeuralNet_mac_muladd_16s_5s_23s_24_4_1_DSP48_0_U/p_reg_reg. No change.
INFO: [Physopt 32-666] Processed cell dense_resource_rf_leq_nin_ap_int_16_ap_int_48_config6_U0/mac_muladd_16s_16s_34s_35_4_1_U56/SampleNeuralNet_mac_muladd_16s_16s_34s_35_4_1_DSP48_0_U/p_reg_reg. No change.
INFO: [Physopt 32-666] Processed cell dense_resource_rf_leq_nin_ap_int_16_ap_int_48_config6_U0/mac_muladd_16s_16s_34s_35_4_1_U54/SampleNeuralNet_mac_muladd_16s_16s_34s_35_4_1_DSP48_0_U/p_reg_reg. No change.
INFO: [Physopt 32-665] Processed cell dense_resource_rf_leq_nin_ap_int_16_ap_int_48_config6_U0/mac_muladd_16s_16s_34s_35_4_1_U57/SampleNeuralNet_mac_muladd_16s_16s_34s_35_4_1_DSP48_0_U/p_reg_reg. 5 registers were pushed out.
INFO: [Physopt 32-666] Processed cell dense_resource_rf_leq_nin_ap_int_16_ap_int_48_config6_U0/mac_muladd_16s_16s_34s_35_4_1_U58/SampleNeuralNet_mac_muladd_16s_16s_34s_35_4_1_DSP48_0_U/p_reg_reg. No change.
INFO: [Physopt 32-665] Processed cell dense_resource_rf_leq_nin_ap_int_16_ap_int_48_config6_U0/mac_muladd_16s_16s_34s_35_4_1_U52/SampleNeuralNet_mac_muladd_16s_16s_34s_35_4_1_DSP48_0_U/p_reg_reg. 16 registers were pushed out.
INFO: [Physopt 32-666] Processed cell dense_resource_rf_leq_nin_ap_int_16_ap_int_48_config6_U0/mac_muladd_16s_16s_34s_35_4_1_U52/SampleNeuralNet_mac_muladd_16s_16s_34s_35_4_1_DSP48_0_U/p_reg_reg. No change.
INFO: [Physopt 32-665] Processed cell dense_resource_rf_leq_nin_ap_int_16_ap_int_48_config4_U0/mac_muladd_16s_16s_34s_35_4_1_U30/SampleNeuralNet_mac_muladd_16s_16s_34s_35_4_1_DSP48_0_U/p_reg_reg. 16 registers were pushed out.
INFO: [Physopt 32-665] Processed cell dense_resource_rf_leq_nin_ap_int_16_ap_int_48_config4_U0/mac_muladd_16s_16s_34s_35_4_1_U31/SampleNeuralNet_mac_muladd_16s_16s_34s_35_4_1_DSP48_0_U/p_reg_reg. 16 registers were pushed out.
INFO: [Physopt 32-666] Processed cell dense_resource_rf_leq_nin_ap_int_16_ap_int_48_config6_U0/mac_muladd_16s_16s_34s_35_4_1_U57/SampleNeuralNet_mac_muladd_16s_16s_34s_35_4_1_DSP48_0_U/p_reg_reg. No change.
INFO: [Physopt 32-665] Processed cell dense_resource_rf_leq_nin_ap_int_16_ap_int_48_config4_U0/mac_muladd_16s_16s_34s_35_4_1_U31/SampleNeuralNet_mac_muladd_16s_16s_34s_35_4_1_DSP48_0_U/p_reg_reg. 5 registers were pushed out.
INFO: [Physopt 32-775] End 2 Pass. Optimized 40 nets or cells. Created 358 new cells, deleted 0 existing cell and moved 0 existing cell
Netlist sorting complete. Time (s): cpu = 00:00:00.02 ; elapsed = 00:00:00.02 . Memory (MB): peak = 3331.004 ; gain = 0.000 ; free physical = 84280 ; free virtual = 124157
INFO: [Physopt 32-1123] No candidate cells found for Shift Register to Pipeline optimization
INFO: [Physopt 32-775] End 2 Pass. Optimized 0 net or cell. Created 0 new cell, deleted 0 existing cell and moved 0 existing cell
INFO: [Physopt 32-1402] Pass 1: Identified 2 candidate cells for Shift Register optimization.
INFO: [Physopt 32-775] End 1 Pass. Optimized 0 net or cell. Created 0 new cell, deleted 0 existing cell and moved 0 existing cell
Netlist sorting complete. Time (s): cpu = 00:00:00 ; elapsed = 00:00:00 . Memory (MB): peak = 3331.004 ; gain = 0.000 ; free physical = 84280 ; free virtual = 124157
INFO: [Physopt 32-526] No candidate cells for BRAM register optimization found in the design
INFO: [Physopt 32-775] End 1 Pass. Optimized 0 net or cell. Created 0 new cell, deleted 0 existing cell and moved 0 existing cell
INFO: [Physopt 32-846] No candidate cells for URAM register optimization found in the design
INFO: [Physopt 32-775] End 1 Pass. Optimized 0 net or cell. Created 0 new cell, deleted 0 existing cell and moved 0 existing cell
INFO: [Physopt 32-846] No candidate cells for URAM register optimization found in the design
INFO: [Physopt 32-775] End 1 Pass. Optimized 0 net or cell. Created 0 new cell, deleted 0 existing cell and moved 0 existing cell
INFO: [Physopt 32-949] No candidate nets found for dynamic/static region interface net replication
INFO: [Physopt 32-775] End 1 Pass. Optimized 0 net or cell. Created 0 new cell, deleted 0 existing cell and moved 0 existing cell
Netlist sorting complete. Time (s): cpu = 00:00:00 ; elapsed = 00:00:00 . Memory (MB): peak = 3331.004 ; gain = 0.000 ; free physical = 84280 ; free virtual = 124157

Summary of Physical Synthesis Optimizations
============================================


-----------------------------------------------------------------------------------------------------------------------------------------------------------
|  Optimization                                     |  Added Cells  |  Removed Cells  |  Optimized Cells/Nets  |  Dont Touch  |  Iterations  |  Elapsed   |
-----------------------------------------------------------------------------------------------------------------------------------------------------------
|  LUT Combining                                    |            1  |             23  |                    24  |           0  |           1  |  00:00:00  |
|  Retime                                           |            0  |              0  |                     0  |           0  |           1  |  00:00:00  |
|  Very High Fanout                                 |            0  |              0  |                     0  |           0  |           1  |  00:00:00  |
|  Fanout                                           |            4  |              0  |                     2  |           0  |           1  |  00:00:00  |
|  DSP Register                                     |          358  |              0  |                    40  |           0  |           1  |  00:00:07  |
|  Shift Register to Pipeline                       |            0  |              0  |                     0  |           0  |           1  |  00:00:00  |
|  Shift Register                                   |            0  |              0  |                     0  |           0  |           1  |  00:00:00  |
|  BRAM Register                                    |            0  |              0  |                     0  |           0  |           1  |  00:00:00  |
|  URAM Register                                    |            0  |              0  |                     0  |           0  |           1  |  00:00:00  |
|  Dynamic/Static Region Interface Net Replication  |            0  |              0  |                     0  |           0  |           1  |  00:00:00  |
|  Total                                            |          363  |             23  |                    66  |           0  |          10  |  00:00:08  |
-----------------------------------------------------------------------------------------------------------------------------------------------------------


Phase 2.4.2 Physical Synthesis In Placer | Checksum: 1789807d8

Time (s): cpu = 00:00:23 ; elapsed = 00:00:12 . Memory (MB): peak = 3331.004 ; gain = 0.000 ; free physical = 84280 ; free virtual = 124157
Phase 2.4 Global Placement Core | Checksum: 17bd8c768

Time (s): cpu = 00:00:24 ; elapsed = 00:00:12 . Memory (MB): peak = 3331.004 ; gain = 0.000 ; free physical = 84280 ; free virtual = 124157
Phase 2 Global Placement | Checksum: 17bd8c768

Time (s): cpu = 00:00:24 ; elapsed = 00:00:12 . Memory (MB): peak = 3331.004 ; gain = 0.000 ; free physical = 84280 ; free virtual = 124157

Phase 3 Detail Placement

Phase 3.1 Commit Multi Column Macros
Phase 3.1 Commit Multi Column Macros | Checksum: 20b7fa535

Time (s): cpu = 00:00:24 ; elapsed = 00:00:12 . Memory (MB): peak = 3331.004 ; gain = 0.000 ; free physical = 84280 ; free virtual = 124157

Phase 3.2 Commit Most Macros & LUTRAMs
Phase 3.2 Commit Most Macros & LUTRAMs | Checksum: 2cb25b8de

Time (s): cpu = 00:00:25 ; elapsed = 00:00:13 . Memory (MB): peak = 3331.004 ; gain = 0.000 ; free physical = 84280 ; free virtual = 124157

Phase 3.3 Area Swap Optimization
Phase 3.3 Area Swap Optimization | Checksum: 28bfa9989

Time (s): cpu = 00:00:25 ; elapsed = 00:00:13 . Memory (MB): peak = 3331.004 ; gain = 0.000 ; free physical = 84280 ; free virtual = 124157

Phase 3.4 Pipeline Register Optimization
Phase 3.4 Pipeline Register Optimization | Checksum: 258bba261

Time (s): cpu = 00:00:25 ; elapsed = 00:00:13 . Memory (MB): peak = 3331.004 ; gain = 0.000 ; free physical = 84280 ; free virtual = 124157

Phase 3.5 Fast Optimization
Phase 3.5 Fast Optimization | Checksum: 2afe51514

Time (s): cpu = 00:00:28 ; elapsed = 00:00:14 . Memory (MB): peak = 3331.004 ; gain = 0.000 ; free physical = 84277 ; free virtual = 124155

Phase 3.6 Small Shape Detail Placement
Phase 3.6 Small Shape Detail Placement | Checksum: 2b73735a9

Time (s): cpu = 00:00:30 ; elapsed = 00:00:16 . Memory (MB): peak = 3331.004 ; gain = 0.000 ; free physical = 84277 ; free virtual = 124155

Phase 3.7 Re-assign LUT pins
Phase 3.7 Re-assign LUT pins | Checksum: 2887893c5

Time (s): cpu = 00:00:30 ; elapsed = 00:00:16 . Memory (MB): peak = 3331.004 ; gain = 0.000 ; free physical = 84277 ; free virtual = 124155

Phase 3.8 Pipeline Register Optimization
Phase 3.8 Pipeline Register Optimization | Checksum: 25d506bca

Time (s): cpu = 00:00:30 ; elapsed = 00:00:16 . Memory (MB): peak = 3331.004 ; gain = 0.000 ; free physical = 84277 ; free virtual = 124155

Phase 3.9 Fast Optimization
Phase 3.9 Fast Optimization | Checksum: 1dfcada72

Time (s): cpu = 00:00:36 ; elapsed = 00:00:20 . Memory (MB): peak = 3331.004 ; gain = 0.000 ; free physical = 84277 ; free virtual = 124155
Phase 3 Detail Placement | Checksum: 1dfcada72

Time (s): cpu = 00:00:36 ; elapsed = 00:00:20 . Memory (MB): peak = 3331.004 ; gain = 0.000 ; free physical = 84277 ; free virtual = 124155

Phase 4 Post Placement Optimization and Clean-Up

Phase 4.1 Post Commit Optimization
INFO: [Timing 38-35] Done setting XDC timing constraints.

Phase 4.1.1 Post Placement Optimization
Post Placement Optimization Initialization | Checksum: 285974509

Phase 4.1.1.1 BUFG Insertion

Starting Physical Synthesis Task

Phase 1 Physical Synthesis Initialization
INFO: [Physopt 32-721] Multithreading enabled for phys_opt_design using a maximum of 8 CPUs
INFO: [Physopt 32-619] Estimated Timing Summary | WNS=-1.024 | TNS=-318.575 |
Phase 1 Physical Synthesis Initialization | Checksum: 269e77369

Time (s): cpu = 00:00:00.6 ; elapsed = 00:00:00.24 . Memory (MB): peak = 3331.004 ; gain = 0.000 ; free physical = 84277 ; free virtual = 124155
INFO: [Place 46-56] BUFG insertion identified 0 candidate nets. Inserted BUFG: 0, Replicated BUFG Driver: 0, Skipped due to Placement/Routing Conflicts: 0, Skipped due to Timing Degradation: 0, Skipped due to netlist editing failed: 0.
Ending Physical Synthesis Task | Checksum: 315ab509d

Time (s): cpu = 00:00:00.65 ; elapsed = 00:00:00.29 . Memory (MB): peak = 3331.004 ; gain = 0.000 ; free physical = 84277 ; free virtual = 124155
Phase 4.1.1.1 BUFG Insertion | Checksum: 285974509

Time (s): cpu = 00:00:39 ; elapsed = 00:00:21 . Memory (MB): peak = 3331.004 ; gain = 0.000 ; free physical = 84277 ; free virtual = 124155

Phase 4.1.1.2 Post Placement Timing Optimization
INFO: [Place 30-746] Post Placement Timing Summary WNS=-0.317. For the most accurate timing information please run report_timing.
Phase 4.1.1.2 Post Placement Timing Optimization | Checksum: 297fbd41c

Time (s): cpu = 00:01:09 ; elapsed = 00:00:51 . Memory (MB): peak = 3331.004 ; gain = 0.000 ; free physical = 84268 ; free virtual = 124146

Time (s): cpu = 00:01:09 ; elapsed = 00:00:51 . Memory (MB): peak = 3331.004 ; gain = 0.000 ; free physical = 84268 ; free virtual = 124146
Phase 4.1 Post Commit Optimization | Checksum: 297fbd41c

Time (s): cpu = 00:01:09 ; elapsed = 00:00:51 . Memory (MB): peak = 3331.004 ; gain = 0.000 ; free physical = 84268 ; free virtual = 124146

Phase 4.2 Post Placement Cleanup
Phase 4.2 Post Placement Cleanup | Checksum: 297fbd41c

Time (s): cpu = 00:01:09 ; elapsed = 00:00:51 . Memory (MB): peak = 3331.004 ; gain = 0.000 ; free physical = 84268 ; free virtual = 124146

Phase 4.3 Placer Reporting

Phase 4.3.1 Print Estimated Congestion
INFO: [Place 30-612] Post-Placement Estimated Congestion 
 ____________________________________________________
|           | Global Congestion | Short Congestion  |
| Direction | Region Size       | Region Size       |
|___________|___________________|___________________|
|      North|                1x1|                2x2|
|___________|___________________|___________________|
|      South|                1x1|                2x2|
|___________|___________________|___________________|
|       East|                1x1|                2x2|
|___________|___________________|___________________|
|       West|                1x1|                1x1|
|___________|___________________|___________________|

Phase 4.3.1 Print Estimated Congestion | Checksum: 297fbd41c

Time (s): cpu = 00:01:09 ; elapsed = 00:00:51 . Memory (MB): peak = 3331.004 ; gain = 0.000 ; free physical = 84268 ; free virtual = 124146
Phase 4.3 Placer Reporting | Checksum: 297fbd41c

Time (s): cpu = 00:01:09 ; elapsed = 00:00:51 . Memory (MB): peak = 3331.004 ; gain = 0.000 ; free physical = 84268 ; free virtual = 124146

Phase 4.4 Final Placement Cleanup
Netlist sorting complete. Time (s): cpu = 00:00:00 ; elapsed = 00:00:00 . Memory (MB): peak = 3331.004 ; gain = 0.000 ; free physical = 84268 ; free virtual = 124146

Time (s): cpu = 00:01:09 ; elapsed = 00:00:51 . Memory (MB): peak = 3331.004 ; gain = 0.000 ; free physical = 84268 ; free virtual = 124146
Phase 4 Post Placement Optimization and Clean-Up | Checksum: 1a5331fd3

Time (s): cpu = 00:01:09 ; elapsed = 00:00:51 . Memory (MB): peak = 3331.004 ; gain = 0.000 ; free physical = 84268 ; free virtual = 124146
Ending Placer Task | Checksum: 1290e960a

Time (s): cpu = 00:01:09 ; elapsed = 00:00:51 . Memory (MB): peak = 3331.004 ; gain = 0.000 ; free physical = 84268 ; free virtual = 124146
119 Infos, 0 Warnings, 0 Critical Warnings and 0 Errors encountered.
place_design completed successfully
place_design: Time (s): cpu = 00:01:11 ; elapsed = 00:00:52 . Memory (MB): peak = 3331.004 ; gain = 0.000 ; free physical = 84268 ; free virtual = 124146
# route_design
Command: route_design
Attempting to get a license for feature 'Implementation' and/or device 'xc7z010'
INFO: [Common 17-349] Got license for feature 'Implementation' and/or device 'xc7z010'
Running DRC as a precondition to command route_design
INFO: [DRC 23-27] Running DRC with 8 threads
INFO: [Vivado_Tcl 4-198] DRC finished with 0 Errors
INFO: [Vivado_Tcl 4-199] Please refer to the DRC report (report_drc) for more information.


Starting Routing Task
INFO: [Route 35-254] Multithreading enabled for route_design using a maximum of 8 CPUs

Phase 1 Build RT Design
Checksum: PlaceDB: b614d253 ConstDB: 0 ShapeSum: 9616c8c RouteDB: 6998572b
WARNING: [Route 35-197] Clock port "ap_clk" does not have an associated HD.CLK_SRC. Without this constraint, timing analysis may not be accurate and upstream checks cannot be done to ensure correct clock placement.
WARNING: [Route 35-198] Port "ap_rst" does not have an associated HD.PARTPIN_LOCS, which will prevent the partial routing of the signal "ap_rst". Without this partial route, timing analysis to/from this port will not be accurate, and no routing information for this port can be exported.
WARNING: [Route 35-198] Port "input_layer[102]" does not have an associated HD.PARTPIN_LOCS, which will prevent the partial routing of the signal "input_layer[102]". Without this partial route, timing analysis to/from this port will not be accurate, and no routing information for this port can be exported.
WARNING: [Route 35-198] Port "input_layer[124]" does not have an associated HD.PARTPIN_LOCS, which will prevent the partial routing of the signal "input_layer[124]". Without this partial route, timing analysis to/from this port will not be accurate, and no routing information for this port can be exported.
WARNING: [Route 35-198] Port "input_layer[109]" does not have an associated HD.PARTPIN_LOCS, which will prevent the partial routing of the signal "input_layer[109]". Without this partial route, timing analysis to/from this port will not be accurate, and no routing information for this port can be exported.
WARNING: [Route 35-198] Port "input_layer[108]" does not have an associated HD.PARTPIN_LOCS, which will prevent the partial routing of the signal "input_layer[108]". Without this partial route, timing analysis to/from this port will not be accurate, and no routing information for this port can be exported.
WARNING: [Route 35-198] Port "input_layer[76]" does not have an associated HD.PARTPIN_LOCS, which will prevent the partial routing of the signal "input_layer[76]". Without this partial route, timing analysis to/from this port will not be accurate, and no routing information for this port can be exported.
WARNING: [Route 35-198] Port "input_layer[44]" does not have an associated HD.PARTPIN_LOCS, which will prevent the partial routing of the signal "input_layer[44]". Without this partial route, timing analysis to/from this port will not be accurate, and no routing information for this port can be exported.
WARNING: [Route 35-198] Port "input_layer[28]" does not have an associated HD.PARTPIN_LOCS, which will prevent the partial routing of the signal "input_layer[28]". Without this partial route, timing analysis to/from this port will not be accurate, and no routing information for this port can be exported.
WARNING: [Route 35-198] Port "input_layer[13]" does not have an associated HD.PARTPIN_LOCS, which will prevent the partial routing of the signal "input_layer[13]". Without this partial route, timing analysis to/from this port will not be accurate, and no routing information for this port can be exported.
WARNING: [Route 35-198] Port "input_layer[12]" does not have an associated HD.PARTPIN_LOCS, which will prevent the partial routing of the signal "input_layer[12]". Without this partial route, timing analysis to/from this port will not be accurate, and no routing information for this port can be exported.
WARNING: [Route 35-198] Port "input_layer[127]" does not have an associated HD.PARTPIN_LOCS, which will prevent the partial routing of the signal "input_layer[127]". Without this partial route, timing analysis to/from this port will not be accurate, and no routing information for this port can be exported.
WARNING: [Route 35-198] Port "input_layer[111]" does not have an associated HD.PARTPIN_LOCS, which will prevent the partial routing of the signal "input_layer[111]". Without this partial route, timing analysis to/from this port will not be accurate, and no routing information for this port can be exported.
WARNING: [Route 35-198] Port "input_layer[79]" does not have an associated HD.PARTPIN_LOCS, which will prevent the partial routing of the signal "input_layer[79]". Without this partial route, timing analysis to/from this port will not be accurate, and no routing information for this port can be exported.
WARNING: [Route 35-198] Port "input_layer[47]" does not have an associated HD.PARTPIN_LOCS, which will prevent the partial routing of the signal "input_layer[47]". Without this partial route, timing analysis to/from this port will not be accurate, and no routing information for this port can be exported.
WARNING: [Route 35-198] Port "input_layer[45]" does not have an associated HD.PARTPIN_LOCS, which will prevent the partial routing of the signal "input_layer[45]". Without this partial route, timing analysis to/from this port will not be accurate, and no routing information for this port can be exported.
WARNING: [Route 35-198] Port "input_layer[42]" does not have an associated HD.PARTPIN_LOCS, which will prevent the partial routing of the signal "input_layer[42]". Without this partial route, timing analysis to/from this port will not be accurate, and no routing information for this port can be exported.
WARNING: [Route 35-198] Port "input_layer[31]" does not have an associated HD.PARTPIN_LOCS, which will prevent the partial routing of the signal "input_layer[31]". Without this partial route, timing analysis to/from this port will not be accurate, and no routing information for this port can be exported.
WARNING: [Route 35-198] Port "input_layer[15]" does not have an associated HD.PARTPIN_LOCS, which will prevent the partial routing of the signal "input_layer[15]". Without this partial route, timing analysis to/from this port will not be accurate, and no routing information for this port can be exported.
WARNING: [Route 35-198] Port "input_layer_ap_vld" does not have an associated HD.PARTPIN_LOCS, which will prevent the partial routing of the signal "input_layer_ap_vld". Without this partial route, timing analysis to/from this port will not be accurate, and no routing information for this port can be exported.
WARNING: [Route 35-198] Port "ap_start" does not have an associated HD.PARTPIN_LOCS, which will prevent the partial routing of the signal "ap_start". Without this partial route, timing analysis to/from this port will not be accurate, and no routing information for this port can be exported.
WARNING: [Route 35-198] Port "input_layer[123]" does not have an associated HD.PARTPIN_LOCS, which will prevent the partial routing of the signal "input_layer[123]". Without this partial route, timing analysis to/from this port will not be accurate, and no routing information for this port can be exported.
WARNING: [Route 35-198] Port "input_layer[110]" does not have an associated HD.PARTPIN_LOCS, which will prevent the partial routing of the signal "input_layer[110]". Without this partial route, timing analysis to/from this port will not be accurate, and no routing information for this port can be exported.
WARNING: [Route 35-198] Port "input_layer[94]" does not have an associated HD.PARTPIN_LOCS, which will prevent the partial routing of the signal "input_layer[94]". Without this partial route, timing analysis to/from this port will not be accurate, and no routing information for this port can be exported.
WARNING: [Route 35-198] Port "input_layer[54]" does not have an associated HD.PARTPIN_LOCS, which will prevent the partial routing of the signal "input_layer[54]". Without this partial route, timing analysis to/from this port will not be accurate, and no routing information for this port can be exported.
WARNING: [Route 35-198] Port "input_layer[46]" does not have an associated HD.PARTPIN_LOCS, which will prevent the partial routing of the signal "input_layer[46]". Without this partial route, timing analysis to/from this port will not be accurate, and no routing information for this port can be exported.
WARNING: [Route 35-198] Port "input_layer[40]" does not have an associated HD.PARTPIN_LOCS, which will prevent the partial routing of the signal "input_layer[40]". Without this partial route, timing analysis to/from this port will not be accurate, and no routing information for this port can be exported.
WARNING: [Route 35-198] Port "input_layer[27]" does not have an associated HD.PARTPIN_LOCS, which will prevent the partial routing of the signal "input_layer[27]". Without this partial route, timing analysis to/from this port will not be accurate, and no routing information for this port can be exported.
WARNING: [Route 35-198] Port "input_layer[24]" does not have an associated HD.PARTPIN_LOCS, which will prevent the partial routing of the signal "input_layer[24]". Without this partial route, timing analysis to/from this port will not be accurate, and no routing information for this port can be exported.
WARNING: [Route 35-198] Port "input_layer[107]" does not have an associated HD.PARTPIN_LOCS, which will prevent the partial routing of the signal "input_layer[107]". Without this partial route, timing analysis to/from this port will not be accurate, and no routing information for this port can be exported.
WARNING: [Route 35-198] Port "input_layer[104]" does not have an associated HD.PARTPIN_LOCS, which will prevent the partial routing of the signal "input_layer[104]". Without this partial route, timing analysis to/from this port will not be accurate, and no routing information for this port can be exported.
WARNING: [Route 35-198] Port "input_layer[63]" does not have an associated HD.PARTPIN_LOCS, which will prevent the partial routing of the signal "input_layer[63]". Without this partial route, timing analysis to/from this port will not be accurate, and no routing information for this port can be exported.
WARNING: [Route 35-198] Port "input_layer[56]" does not have an associated HD.PARTPIN_LOCS, which will prevent the partial routing of the signal "input_layer[56]". Without this partial route, timing analysis to/from this port will not be accurate, and no routing information for this port can be exported.
WARNING: [Route 35-198] Port "input_layer[30]" does not have an associated HD.PARTPIN_LOCS, which will prevent the partial routing of the signal "input_layer[30]". Without this partial route, timing analysis to/from this port will not be accurate, and no routing information for this port can be exported.
WARNING: [Route 35-198] Port "input_layer[11]" does not have an associated HD.PARTPIN_LOCS, which will prevent the partial routing of the signal "input_layer[11]". Without this partial route, timing analysis to/from this port will not be accurate, and no routing information for this port can be exported.
WARNING: [Route 35-198] Port "input_layer[8]" does not have an associated HD.PARTPIN_LOCS, which will prevent the partial routing of the signal "input_layer[8]". Without this partial route, timing analysis to/from this port will not be accurate, and no routing information for this port can be exported.
WARNING: [Route 35-198] Port "input_layer[6]" does not have an associated HD.PARTPIN_LOCS, which will prevent the partial routing of the signal "input_layer[6]". Without this partial route, timing analysis to/from this port will not be accurate, and no routing information for this port can be exported.
WARNING: [Route 35-198] Port "input_layer[89]" does not have an associated HD.PARTPIN_LOCS, which will prevent the partial routing of the signal "input_layer[89]". Without this partial route, timing analysis to/from this port will not be accurate, and no routing information for this port can be exported.
WARNING: [Route 35-198] Port "input_layer[113]" does not have an associated HD.PARTPIN_LOCS, which will prevent the partial routing of the signal "input_layer[113]". Without this partial route, timing analysis to/from this port will not be accurate, and no routing information for this port can be exported.
WARNING: [Route 35-198] Port "input_layer[83]" does not have an associated HD.PARTPIN_LOCS, which will prevent the partial routing of the signal "input_layer[83]". Without this partial route, timing analysis to/from this port will not be accurate, and no routing information for this port can be exported.
WARNING: [Route 35-198] Port "input_layer[67]" does not have an associated HD.PARTPIN_LOCS, which will prevent the partial routing of the signal "input_layer[67]". Without this partial route, timing analysis to/from this port will not be accurate, and no routing information for this port can be exported.
WARNING: [Route 35-198] Port "input_layer[51]" does not have an associated HD.PARTPIN_LOCS, which will prevent the partial routing of the signal "input_layer[51]". Without this partial route, timing analysis to/from this port will not be accurate, and no routing information for this port can be exported.
WARNING: [Route 35-198] Port "input_layer[50]" does not have an associated HD.PARTPIN_LOCS, which will prevent the partial routing of the signal "input_layer[50]". Without this partial route, timing analysis to/from this port will not be accurate, and no routing information for this port can be exported.
WARNING: [Route 35-198] Port "input_layer[35]" does not have an associated HD.PARTPIN_LOCS, which will prevent the partial routing of the signal "input_layer[35]". Without this partial route, timing analysis to/from this port will not be accurate, and no routing information for this port can be exported.
WARNING: [Route 35-198] Port "input_layer[19]" does not have an associated HD.PARTPIN_LOCS, which will prevent the partial routing of the signal "input_layer[19]". Without this partial route, timing analysis to/from this port will not be accurate, and no routing information for this port can be exported.
WARNING: [Route 35-198] Port "input_layer[18]" does not have an associated HD.PARTPIN_LOCS, which will prevent the partial routing of the signal "input_layer[18]". Without this partial route, timing analysis to/from this port will not be accurate, and no routing information for this port can be exported.
WARNING: [Route 35-198] Port "input_layer[101]" does not have an associated HD.PARTPIN_LOCS, which will prevent the partial routing of the signal "input_layer[101]". Without this partial route, timing analysis to/from this port will not be accurate, and no routing information for this port can be exported.
WARNING: [Route 35-198] Port "input_layer[100]" does not have an associated HD.PARTPIN_LOCS, which will prevent the partial routing of the signal "input_layer[100]". Without this partial route, timing analysis to/from this port will not be accurate, and no routing information for this port can be exported.
WARNING: [Route 35-198] Port "input_layer[80]" does not have an associated HD.PARTPIN_LOCS, which will prevent the partial routing of the signal "input_layer[80]". Without this partial route, timing analysis to/from this port will not be accurate, and no routing information for this port can be exported.
WARNING: [Route 35-198] Port "input_layer[75]" does not have an associated HD.PARTPIN_LOCS, which will prevent the partial routing of the signal "input_layer[75]". Without this partial route, timing analysis to/from this port will not be accurate, and no routing information for this port can be exported.
WARNING: [Route 35-198] Port "input_layer[69]" does not have an associated HD.PARTPIN_LOCS, which will prevent the partial routing of the signal "input_layer[69]". Without this partial route, timing analysis to/from this port will not be accurate, and no routing information for this port can be exported.
WARNING: [Route 35-198] Port "input_layer[64]" does not have an associated HD.PARTPIN_LOCS, which will prevent the partial routing of the signal "input_layer[64]". Without this partial route, timing analysis to/from this port will not be accurate, and no routing information for this port can be exported.
WARNING: [Route 35-198] Port "input_layer[59]" does not have an associated HD.PARTPIN_LOCS, which will prevent the partial routing of the signal "input_layer[59]". Without this partial route, timing analysis to/from this port will not be accurate, and no routing information for this port can be exported.
WARNING: [Route 35-198] Port "input_layer[0]" does not have an associated HD.PARTPIN_LOCS, which will prevent the partial routing of the signal "input_layer[0]". Without this partial route, timing analysis to/from this port will not be accurate, and no routing information for this port can be exported.
WARNING: [Route 35-198] Port "input_layer[57]" does not have an associated HD.PARTPIN_LOCS, which will prevent the partial routing of the signal "input_layer[57]". Without this partial route, timing analysis to/from this port will not be accurate, and no routing information for this port can be exported.
WARNING: [Route 35-198] Port "input_layer[53]" does not have an associated HD.PARTPIN_LOCS, which will prevent the partial routing of the signal "input_layer[53]". Without this partial route, timing analysis to/from this port will not be accurate, and no routing information for this port can be exported.
WARNING: [Route 35-198] Port "input_layer[41]" does not have an associated HD.PARTPIN_LOCS, which will prevent the partial routing of the signal "input_layer[41]". Without this partial route, timing analysis to/from this port will not be accurate, and no routing information for this port can be exported.
WARNING: [Route 35-198] Port "input_layer[38]" does not have an associated HD.PARTPIN_LOCS, which will prevent the partial routing of the signal "input_layer[38]". Without this partial route, timing analysis to/from this port will not be accurate, and no routing information for this port can be exported.
WARNING: [Route 35-198] Port "input_layer[37]" does not have an associated HD.PARTPIN_LOCS, which will prevent the partial routing of the signal "input_layer[37]". Without this partial route, timing analysis to/from this port will not be accurate, and no routing information for this port can be exported.
WARNING: [Route 35-198] Port "input_layer[16]" does not have an associated HD.PARTPIN_LOCS, which will prevent the partial routing of the signal "input_layer[16]". Without this partial route, timing analysis to/from this port will not be accurate, and no routing information for this port can be exported.
WARNING: [Route 35-198] Port "input_layer[9]" does not have an associated HD.PARTPIN_LOCS, which will prevent the partial routing of the signal "input_layer[9]". Without this partial route, timing analysis to/from this port will not be accurate, and no routing information for this port can be exported.
WARNING: [Route 35-198] Port "input_layer[125]" does not have an associated HD.PARTPIN_LOCS, which will prevent the partial routing of the signal "input_layer[125]". Without this partial route, timing analysis to/from this port will not be accurate, and no routing information for this port can be exported.
WARNING: [Route 35-198] Port "input_layer[122]" does not have an associated HD.PARTPIN_LOCS, which will prevent the partial routing of the signal "input_layer[122]". Without this partial route, timing analysis to/from this port will not be accurate, and no routing information for this port can be exported.
WARNING: [Route 35-198] Port "input_layer[120]" does not have an associated HD.PARTPIN_LOCS, which will prevent the partial routing of the signal "input_layer[120]". Without this partial route, timing analysis to/from this port will not be accurate, and no routing information for this port can be exported.
WARNING: [Route 35-198] Port "input_layer[106]" does not have an associated HD.PARTPIN_LOCS, which will prevent the partial routing of the signal "input_layer[106]". Without this partial route, timing analysis to/from this port will not be accurate, and no routing information for this port can be exported.
WARNING: [Route 35-198] Port "input_layer[10]" does not have an associated HD.PARTPIN_LOCS, which will prevent the partial routing of the signal "input_layer[10]". Without this partial route, timing analysis to/from this port will not be accurate, and no routing information for this port can be exported.
WARNING: [Route 35-198] Port "input_layer[105]" does not have an associated HD.PARTPIN_LOCS, which will prevent the partial routing of the signal "input_layer[105]". Without this partial route, timing analysis to/from this port will not be accurate, and no routing information for this port can be exported.
WARNING: [Route 35-198] Port "input_layer[95]" does not have an associated HD.PARTPIN_LOCS, which will prevent the partial routing of the signal "input_layer[95]". Without this partial route, timing analysis to/from this port will not be accurate, and no routing information for this port can be exported.
WARNING: [Route 35-198] Port "input_layer[92]" does not have an associated HD.PARTPIN_LOCS, which will prevent the partial routing of the signal "input_layer[92]". Without this partial route, timing analysis to/from this port will not be accurate, and no routing information for this port can be exported.
WARNING: [Route 35-198] Port "input_layer[86]" does not have an associated HD.PARTPIN_LOCS, which will prevent the partial routing of the signal "input_layer[86]". Without this partial route, timing analysis to/from this port will not be accurate, and no routing information for this port can be exported.
WARNING: [Route 35-198] Port "input_layer[85]" does not have an associated HD.PARTPIN_LOCS, which will prevent the partial routing of the signal "input_layer[85]". Without this partial route, timing analysis to/from this port will not be accurate, and no routing information for this port can be exported.
WARNING: [Route 35-198] Port "input_layer[60]" does not have an associated HD.PARTPIN_LOCS, which will prevent the partial routing of the signal "input_layer[60]". Without this partial route, timing analysis to/from this port will not be accurate, and no routing information for this port can be exported.
WARNING: [Route 35-198] Port "input_layer[25]" does not have an associated HD.PARTPIN_LOCS, which will prevent the partial routing of the signal "input_layer[25]". Without this partial route, timing analysis to/from this port will not be accurate, and no routing information for this port can be exported.
WARNING: [Route 35-198] Port "input_layer[5]" does not have an associated HD.PARTPIN_LOCS, which will prevent the partial routing of the signal "input_layer[5]". Without this partial route, timing analysis to/from this port will not be accurate, and no routing information for this port can be exported.
WARNING: [Route 35-198] Port "input_layer[118]" does not have an associated HD.PARTPIN_LOCS, which will prevent the partial routing of the signal "input_layer[118]". Without this partial route, timing analysis to/from this port will not be accurate, and no routing information for this port can be exported.
WARNING: [Route 35-198] Port "input_layer[112]" does not have an associated HD.PARTPIN_LOCS, which will prevent the partial routing of the signal "input_layer[112]". Without this partial route, timing analysis to/from this port will not be accurate, and no routing information for this port can be exported.
WARNING: [Route 35-198] Port "input_layer[96]" does not have an associated HD.PARTPIN_LOCS, which will prevent the partial routing of the signal "input_layer[96]". Without this partial route, timing analysis to/from this port will not be accurate, and no routing information for this port can be exported.
WARNING: [Route 35-198] Port "input_layer[66]" does not have an associated HD.PARTPIN_LOCS, which will prevent the partial routing of the signal "input_layer[66]". Without this partial route, timing analysis to/from this port will not be accurate, and no routing information for this port can be exported.
WARNING: [Route 35-198] Port "input_layer[52]" does not have an associated HD.PARTPIN_LOCS, which will prevent the partial routing of the signal "input_layer[52]". Without this partial route, timing analysis to/from this port will not be accurate, and no routing information for this port can be exported.
WARNING: [Route 35-198] Port "input_layer[49]" does not have an associated HD.PARTPIN_LOCS, which will prevent the partial routing of the signal "input_layer[49]". Without this partial route, timing analysis to/from this port will not be accurate, and no routing information for this port can be exported.
WARNING: [Route 35-198] Port "input_layer[22]" does not have an associated HD.PARTPIN_LOCS, which will prevent the partial routing of the signal "input_layer[22]". Without this partial route, timing analysis to/from this port will not be accurate, and no routing information for this port can be exported.
WARNING: [Route 35-198] Port "input_layer[20]" does not have an associated HD.PARTPIN_LOCS, which will prevent the partial routing of the signal "input_layer[20]". Without this partial route, timing analysis to/from this port will not be accurate, and no routing information for this port can be exported.
WARNING: [Route 35-198] Port "input_layer[121]" does not have an associated HD.PARTPIN_LOCS, which will prevent the partial routing of the signal "input_layer[121]". Without this partial route, timing analysis to/from this port will not be accurate, and no routing information for this port can be exported.
WARNING: [Route 35-198] Port "input_layer[117]" does not have an associated HD.PARTPIN_LOCS, which will prevent the partial routing of the signal "input_layer[117]". Without this partial route, timing analysis to/from this port will not be accurate, and no routing information for this port can be exported.
WARNING: [Route 35-198] Port "input_layer[116]" does not have an associated HD.PARTPIN_LOCS, which will prevent the partial routing of the signal "input_layer[116]". Without this partial route, timing analysis to/from this port will not be accurate, and no routing information for this port can be exported.
WARNING: [Route 35-198] Port "input_layer[84]" does not have an associated HD.PARTPIN_LOCS, which will prevent the partial routing of the signal "input_layer[84]". Without this partial route, timing analysis to/from this port will not be accurate, and no routing information for this port can be exported.
WARNING: [Route 35-198] Port "input_layer[73]" does not have an associated HD.PARTPIN_LOCS, which will prevent the partial routing of the signal "input_layer[73]". Without this partial route, timing analysis to/from this port will not be accurate, and no routing information for this port can be exported.
WARNING: [Route 35-198] Port "input_layer[70]" does not have an associated HD.PARTPIN_LOCS, which will prevent the partial routing of the signal "input_layer[70]". Without this partial route, timing analysis to/from this port will not be accurate, and no routing information for this port can be exported.
WARNING: [Route 35-198] Port "input_layer[32]" does not have an associated HD.PARTPIN_LOCS, which will prevent the partial routing of the signal "input_layer[32]". Without this partial route, timing analysis to/from this port will not be accurate, and no routing information for this port can be exported.
WARNING: [Route 35-198] Port "input_layer[4]" does not have an associated HD.PARTPIN_LOCS, which will prevent the partial routing of the signal "input_layer[4]". Without this partial route, timing analysis to/from this port will not be accurate, and no routing information for this port can be exported.
WARNING: [Route 35-198] Port "input_layer[93]" does not have an associated HD.PARTPIN_LOCS, which will prevent the partial routing of the signal "input_layer[93]". Without this partial route, timing analysis to/from this port will not be accurate, and no routing information for this port can be exported.
WARNING: [Route 35-198] Port "input_layer[77]" does not have an associated HD.PARTPIN_LOCS, which will prevent the partial routing of the signal "input_layer[77]". Without this partial route, timing analysis to/from this port will not be accurate, and no routing information for this port can be exported.
WARNING: [Route 35-198] Port "input_layer[74]" does not have an associated HD.PARTPIN_LOCS, which will prevent the partial routing of the signal "input_layer[74]". Without this partial route, timing analysis to/from this port will not be accurate, and no routing information for this port can be exported.
WARNING: [Route 35-198] Port "input_layer[62]" does not have an associated HD.PARTPIN_LOCS, which will prevent the partial routing of the signal "input_layer[62]". Without this partial route, timing analysis to/from this port will not be accurate, and no routing information for this port can be exported.
WARNING: [Route 35-198] Port "input_layer[61]" does not have an associated HD.PARTPIN_LOCS, which will prevent the partial routing of the signal "input_layer[61]". Without this partial route, timing analysis to/from this port will not be accurate, and no routing information for this port can be exported.
WARNING: [Route 35-198] Port "input_layer[58]" does not have an associated HD.PARTPIN_LOCS, which will prevent the partial routing of the signal "input_layer[58]". Without this partial route, timing analysis to/from this port will not be accurate, and no routing information for this port can be exported.
WARNING: [Route 35-198] Port "input_layer[29]" does not have an associated HD.PARTPIN_LOCS, which will prevent the partial routing of the signal "input_layer[29]". Without this partial route, timing analysis to/from this port will not be accurate, and no routing information for this port can be exported.
WARNING: [Route 35-198] Port "input_layer[115]" does not have an associated HD.PARTPIN_LOCS, which will prevent the partial routing of the signal "input_layer[115]". Without this partial route, timing analysis to/from this port will not be accurate, and no routing information for this port can be exported.
WARNING: [Route 35-198] Port "input_layer[99]" does not have an associated HD.PARTPIN_LOCS, which will prevent the partial routing of the signal "input_layer[99]". Without this partial route, timing analysis to/from this port will not be accurate, and no routing information for this port can be exported.
WARNING: [Route 35-198] Port "input_layer[98]" does not have an associated HD.PARTPIN_LOCS, which will prevent the partial routing of the signal "input_layer[98]". Without this partial route, timing analysis to/from this port will not be accurate, and no routing information for this port can be exported.
WARNING: [Route 35-198] Port "input_layer[81]" does not have an associated HD.PARTPIN_LOCS, which will prevent the partial routing of the signal "input_layer[81]". Without this partial route, timing analysis to/from this port will not be accurate, and no routing information for this port can be exported.
INFO: [Common 17-14] Message 'Route 35-198' appears 100 times and further instances of the messages will be disabled. Use the Tcl command set_msg_config to change the current settings.
WARNING: [Constraints 18-8777] Unable to split tiles. All required files are not available.
Post Restoration Checksum: NetGraph: cf5d47df | NumContArr: 2ba00b03 | Constraints: c2a8fa9d | Timing: c2a8fa9d
Phase 1 Build RT Design | Checksum: 2804f481c

Time (s): cpu = 00:00:08 ; elapsed = 00:00:06 . Memory (MB): peak = 3331.004 ; gain = 0.000 ; free physical = 84258 ; free virtual = 124136

Phase 2 Router Initialization

Phase 2.1 Fix Topology Constraints
Phase 2.1 Fix Topology Constraints | Checksum: 2804f481c

Time (s): cpu = 00:00:08 ; elapsed = 00:00:06 . Memory (MB): peak = 3331.004 ; gain = 0.000 ; free physical = 84258 ; free virtual = 124136

Phase 2.2 Pre Route Cleanup
Phase 2.2 Pre Route Cleanup | Checksum: 2804f481c

Time (s): cpu = 00:00:08 ; elapsed = 00:00:06 . Memory (MB): peak = 3331.004 ; gain = 0.000 ; free physical = 84258 ; free virtual = 124136
 Number of Nodes with overlaps = 0

Phase 2.3 Update Timing
Phase 2.3 Update Timing | Checksum: 27ca44acf

Time (s): cpu = 00:00:10 ; elapsed = 00:00:07 . Memory (MB): peak = 3331.004 ; gain = 0.000 ; free physical = 84258 ; free virtual = 124136
INFO: [Route 35-416] Intermediate Timing Summary | WNS=-0.180 | TNS=-10.709| WHS=0.103  | THS=0.000  |


Router Utilization Summary
  Global Vertical Routing Utilization    = 0 %
  Global Horizontal Routing Utilization  = 0 %
  Routable Net Status*
  *Does not include unroutable nets such as driverless and loadless.
  Run report_route_status for detailed report.
  Number of Failed Nets               = 9602
    (Failed Nets is the sum of unrouted and partially routed nets)
  Number of Unrouted Nets             = 9602
  Number of Partially Routed Nets     = 0
  Number of Node Overlaps             = 0

Phase 2 Router Initialization | Checksum: 245a89d92

Time (s): cpu = 00:00:11 ; elapsed = 00:00:07 . Memory (MB): peak = 3331.004 ; gain = 0.000 ; free physical = 84258 ; free virtual = 124135

Phase 3 Global Routing
Phase 3 Global Routing | Checksum: 245a89d92

Time (s): cpu = 00:00:11 ; elapsed = 00:00:07 . Memory (MB): peak = 3331.004 ; gain = 0.000 ; free physical = 84258 ; free virtual = 124135

Phase 4 Initial Routing

Phase 4.1 Initial Net Routing Pass
Phase 4.1 Initial Net Routing Pass | Checksum: 28cc8ac50

Time (s): cpu = 00:00:12 ; elapsed = 00:00:07 . Memory (MB): peak = 3331.004 ; gain = 0.000 ; free physical = 84258 ; free virtual = 124135
Phase 4 Initial Routing | Checksum: 28cc8ac50

Time (s): cpu = 00:00:12 ; elapsed = 00:00:07 . Memory (MB): peak = 3331.004 ; gain = 0.000 ; free physical = 84258 ; free virtual = 124135

Phase 5 Rip-up And Reroute

Phase 5.1 Global Iteration 0
 Number of Nodes with overlaps = 1843
 Number of Nodes with overlaps = 898
 Number of Nodes with overlaps = 442
 Number of Nodes with overlaps = 181
 Number of Nodes with overlaps = 78
 Number of Nodes with overlaps = 48
 Number of Nodes with overlaps = 7
 Number of Nodes with overlaps = 9
 Number of Nodes with overlaps = 5
 Number of Nodes with overlaps = 2
 Number of Nodes with overlaps = 0
INFO: [Route 35-416] Intermediate Timing Summary | WNS=-0.565 | TNS=-298.606| WHS=N/A    | THS=N/A    |

Phase 5.1 Global Iteration 0 | Checksum: 2a4be499c

Time (s): cpu = 00:00:25 ; elapsed = 00:00:14 . Memory (MB): peak = 3331.004 ; gain = 0.000 ; free physical = 84260 ; free virtual = 124137

Phase 5.2 Global Iteration 1
 Number of Nodes with overlaps = 97
 Number of Nodes with overlaps = 72
 Number of Nodes with overlaps = 58
 Number of Nodes with overlaps = 21
 Number of Nodes with overlaps = 20
 Number of Nodes with overlaps = 20
 Number of Nodes with overlaps = 12
 Number of Nodes with overlaps = 1
 Number of Nodes with overlaps = 3
 Number of Nodes with overlaps = 1
 Number of Nodes with overlaps = 0
INFO: [Route 35-416] Intermediate Timing Summary | WNS=-0.518 | TNS=-179.576| WHS=N/A    | THS=N/A    |

Phase 5.2 Global Iteration 1 | Checksum: 166d6247e

Time (s): cpu = 00:00:30 ; elapsed = 00:00:18 . Memory (MB): peak = 3331.004 ; gain = 0.000 ; free physical = 84257 ; free virtual = 124134

Phase 5.3 Global Iteration 2
 Number of Nodes with overlaps = 157
 Number of Nodes with overlaps = 67
 Number of Nodes with overlaps = 24
 Number of Nodes with overlaps = 21
 Number of Nodes with overlaps = 14
 Number of Nodes with overlaps = 2
 Number of Nodes with overlaps = 0
INFO: [Route 35-416] Intermediate Timing Summary | WNS=-0.647 | TNS=-189.588| WHS=N/A    | THS=N/A    |

Phase 5.3 Global Iteration 2 | Checksum: 262ea6045

Time (s): cpu = 00:00:34 ; elapsed = 00:00:21 . Memory (MB): peak = 3331.004 ; gain = 0.000 ; free physical = 84252 ; free virtual = 124129
Phase 5 Rip-up And Reroute | Checksum: 262ea6045

Time (s): cpu = 00:00:34 ; elapsed = 00:00:21 . Memory (MB): peak = 3331.004 ; gain = 0.000 ; free physical = 84252 ; free virtual = 124129

Phase 6 Delay and Skew Optimization

Phase 6.1 Delay CleanUp

Phase 6.1.1 Update Timing
Phase 6.1.1 Update Timing | Checksum: 262ea6045

Time (s): cpu = 00:00:35 ; elapsed = 00:00:21 . Memory (MB): peak = 3331.004 ; gain = 0.000 ; free physical = 84271 ; free virtual = 124148
INFO: [Route 35-416] Intermediate Timing Summary | WNS=-0.518 | TNS=-179.576| WHS=N/A    | THS=N/A    |

 Number of Nodes with overlaps = 0
Phase 6.1 Delay CleanUp | Checksum: 28888ca9c

Time (s): cpu = 00:00:35 ; elapsed = 00:00:21 . Memory (MB): peak = 3331.004 ; gain = 0.000 ; free physical = 84270 ; free virtual = 124148

Phase 6.2 Clock Skew Optimization
Phase 6.2 Clock Skew Optimization | Checksum: 28888ca9c

Time (s): cpu = 00:00:35 ; elapsed = 00:00:21 . Memory (MB): peak = 3331.004 ; gain = 0.000 ; free physical = 84270 ; free virtual = 124148
Phase 6 Delay and Skew Optimization | Checksum: 28888ca9c

Time (s): cpu = 00:00:35 ; elapsed = 00:00:21 . Memory (MB): peak = 3331.004 ; gain = 0.000 ; free physical = 84270 ; free virtual = 124148

Phase 7 Post Hold Fix

Phase 7.1 Hold Fix Iter
INFO: [Route 35-416] Intermediate Timing Summary | WNS=-0.518 | TNS=-176.011| WHS=0.095  | THS=0.000  |

Phase 7.1 Hold Fix Iter | Checksum: 2a6e7e286

Time (s): cpu = 00:00:36 ; elapsed = 00:00:21 . Memory (MB): peak = 3331.004 ; gain = 0.000 ; free physical = 84270 ; free virtual = 124148
Phase 7 Post Hold Fix | Checksum: 2a6e7e286

Time (s): cpu = 00:00:36 ; elapsed = 00:00:21 . Memory (MB): peak = 3331.004 ; gain = 0.000 ; free physical = 84270 ; free virtual = 124148

Phase 8 Route finalize

Router Utilization Summary
  Global Vertical Routing Utilization    = 4.11937 %
  Global Horizontal Routing Utilization  = 5.61834 %
  Routable Net Status*
  *Does not include unroutable nets such as driverless and loadless.
  Run report_route_status for detailed report.
  Number of Failed Nets               = 0
    (Failed Nets is the sum of unrouted and partially routed nets)
  Number of Unrouted Nets             = 0
  Number of Partially Routed Nets     = 0
  Number of Node Overlaps             = 0


--GLOBAL Congestion:
Utilization threshold used for congestion level computation: 0.85
Congestion Report
North Dir 1x1 Area, Max Cong = 52.2523%, No Congested Regions.
South Dir 1x1 Area, Max Cong = 48.6486%, No Congested Regions.
East Dir 1x1 Area, Max Cong = 58.8235%, No Congested Regions.
West Dir 1x1 Area, Max Cong = 63.2353%, No Congested Regions.

------------------------------
Reporting congestion hotspots
------------------------------
Direction: North
----------------
Congested clusters found at Level 0
Effective congestion level: 0 Aspect Ratio: 1 Sparse Ratio: 0
Direction: South
----------------
Congested clusters found at Level 0
Effective congestion level: 0 Aspect Ratio: 1 Sparse Ratio: 0
Direction: East
----------------
Congested clusters found at Level 0
Effective congestion level: 0 Aspect Ratio: 1 Sparse Ratio: 0
Direction: West
----------------
Congested clusters found at Level 0
Effective congestion level: 0 Aspect Ratio: 1 Sparse Ratio: 0

Phase 8 Route finalize | Checksum: 2a6e7e286

Time (s): cpu = 00:00:36 ; elapsed = 00:00:21 . Memory (MB): peak = 3331.004 ; gain = 0.000 ; free physical = 84270 ; free virtual = 124148

Phase 9 Verifying routed nets

 Verification completed successfully
Phase 9 Verifying routed nets | Checksum: 2a6e7e286

Time (s): cpu = 00:00:36 ; elapsed = 00:00:21 . Memory (MB): peak = 3331.004 ; gain = 0.000 ; free physical = 84270 ; free virtual = 124147

Phase 10 Depositing Routes
Phase 10 Depositing Routes | Checksum: 290e9c57d

Time (s): cpu = 00:00:36 ; elapsed = 00:00:22 . Memory (MB): peak = 3331.004 ; gain = 0.000 ; free physical = 84269 ; free virtual = 124147

Phase 11 Post Process Routing
Phase 11 Post Process Routing | Checksum: 290e9c57d

Time (s): cpu = 00:00:36 ; elapsed = 00:00:22 . Memory (MB): peak = 3331.004 ; gain = 0.000 ; free physical = 84269 ; free virtual = 124147

Phase 12 Post Router Timing
INFO: [Route 35-57] Estimated Timing Summary | WNS=-0.518 | TNS=-176.011| WHS=0.095  | THS=0.000  |

WARNING: [Route 35-328] Router estimated timing not met.
Resolution: For a complete and accurate timing signoff, report_timing_summary must be run after route_design. Alternatively, route_design can be run with the -timing_summary option to enable a complete timing signoff at the end of route_design.
Phase 12 Post Router Timing | Checksum: 290e9c57d

Time (s): cpu = 00:00:36 ; elapsed = 00:00:22 . Memory (MB): peak = 3331.004 ; gain = 0.000 ; free physical = 84269 ; free virtual = 124147
Total Elapsed time in route_design: 21.67 secs

Phase 13 Post-Route Event Processing
Phase 13 Post-Route Event Processing | Checksum: fcfb27f7

Time (s): cpu = 00:00:36 ; elapsed = 00:00:22 . Memory (MB): peak = 3331.004 ; gain = 0.000 ; free physical = 84269 ; free virtual = 124147
INFO: [Route 35-16] Router Completed Successfully
Ending Routing Task | Checksum: fcfb27f7

Time (s): cpu = 00:00:36 ; elapsed = 00:00:22 . Memory (MB): peak = 3331.004 ; gain = 0.000 ; free physical = 84269 ; free virtual = 124147

Routing Is Done.
INFO: [Common 17-83] Releasing license: Implementation
15 Infos, 103 Warnings, 0 Critical Warnings and 0 Errors encountered.
route_design completed successfully
route_design: Time (s): cpu = 00:00:38 ; elapsed = 00:00:22 . Memory (MB): peak = 3331.004 ; gain = 0.000 ; free physical = 84269 ; free virtual = 124147
# report_timing_summary -file ./Analysis_alt/Timing_Report_Implementation.rpt
INFO: [Timing 38-91] UpdateTimingParams: Speed grade: -1, Delay Type: min_max.
INFO: [Timing 38-191] Multithreading enabled for timing update using a maximum of 8 CPUs
WARNING: [Timing 38-242] The property HD.CLK_SRC of clock port "ap_clk" is not set. In out-of-context mode, this prevents timing estimation for clock delay/skew
Resolution: Set the HD.CLK_SRC property of the out-of-context port to the location of the clock buffer instance in the top-level design
# report_timing -max_paths 20 -file ./Analysis_alt/Timing_Paths_Implementation.rpt
INFO: [Timing 38-91] UpdateTimingParams: Speed grade: -1, Delay Type: max.
INFO: [Timing 38-191] Multithreading enabled for timing update using a maximum of 8 CPUs
INFO: [Timing 38-78] ReportTimingParams: -max_paths 20 -nworst 1 -delay_type max -sort_by slack.
# report_utilization -hierarchical -file ./Analysis_alt/Utilization_Report_Implementation.rpt
# write_checkpoint -force ./Analysis_alt/Post_Implementation.dcp
INFO: [Timing 38-480] Writing timing data to binary archive.
Write ShapeDB Complete: Time (s): cpu = 00:00:00.04 ; elapsed = 00:00:00.02 . Memory (MB): peak = 3331.004 ; gain = 0.000 ; free physical = 84270 ; free virtual = 124148
Wrote PlaceDB: Time (s): cpu = 00:00:00.76 ; elapsed = 00:00:00.28 . Memory (MB): peak = 3331.004 ; gain = 0.000 ; free physical = 84278 ; free virtual = 124165
Wrote PulsedLatchDB: Time (s): cpu = 00:00:00 ; elapsed = 00:00:00 . Memory (MB): peak = 3331.004 ; gain = 0.000 ; free physical = 84272 ; free virtual = 124159
Writing XDEF routing.
Writing XDEF routing logical nets.
Writing XDEF routing special nets.
Wrote RouteStorage: Time (s): cpu = 00:00:00.07 ; elapsed = 00:00:00.05 . Memory (MB): peak = 3331.004 ; gain = 0.000 ; free physical = 84271 ; free virtual = 124159
Wrote Netlist Cache: Time (s): cpu = 00:00:00 ; elapsed = 00:00:00.01 . Memory (MB): peak = 3331.004 ; gain = 0.000 ; free physical = 84269 ; free virtual = 124158
Wrote Device Cache: Time (s): cpu = 00:00:00.01 ; elapsed = 00:00:00 . Memory (MB): peak = 3331.004 ; gain = 0.000 ; free physical = 84268 ; free virtual = 124158
Write Physdb Complete: Time (s): cpu = 00:00:00.85 ; elapsed = 00:00:00.44 . Memory (MB): peak = 3331.004 ; gain = 0.000 ; free physical = 84267 ; free virtual = 124157
INFO: [Common 17-1381] The checkpoint '/home/eim32828/Desktop/Vitis_HLS_Gens/SampleNeuralNets_30_8/Reuse8/Analysis_alt/Post_Implementation.dcp' has been generated.
INFO: [Common 17-206] Exiting Vivado at Thu Sep  3 03:46:58 2026...
