Copyright 1986-2022 Xilinx, Inc. All Rights Reserved. Copyright 2022-2024 Advanced Micro Devices, Inc. All Rights Reserved.
---------------------------------------------------------------------------------------------------------------------------------------------
| Tool Version : Vivado v.2024.1 (lin64) Build 5076996 Wed May 22 18:36:09 MDT 2024
| Date         : Thu Sep  3 04:38:21 2026
| Host         : ei-lan-400 running 64-bit Debian GNU/Linux 12 (bookworm)
| Command      : report_timing -max_paths 20 -file ./Analysis_Verilog/Timing_Paths_Synthesis.rpt
| Design       : SampleNeuralNet
| Device       : 7z010-clg400
| Speed File   : -1  PRODUCTION 1.12 2019-11-22
| Design State : Synthesized
---------------------------------------------------------------------------------------------------------------------------------------------

Timing Report

Slack (VIOLATED) :        -4.279ns  (required time - arrival time)
  Source:                 custom_dsp_dense_implementation_ap_int_16_ap_int_48_config2_U0/pf_ap_return_3_U/fifo_rdPtr_reg[0]/C
                            (rising edge-triggered cell FDSE clocked by ap_clk  {rise@0.000ns fall@2.000ns period=4.000ns})
  Destination:            custom_dsp_dense_implementation_ap_int_16_ap_int_48_config2_U0/pf_ap_return_0_U/fifo_reg[17][0]_srl18/CE
                            (rising edge-triggered cell SRLC32E clocked by ap_clk  {rise@0.000ns fall@2.000ns period=4.000ns})
  Path Group:             ap_clk
  Path Type:              Setup (Max at Slow Process Corner)
  Requirement:            4.000ns  (ap_clk rise@4.000ns - ap_clk rise@0.000ns)
  Data Path Delay:        7.683ns  (logic 1.659ns (21.593%)  route 6.024ns (78.407%))
  Logic Levels:           8  (LUT4=2 LUT5=4 LUT6=1 SRLC32E=1)
  Clock Path Skew:        -0.049ns (DCD - SCD + CPR)
    Destination Clock Delay (DCD):    0.924ns = ( 4.924 - 4.000 ) 
    Source Clock Delay      (SCD):    0.973ns
    Clock Pessimism Removal (CPR):    0.000ns
  Clock Uncertainty:      0.035ns  ((TSJ^2 + TIJ^2)^1/2 + DJ) / 2 + PE
    Total System Jitter     (TSJ):    0.071ns
    Total Input Jitter      (TIJ):    0.000ns
    Discrete Jitter          (DJ):    0.000ns
    Phase Error              (PE):    0.000ns

    Location             Delay type                Incr(ns)  Path(ns)    Netlist Resource(s)
  -------------------------------------------------------------------    -------------------
                         (clock ap_clk rise edge)     0.000     0.000 r  
                                                      0.000     0.000 r  ap_clk (IN)
                         net (fo=10424, unset)        0.973     0.973    custom_dsp_dense_implementation_ap_int_16_ap_int_48_config2_U0/pf_ap_return_3_U/ap_clk
                         FDSE                                         r  custom_dsp_dense_implementation_ap_int_16_ap_int_48_config2_U0/pf_ap_return_3_U/fifo_rdPtr_reg[0]/C
  -------------------------------------------------------------------    -------------------
                         FDSE (Prop_fdse_C_Q)         0.496     1.469 r  custom_dsp_dense_implementation_ap_int_16_ap_int_48_config2_U0/pf_ap_return_3_U/fifo_rdPtr_reg[0]/Q
                         net (fo=61, unplaced)        0.893     2.362    custom_dsp_dense_implementation_ap_int_16_ap_int_48_config2_U0/pf_ap_return_3_U/fifo_rdPtr_reg[0]
                         SRLC32E (Prop_srlc32e_A[0]_Q)
                                                      0.295     2.657 f  custom_dsp_dense_implementation_ap_int_16_ap_int_48_config2_U0/pf_ap_return_3_U/fifo_reg[17][49]_srl18/Q
                         net (fo=4, unplaced)         0.926     3.583    custom_dsp_dense_implementation_ap_int_16_ap_int_48_config2_U0/pf_ap_return_3_U/fifo_reg[17][49]_srl18_n_0
                         LUT5 (Prop_lut5_I3_O)        0.124     3.707 f  custom_dsp_dense_implementation_ap_int_16_ap_int_48_config2_U0/pf_ap_return_3_U/pf_done_INST_0/O
                         net (fo=1, unplaced)         0.902     4.609    custom_dsp_dense_implementation_ap_int_16_ap_int_48_config2_U0/pf_ap_return_3_U_pf_done
                         LUT4 (Prop_lut4_I1_O)        0.124     4.733 r  custom_dsp_dense_implementation_ap_int_16_ap_int_48_config2_U0/pf_ap_return_0_U_i_51/O
                         net (fo=1, unplaced)         0.449     5.182    custom_dsp_dense_implementation_ap_int_16_ap_int_48_config2_U0/pf_ap_return_0_U_i_51_n_0
                         LUT5 (Prop_lut5_I4_O)        0.124     5.306 f  custom_dsp_dense_implementation_ap_int_16_ap_int_48_config2_U0/pf_ap_return_0_U_i_49/O
                         net (fo=30, unplaced)        0.519     5.825    layer2_out_5_U/custom_dsp_dense_implementation_ap_int_16_ap_int_48_config2_U0_ap_done
                         LUT5 (Prop_lut5_I4_O)        0.124     5.949 r  layer2_out_5_U/pf_ap_return_0_U_i_53/O
                         net (fo=2, unplaced)         0.913     6.862    custom_dsp_dense_implementation_ap_int_16_ap_int_48_config2_U0/stalled_reg_0
                         LUT5 (Prop_lut5_I2_O)        0.124     6.986 f  custom_dsp_dense_implementation_ap_int_16_ap_int_48_config2_U0/pf_ap_return_0_U_i_50/O
                         net (fo=40, unplaced)        0.526     7.512    custom_dsp_dense_implementation_ap_int_16_ap_int_48_config2_U0/pf_ap_return_0_U/pf_continue
                         LUT6 (Prop_lut6_I5_O)        0.124     7.636 r  custom_dsp_dense_implementation_ap_int_16_ap_int_48_config2_U0/pf_ap_return_0_U/stalled_i_1/O
                         net (fo=6, unplaced)         0.481     8.117    custom_dsp_dense_implementation_ap_int_16_ap_int_48_config2_U0/pf_ap_return_0_U/must_stall
                         LUT4 (Prop_lut4_I2_O)        0.124     8.241 r  custom_dsp_dense_implementation_ap_int_16_ap_int_48_config2_U0/pf_ap_return_0_U/fifo_reg[17][0]_srl18_i_1/O
                         net (fo=50, unplaced)        0.415     8.656    custom_dsp_dense_implementation_ap_int_16_ap_int_48_config2_U0/pf_ap_return_0_U/write_enable
                         SRLC32E                                      r  custom_dsp_dense_implementation_ap_int_16_ap_int_48_config2_U0/pf_ap_return_0_U/fifo_reg[17][0]_srl18/CE
  -------------------------------------------------------------------    -------------------

                         (clock ap_clk rise edge)     4.000     4.000 r  
                                                      0.000     4.000 r  ap_clk (IN)
                         net (fo=10424, unset)        0.924     4.924    custom_dsp_dense_implementation_ap_int_16_ap_int_48_config2_U0/pf_ap_return_0_U/ap_clk
                         SRLC32E                                      r  custom_dsp_dense_implementation_ap_int_16_ap_int_48_config2_U0/pf_ap_return_0_U/fifo_reg[17][0]_srl18/CLK
                         clock pessimism              0.000     4.924    
                         clock uncertainty           -0.035     4.889    
                         SRLC32E (Setup_srlc32e_CLK_CE)
                                                     -0.512     4.377    custom_dsp_dense_implementation_ap_int_16_ap_int_48_config2_U0/pf_ap_return_0_U/fifo_reg[17][0]_srl18
  -------------------------------------------------------------------
                         required time                          4.377    
                         arrival time                          -8.656    
  -------------------------------------------------------------------
                         slack                                 -4.279    

Slack (VIOLATED) :        -4.279ns  (required time - arrival time)
  Source:                 custom_dsp_dense_implementation_ap_int_16_ap_int_48_config2_U0/pf_ap_return_3_U/fifo_rdPtr_reg[0]/C
                            (rising edge-triggered cell FDSE clocked by ap_clk  {rise@0.000ns fall@2.000ns period=4.000ns})
  Destination:            custom_dsp_dense_implementation_ap_int_16_ap_int_48_config2_U0/pf_ap_return_0_U/fifo_reg[17][10]_srl18/CE
                            (rising edge-triggered cell SRLC32E clocked by ap_clk  {rise@0.000ns fall@2.000ns period=4.000ns})
  Path Group:             ap_clk
  Path Type:              Setup (Max at Slow Process Corner)
  Requirement:            4.000ns  (ap_clk rise@4.000ns - ap_clk rise@0.000ns)
  Data Path Delay:        7.683ns  (logic 1.659ns (21.593%)  route 6.024ns (78.407%))
  Logic Levels:           8  (LUT4=2 LUT5=4 LUT6=1 SRLC32E=1)
  Clock Path Skew:        -0.049ns (DCD - SCD + CPR)
    Destination Clock Delay (DCD):    0.924ns = ( 4.924 - 4.000 ) 
    Source Clock Delay      (SCD):    0.973ns
    Clock Pessimism Removal (CPR):    0.000ns
  Clock Uncertainty:      0.035ns  ((TSJ^2 + TIJ^2)^1/2 + DJ) / 2 + PE
    Total System Jitter     (TSJ):    0.071ns
    Total Input Jitter      (TIJ):    0.000ns
    Discrete Jitter          (DJ):    0.000ns
    Phase Error              (PE):    0.000ns

    Location             Delay type                Incr(ns)  Path(ns)    Netlist Resource(s)
  -------------------------------------------------------------------    -------------------
                         (clock ap_clk rise edge)     0.000     0.000 r  
                                                      0.000     0.000 r  ap_clk (IN)
                         net (fo=10424, unset)        0.973     0.973    custom_dsp_dense_implementation_ap_int_16_ap_int_48_config2_U0/pf_ap_return_3_U/ap_clk
                         FDSE                                         r  custom_dsp_dense_implementation_ap_int_16_ap_int_48_config2_U0/pf_ap_return_3_U/fifo_rdPtr_reg[0]/C
  -------------------------------------------------------------------    -------------------
                         FDSE (Prop_fdse_C_Q)         0.496     1.469 r  custom_dsp_dense_implementation_ap_int_16_ap_int_48_config2_U0/pf_ap_return_3_U/fifo_rdPtr_reg[0]/Q
                         net (fo=61, unplaced)        0.893     2.362    custom_dsp_dense_implementation_ap_int_16_ap_int_48_config2_U0/pf_ap_return_3_U/fifo_rdPtr_reg[0]
                         SRLC32E (Prop_srlc32e_A[0]_Q)
                                                      0.295     2.657 f  custom_dsp_dense_implementation_ap_int_16_ap_int_48_config2_U0/pf_ap_return_3_U/fifo_reg[17][49]_srl18/Q
                         net (fo=4, unplaced)         0.926     3.583    custom_dsp_dense_implementation_ap_int_16_ap_int_48_config2_U0/pf_ap_return_3_U/fifo_reg[17][49]_srl18_n_0
                         LUT5 (Prop_lut5_I3_O)        0.124     3.707 f  custom_dsp_dense_implementation_ap_int_16_ap_int_48_config2_U0/pf_ap_return_3_U/pf_done_INST_0/O
                         net (fo=1, unplaced)         0.902     4.609    custom_dsp_dense_implementation_ap_int_16_ap_int_48_config2_U0/pf_ap_return_3_U_pf_done
                         LUT4 (Prop_lut4_I1_O)        0.124     4.733 r  custom_dsp_dense_implementation_ap_int_16_ap_int_48_config2_U0/pf_ap_return_0_U_i_51/O
                         net (fo=1, unplaced)         0.449     5.182    custom_dsp_dense_implementation_ap_int_16_ap_int_48_config2_U0/pf_ap_return_0_U_i_51_n_0
                         LUT5 (Prop_lut5_I4_O)        0.124     5.306 f  custom_dsp_dense_implementation_ap_int_16_ap_int_48_config2_U0/pf_ap_return_0_U_i_49/O
                         net (fo=30, unplaced)        0.519     5.825    layer2_out_5_U/custom_dsp_dense_implementation_ap_int_16_ap_int_48_config2_U0_ap_done
                         LUT5 (Prop_lut5_I4_O)        0.124     5.949 r  layer2_out_5_U/pf_ap_return_0_U_i_53/O
                         net (fo=2, unplaced)         0.913     6.862    custom_dsp_dense_implementation_ap_int_16_ap_int_48_config2_U0/stalled_reg_0
                         LUT5 (Prop_lut5_I2_O)        0.124     6.986 f  custom_dsp_dense_implementation_ap_int_16_ap_int_48_config2_U0/pf_ap_return_0_U_i_50/O
                         net (fo=40, unplaced)        0.526     7.512    custom_dsp_dense_implementation_ap_int_16_ap_int_48_config2_U0/pf_ap_return_0_U/pf_continue
                         LUT6 (Prop_lut6_I5_O)        0.124     7.636 r  custom_dsp_dense_implementation_ap_int_16_ap_int_48_config2_U0/pf_ap_return_0_U/stalled_i_1/O
                         net (fo=6, unplaced)         0.481     8.117    custom_dsp_dense_implementation_ap_int_16_ap_int_48_config2_U0/pf_ap_return_0_U/must_stall
                         LUT4 (Prop_lut4_I2_O)        0.124     8.241 r  custom_dsp_dense_implementation_ap_int_16_ap_int_48_config2_U0/pf_ap_return_0_U/fifo_reg[17][0]_srl18_i_1/O
                         net (fo=50, unplaced)        0.415     8.656    custom_dsp_dense_implementation_ap_int_16_ap_int_48_config2_U0/pf_ap_return_0_U/write_enable
                         SRLC32E                                      r  custom_dsp_dense_implementation_ap_int_16_ap_int_48_config2_U0/pf_ap_return_0_U/fifo_reg[17][10]_srl18/CE
  -------------------------------------------------------------------    -------------------

                         (clock ap_clk rise edge)     4.000     4.000 r  
                                                      0.000     4.000 r  ap_clk (IN)
                         net (fo=10424, unset)        0.924     4.924    custom_dsp_dense_implementation_ap_int_16_ap_int_48_config2_U0/pf_ap_return_0_U/ap_clk
                         SRLC32E                                      r  custom_dsp_dense_implementation_ap_int_16_ap_int_48_config2_U0/pf_ap_return_0_U/fifo_reg[17][10]_srl18/CLK
                         clock pessimism              0.000     4.924    
                         clock uncertainty           -0.035     4.889    
                         SRLC32E (Setup_srlc32e_CLK_CE)
                                                     -0.512     4.377    custom_dsp_dense_implementation_ap_int_16_ap_int_48_config2_U0/pf_ap_return_0_U/fifo_reg[17][10]_srl18
  -------------------------------------------------------------------
                         required time                          4.377    
                         arrival time                          -8.656    
  -------------------------------------------------------------------
                         slack                                 -4.279    

Slack (VIOLATED) :        -4.279ns  (required time - arrival time)
  Source:                 custom_dsp_dense_implementation_ap_int_16_ap_int_48_config2_U0/pf_ap_return_3_U/fifo_rdPtr_reg[0]/C
                            (rising edge-triggered cell FDSE clocked by ap_clk  {rise@0.000ns fall@2.000ns period=4.000ns})
  Destination:            custom_dsp_dense_implementation_ap_int_16_ap_int_48_config2_U0/pf_ap_return_0_U/fifo_reg[17][11]_srl18/CE
                            (rising edge-triggered cell SRLC32E clocked by ap_clk  {rise@0.000ns fall@2.000ns period=4.000ns})
  Path Group:             ap_clk
  Path Type:              Setup (Max at Slow Process Corner)
  Requirement:            4.000ns  (ap_clk rise@4.000ns - ap_clk rise@0.000ns)
  Data Path Delay:        7.683ns  (logic 1.659ns (21.593%)  route 6.024ns (78.407%))
  Logic Levels:           8  (LUT4=2 LUT5=4 LUT6=1 SRLC32E=1)
  Clock Path Skew:        -0.049ns (DCD - SCD + CPR)
    Destination Clock Delay (DCD):    0.924ns = ( 4.924 - 4.000 ) 
    Source Clock Delay      (SCD):    0.973ns
    Clock Pessimism Removal (CPR):    0.000ns
  Clock Uncertainty:      0.035ns  ((TSJ^2 + TIJ^2)^1/2 + DJ) / 2 + PE
    Total System Jitter     (TSJ):    0.071ns
    Total Input Jitter      (TIJ):    0.000ns
    Discrete Jitter          (DJ):    0.000ns
    Phase Error              (PE):    0.000ns

    Location             Delay type                Incr(ns)  Path(ns)    Netlist Resource(s)
  -------------------------------------------------------------------    -------------------
                         (clock ap_clk rise edge)     0.000     0.000 r  
                                                      0.000     0.000 r  ap_clk (IN)
                         net (fo=10424, unset)        0.973     0.973    custom_dsp_dense_implementation_ap_int_16_ap_int_48_config2_U0/pf_ap_return_3_U/ap_clk
                         FDSE                                         r  custom_dsp_dense_implementation_ap_int_16_ap_int_48_config2_U0/pf_ap_return_3_U/fifo_rdPtr_reg[0]/C
  -------------------------------------------------------------------    -------------------
                         FDSE (Prop_fdse_C_Q)         0.496     1.469 r  custom_dsp_dense_implementation_ap_int_16_ap_int_48_config2_U0/pf_ap_return_3_U/fifo_rdPtr_reg[0]/Q
                         net (fo=61, unplaced)        0.893     2.362    custom_dsp_dense_implementation_ap_int_16_ap_int_48_config2_U0/pf_ap_return_3_U/fifo_rdPtr_reg[0]
                         SRLC32E (Prop_srlc32e_A[0]_Q)
                                                      0.295     2.657 f  custom_dsp_dense_implementation_ap_int_16_ap_int_48_config2_U0/pf_ap_return_3_U/fifo_reg[17][49]_srl18/Q
                         net (fo=4, unplaced)         0.926     3.583    custom_dsp_dense_implementation_ap_int_16_ap_int_48_config2_U0/pf_ap_return_3_U/fifo_reg[17][49]_srl18_n_0
                         LUT5 (Prop_lut5_I3_O)        0.124     3.707 f  custom_dsp_dense_implementation_ap_int_16_ap_int_48_config2_U0/pf_ap_return_3_U/pf_done_INST_0/O
                         net (fo=1, unplaced)         0.902     4.609    custom_dsp_dense_implementation_ap_int_16_ap_int_48_config2_U0/pf_ap_return_3_U_pf_done
                         LUT4 (Prop_lut4_I1_O)        0.124     4.733 r  custom_dsp_dense_implementation_ap_int_16_ap_int_48_config2_U0/pf_ap_return_0_U_i_51/O
                         net (fo=1, unplaced)         0.449     5.182    custom_dsp_dense_implementation_ap_int_16_ap_int_48_config2_U0/pf_ap_return_0_U_i_51_n_0
                         LUT5 (Prop_lut5_I4_O)        0.124     5.306 f  custom_dsp_dense_implementation_ap_int_16_ap_int_48_config2_U0/pf_ap_return_0_U_i_49/O
                         net (fo=30, unplaced)        0.519     5.825    layer2_out_5_U/custom_dsp_dense_implementation_ap_int_16_ap_int_48_config2_U0_ap_done
                         LUT5 (Prop_lut5_I4_O)        0.124     5.949 r  layer2_out_5_U/pf_ap_return_0_U_i_53/O
                         net (fo=2, unplaced)         0.913     6.862    custom_dsp_dense_implementation_ap_int_16_ap_int_48_config2_U0/stalled_reg_0
                         LUT5 (Prop_lut5_I2_O)        0.124     6.986 f  custom_dsp_dense_implementation_ap_int_16_ap_int_48_config2_U0/pf_ap_return_0_U_i_50/O
                         net (fo=40, unplaced)        0.526     7.512    custom_dsp_dense_implementation_ap_int_16_ap_int_48_config2_U0/pf_ap_return_0_U/pf_continue
                         LUT6 (Prop_lut6_I5_O)        0.124     7.636 r  custom_dsp_dense_implementation_ap_int_16_ap_int_48_config2_U0/pf_ap_return_0_U/stalled_i_1/O
                         net (fo=6, unplaced)         0.481     8.117    custom_dsp_dense_implementation_ap_int_16_ap_int_48_config2_U0/pf_ap_return_0_U/must_stall
                         LUT4 (Prop_lut4_I2_O)        0.124     8.241 r  custom_dsp_dense_implementation_ap_int_16_ap_int_48_config2_U0/pf_ap_return_0_U/fifo_reg[17][0]_srl18_i_1/O
                         net (fo=50, unplaced)        0.415     8.656    custom_dsp_dense_implementation_ap_int_16_ap_int_48_config2_U0/pf_ap_return_0_U/write_enable
                         SRLC32E                                      r  custom_dsp_dense_implementation_ap_int_16_ap_int_48_config2_U0/pf_ap_return_0_U/fifo_reg[17][11]_srl18/CE
  -------------------------------------------------------------------    -------------------

                         (clock ap_clk rise edge)     4.000     4.000 r  
                                                      0.000     4.000 r  ap_clk (IN)
                         net (fo=10424, unset)        0.924     4.924    custom_dsp_dense_implementation_ap_int_16_ap_int_48_config2_U0/pf_ap_return_0_U/ap_clk
                         SRLC32E                                      r  custom_dsp_dense_implementation_ap_int_16_ap_int_48_config2_U0/pf_ap_return_0_U/fifo_reg[17][11]_srl18/CLK
                         clock pessimism              0.000     4.924    
                         clock uncertainty           -0.035     4.889    
                         SRLC32E (Setup_srlc32e_CLK_CE)
                                                     -0.512     4.377    custom_dsp_dense_implementation_ap_int_16_ap_int_48_config2_U0/pf_ap_return_0_U/fifo_reg[17][11]_srl18
  -------------------------------------------------------------------
                         required time                          4.377    
                         arrival time                          -8.656    
  -------------------------------------------------------------------
                         slack                                 -4.279    

Slack (VIOLATED) :        -4.279ns  (required time - arrival time)
  Source:                 custom_dsp_dense_implementation_ap_int_16_ap_int_48_config2_U0/pf_ap_return_3_U/fifo_rdPtr_reg[0]/C
                            (rising edge-triggered cell FDSE clocked by ap_clk  {rise@0.000ns fall@2.000ns period=4.000ns})
  Destination:            custom_dsp_dense_implementation_ap_int_16_ap_int_48_config2_U0/pf_ap_return_0_U/fifo_reg[17][12]_srl18/CE
                            (rising edge-triggered cell SRLC32E clocked by ap_clk  {rise@0.000ns fall@2.000ns period=4.000ns})
  Path Group:             ap_clk
  Path Type:              Setup (Max at Slow Process Corner)
  Requirement:            4.000ns  (ap_clk rise@4.000ns - ap_clk rise@0.000ns)
  Data Path Delay:        7.683ns  (logic 1.659ns (21.593%)  route 6.024ns (78.407%))
  Logic Levels:           8  (LUT4=2 LUT5=4 LUT6=1 SRLC32E=1)
  Clock Path Skew:        -0.049ns (DCD - SCD + CPR)
    Destination Clock Delay (DCD):    0.924ns = ( 4.924 - 4.000 ) 
    Source Clock Delay      (SCD):    0.973ns
    Clock Pessimism Removal (CPR):    0.000ns
  Clock Uncertainty:      0.035ns  ((TSJ^2 + TIJ^2)^1/2 + DJ) / 2 + PE
    Total System Jitter     (TSJ):    0.071ns
    Total Input Jitter      (TIJ):    0.000ns
    Discrete Jitter          (DJ):    0.000ns
    Phase Error              (PE):    0.000ns

    Location             Delay type                Incr(ns)  Path(ns)    Netlist Resource(s)
  -------------------------------------------------------------------    -------------------
                         (clock ap_clk rise edge)     0.000     0.000 r  
                                                      0.000     0.000 r  ap_clk (IN)
                         net (fo=10424, unset)        0.973     0.973    custom_dsp_dense_implementation_ap_int_16_ap_int_48_config2_U0/pf_ap_return_3_U/ap_clk
                         FDSE                                         r  custom_dsp_dense_implementation_ap_int_16_ap_int_48_config2_U0/pf_ap_return_3_U/fifo_rdPtr_reg[0]/C
  -------------------------------------------------------------------    -------------------
                         FDSE (Prop_fdse_C_Q)         0.496     1.469 r  custom_dsp_dense_implementation_ap_int_16_ap_int_48_config2_U0/pf_ap_return_3_U/fifo_rdPtr_reg[0]/Q
                         net (fo=61, unplaced)        0.893     2.362    custom_dsp_dense_implementation_ap_int_16_ap_int_48_config2_U0/pf_ap_return_3_U/fifo_rdPtr_reg[0]
                         SRLC32E (Prop_srlc32e_A[0]_Q)
                                                      0.295     2.657 f  custom_dsp_dense_implementation_ap_int_16_ap_int_48_config2_U0/pf_ap_return_3_U/fifo_reg[17][49]_srl18/Q
                         net (fo=4, unplaced)         0.926     3.583    custom_dsp_dense_implementation_ap_int_16_ap_int_48_config2_U0/pf_ap_return_3_U/fifo_reg[17][49]_srl18_n_0
                         LUT5 (Prop_lut5_I3_O)        0.124     3.707 f  custom_dsp_dense_implementation_ap_int_16_ap_int_48_config2_U0/pf_ap_return_3_U/pf_done_INST_0/O
                         net (fo=1, unplaced)         0.902     4.609    custom_dsp_dense_implementation_ap_int_16_ap_int_48_config2_U0/pf_ap_return_3_U_pf_done
                         LUT4 (Prop_lut4_I1_O)        0.124     4.733 r  custom_dsp_dense_implementation_ap_int_16_ap_int_48_config2_U0/pf_ap_return_0_U_i_51/O
                         net (fo=1, unplaced)         0.449     5.182    custom_dsp_dense_implementation_ap_int_16_ap_int_48_config2_U0/pf_ap_return_0_U_i_51_n_0
                         LUT5 (Prop_lut5_I4_O)        0.124     5.306 f  custom_dsp_dense_implementation_ap_int_16_ap_int_48_config2_U0/pf_ap_return_0_U_i_49/O
                         net (fo=30, unplaced)        0.519     5.825    layer2_out_5_U/custom_dsp_dense_implementation_ap_int_16_ap_int_48_config2_U0_ap_done
                         LUT5 (Prop_lut5_I4_O)        0.124     5.949 r  layer2_out_5_U/pf_ap_return_0_U_i_53/O
                         net (fo=2, unplaced)         0.913     6.862    custom_dsp_dense_implementation_ap_int_16_ap_int_48_config2_U0/stalled_reg_0
                         LUT5 (Prop_lut5_I2_O)        0.124     6.986 f  custom_dsp_dense_implementation_ap_int_16_ap_int_48_config2_U0/pf_ap_return_0_U_i_50/O
                         net (fo=40, unplaced)        0.526     7.512    custom_dsp_dense_implementation_ap_int_16_ap_int_48_config2_U0/pf_ap_return_0_U/pf_continue
                         LUT6 (Prop_lut6_I5_O)        0.124     7.636 r  custom_dsp_dense_implementation_ap_int_16_ap_int_48_config2_U0/pf_ap_return_0_U/stalled_i_1/O
                         net (fo=6, unplaced)         0.481     8.117    custom_dsp_dense_implementation_ap_int_16_ap_int_48_config2_U0/pf_ap_return_0_U/must_stall
                         LUT4 (Prop_lut4_I2_O)        0.124     8.241 r  custom_dsp_dense_implementation_ap_int_16_ap_int_48_config2_U0/pf_ap_return_0_U/fifo_reg[17][0]_srl18_i_1/O
                         net (fo=50, unplaced)        0.415     8.656    custom_dsp_dense_implementation_ap_int_16_ap_int_48_config2_U0/pf_ap_return_0_U/write_enable
                         SRLC32E                                      r  custom_dsp_dense_implementation_ap_int_16_ap_int_48_config2_U0/pf_ap_return_0_U/fifo_reg[17][12]_srl18/CE
  -------------------------------------------------------------------    -------------------

                         (clock ap_clk rise edge)     4.000     4.000 r  
                                                      0.000     4.000 r  ap_clk (IN)
                         net (fo=10424, unset)        0.924     4.924    custom_dsp_dense_implementation_ap_int_16_ap_int_48_config2_U0/pf_ap_return_0_U/ap_clk
                         SRLC32E                                      r  custom_dsp_dense_implementation_ap_int_16_ap_int_48_config2_U0/pf_ap_return_0_U/fifo_reg[17][12]_srl18/CLK
                         clock pessimism              0.000     4.924    
                         clock uncertainty           -0.035     4.889    
                         SRLC32E (Setup_srlc32e_CLK_CE)
                                                     -0.512     4.377    custom_dsp_dense_implementation_ap_int_16_ap_int_48_config2_U0/pf_ap_return_0_U/fifo_reg[17][12]_srl18
  -------------------------------------------------------------------
                         required time                          4.377    
                         arrival time                          -8.656    
  -------------------------------------------------------------------
                         slack                                 -4.279    

Slack (VIOLATED) :        -4.279ns  (required time - arrival time)
  Source:                 custom_dsp_dense_implementation_ap_int_16_ap_int_48_config2_U0/pf_ap_return_3_U/fifo_rdPtr_reg[0]/C
                            (rising edge-triggered cell FDSE clocked by ap_clk  {rise@0.000ns fall@2.000ns period=4.000ns})
  Destination:            custom_dsp_dense_implementation_ap_int_16_ap_int_48_config2_U0/pf_ap_return_0_U/fifo_reg[17][13]_srl18/CE
                            (rising edge-triggered cell SRLC32E clocked by ap_clk  {rise@0.000ns fall@2.000ns period=4.000ns})
  Path Group:             ap_clk
  Path Type:              Setup (Max at Slow Process Corner)
  Requirement:            4.000ns  (ap_clk rise@4.000ns - ap_clk rise@0.000ns)
  Data Path Delay:        7.683ns  (logic 1.659ns (21.593%)  route 6.024ns (78.407%))
  Logic Levels:           8  (LUT4=2 LUT5=4 LUT6=1 SRLC32E=1)
  Clock Path Skew:        -0.049ns (DCD - SCD + CPR)
    Destination Clock Delay (DCD):    0.924ns = ( 4.924 - 4.000 ) 
    Source Clock Delay      (SCD):    0.973ns
    Clock Pessimism Removal (CPR):    0.000ns
  Clock Uncertainty:      0.035ns  ((TSJ^2 + TIJ^2)^1/2 + DJ) / 2 + PE
    Total System Jitter     (TSJ):    0.071ns
    Total Input Jitter      (TIJ):    0.000ns
    Discrete Jitter          (DJ):    0.000ns
    Phase Error              (PE):    0.000ns

    Location             Delay type                Incr(ns)  Path(ns)    Netlist Resource(s)
  -------------------------------------------------------------------    -------------------
                         (clock ap_clk rise edge)     0.000     0.000 r  
                                                      0.000     0.000 r  ap_clk (IN)
                         net (fo=10424, unset)        0.973     0.973    custom_dsp_dense_implementation_ap_int_16_ap_int_48_config2_U0/pf_ap_return_3_U/ap_clk
                         FDSE                                         r  custom_dsp_dense_implementation_ap_int_16_ap_int_48_config2_U0/pf_ap_return_3_U/fifo_rdPtr_reg[0]/C
  -------------------------------------------------------------------    -------------------
                         FDSE (Prop_fdse_C_Q)         0.496     1.469 r  custom_dsp_dense_implementation_ap_int_16_ap_int_48_config2_U0/pf_ap_return_3_U/fifo_rdPtr_reg[0]/Q
                         net (fo=61, unplaced)        0.893     2.362    custom_dsp_dense_implementation_ap_int_16_ap_int_48_config2_U0/pf_ap_return_3_U/fifo_rdPtr_reg[0]
                         SRLC32E (Prop_srlc32e_A[0]_Q)
                                                      0.295     2.657 f  custom_dsp_dense_implementation_ap_int_16_ap_int_48_config2_U0/pf_ap_return_3_U/fifo_reg[17][49]_srl18/Q
                         net (fo=4, unplaced)         0.926     3.583    custom_dsp_dense_implementation_ap_int_16_ap_int_48_config2_U0/pf_ap_return_3_U/fifo_reg[17][49]_srl18_n_0
                         LUT5 (Prop_lut5_I3_O)        0.124     3.707 f  custom_dsp_dense_implementation_ap_int_16_ap_int_48_config2_U0/pf_ap_return_3_U/pf_done_INST_0/O
                         net (fo=1, unplaced)         0.902     4.609    custom_dsp_dense_implementation_ap_int_16_ap_int_48_config2_U0/pf_ap_return_3_U_pf_done
                         LUT4 (Prop_lut4_I1_O)        0.124     4.733 r  custom_dsp_dense_implementation_ap_int_16_ap_int_48_config2_U0/pf_ap_return_0_U_i_51/O
                         net (fo=1, unplaced)         0.449     5.182    custom_dsp_dense_implementation_ap_int_16_ap_int_48_config2_U0/pf_ap_return_0_U_i_51_n_0
                         LUT5 (Prop_lut5_I4_O)        0.124     5.306 f  custom_dsp_dense_implementation_ap_int_16_ap_int_48_config2_U0/pf_ap_return_0_U_i_49/O
                         net (fo=30, unplaced)        0.519     5.825    layer2_out_5_U/custom_dsp_dense_implementation_ap_int_16_ap_int_48_config2_U0_ap_done
                         LUT5 (Prop_lut5_I4_O)        0.124     5.949 r  layer2_out_5_U/pf_ap_return_0_U_i_53/O
                         net (fo=2, unplaced)         0.913     6.862    custom_dsp_dense_implementation_ap_int_16_ap_int_48_config2_U0/stalled_reg_0
                         LUT5 (Prop_lut5_I2_O)        0.124     6.986 f  custom_dsp_dense_implementation_ap_int_16_ap_int_48_config2_U0/pf_ap_return_0_U_i_50/O
                         net (fo=40, unplaced)        0.526     7.512    custom_dsp_dense_implementation_ap_int_16_ap_int_48_config2_U0/pf_ap_return_0_U/pf_continue
                         LUT6 (Prop_lut6_I5_O)        0.124     7.636 r  custom_dsp_dense_implementation_ap_int_16_ap_int_48_config2_U0/pf_ap_return_0_U/stalled_i_1/O
                         net (fo=6, unplaced)         0.481     8.117    custom_dsp_dense_implementation_ap_int_16_ap_int_48_config2_U0/pf_ap_return_0_U/must_stall
                         LUT4 (Prop_lut4_I2_O)        0.124     8.241 r  custom_dsp_dense_implementation_ap_int_16_ap_int_48_config2_U0/pf_ap_return_0_U/fifo_reg[17][0]_srl18_i_1/O
                         net (fo=50, unplaced)        0.415     8.656    custom_dsp_dense_implementation_ap_int_16_ap_int_48_config2_U0/pf_ap_return_0_U/write_enable
                         SRLC32E                                      r  custom_dsp_dense_implementation_ap_int_16_ap_int_48_config2_U0/pf_ap_return_0_U/fifo_reg[17][13]_srl18/CE
  -------------------------------------------------------------------    -------------------

                         (clock ap_clk rise edge)     4.000     4.000 r  
                                                      0.000     4.000 r  ap_clk (IN)
                         net (fo=10424, unset)        0.924     4.924    custom_dsp_dense_implementation_ap_int_16_ap_int_48_config2_U0/pf_ap_return_0_U/ap_clk
                         SRLC32E                                      r  custom_dsp_dense_implementation_ap_int_16_ap_int_48_config2_U0/pf_ap_return_0_U/fifo_reg[17][13]_srl18/CLK
                         clock pessimism              0.000     4.924    
                         clock uncertainty           -0.035     4.889    
                         SRLC32E (Setup_srlc32e_CLK_CE)
                                                     -0.512     4.377    custom_dsp_dense_implementation_ap_int_16_ap_int_48_config2_U0/pf_ap_return_0_U/fifo_reg[17][13]_srl18
  -------------------------------------------------------------------
                         required time                          4.377    
                         arrival time                          -8.656    
  -------------------------------------------------------------------
                         slack                                 -4.279    

Slack (VIOLATED) :        -4.279ns  (required time - arrival time)
  Source:                 custom_dsp_dense_implementation_ap_int_16_ap_int_48_config2_U0/pf_ap_return_3_U/fifo_rdPtr_reg[0]/C
                            (rising edge-triggered cell FDSE clocked by ap_clk  {rise@0.000ns fall@2.000ns period=4.000ns})
  Destination:            custom_dsp_dense_implementation_ap_int_16_ap_int_48_config2_U0/pf_ap_return_0_U/fifo_reg[17][14]_srl18/CE
                            (rising edge-triggered cell SRLC32E clocked by ap_clk  {rise@0.000ns fall@2.000ns period=4.000ns})
  Path Group:             ap_clk
  Path Type:              Setup (Max at Slow Process Corner)
  Requirement:            4.000ns  (ap_clk rise@4.000ns - ap_clk rise@0.000ns)
  Data Path Delay:        7.683ns  (logic 1.659ns (21.593%)  route 6.024ns (78.407%))
  Logic Levels:           8  (LUT4=2 LUT5=4 LUT6=1 SRLC32E=1)
  Clock Path Skew:        -0.049ns (DCD - SCD + CPR)
    Destination Clock Delay (DCD):    0.924ns = ( 4.924 - 4.000 ) 
    Source Clock Delay      (SCD):    0.973ns
    Clock Pessimism Removal (CPR):    0.000ns
  Clock Uncertainty:      0.035ns  ((TSJ^2 + TIJ^2)^1/2 + DJ) / 2 + PE
    Total System Jitter     (TSJ):    0.071ns
    Total Input Jitter      (TIJ):    0.000ns
    Discrete Jitter          (DJ):    0.000ns
    Phase Error              (PE):    0.000ns

    Location             Delay type                Incr(ns)  Path(ns)    Netlist Resource(s)
  -------------------------------------------------------------------    -------------------
                         (clock ap_clk rise edge)     0.000     0.000 r  
                                                      0.000     0.000 r  ap_clk (IN)
                         net (fo=10424, unset)        0.973     0.973    custom_dsp_dense_implementation_ap_int_16_ap_int_48_config2_U0/pf_ap_return_3_U/ap_clk
                         FDSE                                         r  custom_dsp_dense_implementation_ap_int_16_ap_int_48_config2_U0/pf_ap_return_3_U/fifo_rdPtr_reg[0]/C
  -------------------------------------------------------------------    -------------------
                         FDSE (Prop_fdse_C_Q)         0.496     1.469 r  custom_dsp_dense_implementation_ap_int_16_ap_int_48_config2_U0/pf_ap_return_3_U/fifo_rdPtr_reg[0]/Q
                         net (fo=61, unplaced)        0.893     2.362    custom_dsp_dense_implementation_ap_int_16_ap_int_48_config2_U0/pf_ap_return_3_U/fifo_rdPtr_reg[0]
                         SRLC32E (Prop_srlc32e_A[0]_Q)
                                                      0.295     2.657 f  custom_dsp_dense_implementation_ap_int_16_ap_int_48_config2_U0/pf_ap_return_3_U/fifo_reg[17][49]_srl18/Q
                         net (fo=4, unplaced)         0.926     3.583    custom_dsp_dense_implementation_ap_int_16_ap_int_48_config2_U0/pf_ap_return_3_U/fifo_reg[17][49]_srl18_n_0
                         LUT5 (Prop_lut5_I3_O)        0.124     3.707 f  custom_dsp_dense_implementation_ap_int_16_ap_int_48_config2_U0/pf_ap_return_3_U/pf_done_INST_0/O
                         net (fo=1, unplaced)         0.902     4.609    custom_dsp_dense_implementation_ap_int_16_ap_int_48_config2_U0/pf_ap_return_3_U_pf_done
                         LUT4 (Prop_lut4_I1_O)        0.124     4.733 r  custom_dsp_dense_implementation_ap_int_16_ap_int_48_config2_U0/pf_ap_return_0_U_i_51/O
                         net (fo=1, unplaced)         0.449     5.182    custom_dsp_dense_implementation_ap_int_16_ap_int_48_config2_U0/pf_ap_return_0_U_i_51_n_0
                         LUT5 (Prop_lut5_I4_O)        0.124     5.306 f  custom_dsp_dense_implementation_ap_int_16_ap_int_48_config2_U0/pf_ap_return_0_U_i_49/O
                         net (fo=30, unplaced)        0.519     5.825    layer2_out_5_U/custom_dsp_dense_implementation_ap_int_16_ap_int_48_config2_U0_ap_done
                         LUT5 (Prop_lut5_I4_O)        0.124     5.949 r  layer2_out_5_U/pf_ap_return_0_U_i_53/O
                         net (fo=2, unplaced)         0.913     6.862    custom_dsp_dense_implementation_ap_int_16_ap_int_48_config2_U0/stalled_reg_0
                         LUT5 (Prop_lut5_I2_O)        0.124     6.986 f  custom_dsp_dense_implementation_ap_int_16_ap_int_48_config2_U0/pf_ap_return_0_U_i_50/O
                         net (fo=40, unplaced)        0.526     7.512    custom_dsp_dense_implementation_ap_int_16_ap_int_48_config2_U0/pf_ap_return_0_U/pf_continue
                         LUT6 (Prop_lut6_I5_O)        0.124     7.636 r  custom_dsp_dense_implementation_ap_int_16_ap_int_48_config2_U0/pf_ap_return_0_U/stalled_i_1/O
                         net (fo=6, unplaced)         0.481     8.117    custom_dsp_dense_implementation_ap_int_16_ap_int_48_config2_U0/pf_ap_return_0_U/must_stall
                         LUT4 (Prop_lut4_I2_O)        0.124     8.241 r  custom_dsp_dense_implementation_ap_int_16_ap_int_48_config2_U0/pf_ap_return_0_U/fifo_reg[17][0]_srl18_i_1/O
                         net (fo=50, unplaced)        0.415     8.656    custom_dsp_dense_implementation_ap_int_16_ap_int_48_config2_U0/pf_ap_return_0_U/write_enable
                         SRLC32E                                      r  custom_dsp_dense_implementation_ap_int_16_ap_int_48_config2_U0/pf_ap_return_0_U/fifo_reg[17][14]_srl18/CE
  -------------------------------------------------------------------    -------------------

                         (clock ap_clk rise edge)     4.000     4.000 r  
                                                      0.000     4.000 r  ap_clk (IN)
                         net (fo=10424, unset)        0.924     4.924    custom_dsp_dense_implementation_ap_int_16_ap_int_48_config2_U0/pf_ap_return_0_U/ap_clk
                         SRLC32E                                      r  custom_dsp_dense_implementation_ap_int_16_ap_int_48_config2_U0/pf_ap_return_0_U/fifo_reg[17][14]_srl18/CLK
                         clock pessimism              0.000     4.924    
                         clock uncertainty           -0.035     4.889    
                         SRLC32E (Setup_srlc32e_CLK_CE)
                                                     -0.512     4.377    custom_dsp_dense_implementation_ap_int_16_ap_int_48_config2_U0/pf_ap_return_0_U/fifo_reg[17][14]_srl18
  -------------------------------------------------------------------
                         required time                          4.377    
                         arrival time                          -8.656    
  -------------------------------------------------------------------
                         slack                                 -4.279    

Slack (VIOLATED) :        -4.279ns  (required time - arrival time)
  Source:                 custom_dsp_dense_implementation_ap_int_16_ap_int_48_config2_U0/pf_ap_return_3_U/fifo_rdPtr_reg[0]/C
                            (rising edge-triggered cell FDSE clocked by ap_clk  {rise@0.000ns fall@2.000ns period=4.000ns})
  Destination:            custom_dsp_dense_implementation_ap_int_16_ap_int_48_config2_U0/pf_ap_return_0_U/fifo_reg[17][15]_srl18/CE
                            (rising edge-triggered cell SRLC32E clocked by ap_clk  {rise@0.000ns fall@2.000ns period=4.000ns})
  Path Group:             ap_clk
  Path Type:              Setup (Max at Slow Process Corner)
  Requirement:            4.000ns  (ap_clk rise@4.000ns - ap_clk rise@0.000ns)
  Data Path Delay:        7.683ns  (logic 1.659ns (21.593%)  route 6.024ns (78.407%))
  Logic Levels:           8  (LUT4=2 LUT5=4 LUT6=1 SRLC32E=1)
  Clock Path Skew:        -0.049ns (DCD - SCD + CPR)
    Destination Clock Delay (DCD):    0.924ns = ( 4.924 - 4.000 ) 
    Source Clock Delay      (SCD):    0.973ns
    Clock Pessimism Removal (CPR):    0.000ns
  Clock Uncertainty:      0.035ns  ((TSJ^2 + TIJ^2)^1/2 + DJ) / 2 + PE
    Total System Jitter     (TSJ):    0.071ns
    Total Input Jitter      (TIJ):    0.000ns
    Discrete Jitter          (DJ):    0.000ns
    Phase Error              (PE):    0.000ns

    Location             Delay type                Incr(ns)  Path(ns)    Netlist Resource(s)
  -------------------------------------------------------------------    -------------------
                         (clock ap_clk rise edge)     0.000     0.000 r  
                                                      0.000     0.000 r  ap_clk (IN)
                         net (fo=10424, unset)        0.973     0.973    custom_dsp_dense_implementation_ap_int_16_ap_int_48_config2_U0/pf_ap_return_3_U/ap_clk
                         FDSE                                         r  custom_dsp_dense_implementation_ap_int_16_ap_int_48_config2_U0/pf_ap_return_3_U/fifo_rdPtr_reg[0]/C
  -------------------------------------------------------------------    -------------------
                         FDSE (Prop_fdse_C_Q)         0.496     1.469 r  custom_dsp_dense_implementation_ap_int_16_ap_int_48_config2_U0/pf_ap_return_3_U/fifo_rdPtr_reg[0]/Q
                         net (fo=61, unplaced)        0.893     2.362    custom_dsp_dense_implementation_ap_int_16_ap_int_48_config2_U0/pf_ap_return_3_U/fifo_rdPtr_reg[0]
                         SRLC32E (Prop_srlc32e_A[0]_Q)
                                                      0.295     2.657 f  custom_dsp_dense_implementation_ap_int_16_ap_int_48_config2_U0/pf_ap_return_3_U/fifo_reg[17][49]_srl18/Q
                         net (fo=4, unplaced)         0.926     3.583    custom_dsp_dense_implementation_ap_int_16_ap_int_48_config2_U0/pf_ap_return_3_U/fifo_reg[17][49]_srl18_n_0
                         LUT5 (Prop_lut5_I3_O)        0.124     3.707 f  custom_dsp_dense_implementation_ap_int_16_ap_int_48_config2_U0/pf_ap_return_3_U/pf_done_INST_0/O
                         net (fo=1, unplaced)         0.902     4.609    custom_dsp_dense_implementation_ap_int_16_ap_int_48_config2_U0/pf_ap_return_3_U_pf_done
                         LUT4 (Prop_lut4_I1_O)        0.124     4.733 r  custom_dsp_dense_implementation_ap_int_16_ap_int_48_config2_U0/pf_ap_return_0_U_i_51/O
                         net (fo=1, unplaced)         0.449     5.182    custom_dsp_dense_implementation_ap_int_16_ap_int_48_config2_U0/pf_ap_return_0_U_i_51_n_0
                         LUT5 (Prop_lut5_I4_O)        0.124     5.306 f  custom_dsp_dense_implementation_ap_int_16_ap_int_48_config2_U0/pf_ap_return_0_U_i_49/O
                         net (fo=30, unplaced)        0.519     5.825    layer2_out_5_U/custom_dsp_dense_implementation_ap_int_16_ap_int_48_config2_U0_ap_done
                         LUT5 (Prop_lut5_I4_O)        0.124     5.949 r  layer2_out_5_U/pf_ap_return_0_U_i_53/O
                         net (fo=2, unplaced)         0.913     6.862    custom_dsp_dense_implementation_ap_int_16_ap_int_48_config2_U0/stalled_reg_0
                         LUT5 (Prop_lut5_I2_O)        0.124     6.986 f  custom_dsp_dense_implementation_ap_int_16_ap_int_48_config2_U0/pf_ap_return_0_U_i_50/O
                         net (fo=40, unplaced)        0.526     7.512    custom_dsp_dense_implementation_ap_int_16_ap_int_48_config2_U0/pf_ap_return_0_U/pf_continue
                         LUT6 (Prop_lut6_I5_O)        0.124     7.636 r  custom_dsp_dense_implementation_ap_int_16_ap_int_48_config2_U0/pf_ap_return_0_U/stalled_i_1/O
                         net (fo=6, unplaced)         0.481     8.117    custom_dsp_dense_implementation_ap_int_16_ap_int_48_config2_U0/pf_ap_return_0_U/must_stall
                         LUT4 (Prop_lut4_I2_O)        0.124     8.241 r  custom_dsp_dense_implementation_ap_int_16_ap_int_48_config2_U0/pf_ap_return_0_U/fifo_reg[17][0]_srl18_i_1/O
                         net (fo=50, unplaced)        0.415     8.656    custom_dsp_dense_implementation_ap_int_16_ap_int_48_config2_U0/pf_ap_return_0_U/write_enable
                         SRLC32E                                      r  custom_dsp_dense_implementation_ap_int_16_ap_int_48_config2_U0/pf_ap_return_0_U/fifo_reg[17][15]_srl18/CE
  -------------------------------------------------------------------    -------------------

                         (clock ap_clk rise edge)     4.000     4.000 r  
                                                      0.000     4.000 r  ap_clk (IN)
                         net (fo=10424, unset)        0.924     4.924    custom_dsp_dense_implementation_ap_int_16_ap_int_48_config2_U0/pf_ap_return_0_U/ap_clk
                         SRLC32E                                      r  custom_dsp_dense_implementation_ap_int_16_ap_int_48_config2_U0/pf_ap_return_0_U/fifo_reg[17][15]_srl18/CLK
                         clock pessimism              0.000     4.924    
                         clock uncertainty           -0.035     4.889    
                         SRLC32E (Setup_srlc32e_CLK_CE)
                                                     -0.512     4.377    custom_dsp_dense_implementation_ap_int_16_ap_int_48_config2_U0/pf_ap_return_0_U/fifo_reg[17][15]_srl18
  -------------------------------------------------------------------
                         required time                          4.377    
                         arrival time                          -8.656    
  -------------------------------------------------------------------
                         slack                                 -4.279    

Slack (VIOLATED) :        -4.279ns  (required time - arrival time)
  Source:                 custom_dsp_dense_implementation_ap_int_16_ap_int_48_config2_U0/pf_ap_return_3_U/fifo_rdPtr_reg[0]/C
                            (rising edge-triggered cell FDSE clocked by ap_clk  {rise@0.000ns fall@2.000ns period=4.000ns})
  Destination:            custom_dsp_dense_implementation_ap_int_16_ap_int_48_config2_U0/pf_ap_return_0_U/fifo_reg[17][16]_srl18/CE
                            (rising edge-triggered cell SRLC32E clocked by ap_clk  {rise@0.000ns fall@2.000ns period=4.000ns})
  Path Group:             ap_clk
  Path Type:              Setup (Max at Slow Process Corner)
  Requirement:            4.000ns  (ap_clk rise@4.000ns - ap_clk rise@0.000ns)
  Data Path Delay:        7.683ns  (logic 1.659ns (21.593%)  route 6.024ns (78.407%))
  Logic Levels:           8  (LUT4=2 LUT5=4 LUT6=1 SRLC32E=1)
  Clock Path Skew:        -0.049ns (DCD - SCD + CPR)
    Destination Clock Delay (DCD):    0.924ns = ( 4.924 - 4.000 ) 
    Source Clock Delay      (SCD):    0.973ns
    Clock Pessimism Removal (CPR):    0.000ns
  Clock Uncertainty:      0.035ns  ((TSJ^2 + TIJ^2)^1/2 + DJ) / 2 + PE
    Total System Jitter     (TSJ):    0.071ns
    Total Input Jitter      (TIJ):    0.000ns
    Discrete Jitter          (DJ):    0.000ns
    Phase Error              (PE):    0.000ns

    Location             Delay type                Incr(ns)  Path(ns)    Netlist Resource(s)
  -------------------------------------------------------------------    -------------------
                         (clock ap_clk rise edge)     0.000     0.000 r  
                                                      0.000     0.000 r  ap_clk (IN)
                         net (fo=10424, unset)        0.973     0.973    custom_dsp_dense_implementation_ap_int_16_ap_int_48_config2_U0/pf_ap_return_3_U/ap_clk
                         FDSE                                         r  custom_dsp_dense_implementation_ap_int_16_ap_int_48_config2_U0/pf_ap_return_3_U/fifo_rdPtr_reg[0]/C
  -------------------------------------------------------------------    -------------------
                         FDSE (Prop_fdse_C_Q)         0.496     1.469 r  custom_dsp_dense_implementation_ap_int_16_ap_int_48_config2_U0/pf_ap_return_3_U/fifo_rdPtr_reg[0]/Q
                         net (fo=61, unplaced)        0.893     2.362    custom_dsp_dense_implementation_ap_int_16_ap_int_48_config2_U0/pf_ap_return_3_U/fifo_rdPtr_reg[0]
                         SRLC32E (Prop_srlc32e_A[0]_Q)
                                                      0.295     2.657 f  custom_dsp_dense_implementation_ap_int_16_ap_int_48_config2_U0/pf_ap_return_3_U/fifo_reg[17][49]_srl18/Q
                         net (fo=4, unplaced)         0.926     3.583    custom_dsp_dense_implementation_ap_int_16_ap_int_48_config2_U0/pf_ap_return_3_U/fifo_reg[17][49]_srl18_n_0
                         LUT5 (Prop_lut5_I3_O)        0.124     3.707 f  custom_dsp_dense_implementation_ap_int_16_ap_int_48_config2_U0/pf_ap_return_3_U/pf_done_INST_0/O
                         net (fo=1, unplaced)         0.902     4.609    custom_dsp_dense_implementation_ap_int_16_ap_int_48_config2_U0/pf_ap_return_3_U_pf_done
                         LUT4 (Prop_lut4_I1_O)        0.124     4.733 r  custom_dsp_dense_implementation_ap_int_16_ap_int_48_config2_U0/pf_ap_return_0_U_i_51/O
                         net (fo=1, unplaced)         0.449     5.182    custom_dsp_dense_implementation_ap_int_16_ap_int_48_config2_U0/pf_ap_return_0_U_i_51_n_0
                         LUT5 (Prop_lut5_I4_O)        0.124     5.306 f  custom_dsp_dense_implementation_ap_int_16_ap_int_48_config2_U0/pf_ap_return_0_U_i_49/O
                         net (fo=30, unplaced)        0.519     5.825    layer2_out_5_U/custom_dsp_dense_implementation_ap_int_16_ap_int_48_config2_U0_ap_done
                         LUT5 (Prop_lut5_I4_O)        0.124     5.949 r  layer2_out_5_U/pf_ap_return_0_U_i_53/O
                         net (fo=2, unplaced)         0.913     6.862    custom_dsp_dense_implementation_ap_int_16_ap_int_48_config2_U0/stalled_reg_0
                         LUT5 (Prop_lut5_I2_O)        0.124     6.986 f  custom_dsp_dense_implementation_ap_int_16_ap_int_48_config2_U0/pf_ap_return_0_U_i_50/O
                         net (fo=40, unplaced)        0.526     7.512    custom_dsp_dense_implementation_ap_int_16_ap_int_48_config2_U0/pf_ap_return_0_U/pf_continue
                         LUT6 (Prop_lut6_I5_O)        0.124     7.636 r  custom_dsp_dense_implementation_ap_int_16_ap_int_48_config2_U0/pf_ap_return_0_U/stalled_i_1/O
                         net (fo=6, unplaced)         0.481     8.117    custom_dsp_dense_implementation_ap_int_16_ap_int_48_config2_U0/pf_ap_return_0_U/must_stall
                         LUT4 (Prop_lut4_I2_O)        0.124     8.241 r  custom_dsp_dense_implementation_ap_int_16_ap_int_48_config2_U0/pf_ap_return_0_U/fifo_reg[17][0]_srl18_i_1/O
                         net (fo=50, unplaced)        0.415     8.656    custom_dsp_dense_implementation_ap_int_16_ap_int_48_config2_U0/pf_ap_return_0_U/write_enable
                         SRLC32E                                      r  custom_dsp_dense_implementation_ap_int_16_ap_int_48_config2_U0/pf_ap_return_0_U/fifo_reg[17][16]_srl18/CE
  -------------------------------------------------------------------    -------------------

                         (clock ap_clk rise edge)     4.000     4.000 r  
                                                      0.000     4.000 r  ap_clk (IN)
                         net (fo=10424, unset)        0.924     4.924    custom_dsp_dense_implementation_ap_int_16_ap_int_48_config2_U0/pf_ap_return_0_U/ap_clk
                         SRLC32E                                      r  custom_dsp_dense_implementation_ap_int_16_ap_int_48_config2_U0/pf_ap_return_0_U/fifo_reg[17][16]_srl18/CLK
                         clock pessimism              0.000     4.924    
                         clock uncertainty           -0.035     4.889    
                         SRLC32E (Setup_srlc32e_CLK_CE)
                                                     -0.512     4.377    custom_dsp_dense_implementation_ap_int_16_ap_int_48_config2_U0/pf_ap_return_0_U/fifo_reg[17][16]_srl18
  -------------------------------------------------------------------
                         required time                          4.377    
                         arrival time                          -8.656    
  -------------------------------------------------------------------
                         slack                                 -4.279    

Slack (VIOLATED) :        -4.279ns  (required time - arrival time)
  Source:                 custom_dsp_dense_implementation_ap_int_16_ap_int_48_config2_U0/pf_ap_return_3_U/fifo_rdPtr_reg[0]/C
                            (rising edge-triggered cell FDSE clocked by ap_clk  {rise@0.000ns fall@2.000ns period=4.000ns})
  Destination:            custom_dsp_dense_implementation_ap_int_16_ap_int_48_config2_U0/pf_ap_return_0_U/fifo_reg[17][17]_srl18/CE
                            (rising edge-triggered cell SRLC32E clocked by ap_clk  {rise@0.000ns fall@2.000ns period=4.000ns})
  Path Group:             ap_clk
  Path Type:              Setup (Max at Slow Process Corner)
  Requirement:            4.000ns  (ap_clk rise@4.000ns - ap_clk rise@0.000ns)
  Data Path Delay:        7.683ns  (logic 1.659ns (21.593%)  route 6.024ns (78.407%))
  Logic Levels:           8  (LUT4=2 LUT5=4 LUT6=1 SRLC32E=1)
  Clock Path Skew:        -0.049ns (DCD - SCD + CPR)
    Destination Clock Delay (DCD):    0.924ns = ( 4.924 - 4.000 ) 
    Source Clock Delay      (SCD):    0.973ns
    Clock Pessimism Removal (CPR):    0.000ns
  Clock Uncertainty:      0.035ns  ((TSJ^2 + TIJ^2)^1/2 + DJ) / 2 + PE
    Total System Jitter     (TSJ):    0.071ns
    Total Input Jitter      (TIJ):    0.000ns
    Discrete Jitter          (DJ):    0.000ns
    Phase Error              (PE):    0.000ns

    Location             Delay type                Incr(ns)  Path(ns)    Netlist Resource(s)
  -------------------------------------------------------------------    -------------------
                         (clock ap_clk rise edge)     0.000     0.000 r  
                                                      0.000     0.000 r  ap_clk (IN)
                         net (fo=10424, unset)        0.973     0.973    custom_dsp_dense_implementation_ap_int_16_ap_int_48_config2_U0/pf_ap_return_3_U/ap_clk
                         FDSE                                         r  custom_dsp_dense_implementation_ap_int_16_ap_int_48_config2_U0/pf_ap_return_3_U/fifo_rdPtr_reg[0]/C
  -------------------------------------------------------------------    -------------------
                         FDSE (Prop_fdse_C_Q)         0.496     1.469 r  custom_dsp_dense_implementation_ap_int_16_ap_int_48_config2_U0/pf_ap_return_3_U/fifo_rdPtr_reg[0]/Q
                         net (fo=61, unplaced)        0.893     2.362    custom_dsp_dense_implementation_ap_int_16_ap_int_48_config2_U0/pf_ap_return_3_U/fifo_rdPtr_reg[0]
                         SRLC32E (Prop_srlc32e_A[0]_Q)
                                                      0.295     2.657 f  custom_dsp_dense_implementation_ap_int_16_ap_int_48_config2_U0/pf_ap_return_3_U/fifo_reg[17][49]_srl18/Q
                         net (fo=4, unplaced)         0.926     3.583    custom_dsp_dense_implementation_ap_int_16_ap_int_48_config2_U0/pf_ap_return_3_U/fifo_reg[17][49]_srl18_n_0
                         LUT5 (Prop_lut5_I3_O)        0.124     3.707 f  custom_dsp_dense_implementation_ap_int_16_ap_int_48_config2_U0/pf_ap_return_3_U/pf_done_INST_0/O
                         net (fo=1, unplaced)         0.902     4.609    custom_dsp_dense_implementation_ap_int_16_ap_int_48_config2_U0/pf_ap_return_3_U_pf_done
                         LUT4 (Prop_lut4_I1_O)        0.124     4.733 r  custom_dsp_dense_implementation_ap_int_16_ap_int_48_config2_U0/pf_ap_return_0_U_i_51/O
                         net (fo=1, unplaced)         0.449     5.182    custom_dsp_dense_implementation_ap_int_16_ap_int_48_config2_U0/pf_ap_return_0_U_i_51_n_0
                         LUT5 (Prop_lut5_I4_O)        0.124     5.306 f  custom_dsp_dense_implementation_ap_int_16_ap_int_48_config2_U0/pf_ap_return_0_U_i_49/O
                         net (fo=30, unplaced)        0.519     5.825    layer2_out_5_U/custom_dsp_dense_implementation_ap_int_16_ap_int_48_config2_U0_ap_done
                         LUT5 (Prop_lut5_I4_O)        0.124     5.949 r  layer2_out_5_U/pf_ap_return_0_U_i_53/O
                         net (fo=2, unplaced)         0.913     6.862    custom_dsp_dense_implementation_ap_int_16_ap_int_48_config2_U0/stalled_reg_0
                         LUT5 (Prop_lut5_I2_O)        0.124     6.986 f  custom_dsp_dense_implementation_ap_int_16_ap_int_48_config2_U0/pf_ap_return_0_U_i_50/O
                         net (fo=40, unplaced)        0.526     7.512    custom_dsp_dense_implementation_ap_int_16_ap_int_48_config2_U0/pf_ap_return_0_U/pf_continue
                         LUT6 (Prop_lut6_I5_O)        0.124     7.636 r  custom_dsp_dense_implementation_ap_int_16_ap_int_48_config2_U0/pf_ap_return_0_U/stalled_i_1/O
                         net (fo=6, unplaced)         0.481     8.117    custom_dsp_dense_implementation_ap_int_16_ap_int_48_config2_U0/pf_ap_return_0_U/must_stall
                         LUT4 (Prop_lut4_I2_O)        0.124     8.241 r  custom_dsp_dense_implementation_ap_int_16_ap_int_48_config2_U0/pf_ap_return_0_U/fifo_reg[17][0]_srl18_i_1/O
                         net (fo=50, unplaced)        0.415     8.656    custom_dsp_dense_implementation_ap_int_16_ap_int_48_config2_U0/pf_ap_return_0_U/write_enable
                         SRLC32E                                      r  custom_dsp_dense_implementation_ap_int_16_ap_int_48_config2_U0/pf_ap_return_0_U/fifo_reg[17][17]_srl18/CE
  -------------------------------------------------------------------    -------------------

                         (clock ap_clk rise edge)     4.000     4.000 r  
                                                      0.000     4.000 r  ap_clk (IN)
                         net (fo=10424, unset)        0.924     4.924    custom_dsp_dense_implementation_ap_int_16_ap_int_48_config2_U0/pf_ap_return_0_U/ap_clk
                         SRLC32E                                      r  custom_dsp_dense_implementation_ap_int_16_ap_int_48_config2_U0/pf_ap_return_0_U/fifo_reg[17][17]_srl18/CLK
                         clock pessimism              0.000     4.924    
                         clock uncertainty           -0.035     4.889    
                         SRLC32E (Setup_srlc32e_CLK_CE)
                                                     -0.512     4.377    custom_dsp_dense_implementation_ap_int_16_ap_int_48_config2_U0/pf_ap_return_0_U/fifo_reg[17][17]_srl18
  -------------------------------------------------------------------
                         required time                          4.377    
                         arrival time                          -8.656    
  -------------------------------------------------------------------
                         slack                                 -4.279    

Slack (VIOLATED) :        -4.279ns  (required time - arrival time)
  Source:                 custom_dsp_dense_implementation_ap_int_16_ap_int_48_config2_U0/pf_ap_return_3_U/fifo_rdPtr_reg[0]/C
                            (rising edge-triggered cell FDSE clocked by ap_clk  {rise@0.000ns fall@2.000ns period=4.000ns})
  Destination:            custom_dsp_dense_implementation_ap_int_16_ap_int_48_config2_U0/pf_ap_return_0_U/fifo_reg[17][18]_srl18/CE
                            (rising edge-triggered cell SRLC32E clocked by ap_clk  {rise@0.000ns fall@2.000ns period=4.000ns})
  Path Group:             ap_clk
  Path Type:              Setup (Max at Slow Process Corner)
  Requirement:            4.000ns  (ap_clk rise@4.000ns - ap_clk rise@0.000ns)
  Data Path Delay:        7.683ns  (logic 1.659ns (21.593%)  route 6.024ns (78.407%))
  Logic Levels:           8  (LUT4=2 LUT5=4 LUT6=1 SRLC32E=1)
  Clock Path Skew:        -0.049ns (DCD - SCD + CPR)
    Destination Clock Delay (DCD):    0.924ns = ( 4.924 - 4.000 ) 
    Source Clock Delay      (SCD):    0.973ns
    Clock Pessimism Removal (CPR):    0.000ns
  Clock Uncertainty:      0.035ns  ((TSJ^2 + TIJ^2)^1/2 + DJ) / 2 + PE
    Total System Jitter     (TSJ):    0.071ns
    Total Input Jitter      (TIJ):    0.000ns
    Discrete Jitter          (DJ):    0.000ns
    Phase Error              (PE):    0.000ns

    Location             Delay type                Incr(ns)  Path(ns)    Netlist Resource(s)
  -------------------------------------------------------------------    -------------------
                         (clock ap_clk rise edge)     0.000     0.000 r  
                                                      0.000     0.000 r  ap_clk (IN)
                         net (fo=10424, unset)        0.973     0.973    custom_dsp_dense_implementation_ap_int_16_ap_int_48_config2_U0/pf_ap_return_3_U/ap_clk
                         FDSE                                         r  custom_dsp_dense_implementation_ap_int_16_ap_int_48_config2_U0/pf_ap_return_3_U/fifo_rdPtr_reg[0]/C
  -------------------------------------------------------------------    -------------------
                         FDSE (Prop_fdse_C_Q)         0.496     1.469 r  custom_dsp_dense_implementation_ap_int_16_ap_int_48_config2_U0/pf_ap_return_3_U/fifo_rdPtr_reg[0]/Q
                         net (fo=61, unplaced)        0.893     2.362    custom_dsp_dense_implementation_ap_int_16_ap_int_48_config2_U0/pf_ap_return_3_U/fifo_rdPtr_reg[0]
                         SRLC32E (Prop_srlc32e_A[0]_Q)
                                                      0.295     2.657 f  custom_dsp_dense_implementation_ap_int_16_ap_int_48_config2_U0/pf_ap_return_3_U/fifo_reg[17][49]_srl18/Q
                         net (fo=4, unplaced)         0.926     3.583    custom_dsp_dense_implementation_ap_int_16_ap_int_48_config2_U0/pf_ap_return_3_U/fifo_reg[17][49]_srl18_n_0
                         LUT5 (Prop_lut5_I3_O)        0.124     3.707 f  custom_dsp_dense_implementation_ap_int_16_ap_int_48_config2_U0/pf_ap_return_3_U/pf_done_INST_0/O
                         net (fo=1, unplaced)         0.902     4.609    custom_dsp_dense_implementation_ap_int_16_ap_int_48_config2_U0/pf_ap_return_3_U_pf_done
                         LUT4 (Prop_lut4_I1_O)        0.124     4.733 r  custom_dsp_dense_implementation_ap_int_16_ap_int_48_config2_U0/pf_ap_return_0_U_i_51/O
                         net (fo=1, unplaced)         0.449     5.182    custom_dsp_dense_implementation_ap_int_16_ap_int_48_config2_U0/pf_ap_return_0_U_i_51_n_0
                         LUT5 (Prop_lut5_I4_O)        0.124     5.306 f  custom_dsp_dense_implementation_ap_int_16_ap_int_48_config2_U0/pf_ap_return_0_U_i_49/O
                         net (fo=30, unplaced)        0.519     5.825    layer2_out_5_U/custom_dsp_dense_implementation_ap_int_16_ap_int_48_config2_U0_ap_done
                         LUT5 (Prop_lut5_I4_O)        0.124     5.949 r  layer2_out_5_U/pf_ap_return_0_U_i_53/O
                         net (fo=2, unplaced)         0.913     6.862    custom_dsp_dense_implementation_ap_int_16_ap_int_48_config2_U0/stalled_reg_0
                         LUT5 (Prop_lut5_I2_O)        0.124     6.986 f  custom_dsp_dense_implementation_ap_int_16_ap_int_48_config2_U0/pf_ap_return_0_U_i_50/O
                         net (fo=40, unplaced)        0.526     7.512    custom_dsp_dense_implementation_ap_int_16_ap_int_48_config2_U0/pf_ap_return_0_U/pf_continue
                         LUT6 (Prop_lut6_I5_O)        0.124     7.636 r  custom_dsp_dense_implementation_ap_int_16_ap_int_48_config2_U0/pf_ap_return_0_U/stalled_i_1/O
                         net (fo=6, unplaced)         0.481     8.117    custom_dsp_dense_implementation_ap_int_16_ap_int_48_config2_U0/pf_ap_return_0_U/must_stall
                         LUT4 (Prop_lut4_I2_O)        0.124     8.241 r  custom_dsp_dense_implementation_ap_int_16_ap_int_48_config2_U0/pf_ap_return_0_U/fifo_reg[17][0]_srl18_i_1/O
                         net (fo=50, unplaced)        0.415     8.656    custom_dsp_dense_implementation_ap_int_16_ap_int_48_config2_U0/pf_ap_return_0_U/write_enable
                         SRLC32E                                      r  custom_dsp_dense_implementation_ap_int_16_ap_int_48_config2_U0/pf_ap_return_0_U/fifo_reg[17][18]_srl18/CE
  -------------------------------------------------------------------    -------------------

                         (clock ap_clk rise edge)     4.000     4.000 r  
                                                      0.000     4.000 r  ap_clk (IN)
                         net (fo=10424, unset)        0.924     4.924    custom_dsp_dense_implementation_ap_int_16_ap_int_48_config2_U0/pf_ap_return_0_U/ap_clk
                         SRLC32E                                      r  custom_dsp_dense_implementation_ap_int_16_ap_int_48_config2_U0/pf_ap_return_0_U/fifo_reg[17][18]_srl18/CLK
                         clock pessimism              0.000     4.924    
                         clock uncertainty           -0.035     4.889    
                         SRLC32E (Setup_srlc32e_CLK_CE)
                                                     -0.512     4.377    custom_dsp_dense_implementation_ap_int_16_ap_int_48_config2_U0/pf_ap_return_0_U/fifo_reg[17][18]_srl18
  -------------------------------------------------------------------
                         required time                          4.377    
                         arrival time                          -8.656    
  -------------------------------------------------------------------
                         slack                                 -4.279    

Slack (VIOLATED) :        -4.279ns  (required time - arrival time)
  Source:                 custom_dsp_dense_implementation_ap_int_16_ap_int_48_config2_U0/pf_ap_return_3_U/fifo_rdPtr_reg[0]/C
                            (rising edge-triggered cell FDSE clocked by ap_clk  {rise@0.000ns fall@2.000ns period=4.000ns})
  Destination:            custom_dsp_dense_implementation_ap_int_16_ap_int_48_config2_U0/pf_ap_return_0_U/fifo_reg[17][19]_srl18/CE
                            (rising edge-triggered cell SRLC32E clocked by ap_clk  {rise@0.000ns fall@2.000ns period=4.000ns})
  Path Group:             ap_clk
  Path Type:              Setup (Max at Slow Process Corner)
  Requirement:            4.000ns  (ap_clk rise@4.000ns - ap_clk rise@0.000ns)
  Data Path Delay:        7.683ns  (logic 1.659ns (21.593%)  route 6.024ns (78.407%))
  Logic Levels:           8  (LUT4=2 LUT5=4 LUT6=1 SRLC32E=1)
  Clock Path Skew:        -0.049ns (DCD - SCD + CPR)
    Destination Clock Delay (DCD):    0.924ns = ( 4.924 - 4.000 ) 
    Source Clock Delay      (SCD):    0.973ns
    Clock Pessimism Removal (CPR):    0.000ns
  Clock Uncertainty:      0.035ns  ((TSJ^2 + TIJ^2)^1/2 + DJ) / 2 + PE
    Total System Jitter     (TSJ):    0.071ns
    Total Input Jitter      (TIJ):    0.000ns
    Discrete Jitter          (DJ):    0.000ns
    Phase Error              (PE):    0.000ns

    Location             Delay type                Incr(ns)  Path(ns)    Netlist Resource(s)
  -------------------------------------------------------------------    -------------------
                         (clock ap_clk rise edge)     0.000     0.000 r  
                                                      0.000     0.000 r  ap_clk (IN)
                         net (fo=10424, unset)        0.973     0.973    custom_dsp_dense_implementation_ap_int_16_ap_int_48_config2_U0/pf_ap_return_3_U/ap_clk
                         FDSE                                         r  custom_dsp_dense_implementation_ap_int_16_ap_int_48_config2_U0/pf_ap_return_3_U/fifo_rdPtr_reg[0]/C
  -------------------------------------------------------------------    -------------------
                         FDSE (Prop_fdse_C_Q)         0.496     1.469 r  custom_dsp_dense_implementation_ap_int_16_ap_int_48_config2_U0/pf_ap_return_3_U/fifo_rdPtr_reg[0]/Q
                         net (fo=61, unplaced)        0.893     2.362    custom_dsp_dense_implementation_ap_int_16_ap_int_48_config2_U0/pf_ap_return_3_U/fifo_rdPtr_reg[0]
                         SRLC32E (Prop_srlc32e_A[0]_Q)
                                                      0.295     2.657 f  custom_dsp_dense_implementation_ap_int_16_ap_int_48_config2_U0/pf_ap_return_3_U/fifo_reg[17][49]_srl18/Q
                         net (fo=4, unplaced)         0.926     3.583    custom_dsp_dense_implementation_ap_int_16_ap_int_48_config2_U0/pf_ap_return_3_U/fifo_reg[17][49]_srl18_n_0
                         LUT5 (Prop_lut5_I3_O)        0.124     3.707 f  custom_dsp_dense_implementation_ap_int_16_ap_int_48_config2_U0/pf_ap_return_3_U/pf_done_INST_0/O
                         net (fo=1, unplaced)         0.902     4.609    custom_dsp_dense_implementation_ap_int_16_ap_int_48_config2_U0/pf_ap_return_3_U_pf_done
                         LUT4 (Prop_lut4_I1_O)        0.124     4.733 r  custom_dsp_dense_implementation_ap_int_16_ap_int_48_config2_U0/pf_ap_return_0_U_i_51/O
                         net (fo=1, unplaced)         0.449     5.182    custom_dsp_dense_implementation_ap_int_16_ap_int_48_config2_U0/pf_ap_return_0_U_i_51_n_0
                         LUT5 (Prop_lut5_I4_O)        0.124     5.306 f  custom_dsp_dense_implementation_ap_int_16_ap_int_48_config2_U0/pf_ap_return_0_U_i_49/O
                         net (fo=30, unplaced)        0.519     5.825    layer2_out_5_U/custom_dsp_dense_implementation_ap_int_16_ap_int_48_config2_U0_ap_done
                         LUT5 (Prop_lut5_I4_O)        0.124     5.949 r  layer2_out_5_U/pf_ap_return_0_U_i_53/O
                         net (fo=2, unplaced)         0.913     6.862    custom_dsp_dense_implementation_ap_int_16_ap_int_48_config2_U0/stalled_reg_0
                         LUT5 (Prop_lut5_I2_O)        0.124     6.986 f  custom_dsp_dense_implementation_ap_int_16_ap_int_48_config2_U0/pf_ap_return_0_U_i_50/O
                         net (fo=40, unplaced)        0.526     7.512    custom_dsp_dense_implementation_ap_int_16_ap_int_48_config2_U0/pf_ap_return_0_U/pf_continue
                         LUT6 (Prop_lut6_I5_O)        0.124     7.636 r  custom_dsp_dense_implementation_ap_int_16_ap_int_48_config2_U0/pf_ap_return_0_U/stalled_i_1/O
                         net (fo=6, unplaced)         0.481     8.117    custom_dsp_dense_implementation_ap_int_16_ap_int_48_config2_U0/pf_ap_return_0_U/must_stall
                         LUT4 (Prop_lut4_I2_O)        0.124     8.241 r  custom_dsp_dense_implementation_ap_int_16_ap_int_48_config2_U0/pf_ap_return_0_U/fifo_reg[17][0]_srl18_i_1/O
                         net (fo=50, unplaced)        0.415     8.656    custom_dsp_dense_implementation_ap_int_16_ap_int_48_config2_U0/pf_ap_return_0_U/write_enable
                         SRLC32E                                      r  custom_dsp_dense_implementation_ap_int_16_ap_int_48_config2_U0/pf_ap_return_0_U/fifo_reg[17][19]_srl18/CE
  -------------------------------------------------------------------    -------------------

                         (clock ap_clk rise edge)     4.000     4.000 r  
                                                      0.000     4.000 r  ap_clk (IN)
                         net (fo=10424, unset)        0.924     4.924    custom_dsp_dense_implementation_ap_int_16_ap_int_48_config2_U0/pf_ap_return_0_U/ap_clk
                         SRLC32E                                      r  custom_dsp_dense_implementation_ap_int_16_ap_int_48_config2_U0/pf_ap_return_0_U/fifo_reg[17][19]_srl18/CLK
                         clock pessimism              0.000     4.924    
                         clock uncertainty           -0.035     4.889    
                         SRLC32E (Setup_srlc32e_CLK_CE)
                                                     -0.512     4.377    custom_dsp_dense_implementation_ap_int_16_ap_int_48_config2_U0/pf_ap_return_0_U/fifo_reg[17][19]_srl18
  -------------------------------------------------------------------
                         required time                          4.377    
                         arrival time                          -8.656    
  -------------------------------------------------------------------
                         slack                                 -4.279    

Slack (VIOLATED) :        -4.279ns  (required time - arrival time)
  Source:                 custom_dsp_dense_implementation_ap_int_16_ap_int_48_config2_U0/pf_ap_return_3_U/fifo_rdPtr_reg[0]/C
                            (rising edge-triggered cell FDSE clocked by ap_clk  {rise@0.000ns fall@2.000ns period=4.000ns})
  Destination:            custom_dsp_dense_implementation_ap_int_16_ap_int_48_config2_U0/pf_ap_return_0_U/fifo_reg[17][1]_srl18/CE
                            (rising edge-triggered cell SRLC32E clocked by ap_clk  {rise@0.000ns fall@2.000ns period=4.000ns})
  Path Group:             ap_clk
  Path Type:              Setup (Max at Slow Process Corner)
  Requirement:            4.000ns  (ap_clk rise@4.000ns - ap_clk rise@0.000ns)
  Data Path Delay:        7.683ns  (logic 1.659ns (21.593%)  route 6.024ns (78.407%))
  Logic Levels:           8  (LUT4=2 LUT5=4 LUT6=1 SRLC32E=1)
  Clock Path Skew:        -0.049ns (DCD - SCD + CPR)
    Destination Clock Delay (DCD):    0.924ns = ( 4.924 - 4.000 ) 
    Source Clock Delay      (SCD):    0.973ns
    Clock Pessimism Removal (CPR):    0.000ns
  Clock Uncertainty:      0.035ns  ((TSJ^2 + TIJ^2)^1/2 + DJ) / 2 + PE
    Total System Jitter     (TSJ):    0.071ns
    Total Input Jitter      (TIJ):    0.000ns
    Discrete Jitter          (DJ):    0.000ns
    Phase Error              (PE):    0.000ns

    Location             Delay type                Incr(ns)  Path(ns)    Netlist Resource(s)
  -------------------------------------------------------------------    -------------------
                         (clock ap_clk rise edge)     0.000     0.000 r  
                                                      0.000     0.000 r  ap_clk (IN)
                         net (fo=10424, unset)        0.973     0.973    custom_dsp_dense_implementation_ap_int_16_ap_int_48_config2_U0/pf_ap_return_3_U/ap_clk
                         FDSE                                         r  custom_dsp_dense_implementation_ap_int_16_ap_int_48_config2_U0/pf_ap_return_3_U/fifo_rdPtr_reg[0]/C
  -------------------------------------------------------------------    -------------------
                         FDSE (Prop_fdse_C_Q)         0.496     1.469 r  custom_dsp_dense_implementation_ap_int_16_ap_int_48_config2_U0/pf_ap_return_3_U/fifo_rdPtr_reg[0]/Q
                         net (fo=61, unplaced)        0.893     2.362    custom_dsp_dense_implementation_ap_int_16_ap_int_48_config2_U0/pf_ap_return_3_U/fifo_rdPtr_reg[0]
                         SRLC32E (Prop_srlc32e_A[0]_Q)
                                                      0.295     2.657 f  custom_dsp_dense_implementation_ap_int_16_ap_int_48_config2_U0/pf_ap_return_3_U/fifo_reg[17][49]_srl18/Q
                         net (fo=4, unplaced)         0.926     3.583    custom_dsp_dense_implementation_ap_int_16_ap_int_48_config2_U0/pf_ap_return_3_U/fifo_reg[17][49]_srl18_n_0
                         LUT5 (Prop_lut5_I3_O)        0.124     3.707 f  custom_dsp_dense_implementation_ap_int_16_ap_int_48_config2_U0/pf_ap_return_3_U/pf_done_INST_0/O
                         net (fo=1, unplaced)         0.902     4.609    custom_dsp_dense_implementation_ap_int_16_ap_int_48_config2_U0/pf_ap_return_3_U_pf_done
                         LUT4 (Prop_lut4_I1_O)        0.124     4.733 r  custom_dsp_dense_implementation_ap_int_16_ap_int_48_config2_U0/pf_ap_return_0_U_i_51/O
                         net (fo=1, unplaced)         0.449     5.182    custom_dsp_dense_implementation_ap_int_16_ap_int_48_config2_U0/pf_ap_return_0_U_i_51_n_0
                         LUT5 (Prop_lut5_I4_O)        0.124     5.306 f  custom_dsp_dense_implementation_ap_int_16_ap_int_48_config2_U0/pf_ap_return_0_U_i_49/O
                         net (fo=30, unplaced)        0.519     5.825    layer2_out_5_U/custom_dsp_dense_implementation_ap_int_16_ap_int_48_config2_U0_ap_done
                         LUT5 (Prop_lut5_I4_O)        0.124     5.949 r  layer2_out_5_U/pf_ap_return_0_U_i_53/O
                         net (fo=2, unplaced)         0.913     6.862    custom_dsp_dense_implementation_ap_int_16_ap_int_48_config2_U0/stalled_reg_0
                         LUT5 (Prop_lut5_I2_O)        0.124     6.986 f  custom_dsp_dense_implementation_ap_int_16_ap_int_48_config2_U0/pf_ap_return_0_U_i_50/O
                         net (fo=40, unplaced)        0.526     7.512    custom_dsp_dense_implementation_ap_int_16_ap_int_48_config2_U0/pf_ap_return_0_U/pf_continue
                         LUT6 (Prop_lut6_I5_O)        0.124     7.636 r  custom_dsp_dense_implementation_ap_int_16_ap_int_48_config2_U0/pf_ap_return_0_U/stalled_i_1/O
                         net (fo=6, unplaced)         0.481     8.117    custom_dsp_dense_implementation_ap_int_16_ap_int_48_config2_U0/pf_ap_return_0_U/must_stall
                         LUT4 (Prop_lut4_I2_O)        0.124     8.241 r  custom_dsp_dense_implementation_ap_int_16_ap_int_48_config2_U0/pf_ap_return_0_U/fifo_reg[17][0]_srl18_i_1/O
                         net (fo=50, unplaced)        0.415     8.656    custom_dsp_dense_implementation_ap_int_16_ap_int_48_config2_U0/pf_ap_return_0_U/write_enable
                         SRLC32E                                      r  custom_dsp_dense_implementation_ap_int_16_ap_int_48_config2_U0/pf_ap_return_0_U/fifo_reg[17][1]_srl18/CE
  -------------------------------------------------------------------    -------------------

                         (clock ap_clk rise edge)     4.000     4.000 r  
                                                      0.000     4.000 r  ap_clk (IN)
                         net (fo=10424, unset)        0.924     4.924    custom_dsp_dense_implementation_ap_int_16_ap_int_48_config2_U0/pf_ap_return_0_U/ap_clk
                         SRLC32E                                      r  custom_dsp_dense_implementation_ap_int_16_ap_int_48_config2_U0/pf_ap_return_0_U/fifo_reg[17][1]_srl18/CLK
                         clock pessimism              0.000     4.924    
                         clock uncertainty           -0.035     4.889    
                         SRLC32E (Setup_srlc32e_CLK_CE)
                                                     -0.512     4.377    custom_dsp_dense_implementation_ap_int_16_ap_int_48_config2_U0/pf_ap_return_0_U/fifo_reg[17][1]_srl18
  -------------------------------------------------------------------
                         required time                          4.377    
                         arrival time                          -8.656    
  -------------------------------------------------------------------
                         slack                                 -4.279    

Slack (VIOLATED) :        -4.279ns  (required time - arrival time)
  Source:                 custom_dsp_dense_implementation_ap_int_16_ap_int_48_config2_U0/pf_ap_return_3_U/fifo_rdPtr_reg[0]/C
                            (rising edge-triggered cell FDSE clocked by ap_clk  {rise@0.000ns fall@2.000ns period=4.000ns})
  Destination:            custom_dsp_dense_implementation_ap_int_16_ap_int_48_config2_U0/pf_ap_return_0_U/fifo_reg[17][20]_srl18/CE
                            (rising edge-triggered cell SRLC32E clocked by ap_clk  {rise@0.000ns fall@2.000ns period=4.000ns})
  Path Group:             ap_clk
  Path Type:              Setup (Max at Slow Process Corner)
  Requirement:            4.000ns  (ap_clk rise@4.000ns - ap_clk rise@0.000ns)
  Data Path Delay:        7.683ns  (logic 1.659ns (21.593%)  route 6.024ns (78.407%))
  Logic Levels:           8  (LUT4=2 LUT5=4 LUT6=1 SRLC32E=1)
  Clock Path Skew:        -0.049ns (DCD - SCD + CPR)
    Destination Clock Delay (DCD):    0.924ns = ( 4.924 - 4.000 ) 
    Source Clock Delay      (SCD):    0.973ns
    Clock Pessimism Removal (CPR):    0.000ns
  Clock Uncertainty:      0.035ns  ((TSJ^2 + TIJ^2)^1/2 + DJ) / 2 + PE
    Total System Jitter     (TSJ):    0.071ns
    Total Input Jitter      (TIJ):    0.000ns
    Discrete Jitter          (DJ):    0.000ns
    Phase Error              (PE):    0.000ns

    Location             Delay type                Incr(ns)  Path(ns)    Netlist Resource(s)
  -------------------------------------------------------------------    -------------------
                         (clock ap_clk rise edge)     0.000     0.000 r  
                                                      0.000     0.000 r  ap_clk (IN)
                         net (fo=10424, unset)        0.973     0.973    custom_dsp_dense_implementation_ap_int_16_ap_int_48_config2_U0/pf_ap_return_3_U/ap_clk
                         FDSE                                         r  custom_dsp_dense_implementation_ap_int_16_ap_int_48_config2_U0/pf_ap_return_3_U/fifo_rdPtr_reg[0]/C
  -------------------------------------------------------------------    -------------------
                         FDSE (Prop_fdse_C_Q)         0.496     1.469 r  custom_dsp_dense_implementation_ap_int_16_ap_int_48_config2_U0/pf_ap_return_3_U/fifo_rdPtr_reg[0]/Q
                         net (fo=61, unplaced)        0.893     2.362    custom_dsp_dense_implementation_ap_int_16_ap_int_48_config2_U0/pf_ap_return_3_U/fifo_rdPtr_reg[0]
                         SRLC32E (Prop_srlc32e_A[0]_Q)
                                                      0.295     2.657 f  custom_dsp_dense_implementation_ap_int_16_ap_int_48_config2_U0/pf_ap_return_3_U/fifo_reg[17][49]_srl18/Q
                         net (fo=4, unplaced)         0.926     3.583    custom_dsp_dense_implementation_ap_int_16_ap_int_48_config2_U0/pf_ap_return_3_U/fifo_reg[17][49]_srl18_n_0
                         LUT5 (Prop_lut5_I3_O)        0.124     3.707 f  custom_dsp_dense_implementation_ap_int_16_ap_int_48_config2_U0/pf_ap_return_3_U/pf_done_INST_0/O
                         net (fo=1, unplaced)         0.902     4.609    custom_dsp_dense_implementation_ap_int_16_ap_int_48_config2_U0/pf_ap_return_3_U_pf_done
                         LUT4 (Prop_lut4_I1_O)        0.124     4.733 r  custom_dsp_dense_implementation_ap_int_16_ap_int_48_config2_U0/pf_ap_return_0_U_i_51/O
                         net (fo=1, unplaced)         0.449     5.182    custom_dsp_dense_implementation_ap_int_16_ap_int_48_config2_U0/pf_ap_return_0_U_i_51_n_0
                         LUT5 (Prop_lut5_I4_O)        0.124     5.306 f  custom_dsp_dense_implementation_ap_int_16_ap_int_48_config2_U0/pf_ap_return_0_U_i_49/O
                         net (fo=30, unplaced)        0.519     5.825    layer2_out_5_U/custom_dsp_dense_implementation_ap_int_16_ap_int_48_config2_U0_ap_done
                         LUT5 (Prop_lut5_I4_O)        0.124     5.949 r  layer2_out_5_U/pf_ap_return_0_U_i_53/O
                         net (fo=2, unplaced)         0.913     6.862    custom_dsp_dense_implementation_ap_int_16_ap_int_48_config2_U0/stalled_reg_0
                         LUT5 (Prop_lut5_I2_O)        0.124     6.986 f  custom_dsp_dense_implementation_ap_int_16_ap_int_48_config2_U0/pf_ap_return_0_U_i_50/O
                         net (fo=40, unplaced)        0.526     7.512    custom_dsp_dense_implementation_ap_int_16_ap_int_48_config2_U0/pf_ap_return_0_U/pf_continue
                         LUT6 (Prop_lut6_I5_O)        0.124     7.636 r  custom_dsp_dense_implementation_ap_int_16_ap_int_48_config2_U0/pf_ap_return_0_U/stalled_i_1/O
                         net (fo=6, unplaced)         0.481     8.117    custom_dsp_dense_implementation_ap_int_16_ap_int_48_config2_U0/pf_ap_return_0_U/must_stall
                         LUT4 (Prop_lut4_I2_O)        0.124     8.241 r  custom_dsp_dense_implementation_ap_int_16_ap_int_48_config2_U0/pf_ap_return_0_U/fifo_reg[17][0]_srl18_i_1/O
                         net (fo=50, unplaced)        0.415     8.656    custom_dsp_dense_implementation_ap_int_16_ap_int_48_config2_U0/pf_ap_return_0_U/write_enable
                         SRLC32E                                      r  custom_dsp_dense_implementation_ap_int_16_ap_int_48_config2_U0/pf_ap_return_0_U/fifo_reg[17][20]_srl18/CE
  -------------------------------------------------------------------    -------------------

                         (clock ap_clk rise edge)     4.000     4.000 r  
                                                      0.000     4.000 r  ap_clk (IN)
                         net (fo=10424, unset)        0.924     4.924    custom_dsp_dense_implementation_ap_int_16_ap_int_48_config2_U0/pf_ap_return_0_U/ap_clk
                         SRLC32E                                      r  custom_dsp_dense_implementation_ap_int_16_ap_int_48_config2_U0/pf_ap_return_0_U/fifo_reg[17][20]_srl18/CLK
                         clock pessimism              0.000     4.924    
                         clock uncertainty           -0.035     4.889    
                         SRLC32E (Setup_srlc32e_CLK_CE)
                                                     -0.512     4.377    custom_dsp_dense_implementation_ap_int_16_ap_int_48_config2_U0/pf_ap_return_0_U/fifo_reg[17][20]_srl18
  -------------------------------------------------------------------
                         required time                          4.377    
                         arrival time                          -8.656    
  -------------------------------------------------------------------
                         slack                                 -4.279    

Slack (VIOLATED) :        -4.279ns  (required time - arrival time)
  Source:                 custom_dsp_dense_implementation_ap_int_16_ap_int_48_config2_U0/pf_ap_return_3_U/fifo_rdPtr_reg[0]/C
                            (rising edge-triggered cell FDSE clocked by ap_clk  {rise@0.000ns fall@2.000ns period=4.000ns})
  Destination:            custom_dsp_dense_implementation_ap_int_16_ap_int_48_config2_U0/pf_ap_return_0_U/fifo_reg[17][21]_srl18/CE
                            (rising edge-triggered cell SRLC32E clocked by ap_clk  {rise@0.000ns fall@2.000ns period=4.000ns})
  Path Group:             ap_clk
  Path Type:              Setup (Max at Slow Process Corner)
  Requirement:            4.000ns  (ap_clk rise@4.000ns - ap_clk rise@0.000ns)
  Data Path Delay:        7.683ns  (logic 1.659ns (21.593%)  route 6.024ns (78.407%))
  Logic Levels:           8  (LUT4=2 LUT5=4 LUT6=1 SRLC32E=1)
  Clock Path Skew:        -0.049ns (DCD - SCD + CPR)
    Destination Clock Delay (DCD):    0.924ns = ( 4.924 - 4.000 ) 
    Source Clock Delay      (SCD):    0.973ns
    Clock Pessimism Removal (CPR):    0.000ns
  Clock Uncertainty:      0.035ns  ((TSJ^2 + TIJ^2)^1/2 + DJ) / 2 + PE
    Total System Jitter     (TSJ):    0.071ns
    Total Input Jitter      (TIJ):    0.000ns
    Discrete Jitter          (DJ):    0.000ns
    Phase Error              (PE):    0.000ns

    Location             Delay type                Incr(ns)  Path(ns)    Netlist Resource(s)
  -------------------------------------------------------------------    -------------------
                         (clock ap_clk rise edge)     0.000     0.000 r  
                                                      0.000     0.000 r  ap_clk (IN)
                         net (fo=10424, unset)        0.973     0.973    custom_dsp_dense_implementation_ap_int_16_ap_int_48_config2_U0/pf_ap_return_3_U/ap_clk
                         FDSE                                         r  custom_dsp_dense_implementation_ap_int_16_ap_int_48_config2_U0/pf_ap_return_3_U/fifo_rdPtr_reg[0]/C
  -------------------------------------------------------------------    -------------------
                         FDSE (Prop_fdse_C_Q)         0.496     1.469 r  custom_dsp_dense_implementation_ap_int_16_ap_int_48_config2_U0/pf_ap_return_3_U/fifo_rdPtr_reg[0]/Q
                         net (fo=61, unplaced)        0.893     2.362    custom_dsp_dense_implementation_ap_int_16_ap_int_48_config2_U0/pf_ap_return_3_U/fifo_rdPtr_reg[0]
                         SRLC32E (Prop_srlc32e_A[0]_Q)
                                                      0.295     2.657 f  custom_dsp_dense_implementation_ap_int_16_ap_int_48_config2_U0/pf_ap_return_3_U/fifo_reg[17][49]_srl18/Q
                         net (fo=4, unplaced)         0.926     3.583    custom_dsp_dense_implementation_ap_int_16_ap_int_48_config2_U0/pf_ap_return_3_U/fifo_reg[17][49]_srl18_n_0
                         LUT5 (Prop_lut5_I3_O)        0.124     3.707 f  custom_dsp_dense_implementation_ap_int_16_ap_int_48_config2_U0/pf_ap_return_3_U/pf_done_INST_0/O
                         net (fo=1, unplaced)         0.902     4.609    custom_dsp_dense_implementation_ap_int_16_ap_int_48_config2_U0/pf_ap_return_3_U_pf_done
                         LUT4 (Prop_lut4_I1_O)        0.124     4.733 r  custom_dsp_dense_implementation_ap_int_16_ap_int_48_config2_U0/pf_ap_return_0_U_i_51/O
                         net (fo=1, unplaced)         0.449     5.182    custom_dsp_dense_implementation_ap_int_16_ap_int_48_config2_U0/pf_ap_return_0_U_i_51_n_0
                         LUT5 (Prop_lut5_I4_O)        0.124     5.306 f  custom_dsp_dense_implementation_ap_int_16_ap_int_48_config2_U0/pf_ap_return_0_U_i_49/O
                         net (fo=30, unplaced)        0.519     5.825    layer2_out_5_U/custom_dsp_dense_implementation_ap_int_16_ap_int_48_config2_U0_ap_done
                         LUT5 (Prop_lut5_I4_O)        0.124     5.949 r  layer2_out_5_U/pf_ap_return_0_U_i_53/O
                         net (fo=2, unplaced)         0.913     6.862    custom_dsp_dense_implementation_ap_int_16_ap_int_48_config2_U0/stalled_reg_0
                         LUT5 (Prop_lut5_I2_O)        0.124     6.986 f  custom_dsp_dense_implementation_ap_int_16_ap_int_48_config2_U0/pf_ap_return_0_U_i_50/O
                         net (fo=40, unplaced)        0.526     7.512    custom_dsp_dense_implementation_ap_int_16_ap_int_48_config2_U0/pf_ap_return_0_U/pf_continue
                         LUT6 (Prop_lut6_I5_O)        0.124     7.636 r  custom_dsp_dense_implementation_ap_int_16_ap_int_48_config2_U0/pf_ap_return_0_U/stalled_i_1/O
                         net (fo=6, unplaced)         0.481     8.117    custom_dsp_dense_implementation_ap_int_16_ap_int_48_config2_U0/pf_ap_return_0_U/must_stall
                         LUT4 (Prop_lut4_I2_O)        0.124     8.241 r  custom_dsp_dense_implementation_ap_int_16_ap_int_48_config2_U0/pf_ap_return_0_U/fifo_reg[17][0]_srl18_i_1/O
                         net (fo=50, unplaced)        0.415     8.656    custom_dsp_dense_implementation_ap_int_16_ap_int_48_config2_U0/pf_ap_return_0_U/write_enable
                         SRLC32E                                      r  custom_dsp_dense_implementation_ap_int_16_ap_int_48_config2_U0/pf_ap_return_0_U/fifo_reg[17][21]_srl18/CE
  -------------------------------------------------------------------    -------------------

                         (clock ap_clk rise edge)     4.000     4.000 r  
                                                      0.000     4.000 r  ap_clk (IN)
                         net (fo=10424, unset)        0.924     4.924    custom_dsp_dense_implementation_ap_int_16_ap_int_48_config2_U0/pf_ap_return_0_U/ap_clk
                         SRLC32E                                      r  custom_dsp_dense_implementation_ap_int_16_ap_int_48_config2_U0/pf_ap_return_0_U/fifo_reg[17][21]_srl18/CLK
                         clock pessimism              0.000     4.924    
                         clock uncertainty           -0.035     4.889    
                         SRLC32E (Setup_srlc32e_CLK_CE)
                                                     -0.512     4.377    custom_dsp_dense_implementation_ap_int_16_ap_int_48_config2_U0/pf_ap_return_0_U/fifo_reg[17][21]_srl18
  -------------------------------------------------------------------
                         required time                          4.377    
                         arrival time                          -8.656    
  -------------------------------------------------------------------
                         slack                                 -4.279    

Slack (VIOLATED) :        -4.279ns  (required time - arrival time)
  Source:                 custom_dsp_dense_implementation_ap_int_16_ap_int_48_config2_U0/pf_ap_return_3_U/fifo_rdPtr_reg[0]/C
                            (rising edge-triggered cell FDSE clocked by ap_clk  {rise@0.000ns fall@2.000ns period=4.000ns})
  Destination:            custom_dsp_dense_implementation_ap_int_16_ap_int_48_config2_U0/pf_ap_return_0_U/fifo_reg[17][22]_srl18/CE
                            (rising edge-triggered cell SRLC32E clocked by ap_clk  {rise@0.000ns fall@2.000ns period=4.000ns})
  Path Group:             ap_clk
  Path Type:              Setup (Max at Slow Process Corner)
  Requirement:            4.000ns  (ap_clk rise@4.000ns - ap_clk rise@0.000ns)
  Data Path Delay:        7.683ns  (logic 1.659ns (21.593%)  route 6.024ns (78.407%))
  Logic Levels:           8  (LUT4=2 LUT5=4 LUT6=1 SRLC32E=1)
  Clock Path Skew:        -0.049ns (DCD - SCD + CPR)
    Destination Clock Delay (DCD):    0.924ns = ( 4.924 - 4.000 ) 
    Source Clock Delay      (SCD):    0.973ns
    Clock Pessimism Removal (CPR):    0.000ns
  Clock Uncertainty:      0.035ns  ((TSJ^2 + TIJ^2)^1/2 + DJ) / 2 + PE
    Total System Jitter     (TSJ):    0.071ns
    Total Input Jitter      (TIJ):    0.000ns
    Discrete Jitter          (DJ):    0.000ns
    Phase Error              (PE):    0.000ns

    Location             Delay type                Incr(ns)  Path(ns)    Netlist Resource(s)
  -------------------------------------------------------------------    -------------------
                         (clock ap_clk rise edge)     0.000     0.000 r  
                                                      0.000     0.000 r  ap_clk (IN)
                         net (fo=10424, unset)        0.973     0.973    custom_dsp_dense_implementation_ap_int_16_ap_int_48_config2_U0/pf_ap_return_3_U/ap_clk
                         FDSE                                         r  custom_dsp_dense_implementation_ap_int_16_ap_int_48_config2_U0/pf_ap_return_3_U/fifo_rdPtr_reg[0]/C
  -------------------------------------------------------------------    -------------------
                         FDSE (Prop_fdse_C_Q)         0.496     1.469 r  custom_dsp_dense_implementation_ap_int_16_ap_int_48_config2_U0/pf_ap_return_3_U/fifo_rdPtr_reg[0]/Q
                         net (fo=61, unplaced)        0.893     2.362    custom_dsp_dense_implementation_ap_int_16_ap_int_48_config2_U0/pf_ap_return_3_U/fifo_rdPtr_reg[0]
                         SRLC32E (Prop_srlc32e_A[0]_Q)
                                                      0.295     2.657 f  custom_dsp_dense_implementation_ap_int_16_ap_int_48_config2_U0/pf_ap_return_3_U/fifo_reg[17][49]_srl18/Q
                         net (fo=4, unplaced)         0.926     3.583    custom_dsp_dense_implementation_ap_int_16_ap_int_48_config2_U0/pf_ap_return_3_U/fifo_reg[17][49]_srl18_n_0
                         LUT5 (Prop_lut5_I3_O)        0.124     3.707 f  custom_dsp_dense_implementation_ap_int_16_ap_int_48_config2_U0/pf_ap_return_3_U/pf_done_INST_0/O
                         net (fo=1, unplaced)         0.902     4.609    custom_dsp_dense_implementation_ap_int_16_ap_int_48_config2_U0/pf_ap_return_3_U_pf_done
                         LUT4 (Prop_lut4_I1_O)        0.124     4.733 r  custom_dsp_dense_implementation_ap_int_16_ap_int_48_config2_U0/pf_ap_return_0_U_i_51/O
                         net (fo=1, unplaced)         0.449     5.182    custom_dsp_dense_implementation_ap_int_16_ap_int_48_config2_U0/pf_ap_return_0_U_i_51_n_0
                         LUT5 (Prop_lut5_I4_O)        0.124     5.306 f  custom_dsp_dense_implementation_ap_int_16_ap_int_48_config2_U0/pf_ap_return_0_U_i_49/O
                         net (fo=30, unplaced)        0.519     5.825    layer2_out_5_U/custom_dsp_dense_implementation_ap_int_16_ap_int_48_config2_U0_ap_done
                         LUT5 (Prop_lut5_I4_O)        0.124     5.949 r  layer2_out_5_U/pf_ap_return_0_U_i_53/O
                         net (fo=2, unplaced)         0.913     6.862    custom_dsp_dense_implementation_ap_int_16_ap_int_48_config2_U0/stalled_reg_0
                         LUT5 (Prop_lut5_I2_O)        0.124     6.986 f  custom_dsp_dense_implementation_ap_int_16_ap_int_48_config2_U0/pf_ap_return_0_U_i_50/O
                         net (fo=40, unplaced)        0.526     7.512    custom_dsp_dense_implementation_ap_int_16_ap_int_48_config2_U0/pf_ap_return_0_U/pf_continue
                         LUT6 (Prop_lut6_I5_O)        0.124     7.636 r  custom_dsp_dense_implementation_ap_int_16_ap_int_48_config2_U0/pf_ap_return_0_U/stalled_i_1/O
                         net (fo=6, unplaced)         0.481     8.117    custom_dsp_dense_implementation_ap_int_16_ap_int_48_config2_U0/pf_ap_return_0_U/must_stall
                         LUT4 (Prop_lut4_I2_O)        0.124     8.241 r  custom_dsp_dense_implementation_ap_int_16_ap_int_48_config2_U0/pf_ap_return_0_U/fifo_reg[17][0]_srl18_i_1/O
                         net (fo=50, unplaced)        0.415     8.656    custom_dsp_dense_implementation_ap_int_16_ap_int_48_config2_U0/pf_ap_return_0_U/write_enable
                         SRLC32E                                      r  custom_dsp_dense_implementation_ap_int_16_ap_int_48_config2_U0/pf_ap_return_0_U/fifo_reg[17][22]_srl18/CE
  -------------------------------------------------------------------    -------------------

                         (clock ap_clk rise edge)     4.000     4.000 r  
                                                      0.000     4.000 r  ap_clk (IN)
                         net (fo=10424, unset)        0.924     4.924    custom_dsp_dense_implementation_ap_int_16_ap_int_48_config2_U0/pf_ap_return_0_U/ap_clk
                         SRLC32E                                      r  custom_dsp_dense_implementation_ap_int_16_ap_int_48_config2_U0/pf_ap_return_0_U/fifo_reg[17][22]_srl18/CLK
                         clock pessimism              0.000     4.924    
                         clock uncertainty           -0.035     4.889    
                         SRLC32E (Setup_srlc32e_CLK_CE)
                                                     -0.512     4.377    custom_dsp_dense_implementation_ap_int_16_ap_int_48_config2_U0/pf_ap_return_0_U/fifo_reg[17][22]_srl18
  -------------------------------------------------------------------
                         required time                          4.377    
                         arrival time                          -8.656    
  -------------------------------------------------------------------
                         slack                                 -4.279    

Slack (VIOLATED) :        -4.279ns  (required time - arrival time)
  Source:                 custom_dsp_dense_implementation_ap_int_16_ap_int_48_config2_U0/pf_ap_return_3_U/fifo_rdPtr_reg[0]/C
                            (rising edge-triggered cell FDSE clocked by ap_clk  {rise@0.000ns fall@2.000ns period=4.000ns})
  Destination:            custom_dsp_dense_implementation_ap_int_16_ap_int_48_config2_U0/pf_ap_return_0_U/fifo_reg[17][23]_srl18/CE
                            (rising edge-triggered cell SRLC32E clocked by ap_clk  {rise@0.000ns fall@2.000ns period=4.000ns})
  Path Group:             ap_clk
  Path Type:              Setup (Max at Slow Process Corner)
  Requirement:            4.000ns  (ap_clk rise@4.000ns - ap_clk rise@0.000ns)
  Data Path Delay:        7.683ns  (logic 1.659ns (21.593%)  route 6.024ns (78.407%))
  Logic Levels:           8  (LUT4=2 LUT5=4 LUT6=1 SRLC32E=1)
  Clock Path Skew:        -0.049ns (DCD - SCD + CPR)
    Destination Clock Delay (DCD):    0.924ns = ( 4.924 - 4.000 ) 
    Source Clock Delay      (SCD):    0.973ns
    Clock Pessimism Removal (CPR):    0.000ns
  Clock Uncertainty:      0.035ns  ((TSJ^2 + TIJ^2)^1/2 + DJ) / 2 + PE
    Total System Jitter     (TSJ):    0.071ns
    Total Input Jitter      (TIJ):    0.000ns
    Discrete Jitter          (DJ):    0.000ns
    Phase Error              (PE):    0.000ns

    Location             Delay type                Incr(ns)  Path(ns)    Netlist Resource(s)
  -------------------------------------------------------------------    -------------------
                         (clock ap_clk rise edge)     0.000     0.000 r  
                                                      0.000     0.000 r  ap_clk (IN)
                         net (fo=10424, unset)        0.973     0.973    custom_dsp_dense_implementation_ap_int_16_ap_int_48_config2_U0/pf_ap_return_3_U/ap_clk
                         FDSE                                         r  custom_dsp_dense_implementation_ap_int_16_ap_int_48_config2_U0/pf_ap_return_3_U/fifo_rdPtr_reg[0]/C
  -------------------------------------------------------------------    -------------------
                         FDSE (Prop_fdse_C_Q)         0.496     1.469 r  custom_dsp_dense_implementation_ap_int_16_ap_int_48_config2_U0/pf_ap_return_3_U/fifo_rdPtr_reg[0]/Q
                         net (fo=61, unplaced)        0.893     2.362    custom_dsp_dense_implementation_ap_int_16_ap_int_48_config2_U0/pf_ap_return_3_U/fifo_rdPtr_reg[0]
                         SRLC32E (Prop_srlc32e_A[0]_Q)
                                                      0.295     2.657 f  custom_dsp_dense_implementation_ap_int_16_ap_int_48_config2_U0/pf_ap_return_3_U/fifo_reg[17][49]_srl18/Q
                         net (fo=4, unplaced)         0.926     3.583    custom_dsp_dense_implementation_ap_int_16_ap_int_48_config2_U0/pf_ap_return_3_U/fifo_reg[17][49]_srl18_n_0
                         LUT5 (Prop_lut5_I3_O)        0.124     3.707 f  custom_dsp_dense_implementation_ap_int_16_ap_int_48_config2_U0/pf_ap_return_3_U/pf_done_INST_0/O
                         net (fo=1, unplaced)         0.902     4.609    custom_dsp_dense_implementation_ap_int_16_ap_int_48_config2_U0/pf_ap_return_3_U_pf_done
                         LUT4 (Prop_lut4_I1_O)        0.124     4.733 r  custom_dsp_dense_implementation_ap_int_16_ap_int_48_config2_U0/pf_ap_return_0_U_i_51/O
                         net (fo=1, unplaced)         0.449     5.182    custom_dsp_dense_implementation_ap_int_16_ap_int_48_config2_U0/pf_ap_return_0_U_i_51_n_0
                         LUT5 (Prop_lut5_I4_O)        0.124     5.306 f  custom_dsp_dense_implementation_ap_int_16_ap_int_48_config2_U0/pf_ap_return_0_U_i_49/O
                         net (fo=30, unplaced)        0.519     5.825    layer2_out_5_U/custom_dsp_dense_implementation_ap_int_16_ap_int_48_config2_U0_ap_done
                         LUT5 (Prop_lut5_I4_O)        0.124     5.949 r  layer2_out_5_U/pf_ap_return_0_U_i_53/O
                         net (fo=2, unplaced)         0.913     6.862    custom_dsp_dense_implementation_ap_int_16_ap_int_48_config2_U0/stalled_reg_0
                         LUT5 (Prop_lut5_I2_O)        0.124     6.986 f  custom_dsp_dense_implementation_ap_int_16_ap_int_48_config2_U0/pf_ap_return_0_U_i_50/O
                         net (fo=40, unplaced)        0.526     7.512    custom_dsp_dense_implementation_ap_int_16_ap_int_48_config2_U0/pf_ap_return_0_U/pf_continue
                         LUT6 (Prop_lut6_I5_O)        0.124     7.636 r  custom_dsp_dense_implementation_ap_int_16_ap_int_48_config2_U0/pf_ap_return_0_U/stalled_i_1/O
                         net (fo=6, unplaced)         0.481     8.117    custom_dsp_dense_implementation_ap_int_16_ap_int_48_config2_U0/pf_ap_return_0_U/must_stall
                         LUT4 (Prop_lut4_I2_O)        0.124     8.241 r  custom_dsp_dense_implementation_ap_int_16_ap_int_48_config2_U0/pf_ap_return_0_U/fifo_reg[17][0]_srl18_i_1/O
                         net (fo=50, unplaced)        0.415     8.656    custom_dsp_dense_implementation_ap_int_16_ap_int_48_config2_U0/pf_ap_return_0_U/write_enable
                         SRLC32E                                      r  custom_dsp_dense_implementation_ap_int_16_ap_int_48_config2_U0/pf_ap_return_0_U/fifo_reg[17][23]_srl18/CE
  -------------------------------------------------------------------    -------------------

                         (clock ap_clk rise edge)     4.000     4.000 r  
                                                      0.000     4.000 r  ap_clk (IN)
                         net (fo=10424, unset)        0.924     4.924    custom_dsp_dense_implementation_ap_int_16_ap_int_48_config2_U0/pf_ap_return_0_U/ap_clk
                         SRLC32E                                      r  custom_dsp_dense_implementation_ap_int_16_ap_int_48_config2_U0/pf_ap_return_0_U/fifo_reg[17][23]_srl18/CLK
                         clock pessimism              0.000     4.924    
                         clock uncertainty           -0.035     4.889    
                         SRLC32E (Setup_srlc32e_CLK_CE)
                                                     -0.512     4.377    custom_dsp_dense_implementation_ap_int_16_ap_int_48_config2_U0/pf_ap_return_0_U/fifo_reg[17][23]_srl18
  -------------------------------------------------------------------
                         required time                          4.377    
                         arrival time                          -8.656    
  -------------------------------------------------------------------
                         slack                                 -4.279    

Slack (VIOLATED) :        -4.279ns  (required time - arrival time)
  Source:                 custom_dsp_dense_implementation_ap_int_16_ap_int_48_config2_U0/pf_ap_return_3_U/fifo_rdPtr_reg[0]/C
                            (rising edge-triggered cell FDSE clocked by ap_clk  {rise@0.000ns fall@2.000ns period=4.000ns})
  Destination:            custom_dsp_dense_implementation_ap_int_16_ap_int_48_config2_U0/pf_ap_return_0_U/fifo_reg[17][24]_srl18/CE
                            (rising edge-triggered cell SRLC32E clocked by ap_clk  {rise@0.000ns fall@2.000ns period=4.000ns})
  Path Group:             ap_clk
  Path Type:              Setup (Max at Slow Process Corner)
  Requirement:            4.000ns  (ap_clk rise@4.000ns - ap_clk rise@0.000ns)
  Data Path Delay:        7.683ns  (logic 1.659ns (21.593%)  route 6.024ns (78.407%))
  Logic Levels:           8  (LUT4=2 LUT5=4 LUT6=1 SRLC32E=1)
  Clock Path Skew:        -0.049ns (DCD - SCD + CPR)
    Destination Clock Delay (DCD):    0.924ns = ( 4.924 - 4.000 ) 
    Source Clock Delay      (SCD):    0.973ns
    Clock Pessimism Removal (CPR):    0.000ns
  Clock Uncertainty:      0.035ns  ((TSJ^2 + TIJ^2)^1/2 + DJ) / 2 + PE
    Total System Jitter     (TSJ):    0.071ns
    Total Input Jitter      (TIJ):    0.000ns
    Discrete Jitter          (DJ):    0.000ns
    Phase Error              (PE):    0.000ns

    Location             Delay type                Incr(ns)  Path(ns)    Netlist Resource(s)
  -------------------------------------------------------------------    -------------------
                         (clock ap_clk rise edge)     0.000     0.000 r  
                                                      0.000     0.000 r  ap_clk (IN)
                         net (fo=10424, unset)        0.973     0.973    custom_dsp_dense_implementation_ap_int_16_ap_int_48_config2_U0/pf_ap_return_3_U/ap_clk
                         FDSE                                         r  custom_dsp_dense_implementation_ap_int_16_ap_int_48_config2_U0/pf_ap_return_3_U/fifo_rdPtr_reg[0]/C
  -------------------------------------------------------------------    -------------------
                         FDSE (Prop_fdse_C_Q)         0.496     1.469 r  custom_dsp_dense_implementation_ap_int_16_ap_int_48_config2_U0/pf_ap_return_3_U/fifo_rdPtr_reg[0]/Q
                         net (fo=61, unplaced)        0.893     2.362    custom_dsp_dense_implementation_ap_int_16_ap_int_48_config2_U0/pf_ap_return_3_U/fifo_rdPtr_reg[0]
                         SRLC32E (Prop_srlc32e_A[0]_Q)
                                                      0.295     2.657 f  custom_dsp_dense_implementation_ap_int_16_ap_int_48_config2_U0/pf_ap_return_3_U/fifo_reg[17][49]_srl18/Q
                         net (fo=4, unplaced)         0.926     3.583    custom_dsp_dense_implementation_ap_int_16_ap_int_48_config2_U0/pf_ap_return_3_U/fifo_reg[17][49]_srl18_n_0
                         LUT5 (Prop_lut5_I3_O)        0.124     3.707 f  custom_dsp_dense_implementation_ap_int_16_ap_int_48_config2_U0/pf_ap_return_3_U/pf_done_INST_0/O
                         net (fo=1, unplaced)         0.902     4.609    custom_dsp_dense_implementation_ap_int_16_ap_int_48_config2_U0/pf_ap_return_3_U_pf_done
                         LUT4 (Prop_lut4_I1_O)        0.124     4.733 r  custom_dsp_dense_implementation_ap_int_16_ap_int_48_config2_U0/pf_ap_return_0_U_i_51/O
                         net (fo=1, unplaced)         0.449     5.182    custom_dsp_dense_implementation_ap_int_16_ap_int_48_config2_U0/pf_ap_return_0_U_i_51_n_0
                         LUT5 (Prop_lut5_I4_O)        0.124     5.306 f  custom_dsp_dense_implementation_ap_int_16_ap_int_48_config2_U0/pf_ap_return_0_U_i_49/O
                         net (fo=30, unplaced)        0.519     5.825    layer2_out_5_U/custom_dsp_dense_implementation_ap_int_16_ap_int_48_config2_U0_ap_done
                         LUT5 (Prop_lut5_I4_O)        0.124     5.949 r  layer2_out_5_U/pf_ap_return_0_U_i_53/O
                         net (fo=2, unplaced)         0.913     6.862    custom_dsp_dense_implementation_ap_int_16_ap_int_48_config2_U0/stalled_reg_0
                         LUT5 (Prop_lut5_I2_O)        0.124     6.986 f  custom_dsp_dense_implementation_ap_int_16_ap_int_48_config2_U0/pf_ap_return_0_U_i_50/O
                         net (fo=40, unplaced)        0.526     7.512    custom_dsp_dense_implementation_ap_int_16_ap_int_48_config2_U0/pf_ap_return_0_U/pf_continue
                         LUT6 (Prop_lut6_I5_O)        0.124     7.636 r  custom_dsp_dense_implementation_ap_int_16_ap_int_48_config2_U0/pf_ap_return_0_U/stalled_i_1/O
                         net (fo=6, unplaced)         0.481     8.117    custom_dsp_dense_implementation_ap_int_16_ap_int_48_config2_U0/pf_ap_return_0_U/must_stall
                         LUT4 (Prop_lut4_I2_O)        0.124     8.241 r  custom_dsp_dense_implementation_ap_int_16_ap_int_48_config2_U0/pf_ap_return_0_U/fifo_reg[17][0]_srl18_i_1/O
                         net (fo=50, unplaced)        0.415     8.656    custom_dsp_dense_implementation_ap_int_16_ap_int_48_config2_U0/pf_ap_return_0_U/write_enable
                         SRLC32E                                      r  custom_dsp_dense_implementation_ap_int_16_ap_int_48_config2_U0/pf_ap_return_0_U/fifo_reg[17][24]_srl18/CE
  -------------------------------------------------------------------    -------------------

                         (clock ap_clk rise edge)     4.000     4.000 r  
                                                      0.000     4.000 r  ap_clk (IN)
                         net (fo=10424, unset)        0.924     4.924    custom_dsp_dense_implementation_ap_int_16_ap_int_48_config2_U0/pf_ap_return_0_U/ap_clk
                         SRLC32E                                      r  custom_dsp_dense_implementation_ap_int_16_ap_int_48_config2_U0/pf_ap_return_0_U/fifo_reg[17][24]_srl18/CLK
                         clock pessimism              0.000     4.924    
                         clock uncertainty           -0.035     4.889    
                         SRLC32E (Setup_srlc32e_CLK_CE)
                                                     -0.512     4.377    custom_dsp_dense_implementation_ap_int_16_ap_int_48_config2_U0/pf_ap_return_0_U/fifo_reg[17][24]_srl18
  -------------------------------------------------------------------
                         required time                          4.377    
                         arrival time                          -8.656    
  -------------------------------------------------------------------
                         slack                                 -4.279    

Slack (VIOLATED) :        -4.279ns  (required time - arrival time)
  Source:                 custom_dsp_dense_implementation_ap_int_16_ap_int_48_config2_U0/pf_ap_return_3_U/fifo_rdPtr_reg[0]/C
                            (rising edge-triggered cell FDSE clocked by ap_clk  {rise@0.000ns fall@2.000ns period=4.000ns})
  Destination:            custom_dsp_dense_implementation_ap_int_16_ap_int_48_config2_U0/pf_ap_return_0_U/fifo_reg[17][25]_srl18/CE
                            (rising edge-triggered cell SRLC32E clocked by ap_clk  {rise@0.000ns fall@2.000ns period=4.000ns})
  Path Group:             ap_clk
  Path Type:              Setup (Max at Slow Process Corner)
  Requirement:            4.000ns  (ap_clk rise@4.000ns - ap_clk rise@0.000ns)
  Data Path Delay:        7.683ns  (logic 1.659ns (21.593%)  route 6.024ns (78.407%))
  Logic Levels:           8  (LUT4=2 LUT5=4 LUT6=1 SRLC32E=1)
  Clock Path Skew:        -0.049ns (DCD - SCD + CPR)
    Destination Clock Delay (DCD):    0.924ns = ( 4.924 - 4.000 ) 
    Source Clock Delay      (SCD):    0.973ns
    Clock Pessimism Removal (CPR):    0.000ns
  Clock Uncertainty:      0.035ns  ((TSJ^2 + TIJ^2)^1/2 + DJ) / 2 + PE
    Total System Jitter     (TSJ):    0.071ns
    Total Input Jitter      (TIJ):    0.000ns
    Discrete Jitter          (DJ):    0.000ns
    Phase Error              (PE):    0.000ns

    Location             Delay type                Incr(ns)  Path(ns)    Netlist Resource(s)
  -------------------------------------------------------------------    -------------------
                         (clock ap_clk rise edge)     0.000     0.000 r  
                                                      0.000     0.000 r  ap_clk (IN)
                         net (fo=10424, unset)        0.973     0.973    custom_dsp_dense_implementation_ap_int_16_ap_int_48_config2_U0/pf_ap_return_3_U/ap_clk
                         FDSE                                         r  custom_dsp_dense_implementation_ap_int_16_ap_int_48_config2_U0/pf_ap_return_3_U/fifo_rdPtr_reg[0]/C
  -------------------------------------------------------------------    -------------------
                         FDSE (Prop_fdse_C_Q)         0.496     1.469 r  custom_dsp_dense_implementation_ap_int_16_ap_int_48_config2_U0/pf_ap_return_3_U/fifo_rdPtr_reg[0]/Q
                         net (fo=61, unplaced)        0.893     2.362    custom_dsp_dense_implementation_ap_int_16_ap_int_48_config2_U0/pf_ap_return_3_U/fifo_rdPtr_reg[0]
                         SRLC32E (Prop_srlc32e_A[0]_Q)
                                                      0.295     2.657 f  custom_dsp_dense_implementation_ap_int_16_ap_int_48_config2_U0/pf_ap_return_3_U/fifo_reg[17][49]_srl18/Q
                         net (fo=4, unplaced)         0.926     3.583    custom_dsp_dense_implementation_ap_int_16_ap_int_48_config2_U0/pf_ap_return_3_U/fifo_reg[17][49]_srl18_n_0
                         LUT5 (Prop_lut5_I3_O)        0.124     3.707 f  custom_dsp_dense_implementation_ap_int_16_ap_int_48_config2_U0/pf_ap_return_3_U/pf_done_INST_0/O
                         net (fo=1, unplaced)         0.902     4.609    custom_dsp_dense_implementation_ap_int_16_ap_int_48_config2_U0/pf_ap_return_3_U_pf_done
                         LUT4 (Prop_lut4_I1_O)        0.124     4.733 r  custom_dsp_dense_implementation_ap_int_16_ap_int_48_config2_U0/pf_ap_return_0_U_i_51/O
                         net (fo=1, unplaced)         0.449     5.182    custom_dsp_dense_implementation_ap_int_16_ap_int_48_config2_U0/pf_ap_return_0_U_i_51_n_0
                         LUT5 (Prop_lut5_I4_O)        0.124     5.306 f  custom_dsp_dense_implementation_ap_int_16_ap_int_48_config2_U0/pf_ap_return_0_U_i_49/O
                         net (fo=30, unplaced)        0.519     5.825    layer2_out_5_U/custom_dsp_dense_implementation_ap_int_16_ap_int_48_config2_U0_ap_done
                         LUT5 (Prop_lut5_I4_O)        0.124     5.949 r  layer2_out_5_U/pf_ap_return_0_U_i_53/O
                         net (fo=2, unplaced)         0.913     6.862    custom_dsp_dense_implementation_ap_int_16_ap_int_48_config2_U0/stalled_reg_0
                         LUT5 (Prop_lut5_I2_O)        0.124     6.986 f  custom_dsp_dense_implementation_ap_int_16_ap_int_48_config2_U0/pf_ap_return_0_U_i_50/O
                         net (fo=40, unplaced)        0.526     7.512    custom_dsp_dense_implementation_ap_int_16_ap_int_48_config2_U0/pf_ap_return_0_U/pf_continue
                         LUT6 (Prop_lut6_I5_O)        0.124     7.636 r  custom_dsp_dense_implementation_ap_int_16_ap_int_48_config2_U0/pf_ap_return_0_U/stalled_i_1/O
                         net (fo=6, unplaced)         0.481     8.117    custom_dsp_dense_implementation_ap_int_16_ap_int_48_config2_U0/pf_ap_return_0_U/must_stall
                         LUT4 (Prop_lut4_I2_O)        0.124     8.241 r  custom_dsp_dense_implementation_ap_int_16_ap_int_48_config2_U0/pf_ap_return_0_U/fifo_reg[17][0]_srl18_i_1/O
                         net (fo=50, unplaced)        0.415     8.656    custom_dsp_dense_implementation_ap_int_16_ap_int_48_config2_U0/pf_ap_return_0_U/write_enable
                         SRLC32E                                      r  custom_dsp_dense_implementation_ap_int_16_ap_int_48_config2_U0/pf_ap_return_0_U/fifo_reg[17][25]_srl18/CE
  -------------------------------------------------------------------    -------------------

                         (clock ap_clk rise edge)     4.000     4.000 r  
                                                      0.000     4.000 r  ap_clk (IN)
                         net (fo=10424, unset)        0.924     4.924    custom_dsp_dense_implementation_ap_int_16_ap_int_48_config2_U0/pf_ap_return_0_U/ap_clk
                         SRLC32E                                      r  custom_dsp_dense_implementation_ap_int_16_ap_int_48_config2_U0/pf_ap_return_0_U/fifo_reg[17][25]_srl18/CLK
                         clock pessimism              0.000     4.924    
                         clock uncertainty           -0.035     4.889    
                         SRLC32E (Setup_srlc32e_CLK_CE)
                                                     -0.512     4.377    custom_dsp_dense_implementation_ap_int_16_ap_int_48_config2_U0/pf_ap_return_0_U/fifo_reg[17][25]_srl18
  -------------------------------------------------------------------
                         required time                          4.377    
                         arrival time                          -8.656    
  -------------------------------------------------------------------
                         slack                                 -4.279    

Slack (VIOLATED) :        -4.279ns  (required time - arrival time)
  Source:                 custom_dsp_dense_implementation_ap_int_16_ap_int_48_config2_U0/pf_ap_return_3_U/fifo_rdPtr_reg[0]/C
                            (rising edge-triggered cell FDSE clocked by ap_clk  {rise@0.000ns fall@2.000ns period=4.000ns})
  Destination:            custom_dsp_dense_implementation_ap_int_16_ap_int_48_config2_U0/pf_ap_return_0_U/fifo_reg[17][26]_srl18/CE
                            (rising edge-triggered cell SRLC32E clocked by ap_clk  {rise@0.000ns fall@2.000ns period=4.000ns})
  Path Group:             ap_clk
  Path Type:              Setup (Max at Slow Process Corner)
  Requirement:            4.000ns  (ap_clk rise@4.000ns - ap_clk rise@0.000ns)
  Data Path Delay:        7.683ns  (logic 1.659ns (21.593%)  route 6.024ns (78.407%))
  Logic Levels:           8  (LUT4=2 LUT5=4 LUT6=1 SRLC32E=1)
  Clock Path Skew:        -0.049ns (DCD - SCD + CPR)
    Destination Clock Delay (DCD):    0.924ns = ( 4.924 - 4.000 ) 
    Source Clock Delay      (SCD):    0.973ns
    Clock Pessimism Removal (CPR):    0.000ns
  Clock Uncertainty:      0.035ns  ((TSJ^2 + TIJ^2)^1/2 + DJ) / 2 + PE
    Total System Jitter     (TSJ):    0.071ns
    Total Input Jitter      (TIJ):    0.000ns
    Discrete Jitter          (DJ):    0.000ns
    Phase Error              (PE):    0.000ns

    Location             Delay type                Incr(ns)  Path(ns)    Netlist Resource(s)
  -------------------------------------------------------------------    -------------------
                         (clock ap_clk rise edge)     0.000     0.000 r  
                                                      0.000     0.000 r  ap_clk (IN)
                         net (fo=10424, unset)        0.973     0.973    custom_dsp_dense_implementation_ap_int_16_ap_int_48_config2_U0/pf_ap_return_3_U/ap_clk
                         FDSE                                         r  custom_dsp_dense_implementation_ap_int_16_ap_int_48_config2_U0/pf_ap_return_3_U/fifo_rdPtr_reg[0]/C
  -------------------------------------------------------------------    -------------------
                         FDSE (Prop_fdse_C_Q)         0.496     1.469 r  custom_dsp_dense_implementation_ap_int_16_ap_int_48_config2_U0/pf_ap_return_3_U/fifo_rdPtr_reg[0]/Q
                         net (fo=61, unplaced)        0.893     2.362    custom_dsp_dense_implementation_ap_int_16_ap_int_48_config2_U0/pf_ap_return_3_U/fifo_rdPtr_reg[0]
                         SRLC32E (Prop_srlc32e_A[0]_Q)
                                                      0.295     2.657 f  custom_dsp_dense_implementation_ap_int_16_ap_int_48_config2_U0/pf_ap_return_3_U/fifo_reg[17][49]_srl18/Q
                         net (fo=4, unplaced)         0.926     3.583    custom_dsp_dense_implementation_ap_int_16_ap_int_48_config2_U0/pf_ap_return_3_U/fifo_reg[17][49]_srl18_n_0
                         LUT5 (Prop_lut5_I3_O)        0.124     3.707 f  custom_dsp_dense_implementation_ap_int_16_ap_int_48_config2_U0/pf_ap_return_3_U/pf_done_INST_0/O
                         net (fo=1, unplaced)         0.902     4.609    custom_dsp_dense_implementation_ap_int_16_ap_int_48_config2_U0/pf_ap_return_3_U_pf_done
                         LUT4 (Prop_lut4_I1_O)        0.124     4.733 r  custom_dsp_dense_implementation_ap_int_16_ap_int_48_config2_U0/pf_ap_return_0_U_i_51/O
                         net (fo=1, unplaced)         0.449     5.182    custom_dsp_dense_implementation_ap_int_16_ap_int_48_config2_U0/pf_ap_return_0_U_i_51_n_0
                         LUT5 (Prop_lut5_I4_O)        0.124     5.306 f  custom_dsp_dense_implementation_ap_int_16_ap_int_48_config2_U0/pf_ap_return_0_U_i_49/O
                         net (fo=30, unplaced)        0.519     5.825    layer2_out_5_U/custom_dsp_dense_implementation_ap_int_16_ap_int_48_config2_U0_ap_done
                         LUT5 (Prop_lut5_I4_O)        0.124     5.949 r  layer2_out_5_U/pf_ap_return_0_U_i_53/O
                         net (fo=2, unplaced)         0.913     6.862    custom_dsp_dense_implementation_ap_int_16_ap_int_48_config2_U0/stalled_reg_0
                         LUT5 (Prop_lut5_I2_O)        0.124     6.986 f  custom_dsp_dense_implementation_ap_int_16_ap_int_48_config2_U0/pf_ap_return_0_U_i_50/O
                         net (fo=40, unplaced)        0.526     7.512    custom_dsp_dense_implementation_ap_int_16_ap_int_48_config2_U0/pf_ap_return_0_U/pf_continue
                         LUT6 (Prop_lut6_I5_O)        0.124     7.636 r  custom_dsp_dense_implementation_ap_int_16_ap_int_48_config2_U0/pf_ap_return_0_U/stalled_i_1/O
                         net (fo=6, unplaced)         0.481     8.117    custom_dsp_dense_implementation_ap_int_16_ap_int_48_config2_U0/pf_ap_return_0_U/must_stall
                         LUT4 (Prop_lut4_I2_O)        0.124     8.241 r  custom_dsp_dense_implementation_ap_int_16_ap_int_48_config2_U0/pf_ap_return_0_U/fifo_reg[17][0]_srl18_i_1/O
                         net (fo=50, unplaced)        0.415     8.656    custom_dsp_dense_implementation_ap_int_16_ap_int_48_config2_U0/pf_ap_return_0_U/write_enable
                         SRLC32E                                      r  custom_dsp_dense_implementation_ap_int_16_ap_int_48_config2_U0/pf_ap_return_0_U/fifo_reg[17][26]_srl18/CE
  -------------------------------------------------------------------    -------------------

                         (clock ap_clk rise edge)     4.000     4.000 r  
                                                      0.000     4.000 r  ap_clk (IN)
                         net (fo=10424, unset)        0.924     4.924    custom_dsp_dense_implementation_ap_int_16_ap_int_48_config2_U0/pf_ap_return_0_U/ap_clk
                         SRLC32E                                      r  custom_dsp_dense_implementation_ap_int_16_ap_int_48_config2_U0/pf_ap_return_0_U/fifo_reg[17][26]_srl18/CLK
                         clock pessimism              0.000     4.924    
                         clock uncertainty           -0.035     4.889    
                         SRLC32E (Setup_srlc32e_CLK_CE)
                                                     -0.512     4.377    custom_dsp_dense_implementation_ap_int_16_ap_int_48_config2_U0/pf_ap_return_0_U/fifo_reg[17][26]_srl18
  -------------------------------------------------------------------
                         required time                          4.377    
                         arrival time                          -8.656    
  -------------------------------------------------------------------
                         slack                                 -4.279    

Slack (VIOLATED) :        -4.279ns  (required time - arrival time)
  Source:                 custom_dsp_dense_implementation_ap_int_16_ap_int_48_config2_U0/pf_ap_return_3_U/fifo_rdPtr_reg[0]/C
                            (rising edge-triggered cell FDSE clocked by ap_clk  {rise@0.000ns fall@2.000ns period=4.000ns})
  Destination:            custom_dsp_dense_implementation_ap_int_16_ap_int_48_config2_U0/pf_ap_return_0_U/fifo_reg[17][27]_srl18/CE
                            (rising edge-triggered cell SRLC32E clocked by ap_clk  {rise@0.000ns fall@2.000ns period=4.000ns})
  Path Group:             ap_clk
  Path Type:              Setup (Max at Slow Process Corner)
  Requirement:            4.000ns  (ap_clk rise@4.000ns - ap_clk rise@0.000ns)
  Data Path Delay:        7.683ns  (logic 1.659ns (21.593%)  route 6.024ns (78.407%))
  Logic Levels:           8  (LUT4=2 LUT5=4 LUT6=1 SRLC32E=1)
  Clock Path Skew:        -0.049ns (DCD - SCD + CPR)
    Destination Clock Delay (DCD):    0.924ns = ( 4.924 - 4.000 ) 
    Source Clock Delay      (SCD):    0.973ns
    Clock Pessimism Removal (CPR):    0.000ns
  Clock Uncertainty:      0.035ns  ((TSJ^2 + TIJ^2)^1/2 + DJ) / 2 + PE
    Total System Jitter     (TSJ):    0.071ns
    Total Input Jitter      (TIJ):    0.000ns
    Discrete Jitter          (DJ):    0.000ns
    Phase Error              (PE):    0.000ns

    Location             Delay type                Incr(ns)  Path(ns)    Netlist Resource(s)
  -------------------------------------------------------------------    -------------------
                         (clock ap_clk rise edge)     0.000     0.000 r  
                                                      0.000     0.000 r  ap_clk (IN)
                         net (fo=10424, unset)        0.973     0.973    custom_dsp_dense_implementation_ap_int_16_ap_int_48_config2_U0/pf_ap_return_3_U/ap_clk
                         FDSE                                         r  custom_dsp_dense_implementation_ap_int_16_ap_int_48_config2_U0/pf_ap_return_3_U/fifo_rdPtr_reg[0]/C
  -------------------------------------------------------------------    -------------------
                         FDSE (Prop_fdse_C_Q)         0.496     1.469 r  custom_dsp_dense_implementation_ap_int_16_ap_int_48_config2_U0/pf_ap_return_3_U/fifo_rdPtr_reg[0]/Q
                         net (fo=61, unplaced)        0.893     2.362    custom_dsp_dense_implementation_ap_int_16_ap_int_48_config2_U0/pf_ap_return_3_U/fifo_rdPtr_reg[0]
                         SRLC32E (Prop_srlc32e_A[0]_Q)
                                                      0.295     2.657 f  custom_dsp_dense_implementation_ap_int_16_ap_int_48_config2_U0/pf_ap_return_3_U/fifo_reg[17][49]_srl18/Q
                         net (fo=4, unplaced)         0.926     3.583    custom_dsp_dense_implementation_ap_int_16_ap_int_48_config2_U0/pf_ap_return_3_U/fifo_reg[17][49]_srl18_n_0
                         LUT5 (Prop_lut5_I3_O)        0.124     3.707 f  custom_dsp_dense_implementation_ap_int_16_ap_int_48_config2_U0/pf_ap_return_3_U/pf_done_INST_0/O
                         net (fo=1, unplaced)         0.902     4.609    custom_dsp_dense_implementation_ap_int_16_ap_int_48_config2_U0/pf_ap_return_3_U_pf_done
                         LUT4 (Prop_lut4_I1_O)        0.124     4.733 r  custom_dsp_dense_implementation_ap_int_16_ap_int_48_config2_U0/pf_ap_return_0_U_i_51/O
                         net (fo=1, unplaced)         0.449     5.182    custom_dsp_dense_implementation_ap_int_16_ap_int_48_config2_U0/pf_ap_return_0_U_i_51_n_0
                         LUT5 (Prop_lut5_I4_O)        0.124     5.306 f  custom_dsp_dense_implementation_ap_int_16_ap_int_48_config2_U0/pf_ap_return_0_U_i_49/O
                         net (fo=30, unplaced)        0.519     5.825    layer2_out_5_U/custom_dsp_dense_implementation_ap_int_16_ap_int_48_config2_U0_ap_done
                         LUT5 (Prop_lut5_I4_O)        0.124     5.949 r  layer2_out_5_U/pf_ap_return_0_U_i_53/O
                         net (fo=2, unplaced)         0.913     6.862    custom_dsp_dense_implementation_ap_int_16_ap_int_48_config2_U0/stalled_reg_0
                         LUT5 (Prop_lut5_I2_O)        0.124     6.986 f  custom_dsp_dense_implementation_ap_int_16_ap_int_48_config2_U0/pf_ap_return_0_U_i_50/O
                         net (fo=40, unplaced)        0.526     7.512    custom_dsp_dense_implementation_ap_int_16_ap_int_48_config2_U0/pf_ap_return_0_U/pf_continue
                         LUT6 (Prop_lut6_I5_O)        0.124     7.636 r  custom_dsp_dense_implementation_ap_int_16_ap_int_48_config2_U0/pf_ap_return_0_U/stalled_i_1/O
                         net (fo=6, unplaced)         0.481     8.117    custom_dsp_dense_implementation_ap_int_16_ap_int_48_config2_U0/pf_ap_return_0_U/must_stall
                         LUT4 (Prop_lut4_I2_O)        0.124     8.241 r  custom_dsp_dense_implementation_ap_int_16_ap_int_48_config2_U0/pf_ap_return_0_U/fifo_reg[17][0]_srl18_i_1/O
                         net (fo=50, unplaced)        0.415     8.656    custom_dsp_dense_implementation_ap_int_16_ap_int_48_config2_U0/pf_ap_return_0_U/write_enable
                         SRLC32E                                      r  custom_dsp_dense_implementation_ap_int_16_ap_int_48_config2_U0/pf_ap_return_0_U/fifo_reg[17][27]_srl18/CE
  -------------------------------------------------------------------    -------------------

                         (clock ap_clk rise edge)     4.000     4.000 r  
                                                      0.000     4.000 r  ap_clk (IN)
                         net (fo=10424, unset)        0.924     4.924    custom_dsp_dense_implementation_ap_int_16_ap_int_48_config2_U0/pf_ap_return_0_U/ap_clk
                         SRLC32E                                      r  custom_dsp_dense_implementation_ap_int_16_ap_int_48_config2_U0/pf_ap_return_0_U/fifo_reg[17][27]_srl18/CLK
                         clock pessimism              0.000     4.924    
                         clock uncertainty           -0.035     4.889    
                         SRLC32E (Setup_srlc32e_CLK_CE)
                                                     -0.512     4.377    custom_dsp_dense_implementation_ap_int_16_ap_int_48_config2_U0/pf_ap_return_0_U/fifo_reg[17][27]_srl18
  -------------------------------------------------------------------
                         required time                          4.377    
                         arrival time                          -8.656    
  -------------------------------------------------------------------
                         slack                                 -4.279    




