Copyright 1986-2022 Xilinx, Inc. All Rights Reserved. Copyright 2022-2024 Advanced Micro Devices, Inc. All Rights Reserved.
---------------------------------------------------------------------------------------------------------------------------------------------
| Tool Version : Vivado v.2024.1 (lin64) Build 5076996 Wed May 22 18:36:09 MDT 2024
| Date         : Thu Sep  3 04:39:11 2026
| Host         : ei-lan-400 running 64-bit Debian GNU/Linux 12 (bookworm)
| Command      : report_timing -max_paths 20 -file ./Analysis_Verilog/Timing_Paths_Implementation.rpt
| Design       : SampleNeuralNet
| Device       : 7z010-clg400
| Speed File   : -1  PRODUCTION 1.12 2019-11-22
| Design State : Routed
---------------------------------------------------------------------------------------------------------------------------------------------

Timing Report

Slack (VIOLATED) :        -3.668ns  (required time - arrival time)
  Source:                 custom_dsp_dense_implementation_ap_int_16_ap_int_48_config2_U0/pf_ap_return_6_U/fifo_reg[17][49]_srl18/CLK
                            (rising edge-triggered cell SRLC32E clocked by ap_clk  {rise@0.000ns fall@2.000ns period=4.000ns})
  Destination:            custom_dsp_dense_implementation_ap_int_16_ap_int_48_config2_U0/pf_ap_return_4_U/fifo_reg[17][18]_srl18/CE
                            (rising edge-triggered cell SRLC32E clocked by ap_clk  {rise@0.000ns fall@2.000ns period=4.000ns})
  Path Group:             ap_clk
  Path Type:              Setup (Max at Slow Process Corner)
  Requirement:            4.000ns  (ap_clk rise@4.000ns - ap_clk rise@0.000ns)
  Data Path Delay:        7.067ns  (logic 2.474ns (35.006%)  route 4.593ns (64.994%))
  Logic Levels:           7  (LUT3=1 LUT4=2 LUT5=4)
  Clock Path Skew:        -0.049ns (DCD - SCD + CPR)
    Destination Clock Delay (DCD):    0.924ns = ( 4.924 - 4.000 ) 
    Source Clock Delay      (SCD):    0.973ns
    Clock Pessimism Removal (CPR):    0.000ns
  Clock Uncertainty:      0.035ns  ((TSJ^2 + TIJ^2)^1/2 + DJ) / 2 + PE
    Total System Jitter     (TSJ):    0.071ns
    Total Input Jitter      (TIJ):    0.000ns
    Discrete Jitter          (DJ):    0.000ns
    Phase Error              (PE):    0.000ns

    Location             Delay type                Incr(ns)  Path(ns)    Netlist Resource(s)
  -------------------------------------------------------------------    -------------------
                         (clock ap_clk rise edge)     0.000     0.000 r  
                                                      0.000     0.000 r  ap_clk (IN)
                         net (fo=10439, unset)        0.973     0.973    custom_dsp_dense_implementation_ap_int_16_ap_int_48_config2_U0/pf_ap_return_6_U/ap_clk
    SLICE_X12Y46         SRLC32E                                      r  custom_dsp_dense_implementation_ap_int_16_ap_int_48_config2_U0/pf_ap_return_6_U/fifo_reg[17][49]_srl18/CLK
  -------------------------------------------------------------------    -------------------
    SLICE_X12Y46         SRLC32E (Prop_srlc32e_CLK_Q)
                                                      1.606     2.579 f  custom_dsp_dense_implementation_ap_int_16_ap_int_48_config2_U0/pf_ap_return_6_U/fifo_reg[17][49]_srl18/Q
                         net (fo=4, routed)           0.695     3.274    custom_dsp_dense_implementation_ap_int_16_ap_int_48_config2_U0/pf_ap_return_6_U/fifo_reg[17][49]_srl18_n_0
    SLICE_X15Y47         LUT4 (Prop_lut4_I2_O)        0.124     3.398 f  custom_dsp_dense_implementation_ap_int_16_ap_int_48_config2_U0/pf_ap_return_6_U/pf_done_INST_0/O
                         net (fo=1, routed)           0.642     4.040    custom_dsp_dense_implementation_ap_int_16_ap_int_48_config2_U0/pf_ap_return_6_U_pf_done
    SLICE_X14Y45         LUT4 (Prop_lut4_I2_O)        0.124     4.164 r  custom_dsp_dense_implementation_ap_int_16_ap_int_48_config2_U0/pf_ap_return_0_U_i_51/O
                         net (fo=1, routed)           0.158     4.322    custom_dsp_dense_implementation_ap_int_16_ap_int_48_config2_U0/pf_ap_return_0_U_i_51_n_0
    SLICE_X14Y45         LUT5 (Prop_lut5_I4_O)        0.124     4.446 f  custom_dsp_dense_implementation_ap_int_16_ap_int_48_config2_U0/pf_ap_return_0_U_i_49/O
                         net (fo=22, routed)          0.499     4.945    layer2_out_3_U/custom_dsp_dense_implementation_ap_int_16_ap_int_48_config2_U0_ap_done
    SLICE_X19Y46         LUT5 (Prop_lut5_I4_O)        0.124     5.069 r  layer2_out_3_U/pf_ap_return_0_U_i_52/O
                         net (fo=2, routed)           0.517     5.586    custom_dsp_dense_implementation_ap_int_16_ap_int_48_config2_U0/stalled_reg
    SLICE_X18Y46         LUT5 (Prop_lut5_I1_O)        0.124     5.710 f  custom_dsp_dense_implementation_ap_int_16_ap_int_48_config2_U0/pf_ap_return_0_U_i_50/O
                         net (fo=40, routed)          0.669     6.379    custom_dsp_dense_implementation_ap_int_16_ap_int_48_config2_U0/pf_ap_return_4_U/pf_continue
    SLICE_X15Y44         LUT5 (Prop_lut5_I4_O)        0.124     6.503 r  custom_dsp_dense_implementation_ap_int_16_ap_int_48_config2_U0/pf_ap_return_4_U/stalled_i_1/O
                         net (fo=6, routed)           0.529     7.032    custom_dsp_dense_implementation_ap_int_16_ap_int_48_config2_U0/pf_ap_return_4_U/must_stall
    SLICE_X14Y37         LUT3 (Prop_lut3_I1_O)        0.124     7.156 r  custom_dsp_dense_implementation_ap_int_16_ap_int_48_config2_U0/pf_ap_return_4_U/fifo_reg[17][0]_srl18_i_1/O
                         net (fo=49, routed)          0.884     8.040    custom_dsp_dense_implementation_ap_int_16_ap_int_48_config2_U0/pf_ap_return_4_U/write_enable
    SLICE_X10Y43         SRLC32E                                      r  custom_dsp_dense_implementation_ap_int_16_ap_int_48_config2_U0/pf_ap_return_4_U/fifo_reg[17][18]_srl18/CE
  -------------------------------------------------------------------    -------------------

                         (clock ap_clk rise edge)     4.000     4.000 r  
                                                      0.000     4.000 r  ap_clk (IN)
                         net (fo=10439, unset)        0.924     4.924    custom_dsp_dense_implementation_ap_int_16_ap_int_48_config2_U0/pf_ap_return_4_U/ap_clk
    SLICE_X10Y43         SRLC32E                                      r  custom_dsp_dense_implementation_ap_int_16_ap_int_48_config2_U0/pf_ap_return_4_U/fifo_reg[17][18]_srl18/CLK
                         clock pessimism              0.000     4.924    
                         clock uncertainty           -0.035     4.889    
    SLICE_X10Y43         SRLC32E (Setup_srlc32e_CLK_CE)
                                                     -0.517     4.372    custom_dsp_dense_implementation_ap_int_16_ap_int_48_config2_U0/pf_ap_return_4_U/fifo_reg[17][18]_srl18
  -------------------------------------------------------------------
                         required time                          4.372    
                         arrival time                          -8.040    
  -------------------------------------------------------------------
                         slack                                 -3.668    

Slack (VIOLATED) :        -3.668ns  (required time - arrival time)
  Source:                 custom_dsp_dense_implementation_ap_int_16_ap_int_48_config2_U0/pf_ap_return_6_U/fifo_reg[17][49]_srl18/CLK
                            (rising edge-triggered cell SRLC32E clocked by ap_clk  {rise@0.000ns fall@2.000ns period=4.000ns})
  Destination:            custom_dsp_dense_implementation_ap_int_16_ap_int_48_config2_U0/pf_ap_return_4_U/fifo_reg[17][20]_srl18/CE
                            (rising edge-triggered cell SRLC32E clocked by ap_clk  {rise@0.000ns fall@2.000ns period=4.000ns})
  Path Group:             ap_clk
  Path Type:              Setup (Max at Slow Process Corner)
  Requirement:            4.000ns  (ap_clk rise@4.000ns - ap_clk rise@0.000ns)
  Data Path Delay:        7.067ns  (logic 2.474ns (35.006%)  route 4.593ns (64.994%))
  Logic Levels:           7  (LUT3=1 LUT4=2 LUT5=4)
  Clock Path Skew:        -0.049ns (DCD - SCD + CPR)
    Destination Clock Delay (DCD):    0.924ns = ( 4.924 - 4.000 ) 
    Source Clock Delay      (SCD):    0.973ns
    Clock Pessimism Removal (CPR):    0.000ns
  Clock Uncertainty:      0.035ns  ((TSJ^2 + TIJ^2)^1/2 + DJ) / 2 + PE
    Total System Jitter     (TSJ):    0.071ns
    Total Input Jitter      (TIJ):    0.000ns
    Discrete Jitter          (DJ):    0.000ns
    Phase Error              (PE):    0.000ns

    Location             Delay type                Incr(ns)  Path(ns)    Netlist Resource(s)
  -------------------------------------------------------------------    -------------------
                         (clock ap_clk rise edge)     0.000     0.000 r  
                                                      0.000     0.000 r  ap_clk (IN)
                         net (fo=10439, unset)        0.973     0.973    custom_dsp_dense_implementation_ap_int_16_ap_int_48_config2_U0/pf_ap_return_6_U/ap_clk
    SLICE_X12Y46         SRLC32E                                      r  custom_dsp_dense_implementation_ap_int_16_ap_int_48_config2_U0/pf_ap_return_6_U/fifo_reg[17][49]_srl18/CLK
  -------------------------------------------------------------------    -------------------
    SLICE_X12Y46         SRLC32E (Prop_srlc32e_CLK_Q)
                                                      1.606     2.579 f  custom_dsp_dense_implementation_ap_int_16_ap_int_48_config2_U0/pf_ap_return_6_U/fifo_reg[17][49]_srl18/Q
                         net (fo=4, routed)           0.695     3.274    custom_dsp_dense_implementation_ap_int_16_ap_int_48_config2_U0/pf_ap_return_6_U/fifo_reg[17][49]_srl18_n_0
    SLICE_X15Y47         LUT4 (Prop_lut4_I2_O)        0.124     3.398 f  custom_dsp_dense_implementation_ap_int_16_ap_int_48_config2_U0/pf_ap_return_6_U/pf_done_INST_0/O
                         net (fo=1, routed)           0.642     4.040    custom_dsp_dense_implementation_ap_int_16_ap_int_48_config2_U0/pf_ap_return_6_U_pf_done
    SLICE_X14Y45         LUT4 (Prop_lut4_I2_O)        0.124     4.164 r  custom_dsp_dense_implementation_ap_int_16_ap_int_48_config2_U0/pf_ap_return_0_U_i_51/O
                         net (fo=1, routed)           0.158     4.322    custom_dsp_dense_implementation_ap_int_16_ap_int_48_config2_U0/pf_ap_return_0_U_i_51_n_0
    SLICE_X14Y45         LUT5 (Prop_lut5_I4_O)        0.124     4.446 f  custom_dsp_dense_implementation_ap_int_16_ap_int_48_config2_U0/pf_ap_return_0_U_i_49/O
                         net (fo=22, routed)          0.499     4.945    layer2_out_3_U/custom_dsp_dense_implementation_ap_int_16_ap_int_48_config2_U0_ap_done
    SLICE_X19Y46         LUT5 (Prop_lut5_I4_O)        0.124     5.069 r  layer2_out_3_U/pf_ap_return_0_U_i_52/O
                         net (fo=2, routed)           0.517     5.586    custom_dsp_dense_implementation_ap_int_16_ap_int_48_config2_U0/stalled_reg
    SLICE_X18Y46         LUT5 (Prop_lut5_I1_O)        0.124     5.710 f  custom_dsp_dense_implementation_ap_int_16_ap_int_48_config2_U0/pf_ap_return_0_U_i_50/O
                         net (fo=40, routed)          0.669     6.379    custom_dsp_dense_implementation_ap_int_16_ap_int_48_config2_U0/pf_ap_return_4_U/pf_continue
    SLICE_X15Y44         LUT5 (Prop_lut5_I4_O)        0.124     6.503 r  custom_dsp_dense_implementation_ap_int_16_ap_int_48_config2_U0/pf_ap_return_4_U/stalled_i_1/O
                         net (fo=6, routed)           0.529     7.032    custom_dsp_dense_implementation_ap_int_16_ap_int_48_config2_U0/pf_ap_return_4_U/must_stall
    SLICE_X14Y37         LUT3 (Prop_lut3_I1_O)        0.124     7.156 r  custom_dsp_dense_implementation_ap_int_16_ap_int_48_config2_U0/pf_ap_return_4_U/fifo_reg[17][0]_srl18_i_1/O
                         net (fo=49, routed)          0.884     8.040    custom_dsp_dense_implementation_ap_int_16_ap_int_48_config2_U0/pf_ap_return_4_U/write_enable
    SLICE_X10Y43         SRLC32E                                      r  custom_dsp_dense_implementation_ap_int_16_ap_int_48_config2_U0/pf_ap_return_4_U/fifo_reg[17][20]_srl18/CE
  -------------------------------------------------------------------    -------------------

                         (clock ap_clk rise edge)     4.000     4.000 r  
                                                      0.000     4.000 r  ap_clk (IN)
                         net (fo=10439, unset)        0.924     4.924    custom_dsp_dense_implementation_ap_int_16_ap_int_48_config2_U0/pf_ap_return_4_U/ap_clk
    SLICE_X10Y43         SRLC32E                                      r  custom_dsp_dense_implementation_ap_int_16_ap_int_48_config2_U0/pf_ap_return_4_U/fifo_reg[17][20]_srl18/CLK
                         clock pessimism              0.000     4.924    
                         clock uncertainty           -0.035     4.889    
    SLICE_X10Y43         SRLC32E (Setup_srlc32e_CLK_CE)
                                                     -0.517     4.372    custom_dsp_dense_implementation_ap_int_16_ap_int_48_config2_U0/pf_ap_return_4_U/fifo_reg[17][20]_srl18
  -------------------------------------------------------------------
                         required time                          4.372    
                         arrival time                          -8.040    
  -------------------------------------------------------------------
                         slack                                 -3.668    

Slack (VIOLATED) :        -3.668ns  (required time - arrival time)
  Source:                 custom_dsp_dense_implementation_ap_int_16_ap_int_48_config2_U0/pf_ap_return_6_U/fifo_reg[17][49]_srl18/CLK
                            (rising edge-triggered cell SRLC32E clocked by ap_clk  {rise@0.000ns fall@2.000ns period=4.000ns})
  Destination:            custom_dsp_dense_implementation_ap_int_16_ap_int_48_config2_U0/pf_ap_return_4_U/fifo_reg[17][7]_srl18/CE
                            (rising edge-triggered cell SRLC32E clocked by ap_clk  {rise@0.000ns fall@2.000ns period=4.000ns})
  Path Group:             ap_clk
  Path Type:              Setup (Max at Slow Process Corner)
  Requirement:            4.000ns  (ap_clk rise@4.000ns - ap_clk rise@0.000ns)
  Data Path Delay:        7.067ns  (logic 2.474ns (35.006%)  route 4.593ns (64.994%))
  Logic Levels:           7  (LUT3=1 LUT4=2 LUT5=4)
  Clock Path Skew:        -0.049ns (DCD - SCD + CPR)
    Destination Clock Delay (DCD):    0.924ns = ( 4.924 - 4.000 ) 
    Source Clock Delay      (SCD):    0.973ns
    Clock Pessimism Removal (CPR):    0.000ns
  Clock Uncertainty:      0.035ns  ((TSJ^2 + TIJ^2)^1/2 + DJ) / 2 + PE
    Total System Jitter     (TSJ):    0.071ns
    Total Input Jitter      (TIJ):    0.000ns
    Discrete Jitter          (DJ):    0.000ns
    Phase Error              (PE):    0.000ns

    Location             Delay type                Incr(ns)  Path(ns)    Netlist Resource(s)
  -------------------------------------------------------------------    -------------------
                         (clock ap_clk rise edge)     0.000     0.000 r  
                                                      0.000     0.000 r  ap_clk (IN)
                         net (fo=10439, unset)        0.973     0.973    custom_dsp_dense_implementation_ap_int_16_ap_int_48_config2_U0/pf_ap_return_6_U/ap_clk
    SLICE_X12Y46         SRLC32E                                      r  custom_dsp_dense_implementation_ap_int_16_ap_int_48_config2_U0/pf_ap_return_6_U/fifo_reg[17][49]_srl18/CLK
  -------------------------------------------------------------------    -------------------
    SLICE_X12Y46         SRLC32E (Prop_srlc32e_CLK_Q)
                                                      1.606     2.579 f  custom_dsp_dense_implementation_ap_int_16_ap_int_48_config2_U0/pf_ap_return_6_U/fifo_reg[17][49]_srl18/Q
                         net (fo=4, routed)           0.695     3.274    custom_dsp_dense_implementation_ap_int_16_ap_int_48_config2_U0/pf_ap_return_6_U/fifo_reg[17][49]_srl18_n_0
    SLICE_X15Y47         LUT4 (Prop_lut4_I2_O)        0.124     3.398 f  custom_dsp_dense_implementation_ap_int_16_ap_int_48_config2_U0/pf_ap_return_6_U/pf_done_INST_0/O
                         net (fo=1, routed)           0.642     4.040    custom_dsp_dense_implementation_ap_int_16_ap_int_48_config2_U0/pf_ap_return_6_U_pf_done
    SLICE_X14Y45         LUT4 (Prop_lut4_I2_O)        0.124     4.164 r  custom_dsp_dense_implementation_ap_int_16_ap_int_48_config2_U0/pf_ap_return_0_U_i_51/O
                         net (fo=1, routed)           0.158     4.322    custom_dsp_dense_implementation_ap_int_16_ap_int_48_config2_U0/pf_ap_return_0_U_i_51_n_0
    SLICE_X14Y45         LUT5 (Prop_lut5_I4_O)        0.124     4.446 f  custom_dsp_dense_implementation_ap_int_16_ap_int_48_config2_U0/pf_ap_return_0_U_i_49/O
                         net (fo=22, routed)          0.499     4.945    layer2_out_3_U/custom_dsp_dense_implementation_ap_int_16_ap_int_48_config2_U0_ap_done
    SLICE_X19Y46         LUT5 (Prop_lut5_I4_O)        0.124     5.069 r  layer2_out_3_U/pf_ap_return_0_U_i_52/O
                         net (fo=2, routed)           0.517     5.586    custom_dsp_dense_implementation_ap_int_16_ap_int_48_config2_U0/stalled_reg
    SLICE_X18Y46         LUT5 (Prop_lut5_I1_O)        0.124     5.710 f  custom_dsp_dense_implementation_ap_int_16_ap_int_48_config2_U0/pf_ap_return_0_U_i_50/O
                         net (fo=40, routed)          0.669     6.379    custom_dsp_dense_implementation_ap_int_16_ap_int_48_config2_U0/pf_ap_return_4_U/pf_continue
    SLICE_X15Y44         LUT5 (Prop_lut5_I4_O)        0.124     6.503 r  custom_dsp_dense_implementation_ap_int_16_ap_int_48_config2_U0/pf_ap_return_4_U/stalled_i_1/O
                         net (fo=6, routed)           0.529     7.032    custom_dsp_dense_implementation_ap_int_16_ap_int_48_config2_U0/pf_ap_return_4_U/must_stall
    SLICE_X14Y37         LUT3 (Prop_lut3_I1_O)        0.124     7.156 r  custom_dsp_dense_implementation_ap_int_16_ap_int_48_config2_U0/pf_ap_return_4_U/fifo_reg[17][0]_srl18_i_1/O
                         net (fo=49, routed)          0.884     8.040    custom_dsp_dense_implementation_ap_int_16_ap_int_48_config2_U0/pf_ap_return_4_U/write_enable
    SLICE_X10Y43         SRLC32E                                      r  custom_dsp_dense_implementation_ap_int_16_ap_int_48_config2_U0/pf_ap_return_4_U/fifo_reg[17][7]_srl18/CE
  -------------------------------------------------------------------    -------------------

                         (clock ap_clk rise edge)     4.000     4.000 r  
                                                      0.000     4.000 r  ap_clk (IN)
                         net (fo=10439, unset)        0.924     4.924    custom_dsp_dense_implementation_ap_int_16_ap_int_48_config2_U0/pf_ap_return_4_U/ap_clk
    SLICE_X10Y43         SRLC32E                                      r  custom_dsp_dense_implementation_ap_int_16_ap_int_48_config2_U0/pf_ap_return_4_U/fifo_reg[17][7]_srl18/CLK
                         clock pessimism              0.000     4.924    
                         clock uncertainty           -0.035     4.889    
    SLICE_X10Y43         SRLC32E (Setup_srlc32e_CLK_CE)
                                                     -0.517     4.372    custom_dsp_dense_implementation_ap_int_16_ap_int_48_config2_U0/pf_ap_return_4_U/fifo_reg[17][7]_srl18
  -------------------------------------------------------------------
                         required time                          4.372    
                         arrival time                          -8.040    
  -------------------------------------------------------------------
                         slack                                 -3.668    

Slack (VIOLATED) :        -3.668ns  (required time - arrival time)
  Source:                 custom_dsp_dense_implementation_ap_int_16_ap_int_48_config2_U0/pf_ap_return_6_U/fifo_reg[17][49]_srl18/CLK
                            (rising edge-triggered cell SRLC32E clocked by ap_clk  {rise@0.000ns fall@2.000ns period=4.000ns})
  Destination:            custom_dsp_dense_implementation_ap_int_16_ap_int_48_config2_U0/pf_ap_return_4_U/fifo_reg[17][9]_srl18/CE
                            (rising edge-triggered cell SRLC32E clocked by ap_clk  {rise@0.000ns fall@2.000ns period=4.000ns})
  Path Group:             ap_clk
  Path Type:              Setup (Max at Slow Process Corner)
  Requirement:            4.000ns  (ap_clk rise@4.000ns - ap_clk rise@0.000ns)
  Data Path Delay:        7.067ns  (logic 2.474ns (35.006%)  route 4.593ns (64.994%))
  Logic Levels:           7  (LUT3=1 LUT4=2 LUT5=4)
  Clock Path Skew:        -0.049ns (DCD - SCD + CPR)
    Destination Clock Delay (DCD):    0.924ns = ( 4.924 - 4.000 ) 
    Source Clock Delay      (SCD):    0.973ns
    Clock Pessimism Removal (CPR):    0.000ns
  Clock Uncertainty:      0.035ns  ((TSJ^2 + TIJ^2)^1/2 + DJ) / 2 + PE
    Total System Jitter     (TSJ):    0.071ns
    Total Input Jitter      (TIJ):    0.000ns
    Discrete Jitter          (DJ):    0.000ns
    Phase Error              (PE):    0.000ns

    Location             Delay type                Incr(ns)  Path(ns)    Netlist Resource(s)
  -------------------------------------------------------------------    -------------------
                         (clock ap_clk rise edge)     0.000     0.000 r  
                                                      0.000     0.000 r  ap_clk (IN)
                         net (fo=10439, unset)        0.973     0.973    custom_dsp_dense_implementation_ap_int_16_ap_int_48_config2_U0/pf_ap_return_6_U/ap_clk
    SLICE_X12Y46         SRLC32E                                      r  custom_dsp_dense_implementation_ap_int_16_ap_int_48_config2_U0/pf_ap_return_6_U/fifo_reg[17][49]_srl18/CLK
  -------------------------------------------------------------------    -------------------
    SLICE_X12Y46         SRLC32E (Prop_srlc32e_CLK_Q)
                                                      1.606     2.579 f  custom_dsp_dense_implementation_ap_int_16_ap_int_48_config2_U0/pf_ap_return_6_U/fifo_reg[17][49]_srl18/Q
                         net (fo=4, routed)           0.695     3.274    custom_dsp_dense_implementation_ap_int_16_ap_int_48_config2_U0/pf_ap_return_6_U/fifo_reg[17][49]_srl18_n_0
    SLICE_X15Y47         LUT4 (Prop_lut4_I2_O)        0.124     3.398 f  custom_dsp_dense_implementation_ap_int_16_ap_int_48_config2_U0/pf_ap_return_6_U/pf_done_INST_0/O
                         net (fo=1, routed)           0.642     4.040    custom_dsp_dense_implementation_ap_int_16_ap_int_48_config2_U0/pf_ap_return_6_U_pf_done
    SLICE_X14Y45         LUT4 (Prop_lut4_I2_O)        0.124     4.164 r  custom_dsp_dense_implementation_ap_int_16_ap_int_48_config2_U0/pf_ap_return_0_U_i_51/O
                         net (fo=1, routed)           0.158     4.322    custom_dsp_dense_implementation_ap_int_16_ap_int_48_config2_U0/pf_ap_return_0_U_i_51_n_0
    SLICE_X14Y45         LUT5 (Prop_lut5_I4_O)        0.124     4.446 f  custom_dsp_dense_implementation_ap_int_16_ap_int_48_config2_U0/pf_ap_return_0_U_i_49/O
                         net (fo=22, routed)          0.499     4.945    layer2_out_3_U/custom_dsp_dense_implementation_ap_int_16_ap_int_48_config2_U0_ap_done
    SLICE_X19Y46         LUT5 (Prop_lut5_I4_O)        0.124     5.069 r  layer2_out_3_U/pf_ap_return_0_U_i_52/O
                         net (fo=2, routed)           0.517     5.586    custom_dsp_dense_implementation_ap_int_16_ap_int_48_config2_U0/stalled_reg
    SLICE_X18Y46         LUT5 (Prop_lut5_I1_O)        0.124     5.710 f  custom_dsp_dense_implementation_ap_int_16_ap_int_48_config2_U0/pf_ap_return_0_U_i_50/O
                         net (fo=40, routed)          0.669     6.379    custom_dsp_dense_implementation_ap_int_16_ap_int_48_config2_U0/pf_ap_return_4_U/pf_continue
    SLICE_X15Y44         LUT5 (Prop_lut5_I4_O)        0.124     6.503 r  custom_dsp_dense_implementation_ap_int_16_ap_int_48_config2_U0/pf_ap_return_4_U/stalled_i_1/O
                         net (fo=6, routed)           0.529     7.032    custom_dsp_dense_implementation_ap_int_16_ap_int_48_config2_U0/pf_ap_return_4_U/must_stall
    SLICE_X14Y37         LUT3 (Prop_lut3_I1_O)        0.124     7.156 r  custom_dsp_dense_implementation_ap_int_16_ap_int_48_config2_U0/pf_ap_return_4_U/fifo_reg[17][0]_srl18_i_1/O
                         net (fo=49, routed)          0.884     8.040    custom_dsp_dense_implementation_ap_int_16_ap_int_48_config2_U0/pf_ap_return_4_U/write_enable
    SLICE_X10Y43         SRLC32E                                      r  custom_dsp_dense_implementation_ap_int_16_ap_int_48_config2_U0/pf_ap_return_4_U/fifo_reg[17][9]_srl18/CE
  -------------------------------------------------------------------    -------------------

                         (clock ap_clk rise edge)     4.000     4.000 r  
                                                      0.000     4.000 r  ap_clk (IN)
                         net (fo=10439, unset)        0.924     4.924    custom_dsp_dense_implementation_ap_int_16_ap_int_48_config2_U0/pf_ap_return_4_U/ap_clk
    SLICE_X10Y43         SRLC32E                                      r  custom_dsp_dense_implementation_ap_int_16_ap_int_48_config2_U0/pf_ap_return_4_U/fifo_reg[17][9]_srl18/CLK
                         clock pessimism              0.000     4.924    
                         clock uncertainty           -0.035     4.889    
    SLICE_X10Y43         SRLC32E (Setup_srlc32e_CLK_CE)
                                                     -0.517     4.372    custom_dsp_dense_implementation_ap_int_16_ap_int_48_config2_U0/pf_ap_return_4_U/fifo_reg[17][9]_srl18
  -------------------------------------------------------------------
                         required time                          4.372    
                         arrival time                          -8.040    
  -------------------------------------------------------------------
                         slack                                 -3.668    

Slack (VIOLATED) :        -3.648ns  (required time - arrival time)
  Source:                 custom_dsp_dense_implementation_ap_int_16_ap_int_48_config2_U0/pf_ap_return_6_U/fifo_reg[17][49]_srl18/CLK
                            (rising edge-triggered cell SRLC32E clocked by ap_clk  {rise@0.000ns fall@2.000ns period=4.000ns})
  Destination:            custom_dsp_dense_implementation_ap_int_16_ap_int_48_config2_U0/pf_ap_return_4_U/fifo_reg[17][11]_srl18/CE
                            (rising edge-triggered cell SRLC32E clocked by ap_clk  {rise@0.000ns fall@2.000ns period=4.000ns})
  Path Group:             ap_clk
  Path Type:              Setup (Max at Slow Process Corner)
  Requirement:            4.000ns  (ap_clk rise@4.000ns - ap_clk rise@0.000ns)
  Data Path Delay:        7.047ns  (logic 2.474ns (35.107%)  route 4.573ns (64.893%))
  Logic Levels:           7  (LUT3=1 LUT4=2 LUT5=4)
  Clock Path Skew:        -0.049ns (DCD - SCD + CPR)
    Destination Clock Delay (DCD):    0.924ns = ( 4.924 - 4.000 ) 
    Source Clock Delay      (SCD):    0.973ns
    Clock Pessimism Removal (CPR):    0.000ns
  Clock Uncertainty:      0.035ns  ((TSJ^2 + TIJ^2)^1/2 + DJ) / 2 + PE
    Total System Jitter     (TSJ):    0.071ns
    Total Input Jitter      (TIJ):    0.000ns
    Discrete Jitter          (DJ):    0.000ns
    Phase Error              (PE):    0.000ns

    Location             Delay type                Incr(ns)  Path(ns)    Netlist Resource(s)
  -------------------------------------------------------------------    -------------------
                         (clock ap_clk rise edge)     0.000     0.000 r  
                                                      0.000     0.000 r  ap_clk (IN)
                         net (fo=10439, unset)        0.973     0.973    custom_dsp_dense_implementation_ap_int_16_ap_int_48_config2_U0/pf_ap_return_6_U/ap_clk
    SLICE_X12Y46         SRLC32E                                      r  custom_dsp_dense_implementation_ap_int_16_ap_int_48_config2_U0/pf_ap_return_6_U/fifo_reg[17][49]_srl18/CLK
  -------------------------------------------------------------------    -------------------
    SLICE_X12Y46         SRLC32E (Prop_srlc32e_CLK_Q)
                                                      1.606     2.579 f  custom_dsp_dense_implementation_ap_int_16_ap_int_48_config2_U0/pf_ap_return_6_U/fifo_reg[17][49]_srl18/Q
                         net (fo=4, routed)           0.695     3.274    custom_dsp_dense_implementation_ap_int_16_ap_int_48_config2_U0/pf_ap_return_6_U/fifo_reg[17][49]_srl18_n_0
    SLICE_X15Y47         LUT4 (Prop_lut4_I2_O)        0.124     3.398 f  custom_dsp_dense_implementation_ap_int_16_ap_int_48_config2_U0/pf_ap_return_6_U/pf_done_INST_0/O
                         net (fo=1, routed)           0.642     4.040    custom_dsp_dense_implementation_ap_int_16_ap_int_48_config2_U0/pf_ap_return_6_U_pf_done
    SLICE_X14Y45         LUT4 (Prop_lut4_I2_O)        0.124     4.164 r  custom_dsp_dense_implementation_ap_int_16_ap_int_48_config2_U0/pf_ap_return_0_U_i_51/O
                         net (fo=1, routed)           0.158     4.322    custom_dsp_dense_implementation_ap_int_16_ap_int_48_config2_U0/pf_ap_return_0_U_i_51_n_0
    SLICE_X14Y45         LUT5 (Prop_lut5_I4_O)        0.124     4.446 f  custom_dsp_dense_implementation_ap_int_16_ap_int_48_config2_U0/pf_ap_return_0_U_i_49/O
                         net (fo=22, routed)          0.499     4.945    layer2_out_3_U/custom_dsp_dense_implementation_ap_int_16_ap_int_48_config2_U0_ap_done
    SLICE_X19Y46         LUT5 (Prop_lut5_I4_O)        0.124     5.069 r  layer2_out_3_U/pf_ap_return_0_U_i_52/O
                         net (fo=2, routed)           0.517     5.586    custom_dsp_dense_implementation_ap_int_16_ap_int_48_config2_U0/stalled_reg
    SLICE_X18Y46         LUT5 (Prop_lut5_I1_O)        0.124     5.710 f  custom_dsp_dense_implementation_ap_int_16_ap_int_48_config2_U0/pf_ap_return_0_U_i_50/O
                         net (fo=40, routed)          0.669     6.379    custom_dsp_dense_implementation_ap_int_16_ap_int_48_config2_U0/pf_ap_return_4_U/pf_continue
    SLICE_X15Y44         LUT5 (Prop_lut5_I4_O)        0.124     6.503 r  custom_dsp_dense_implementation_ap_int_16_ap_int_48_config2_U0/pf_ap_return_4_U/stalled_i_1/O
                         net (fo=6, routed)           0.529     7.032    custom_dsp_dense_implementation_ap_int_16_ap_int_48_config2_U0/pf_ap_return_4_U/must_stall
    SLICE_X14Y37         LUT3 (Prop_lut3_I1_O)        0.124     7.156 r  custom_dsp_dense_implementation_ap_int_16_ap_int_48_config2_U0/pf_ap_return_4_U/fifo_reg[17][0]_srl18_i_1/O
                         net (fo=49, routed)          0.864     8.020    custom_dsp_dense_implementation_ap_int_16_ap_int_48_config2_U0/pf_ap_return_4_U/write_enable
    SLICE_X12Y41         SRLC32E                                      r  custom_dsp_dense_implementation_ap_int_16_ap_int_48_config2_U0/pf_ap_return_4_U/fifo_reg[17][11]_srl18/CE
  -------------------------------------------------------------------    -------------------

                         (clock ap_clk rise edge)     4.000     4.000 r  
                                                      0.000     4.000 r  ap_clk (IN)
                         net (fo=10439, unset)        0.924     4.924    custom_dsp_dense_implementation_ap_int_16_ap_int_48_config2_U0/pf_ap_return_4_U/ap_clk
    SLICE_X12Y41         SRLC32E                                      r  custom_dsp_dense_implementation_ap_int_16_ap_int_48_config2_U0/pf_ap_return_4_U/fifo_reg[17][11]_srl18/CLK
                         clock pessimism              0.000     4.924    
                         clock uncertainty           -0.035     4.889    
    SLICE_X12Y41         SRLC32E (Setup_srlc32e_CLK_CE)
                                                     -0.517     4.372    custom_dsp_dense_implementation_ap_int_16_ap_int_48_config2_U0/pf_ap_return_4_U/fifo_reg[17][11]_srl18
  -------------------------------------------------------------------
                         required time                          4.372    
                         arrival time                          -8.020    
  -------------------------------------------------------------------
                         slack                                 -3.648    

Slack (VIOLATED) :        -3.648ns  (required time - arrival time)
  Source:                 custom_dsp_dense_implementation_ap_int_16_ap_int_48_config2_U0/pf_ap_return_6_U/fifo_reg[17][49]_srl18/CLK
                            (rising edge-triggered cell SRLC32E clocked by ap_clk  {rise@0.000ns fall@2.000ns period=4.000ns})
  Destination:            custom_dsp_dense_implementation_ap_int_16_ap_int_48_config2_U0/pf_ap_return_4_U/fifo_reg[17][30]_srl18/CE
                            (rising edge-triggered cell SRLC32E clocked by ap_clk  {rise@0.000ns fall@2.000ns period=4.000ns})
  Path Group:             ap_clk
  Path Type:              Setup (Max at Slow Process Corner)
  Requirement:            4.000ns  (ap_clk rise@4.000ns - ap_clk rise@0.000ns)
  Data Path Delay:        7.047ns  (logic 2.474ns (35.107%)  route 4.573ns (64.893%))
  Logic Levels:           7  (LUT3=1 LUT4=2 LUT5=4)
  Clock Path Skew:        -0.049ns (DCD - SCD + CPR)
    Destination Clock Delay (DCD):    0.924ns = ( 4.924 - 4.000 ) 
    Source Clock Delay      (SCD):    0.973ns
    Clock Pessimism Removal (CPR):    0.000ns
  Clock Uncertainty:      0.035ns  ((TSJ^2 + TIJ^2)^1/2 + DJ) / 2 + PE
    Total System Jitter     (TSJ):    0.071ns
    Total Input Jitter      (TIJ):    0.000ns
    Discrete Jitter          (DJ):    0.000ns
    Phase Error              (PE):    0.000ns

    Location             Delay type                Incr(ns)  Path(ns)    Netlist Resource(s)
  -------------------------------------------------------------------    -------------------
                         (clock ap_clk rise edge)     0.000     0.000 r  
                                                      0.000     0.000 r  ap_clk (IN)
                         net (fo=10439, unset)        0.973     0.973    custom_dsp_dense_implementation_ap_int_16_ap_int_48_config2_U0/pf_ap_return_6_U/ap_clk
    SLICE_X12Y46         SRLC32E                                      r  custom_dsp_dense_implementation_ap_int_16_ap_int_48_config2_U0/pf_ap_return_6_U/fifo_reg[17][49]_srl18/CLK
  -------------------------------------------------------------------    -------------------
    SLICE_X12Y46         SRLC32E (Prop_srlc32e_CLK_Q)
                                                      1.606     2.579 f  custom_dsp_dense_implementation_ap_int_16_ap_int_48_config2_U0/pf_ap_return_6_U/fifo_reg[17][49]_srl18/Q
                         net (fo=4, routed)           0.695     3.274    custom_dsp_dense_implementation_ap_int_16_ap_int_48_config2_U0/pf_ap_return_6_U/fifo_reg[17][49]_srl18_n_0
    SLICE_X15Y47         LUT4 (Prop_lut4_I2_O)        0.124     3.398 f  custom_dsp_dense_implementation_ap_int_16_ap_int_48_config2_U0/pf_ap_return_6_U/pf_done_INST_0/O
                         net (fo=1, routed)           0.642     4.040    custom_dsp_dense_implementation_ap_int_16_ap_int_48_config2_U0/pf_ap_return_6_U_pf_done
    SLICE_X14Y45         LUT4 (Prop_lut4_I2_O)        0.124     4.164 r  custom_dsp_dense_implementation_ap_int_16_ap_int_48_config2_U0/pf_ap_return_0_U_i_51/O
                         net (fo=1, routed)           0.158     4.322    custom_dsp_dense_implementation_ap_int_16_ap_int_48_config2_U0/pf_ap_return_0_U_i_51_n_0
    SLICE_X14Y45         LUT5 (Prop_lut5_I4_O)        0.124     4.446 f  custom_dsp_dense_implementation_ap_int_16_ap_int_48_config2_U0/pf_ap_return_0_U_i_49/O
                         net (fo=22, routed)          0.499     4.945    layer2_out_3_U/custom_dsp_dense_implementation_ap_int_16_ap_int_48_config2_U0_ap_done
    SLICE_X19Y46         LUT5 (Prop_lut5_I4_O)        0.124     5.069 r  layer2_out_3_U/pf_ap_return_0_U_i_52/O
                         net (fo=2, routed)           0.517     5.586    custom_dsp_dense_implementation_ap_int_16_ap_int_48_config2_U0/stalled_reg
    SLICE_X18Y46         LUT5 (Prop_lut5_I1_O)        0.124     5.710 f  custom_dsp_dense_implementation_ap_int_16_ap_int_48_config2_U0/pf_ap_return_0_U_i_50/O
                         net (fo=40, routed)          0.669     6.379    custom_dsp_dense_implementation_ap_int_16_ap_int_48_config2_U0/pf_ap_return_4_U/pf_continue
    SLICE_X15Y44         LUT5 (Prop_lut5_I4_O)        0.124     6.503 r  custom_dsp_dense_implementation_ap_int_16_ap_int_48_config2_U0/pf_ap_return_4_U/stalled_i_1/O
                         net (fo=6, routed)           0.529     7.032    custom_dsp_dense_implementation_ap_int_16_ap_int_48_config2_U0/pf_ap_return_4_U/must_stall
    SLICE_X14Y37         LUT3 (Prop_lut3_I1_O)        0.124     7.156 r  custom_dsp_dense_implementation_ap_int_16_ap_int_48_config2_U0/pf_ap_return_4_U/fifo_reg[17][0]_srl18_i_1/O
                         net (fo=49, routed)          0.864     8.020    custom_dsp_dense_implementation_ap_int_16_ap_int_48_config2_U0/pf_ap_return_4_U/write_enable
    SLICE_X12Y41         SRLC32E                                      r  custom_dsp_dense_implementation_ap_int_16_ap_int_48_config2_U0/pf_ap_return_4_U/fifo_reg[17][30]_srl18/CE
  -------------------------------------------------------------------    -------------------

                         (clock ap_clk rise edge)     4.000     4.000 r  
                                                      0.000     4.000 r  ap_clk (IN)
                         net (fo=10439, unset)        0.924     4.924    custom_dsp_dense_implementation_ap_int_16_ap_int_48_config2_U0/pf_ap_return_4_U/ap_clk
    SLICE_X12Y41         SRLC32E                                      r  custom_dsp_dense_implementation_ap_int_16_ap_int_48_config2_U0/pf_ap_return_4_U/fifo_reg[17][30]_srl18/CLK
                         clock pessimism              0.000     4.924    
                         clock uncertainty           -0.035     4.889    
    SLICE_X12Y41         SRLC32E (Setup_srlc32e_CLK_CE)
                                                     -0.517     4.372    custom_dsp_dense_implementation_ap_int_16_ap_int_48_config2_U0/pf_ap_return_4_U/fifo_reg[17][30]_srl18
  -------------------------------------------------------------------
                         required time                          4.372    
                         arrival time                          -8.020    
  -------------------------------------------------------------------
                         slack                                 -3.648    

Slack (VIOLATED) :        -3.648ns  (required time - arrival time)
  Source:                 custom_dsp_dense_implementation_ap_int_16_ap_int_48_config2_U0/pf_ap_return_6_U/fifo_reg[17][49]_srl18/CLK
                            (rising edge-triggered cell SRLC32E clocked by ap_clk  {rise@0.000ns fall@2.000ns period=4.000ns})
  Destination:            custom_dsp_dense_implementation_ap_int_16_ap_int_48_config2_U0/pf_ap_return_4_U/fifo_reg[17][42]_srl18/CE
                            (rising edge-triggered cell SRLC32E clocked by ap_clk  {rise@0.000ns fall@2.000ns period=4.000ns})
  Path Group:             ap_clk
  Path Type:              Setup (Max at Slow Process Corner)
  Requirement:            4.000ns  (ap_clk rise@4.000ns - ap_clk rise@0.000ns)
  Data Path Delay:        7.047ns  (logic 2.474ns (35.107%)  route 4.573ns (64.893%))
  Logic Levels:           7  (LUT3=1 LUT4=2 LUT5=4)
  Clock Path Skew:        -0.049ns (DCD - SCD + CPR)
    Destination Clock Delay (DCD):    0.924ns = ( 4.924 - 4.000 ) 
    Source Clock Delay      (SCD):    0.973ns
    Clock Pessimism Removal (CPR):    0.000ns
  Clock Uncertainty:      0.035ns  ((TSJ^2 + TIJ^2)^1/2 + DJ) / 2 + PE
    Total System Jitter     (TSJ):    0.071ns
    Total Input Jitter      (TIJ):    0.000ns
    Discrete Jitter          (DJ):    0.000ns
    Phase Error              (PE):    0.000ns

    Location             Delay type                Incr(ns)  Path(ns)    Netlist Resource(s)
  -------------------------------------------------------------------    -------------------
                         (clock ap_clk rise edge)     0.000     0.000 r  
                                                      0.000     0.000 r  ap_clk (IN)
                         net (fo=10439, unset)        0.973     0.973    custom_dsp_dense_implementation_ap_int_16_ap_int_48_config2_U0/pf_ap_return_6_U/ap_clk
    SLICE_X12Y46         SRLC32E                                      r  custom_dsp_dense_implementation_ap_int_16_ap_int_48_config2_U0/pf_ap_return_6_U/fifo_reg[17][49]_srl18/CLK
  -------------------------------------------------------------------    -------------------
    SLICE_X12Y46         SRLC32E (Prop_srlc32e_CLK_Q)
                                                      1.606     2.579 f  custom_dsp_dense_implementation_ap_int_16_ap_int_48_config2_U0/pf_ap_return_6_U/fifo_reg[17][49]_srl18/Q
                         net (fo=4, routed)           0.695     3.274    custom_dsp_dense_implementation_ap_int_16_ap_int_48_config2_U0/pf_ap_return_6_U/fifo_reg[17][49]_srl18_n_0
    SLICE_X15Y47         LUT4 (Prop_lut4_I2_O)        0.124     3.398 f  custom_dsp_dense_implementation_ap_int_16_ap_int_48_config2_U0/pf_ap_return_6_U/pf_done_INST_0/O
                         net (fo=1, routed)           0.642     4.040    custom_dsp_dense_implementation_ap_int_16_ap_int_48_config2_U0/pf_ap_return_6_U_pf_done
    SLICE_X14Y45         LUT4 (Prop_lut4_I2_O)        0.124     4.164 r  custom_dsp_dense_implementation_ap_int_16_ap_int_48_config2_U0/pf_ap_return_0_U_i_51/O
                         net (fo=1, routed)           0.158     4.322    custom_dsp_dense_implementation_ap_int_16_ap_int_48_config2_U0/pf_ap_return_0_U_i_51_n_0
    SLICE_X14Y45         LUT5 (Prop_lut5_I4_O)        0.124     4.446 f  custom_dsp_dense_implementation_ap_int_16_ap_int_48_config2_U0/pf_ap_return_0_U_i_49/O
                         net (fo=22, routed)          0.499     4.945    layer2_out_3_U/custom_dsp_dense_implementation_ap_int_16_ap_int_48_config2_U0_ap_done
    SLICE_X19Y46         LUT5 (Prop_lut5_I4_O)        0.124     5.069 r  layer2_out_3_U/pf_ap_return_0_U_i_52/O
                         net (fo=2, routed)           0.517     5.586    custom_dsp_dense_implementation_ap_int_16_ap_int_48_config2_U0/stalled_reg
    SLICE_X18Y46         LUT5 (Prop_lut5_I1_O)        0.124     5.710 f  custom_dsp_dense_implementation_ap_int_16_ap_int_48_config2_U0/pf_ap_return_0_U_i_50/O
                         net (fo=40, routed)          0.669     6.379    custom_dsp_dense_implementation_ap_int_16_ap_int_48_config2_U0/pf_ap_return_4_U/pf_continue
    SLICE_X15Y44         LUT5 (Prop_lut5_I4_O)        0.124     6.503 r  custom_dsp_dense_implementation_ap_int_16_ap_int_48_config2_U0/pf_ap_return_4_U/stalled_i_1/O
                         net (fo=6, routed)           0.529     7.032    custom_dsp_dense_implementation_ap_int_16_ap_int_48_config2_U0/pf_ap_return_4_U/must_stall
    SLICE_X14Y37         LUT3 (Prop_lut3_I1_O)        0.124     7.156 r  custom_dsp_dense_implementation_ap_int_16_ap_int_48_config2_U0/pf_ap_return_4_U/fifo_reg[17][0]_srl18_i_1/O
                         net (fo=49, routed)          0.864     8.020    custom_dsp_dense_implementation_ap_int_16_ap_int_48_config2_U0/pf_ap_return_4_U/write_enable
    SLICE_X12Y41         SRLC32E                                      r  custom_dsp_dense_implementation_ap_int_16_ap_int_48_config2_U0/pf_ap_return_4_U/fifo_reg[17][42]_srl18/CE
  -------------------------------------------------------------------    -------------------

                         (clock ap_clk rise edge)     4.000     4.000 r  
                                                      0.000     4.000 r  ap_clk (IN)
                         net (fo=10439, unset)        0.924     4.924    custom_dsp_dense_implementation_ap_int_16_ap_int_48_config2_U0/pf_ap_return_4_U/ap_clk
    SLICE_X12Y41         SRLC32E                                      r  custom_dsp_dense_implementation_ap_int_16_ap_int_48_config2_U0/pf_ap_return_4_U/fifo_reg[17][42]_srl18/CLK
                         clock pessimism              0.000     4.924    
                         clock uncertainty           -0.035     4.889    
    SLICE_X12Y41         SRLC32E (Setup_srlc32e_CLK_CE)
                                                     -0.517     4.372    custom_dsp_dense_implementation_ap_int_16_ap_int_48_config2_U0/pf_ap_return_4_U/fifo_reg[17][42]_srl18
  -------------------------------------------------------------------
                         required time                          4.372    
                         arrival time                          -8.020    
  -------------------------------------------------------------------
                         slack                                 -3.648    

Slack (VIOLATED) :        -3.648ns  (required time - arrival time)
  Source:                 custom_dsp_dense_implementation_ap_int_16_ap_int_48_config2_U0/pf_ap_return_6_U/fifo_reg[17][49]_srl18/CLK
                            (rising edge-triggered cell SRLC32E clocked by ap_clk  {rise@0.000ns fall@2.000ns period=4.000ns})
  Destination:            custom_dsp_dense_implementation_ap_int_16_ap_int_48_config2_U0/pf_ap_return_4_U/fifo_reg[17][46]_srl18/CE
                            (rising edge-triggered cell SRLC32E clocked by ap_clk  {rise@0.000ns fall@2.000ns period=4.000ns})
  Path Group:             ap_clk
  Path Type:              Setup (Max at Slow Process Corner)
  Requirement:            4.000ns  (ap_clk rise@4.000ns - ap_clk rise@0.000ns)
  Data Path Delay:        7.047ns  (logic 2.474ns (35.107%)  route 4.573ns (64.893%))
  Logic Levels:           7  (LUT3=1 LUT4=2 LUT5=4)
  Clock Path Skew:        -0.049ns (DCD - SCD + CPR)
    Destination Clock Delay (DCD):    0.924ns = ( 4.924 - 4.000 ) 
    Source Clock Delay      (SCD):    0.973ns
    Clock Pessimism Removal (CPR):    0.000ns
  Clock Uncertainty:      0.035ns  ((TSJ^2 + TIJ^2)^1/2 + DJ) / 2 + PE
    Total System Jitter     (TSJ):    0.071ns
    Total Input Jitter      (TIJ):    0.000ns
    Discrete Jitter          (DJ):    0.000ns
    Phase Error              (PE):    0.000ns

    Location             Delay type                Incr(ns)  Path(ns)    Netlist Resource(s)
  -------------------------------------------------------------------    -------------------
                         (clock ap_clk rise edge)     0.000     0.000 r  
                                                      0.000     0.000 r  ap_clk (IN)
                         net (fo=10439, unset)        0.973     0.973    custom_dsp_dense_implementation_ap_int_16_ap_int_48_config2_U0/pf_ap_return_6_U/ap_clk
    SLICE_X12Y46         SRLC32E                                      r  custom_dsp_dense_implementation_ap_int_16_ap_int_48_config2_U0/pf_ap_return_6_U/fifo_reg[17][49]_srl18/CLK
  -------------------------------------------------------------------    -------------------
    SLICE_X12Y46         SRLC32E (Prop_srlc32e_CLK_Q)
                                                      1.606     2.579 f  custom_dsp_dense_implementation_ap_int_16_ap_int_48_config2_U0/pf_ap_return_6_U/fifo_reg[17][49]_srl18/Q
                         net (fo=4, routed)           0.695     3.274    custom_dsp_dense_implementation_ap_int_16_ap_int_48_config2_U0/pf_ap_return_6_U/fifo_reg[17][49]_srl18_n_0
    SLICE_X15Y47         LUT4 (Prop_lut4_I2_O)        0.124     3.398 f  custom_dsp_dense_implementation_ap_int_16_ap_int_48_config2_U0/pf_ap_return_6_U/pf_done_INST_0/O
                         net (fo=1, routed)           0.642     4.040    custom_dsp_dense_implementation_ap_int_16_ap_int_48_config2_U0/pf_ap_return_6_U_pf_done
    SLICE_X14Y45         LUT4 (Prop_lut4_I2_O)        0.124     4.164 r  custom_dsp_dense_implementation_ap_int_16_ap_int_48_config2_U0/pf_ap_return_0_U_i_51/O
                         net (fo=1, routed)           0.158     4.322    custom_dsp_dense_implementation_ap_int_16_ap_int_48_config2_U0/pf_ap_return_0_U_i_51_n_0
    SLICE_X14Y45         LUT5 (Prop_lut5_I4_O)        0.124     4.446 f  custom_dsp_dense_implementation_ap_int_16_ap_int_48_config2_U0/pf_ap_return_0_U_i_49/O
                         net (fo=22, routed)          0.499     4.945    layer2_out_3_U/custom_dsp_dense_implementation_ap_int_16_ap_int_48_config2_U0_ap_done
    SLICE_X19Y46         LUT5 (Prop_lut5_I4_O)        0.124     5.069 r  layer2_out_3_U/pf_ap_return_0_U_i_52/O
                         net (fo=2, routed)           0.517     5.586    custom_dsp_dense_implementation_ap_int_16_ap_int_48_config2_U0/stalled_reg
    SLICE_X18Y46         LUT5 (Prop_lut5_I1_O)        0.124     5.710 f  custom_dsp_dense_implementation_ap_int_16_ap_int_48_config2_U0/pf_ap_return_0_U_i_50/O
                         net (fo=40, routed)          0.669     6.379    custom_dsp_dense_implementation_ap_int_16_ap_int_48_config2_U0/pf_ap_return_4_U/pf_continue
    SLICE_X15Y44         LUT5 (Prop_lut5_I4_O)        0.124     6.503 r  custom_dsp_dense_implementation_ap_int_16_ap_int_48_config2_U0/pf_ap_return_4_U/stalled_i_1/O
                         net (fo=6, routed)           0.529     7.032    custom_dsp_dense_implementation_ap_int_16_ap_int_48_config2_U0/pf_ap_return_4_U/must_stall
    SLICE_X14Y37         LUT3 (Prop_lut3_I1_O)        0.124     7.156 r  custom_dsp_dense_implementation_ap_int_16_ap_int_48_config2_U0/pf_ap_return_4_U/fifo_reg[17][0]_srl18_i_1/O
                         net (fo=49, routed)          0.864     8.020    custom_dsp_dense_implementation_ap_int_16_ap_int_48_config2_U0/pf_ap_return_4_U/write_enable
    SLICE_X12Y41         SRLC32E                                      r  custom_dsp_dense_implementation_ap_int_16_ap_int_48_config2_U0/pf_ap_return_4_U/fifo_reg[17][46]_srl18/CE
  -------------------------------------------------------------------    -------------------

                         (clock ap_clk rise edge)     4.000     4.000 r  
                                                      0.000     4.000 r  ap_clk (IN)
                         net (fo=10439, unset)        0.924     4.924    custom_dsp_dense_implementation_ap_int_16_ap_int_48_config2_U0/pf_ap_return_4_U/ap_clk
    SLICE_X12Y41         SRLC32E                                      r  custom_dsp_dense_implementation_ap_int_16_ap_int_48_config2_U0/pf_ap_return_4_U/fifo_reg[17][46]_srl18/CLK
                         clock pessimism              0.000     4.924    
                         clock uncertainty           -0.035     4.889    
    SLICE_X12Y41         SRLC32E (Setup_srlc32e_CLK_CE)
                                                     -0.517     4.372    custom_dsp_dense_implementation_ap_int_16_ap_int_48_config2_U0/pf_ap_return_4_U/fifo_reg[17][46]_srl18
  -------------------------------------------------------------------
                         required time                          4.372    
                         arrival time                          -8.020    
  -------------------------------------------------------------------
                         slack                                 -3.648    

Slack (VIOLATED) :        -3.624ns  (required time - arrival time)
  Source:                 custom_dsp_dense_implementation_ap_int_16_ap_int_48_config2_U0/pf_ap_return_6_U/fifo_reg[17][49]_srl18/CLK
                            (rising edge-triggered cell SRLC32E clocked by ap_clk  {rise@0.000ns fall@2.000ns period=4.000ns})
  Destination:            custom_dsp_dense_implementation_ap_int_16_ap_int_48_config2_U0/pf_ap_return_4_U/fifo_reg[17][14]_srl18/CE
                            (rising edge-triggered cell SRLC32E clocked by ap_clk  {rise@0.000ns fall@2.000ns period=4.000ns})
  Path Group:             ap_clk
  Path Type:              Setup (Max at Slow Process Corner)
  Requirement:            4.000ns  (ap_clk rise@4.000ns - ap_clk rise@0.000ns)
  Data Path Delay:        7.023ns  (logic 2.474ns (35.225%)  route 4.549ns (64.775%))
  Logic Levels:           7  (LUT3=1 LUT4=2 LUT5=4)
  Clock Path Skew:        -0.049ns (DCD - SCD + CPR)
    Destination Clock Delay (DCD):    0.924ns = ( 4.924 - 4.000 ) 
    Source Clock Delay      (SCD):    0.973ns
    Clock Pessimism Removal (CPR):    0.000ns
  Clock Uncertainty:      0.035ns  ((TSJ^2 + TIJ^2)^1/2 + DJ) / 2 + PE
    Total System Jitter     (TSJ):    0.071ns
    Total Input Jitter      (TIJ):    0.000ns
    Discrete Jitter          (DJ):    0.000ns
    Phase Error              (PE):    0.000ns

    Location             Delay type                Incr(ns)  Path(ns)    Netlist Resource(s)
  -------------------------------------------------------------------    -------------------
                         (clock ap_clk rise edge)     0.000     0.000 r  
                                                      0.000     0.000 r  ap_clk (IN)
                         net (fo=10439, unset)        0.973     0.973    custom_dsp_dense_implementation_ap_int_16_ap_int_48_config2_U0/pf_ap_return_6_U/ap_clk
    SLICE_X12Y46         SRLC32E                                      r  custom_dsp_dense_implementation_ap_int_16_ap_int_48_config2_U0/pf_ap_return_6_U/fifo_reg[17][49]_srl18/CLK
  -------------------------------------------------------------------    -------------------
    SLICE_X12Y46         SRLC32E (Prop_srlc32e_CLK_Q)
                                                      1.606     2.579 f  custom_dsp_dense_implementation_ap_int_16_ap_int_48_config2_U0/pf_ap_return_6_U/fifo_reg[17][49]_srl18/Q
                         net (fo=4, routed)           0.695     3.274    custom_dsp_dense_implementation_ap_int_16_ap_int_48_config2_U0/pf_ap_return_6_U/fifo_reg[17][49]_srl18_n_0
    SLICE_X15Y47         LUT4 (Prop_lut4_I2_O)        0.124     3.398 f  custom_dsp_dense_implementation_ap_int_16_ap_int_48_config2_U0/pf_ap_return_6_U/pf_done_INST_0/O
                         net (fo=1, routed)           0.642     4.040    custom_dsp_dense_implementation_ap_int_16_ap_int_48_config2_U0/pf_ap_return_6_U_pf_done
    SLICE_X14Y45         LUT4 (Prop_lut4_I2_O)        0.124     4.164 r  custom_dsp_dense_implementation_ap_int_16_ap_int_48_config2_U0/pf_ap_return_0_U_i_51/O
                         net (fo=1, routed)           0.158     4.322    custom_dsp_dense_implementation_ap_int_16_ap_int_48_config2_U0/pf_ap_return_0_U_i_51_n_0
    SLICE_X14Y45         LUT5 (Prop_lut5_I4_O)        0.124     4.446 f  custom_dsp_dense_implementation_ap_int_16_ap_int_48_config2_U0/pf_ap_return_0_U_i_49/O
                         net (fo=22, routed)          0.499     4.945    layer2_out_3_U/custom_dsp_dense_implementation_ap_int_16_ap_int_48_config2_U0_ap_done
    SLICE_X19Y46         LUT5 (Prop_lut5_I4_O)        0.124     5.069 r  layer2_out_3_U/pf_ap_return_0_U_i_52/O
                         net (fo=2, routed)           0.517     5.586    custom_dsp_dense_implementation_ap_int_16_ap_int_48_config2_U0/stalled_reg
    SLICE_X18Y46         LUT5 (Prop_lut5_I1_O)        0.124     5.710 f  custom_dsp_dense_implementation_ap_int_16_ap_int_48_config2_U0/pf_ap_return_0_U_i_50/O
                         net (fo=40, routed)          0.669     6.379    custom_dsp_dense_implementation_ap_int_16_ap_int_48_config2_U0/pf_ap_return_4_U/pf_continue
    SLICE_X15Y44         LUT5 (Prop_lut5_I4_O)        0.124     6.503 r  custom_dsp_dense_implementation_ap_int_16_ap_int_48_config2_U0/pf_ap_return_4_U/stalled_i_1/O
                         net (fo=6, routed)           0.529     7.032    custom_dsp_dense_implementation_ap_int_16_ap_int_48_config2_U0/pf_ap_return_4_U/must_stall
    SLICE_X14Y37         LUT3 (Prop_lut3_I1_O)        0.124     7.156 r  custom_dsp_dense_implementation_ap_int_16_ap_int_48_config2_U0/pf_ap_return_4_U/fifo_reg[17][0]_srl18_i_1/O
                         net (fo=49, routed)          0.840     7.996    custom_dsp_dense_implementation_ap_int_16_ap_int_48_config2_U0/pf_ap_return_4_U/write_enable
    SLICE_X12Y40         SRLC32E                                      r  custom_dsp_dense_implementation_ap_int_16_ap_int_48_config2_U0/pf_ap_return_4_U/fifo_reg[17][14]_srl18/CE
  -------------------------------------------------------------------    -------------------

                         (clock ap_clk rise edge)     4.000     4.000 r  
                                                      0.000     4.000 r  ap_clk (IN)
                         net (fo=10439, unset)        0.924     4.924    custom_dsp_dense_implementation_ap_int_16_ap_int_48_config2_U0/pf_ap_return_4_U/ap_clk
    SLICE_X12Y40         SRLC32E                                      r  custom_dsp_dense_implementation_ap_int_16_ap_int_48_config2_U0/pf_ap_return_4_U/fifo_reg[17][14]_srl18/CLK
                         clock pessimism              0.000     4.924    
                         clock uncertainty           -0.035     4.889    
    SLICE_X12Y40         SRLC32E (Setup_srlc32e_CLK_CE)
                                                     -0.517     4.372    custom_dsp_dense_implementation_ap_int_16_ap_int_48_config2_U0/pf_ap_return_4_U/fifo_reg[17][14]_srl18
  -------------------------------------------------------------------
                         required time                          4.372    
                         arrival time                          -7.996    
  -------------------------------------------------------------------
                         slack                                 -3.624    

Slack (VIOLATED) :        -3.624ns  (required time - arrival time)
  Source:                 custom_dsp_dense_implementation_ap_int_16_ap_int_48_config2_U0/pf_ap_return_6_U/fifo_reg[17][49]_srl18/CLK
                            (rising edge-triggered cell SRLC32E clocked by ap_clk  {rise@0.000ns fall@2.000ns period=4.000ns})
  Destination:            custom_dsp_dense_implementation_ap_int_16_ap_int_48_config2_U0/pf_ap_return_4_U/fifo_reg[17][17]_srl18/CE
                            (rising edge-triggered cell SRLC32E clocked by ap_clk  {rise@0.000ns fall@2.000ns period=4.000ns})
  Path Group:             ap_clk
  Path Type:              Setup (Max at Slow Process Corner)
  Requirement:            4.000ns  (ap_clk rise@4.000ns - ap_clk rise@0.000ns)
  Data Path Delay:        7.023ns  (logic 2.474ns (35.225%)  route 4.549ns (64.775%))
  Logic Levels:           7  (LUT3=1 LUT4=2 LUT5=4)
  Clock Path Skew:        -0.049ns (DCD - SCD + CPR)
    Destination Clock Delay (DCD):    0.924ns = ( 4.924 - 4.000 ) 
    Source Clock Delay      (SCD):    0.973ns
    Clock Pessimism Removal (CPR):    0.000ns
  Clock Uncertainty:      0.035ns  ((TSJ^2 + TIJ^2)^1/2 + DJ) / 2 + PE
    Total System Jitter     (TSJ):    0.071ns
    Total Input Jitter      (TIJ):    0.000ns
    Discrete Jitter          (DJ):    0.000ns
    Phase Error              (PE):    0.000ns

    Location             Delay type                Incr(ns)  Path(ns)    Netlist Resource(s)
  -------------------------------------------------------------------    -------------------
                         (clock ap_clk rise edge)     0.000     0.000 r  
                                                      0.000     0.000 r  ap_clk (IN)
                         net (fo=10439, unset)        0.973     0.973    custom_dsp_dense_implementation_ap_int_16_ap_int_48_config2_U0/pf_ap_return_6_U/ap_clk
    SLICE_X12Y46         SRLC32E                                      r  custom_dsp_dense_implementation_ap_int_16_ap_int_48_config2_U0/pf_ap_return_6_U/fifo_reg[17][49]_srl18/CLK
  -------------------------------------------------------------------    -------------------
    SLICE_X12Y46         SRLC32E (Prop_srlc32e_CLK_Q)
                                                      1.606     2.579 f  custom_dsp_dense_implementation_ap_int_16_ap_int_48_config2_U0/pf_ap_return_6_U/fifo_reg[17][49]_srl18/Q
                         net (fo=4, routed)           0.695     3.274    custom_dsp_dense_implementation_ap_int_16_ap_int_48_config2_U0/pf_ap_return_6_U/fifo_reg[17][49]_srl18_n_0
    SLICE_X15Y47         LUT4 (Prop_lut4_I2_O)        0.124     3.398 f  custom_dsp_dense_implementation_ap_int_16_ap_int_48_config2_U0/pf_ap_return_6_U/pf_done_INST_0/O
                         net (fo=1, routed)           0.642     4.040    custom_dsp_dense_implementation_ap_int_16_ap_int_48_config2_U0/pf_ap_return_6_U_pf_done
    SLICE_X14Y45         LUT4 (Prop_lut4_I2_O)        0.124     4.164 r  custom_dsp_dense_implementation_ap_int_16_ap_int_48_config2_U0/pf_ap_return_0_U_i_51/O
                         net (fo=1, routed)           0.158     4.322    custom_dsp_dense_implementation_ap_int_16_ap_int_48_config2_U0/pf_ap_return_0_U_i_51_n_0
    SLICE_X14Y45         LUT5 (Prop_lut5_I4_O)        0.124     4.446 f  custom_dsp_dense_implementation_ap_int_16_ap_int_48_config2_U0/pf_ap_return_0_U_i_49/O
                         net (fo=22, routed)          0.499     4.945    layer2_out_3_U/custom_dsp_dense_implementation_ap_int_16_ap_int_48_config2_U0_ap_done
    SLICE_X19Y46         LUT5 (Prop_lut5_I4_O)        0.124     5.069 r  layer2_out_3_U/pf_ap_return_0_U_i_52/O
                         net (fo=2, routed)           0.517     5.586    custom_dsp_dense_implementation_ap_int_16_ap_int_48_config2_U0/stalled_reg
    SLICE_X18Y46         LUT5 (Prop_lut5_I1_O)        0.124     5.710 f  custom_dsp_dense_implementation_ap_int_16_ap_int_48_config2_U0/pf_ap_return_0_U_i_50/O
                         net (fo=40, routed)          0.669     6.379    custom_dsp_dense_implementation_ap_int_16_ap_int_48_config2_U0/pf_ap_return_4_U/pf_continue
    SLICE_X15Y44         LUT5 (Prop_lut5_I4_O)        0.124     6.503 r  custom_dsp_dense_implementation_ap_int_16_ap_int_48_config2_U0/pf_ap_return_4_U/stalled_i_1/O
                         net (fo=6, routed)           0.529     7.032    custom_dsp_dense_implementation_ap_int_16_ap_int_48_config2_U0/pf_ap_return_4_U/must_stall
    SLICE_X14Y37         LUT3 (Prop_lut3_I1_O)        0.124     7.156 r  custom_dsp_dense_implementation_ap_int_16_ap_int_48_config2_U0/pf_ap_return_4_U/fifo_reg[17][0]_srl18_i_1/O
                         net (fo=49, routed)          0.840     7.996    custom_dsp_dense_implementation_ap_int_16_ap_int_48_config2_U0/pf_ap_return_4_U/write_enable
    SLICE_X12Y40         SRLC32E                                      r  custom_dsp_dense_implementation_ap_int_16_ap_int_48_config2_U0/pf_ap_return_4_U/fifo_reg[17][17]_srl18/CE
  -------------------------------------------------------------------    -------------------

                         (clock ap_clk rise edge)     4.000     4.000 r  
                                                      0.000     4.000 r  ap_clk (IN)
                         net (fo=10439, unset)        0.924     4.924    custom_dsp_dense_implementation_ap_int_16_ap_int_48_config2_U0/pf_ap_return_4_U/ap_clk
    SLICE_X12Y40         SRLC32E                                      r  custom_dsp_dense_implementation_ap_int_16_ap_int_48_config2_U0/pf_ap_return_4_U/fifo_reg[17][17]_srl18/CLK
                         clock pessimism              0.000     4.924    
                         clock uncertainty           -0.035     4.889    
    SLICE_X12Y40         SRLC32E (Setup_srlc32e_CLK_CE)
                                                     -0.517     4.372    custom_dsp_dense_implementation_ap_int_16_ap_int_48_config2_U0/pf_ap_return_4_U/fifo_reg[17][17]_srl18
  -------------------------------------------------------------------
                         required time                          4.372    
                         arrival time                          -7.996    
  -------------------------------------------------------------------
                         slack                                 -3.624    

Slack (VIOLATED) :        -3.624ns  (required time - arrival time)
  Source:                 custom_dsp_dense_implementation_ap_int_16_ap_int_48_config2_U0/pf_ap_return_6_U/fifo_reg[17][49]_srl18/CLK
                            (rising edge-triggered cell SRLC32E clocked by ap_clk  {rise@0.000ns fall@2.000ns period=4.000ns})
  Destination:            custom_dsp_dense_implementation_ap_int_16_ap_int_48_config2_U0/pf_ap_return_4_U/fifo_reg[17][19]_srl18/CE
                            (rising edge-triggered cell SRLC32E clocked by ap_clk  {rise@0.000ns fall@2.000ns period=4.000ns})
  Path Group:             ap_clk
  Path Type:              Setup (Max at Slow Process Corner)
  Requirement:            4.000ns  (ap_clk rise@4.000ns - ap_clk rise@0.000ns)
  Data Path Delay:        7.023ns  (logic 2.474ns (35.225%)  route 4.549ns (64.775%))
  Logic Levels:           7  (LUT3=1 LUT4=2 LUT5=4)
  Clock Path Skew:        -0.049ns (DCD - SCD + CPR)
    Destination Clock Delay (DCD):    0.924ns = ( 4.924 - 4.000 ) 
    Source Clock Delay      (SCD):    0.973ns
    Clock Pessimism Removal (CPR):    0.000ns
  Clock Uncertainty:      0.035ns  ((TSJ^2 + TIJ^2)^1/2 + DJ) / 2 + PE
    Total System Jitter     (TSJ):    0.071ns
    Total Input Jitter      (TIJ):    0.000ns
    Discrete Jitter          (DJ):    0.000ns
    Phase Error              (PE):    0.000ns

    Location             Delay type                Incr(ns)  Path(ns)    Netlist Resource(s)
  -------------------------------------------------------------------    -------------------
                         (clock ap_clk rise edge)     0.000     0.000 r  
                                                      0.000     0.000 r  ap_clk (IN)
                         net (fo=10439, unset)        0.973     0.973    custom_dsp_dense_implementation_ap_int_16_ap_int_48_config2_U0/pf_ap_return_6_U/ap_clk
    SLICE_X12Y46         SRLC32E                                      r  custom_dsp_dense_implementation_ap_int_16_ap_int_48_config2_U0/pf_ap_return_6_U/fifo_reg[17][49]_srl18/CLK
  -------------------------------------------------------------------    -------------------
    SLICE_X12Y46         SRLC32E (Prop_srlc32e_CLK_Q)
                                                      1.606     2.579 f  custom_dsp_dense_implementation_ap_int_16_ap_int_48_config2_U0/pf_ap_return_6_U/fifo_reg[17][49]_srl18/Q
                         net (fo=4, routed)           0.695     3.274    custom_dsp_dense_implementation_ap_int_16_ap_int_48_config2_U0/pf_ap_return_6_U/fifo_reg[17][49]_srl18_n_0
    SLICE_X15Y47         LUT4 (Prop_lut4_I2_O)        0.124     3.398 f  custom_dsp_dense_implementation_ap_int_16_ap_int_48_config2_U0/pf_ap_return_6_U/pf_done_INST_0/O
                         net (fo=1, routed)           0.642     4.040    custom_dsp_dense_implementation_ap_int_16_ap_int_48_config2_U0/pf_ap_return_6_U_pf_done
    SLICE_X14Y45         LUT4 (Prop_lut4_I2_O)        0.124     4.164 r  custom_dsp_dense_implementation_ap_int_16_ap_int_48_config2_U0/pf_ap_return_0_U_i_51/O
                         net (fo=1, routed)           0.158     4.322    custom_dsp_dense_implementation_ap_int_16_ap_int_48_config2_U0/pf_ap_return_0_U_i_51_n_0
    SLICE_X14Y45         LUT5 (Prop_lut5_I4_O)        0.124     4.446 f  custom_dsp_dense_implementation_ap_int_16_ap_int_48_config2_U0/pf_ap_return_0_U_i_49/O
                         net (fo=22, routed)          0.499     4.945    layer2_out_3_U/custom_dsp_dense_implementation_ap_int_16_ap_int_48_config2_U0_ap_done
    SLICE_X19Y46         LUT5 (Prop_lut5_I4_O)        0.124     5.069 r  layer2_out_3_U/pf_ap_return_0_U_i_52/O
                         net (fo=2, routed)           0.517     5.586    custom_dsp_dense_implementation_ap_int_16_ap_int_48_config2_U0/stalled_reg
    SLICE_X18Y46         LUT5 (Prop_lut5_I1_O)        0.124     5.710 f  custom_dsp_dense_implementation_ap_int_16_ap_int_48_config2_U0/pf_ap_return_0_U_i_50/O
                         net (fo=40, routed)          0.669     6.379    custom_dsp_dense_implementation_ap_int_16_ap_int_48_config2_U0/pf_ap_return_4_U/pf_continue
    SLICE_X15Y44         LUT5 (Prop_lut5_I4_O)        0.124     6.503 r  custom_dsp_dense_implementation_ap_int_16_ap_int_48_config2_U0/pf_ap_return_4_U/stalled_i_1/O
                         net (fo=6, routed)           0.529     7.032    custom_dsp_dense_implementation_ap_int_16_ap_int_48_config2_U0/pf_ap_return_4_U/must_stall
    SLICE_X14Y37         LUT3 (Prop_lut3_I1_O)        0.124     7.156 r  custom_dsp_dense_implementation_ap_int_16_ap_int_48_config2_U0/pf_ap_return_4_U/fifo_reg[17][0]_srl18_i_1/O
                         net (fo=49, routed)          0.840     7.996    custom_dsp_dense_implementation_ap_int_16_ap_int_48_config2_U0/pf_ap_return_4_U/write_enable
    SLICE_X12Y40         SRLC32E                                      r  custom_dsp_dense_implementation_ap_int_16_ap_int_48_config2_U0/pf_ap_return_4_U/fifo_reg[17][19]_srl18/CE
  -------------------------------------------------------------------    -------------------

                         (clock ap_clk rise edge)     4.000     4.000 r  
                                                      0.000     4.000 r  ap_clk (IN)
                         net (fo=10439, unset)        0.924     4.924    custom_dsp_dense_implementation_ap_int_16_ap_int_48_config2_U0/pf_ap_return_4_U/ap_clk
    SLICE_X12Y40         SRLC32E                                      r  custom_dsp_dense_implementation_ap_int_16_ap_int_48_config2_U0/pf_ap_return_4_U/fifo_reg[17][19]_srl18/CLK
                         clock pessimism              0.000     4.924    
                         clock uncertainty           -0.035     4.889    
    SLICE_X12Y40         SRLC32E (Setup_srlc32e_CLK_CE)
                                                     -0.517     4.372    custom_dsp_dense_implementation_ap_int_16_ap_int_48_config2_U0/pf_ap_return_4_U/fifo_reg[17][19]_srl18
  -------------------------------------------------------------------
                         required time                          4.372    
                         arrival time                          -7.996    
  -------------------------------------------------------------------
                         slack                                 -3.624    

Slack (VIOLATED) :        -3.624ns  (required time - arrival time)
  Source:                 custom_dsp_dense_implementation_ap_int_16_ap_int_48_config2_U0/pf_ap_return_6_U/fifo_reg[17][49]_srl18/CLK
                            (rising edge-triggered cell SRLC32E clocked by ap_clk  {rise@0.000ns fall@2.000ns period=4.000ns})
  Destination:            custom_dsp_dense_implementation_ap_int_16_ap_int_48_config2_U0/pf_ap_return_4_U/fifo_reg[17][27]_srl18/CE
                            (rising edge-triggered cell SRLC32E clocked by ap_clk  {rise@0.000ns fall@2.000ns period=4.000ns})
  Path Group:             ap_clk
  Path Type:              Setup (Max at Slow Process Corner)
  Requirement:            4.000ns  (ap_clk rise@4.000ns - ap_clk rise@0.000ns)
  Data Path Delay:        7.023ns  (logic 2.474ns (35.225%)  route 4.549ns (64.775%))
  Logic Levels:           7  (LUT3=1 LUT4=2 LUT5=4)
  Clock Path Skew:        -0.049ns (DCD - SCD + CPR)
    Destination Clock Delay (DCD):    0.924ns = ( 4.924 - 4.000 ) 
    Source Clock Delay      (SCD):    0.973ns
    Clock Pessimism Removal (CPR):    0.000ns
  Clock Uncertainty:      0.035ns  ((TSJ^2 + TIJ^2)^1/2 + DJ) / 2 + PE
    Total System Jitter     (TSJ):    0.071ns
    Total Input Jitter      (TIJ):    0.000ns
    Discrete Jitter          (DJ):    0.000ns
    Phase Error              (PE):    0.000ns

    Location             Delay type                Incr(ns)  Path(ns)    Netlist Resource(s)
  -------------------------------------------------------------------    -------------------
                         (clock ap_clk rise edge)     0.000     0.000 r  
                                                      0.000     0.000 r  ap_clk (IN)
                         net (fo=10439, unset)        0.973     0.973    custom_dsp_dense_implementation_ap_int_16_ap_int_48_config2_U0/pf_ap_return_6_U/ap_clk
    SLICE_X12Y46         SRLC32E                                      r  custom_dsp_dense_implementation_ap_int_16_ap_int_48_config2_U0/pf_ap_return_6_U/fifo_reg[17][49]_srl18/CLK
  -------------------------------------------------------------------    -------------------
    SLICE_X12Y46         SRLC32E (Prop_srlc32e_CLK_Q)
                                                      1.606     2.579 f  custom_dsp_dense_implementation_ap_int_16_ap_int_48_config2_U0/pf_ap_return_6_U/fifo_reg[17][49]_srl18/Q
                         net (fo=4, routed)           0.695     3.274    custom_dsp_dense_implementation_ap_int_16_ap_int_48_config2_U0/pf_ap_return_6_U/fifo_reg[17][49]_srl18_n_0
    SLICE_X15Y47         LUT4 (Prop_lut4_I2_O)        0.124     3.398 f  custom_dsp_dense_implementation_ap_int_16_ap_int_48_config2_U0/pf_ap_return_6_U/pf_done_INST_0/O
                         net (fo=1, routed)           0.642     4.040    custom_dsp_dense_implementation_ap_int_16_ap_int_48_config2_U0/pf_ap_return_6_U_pf_done
    SLICE_X14Y45         LUT4 (Prop_lut4_I2_O)        0.124     4.164 r  custom_dsp_dense_implementation_ap_int_16_ap_int_48_config2_U0/pf_ap_return_0_U_i_51/O
                         net (fo=1, routed)           0.158     4.322    custom_dsp_dense_implementation_ap_int_16_ap_int_48_config2_U0/pf_ap_return_0_U_i_51_n_0
    SLICE_X14Y45         LUT5 (Prop_lut5_I4_O)        0.124     4.446 f  custom_dsp_dense_implementation_ap_int_16_ap_int_48_config2_U0/pf_ap_return_0_U_i_49/O
                         net (fo=22, routed)          0.499     4.945    layer2_out_3_U/custom_dsp_dense_implementation_ap_int_16_ap_int_48_config2_U0_ap_done
    SLICE_X19Y46         LUT5 (Prop_lut5_I4_O)        0.124     5.069 r  layer2_out_3_U/pf_ap_return_0_U_i_52/O
                         net (fo=2, routed)           0.517     5.586    custom_dsp_dense_implementation_ap_int_16_ap_int_48_config2_U0/stalled_reg
    SLICE_X18Y46         LUT5 (Prop_lut5_I1_O)        0.124     5.710 f  custom_dsp_dense_implementation_ap_int_16_ap_int_48_config2_U0/pf_ap_return_0_U_i_50/O
                         net (fo=40, routed)          0.669     6.379    custom_dsp_dense_implementation_ap_int_16_ap_int_48_config2_U0/pf_ap_return_4_U/pf_continue
    SLICE_X15Y44         LUT5 (Prop_lut5_I4_O)        0.124     6.503 r  custom_dsp_dense_implementation_ap_int_16_ap_int_48_config2_U0/pf_ap_return_4_U/stalled_i_1/O
                         net (fo=6, routed)           0.529     7.032    custom_dsp_dense_implementation_ap_int_16_ap_int_48_config2_U0/pf_ap_return_4_U/must_stall
    SLICE_X14Y37         LUT3 (Prop_lut3_I1_O)        0.124     7.156 r  custom_dsp_dense_implementation_ap_int_16_ap_int_48_config2_U0/pf_ap_return_4_U/fifo_reg[17][0]_srl18_i_1/O
                         net (fo=49, routed)          0.840     7.996    custom_dsp_dense_implementation_ap_int_16_ap_int_48_config2_U0/pf_ap_return_4_U/write_enable
    SLICE_X12Y40         SRLC32E                                      r  custom_dsp_dense_implementation_ap_int_16_ap_int_48_config2_U0/pf_ap_return_4_U/fifo_reg[17][27]_srl18/CE
  -------------------------------------------------------------------    -------------------

                         (clock ap_clk rise edge)     4.000     4.000 r  
                                                      0.000     4.000 r  ap_clk (IN)
                         net (fo=10439, unset)        0.924     4.924    custom_dsp_dense_implementation_ap_int_16_ap_int_48_config2_U0/pf_ap_return_4_U/ap_clk
    SLICE_X12Y40         SRLC32E                                      r  custom_dsp_dense_implementation_ap_int_16_ap_int_48_config2_U0/pf_ap_return_4_U/fifo_reg[17][27]_srl18/CLK
                         clock pessimism              0.000     4.924    
                         clock uncertainty           -0.035     4.889    
    SLICE_X12Y40         SRLC32E (Setup_srlc32e_CLK_CE)
                                                     -0.517     4.372    custom_dsp_dense_implementation_ap_int_16_ap_int_48_config2_U0/pf_ap_return_4_U/fifo_reg[17][27]_srl18
  -------------------------------------------------------------------
                         required time                          4.372    
                         arrival time                          -7.996    
  -------------------------------------------------------------------
                         slack                                 -3.624    

Slack (VIOLATED) :        -3.609ns  (required time - arrival time)
  Source:                 custom_dsp_dense_implementation_ap_int_16_ap_int_48_config2_U0/pf_ap_return_6_U/fifo_reg[17][49]_srl18/CLK
                            (rising edge-triggered cell SRLC32E clocked by ap_clk  {rise@0.000ns fall@2.000ns period=4.000ns})
  Destination:            custom_dsp_dense_implementation_ap_int_16_ap_int_48_config2_U0/pf_ap_return_4_U/fifo_reg[17][28]_srl18/CE
                            (rising edge-triggered cell SRLC32E clocked by ap_clk  {rise@0.000ns fall@2.000ns period=4.000ns})
  Path Group:             ap_clk
  Path Type:              Setup (Max at Slow Process Corner)
  Requirement:            4.000ns  (ap_clk rise@4.000ns - ap_clk rise@0.000ns)
  Data Path Delay:        7.013ns  (logic 2.474ns (35.278%)  route 4.539ns (64.722%))
  Logic Levels:           7  (LUT3=1 LUT4=2 LUT5=4)
  Clock Path Skew:        -0.049ns (DCD - SCD + CPR)
    Destination Clock Delay (DCD):    0.924ns = ( 4.924 - 4.000 ) 
    Source Clock Delay      (SCD):    0.973ns
    Clock Pessimism Removal (CPR):    0.000ns
  Clock Uncertainty:      0.035ns  ((TSJ^2 + TIJ^2)^1/2 + DJ) / 2 + PE
    Total System Jitter     (TSJ):    0.071ns
    Total Input Jitter      (TIJ):    0.000ns
    Discrete Jitter          (DJ):    0.000ns
    Phase Error              (PE):    0.000ns

    Location             Delay type                Incr(ns)  Path(ns)    Netlist Resource(s)
  -------------------------------------------------------------------    -------------------
                         (clock ap_clk rise edge)     0.000     0.000 r  
                                                      0.000     0.000 r  ap_clk (IN)
                         net (fo=10439, unset)        0.973     0.973    custom_dsp_dense_implementation_ap_int_16_ap_int_48_config2_U0/pf_ap_return_6_U/ap_clk
    SLICE_X12Y46         SRLC32E                                      r  custom_dsp_dense_implementation_ap_int_16_ap_int_48_config2_U0/pf_ap_return_6_U/fifo_reg[17][49]_srl18/CLK
  -------------------------------------------------------------------    -------------------
    SLICE_X12Y46         SRLC32E (Prop_srlc32e_CLK_Q)
                                                      1.606     2.579 f  custom_dsp_dense_implementation_ap_int_16_ap_int_48_config2_U0/pf_ap_return_6_U/fifo_reg[17][49]_srl18/Q
                         net (fo=4, routed)           0.695     3.274    custom_dsp_dense_implementation_ap_int_16_ap_int_48_config2_U0/pf_ap_return_6_U/fifo_reg[17][49]_srl18_n_0
    SLICE_X15Y47         LUT4 (Prop_lut4_I2_O)        0.124     3.398 f  custom_dsp_dense_implementation_ap_int_16_ap_int_48_config2_U0/pf_ap_return_6_U/pf_done_INST_0/O
                         net (fo=1, routed)           0.642     4.040    custom_dsp_dense_implementation_ap_int_16_ap_int_48_config2_U0/pf_ap_return_6_U_pf_done
    SLICE_X14Y45         LUT4 (Prop_lut4_I2_O)        0.124     4.164 r  custom_dsp_dense_implementation_ap_int_16_ap_int_48_config2_U0/pf_ap_return_0_U_i_51/O
                         net (fo=1, routed)           0.158     4.322    custom_dsp_dense_implementation_ap_int_16_ap_int_48_config2_U0/pf_ap_return_0_U_i_51_n_0
    SLICE_X14Y45         LUT5 (Prop_lut5_I4_O)        0.124     4.446 f  custom_dsp_dense_implementation_ap_int_16_ap_int_48_config2_U0/pf_ap_return_0_U_i_49/O
                         net (fo=22, routed)          0.499     4.945    layer2_out_3_U/custom_dsp_dense_implementation_ap_int_16_ap_int_48_config2_U0_ap_done
    SLICE_X19Y46         LUT5 (Prop_lut5_I4_O)        0.124     5.069 r  layer2_out_3_U/pf_ap_return_0_U_i_52/O
                         net (fo=2, routed)           0.517     5.586    custom_dsp_dense_implementation_ap_int_16_ap_int_48_config2_U0/stalled_reg
    SLICE_X18Y46         LUT5 (Prop_lut5_I1_O)        0.124     5.710 f  custom_dsp_dense_implementation_ap_int_16_ap_int_48_config2_U0/pf_ap_return_0_U_i_50/O
                         net (fo=40, routed)          0.669     6.379    custom_dsp_dense_implementation_ap_int_16_ap_int_48_config2_U0/pf_ap_return_4_U/pf_continue
    SLICE_X15Y44         LUT5 (Prop_lut5_I4_O)        0.124     6.503 r  custom_dsp_dense_implementation_ap_int_16_ap_int_48_config2_U0/pf_ap_return_4_U/stalled_i_1/O
                         net (fo=6, routed)           0.529     7.032    custom_dsp_dense_implementation_ap_int_16_ap_int_48_config2_U0/pf_ap_return_4_U/must_stall
    SLICE_X14Y37         LUT3 (Prop_lut3_I1_O)        0.124     7.156 r  custom_dsp_dense_implementation_ap_int_16_ap_int_48_config2_U0/pf_ap_return_4_U/fifo_reg[17][0]_srl18_i_1/O
                         net (fo=49, routed)          0.830     7.986    custom_dsp_dense_implementation_ap_int_16_ap_int_48_config2_U0/pf_ap_return_4_U/write_enable
    SLICE_X10Y39         SRLC32E                                      r  custom_dsp_dense_implementation_ap_int_16_ap_int_48_config2_U0/pf_ap_return_4_U/fifo_reg[17][28]_srl18/CE
  -------------------------------------------------------------------    -------------------

                         (clock ap_clk rise edge)     4.000     4.000 r  
                                                      0.000     4.000 r  ap_clk (IN)
                         net (fo=10439, unset)        0.924     4.924    custom_dsp_dense_implementation_ap_int_16_ap_int_48_config2_U0/pf_ap_return_4_U/ap_clk
    SLICE_X10Y39         SRLC32E                                      r  custom_dsp_dense_implementation_ap_int_16_ap_int_48_config2_U0/pf_ap_return_4_U/fifo_reg[17][28]_srl18/CLK
                         clock pessimism              0.000     4.924    
                         clock uncertainty           -0.035     4.889    
    SLICE_X10Y39         SRLC32E (Setup_srlc32e_CLK_CE)
                                                     -0.512     4.377    custom_dsp_dense_implementation_ap_int_16_ap_int_48_config2_U0/pf_ap_return_4_U/fifo_reg[17][28]_srl18
  -------------------------------------------------------------------
                         required time                          4.377    
                         arrival time                          -7.986    
  -------------------------------------------------------------------
                         slack                                 -3.609    

Slack (VIOLATED) :        -3.609ns  (required time - arrival time)
  Source:                 custom_dsp_dense_implementation_ap_int_16_ap_int_48_config2_U0/pf_ap_return_6_U/fifo_reg[17][49]_srl18/CLK
                            (rising edge-triggered cell SRLC32E clocked by ap_clk  {rise@0.000ns fall@2.000ns period=4.000ns})
  Destination:            custom_dsp_dense_implementation_ap_int_16_ap_int_48_config2_U0/pf_ap_return_4_U/fifo_reg[17][3]_srl18/CE
                            (rising edge-triggered cell SRLC32E clocked by ap_clk  {rise@0.000ns fall@2.000ns period=4.000ns})
  Path Group:             ap_clk
  Path Type:              Setup (Max at Slow Process Corner)
  Requirement:            4.000ns  (ap_clk rise@4.000ns - ap_clk rise@0.000ns)
  Data Path Delay:        7.013ns  (logic 2.474ns (35.278%)  route 4.539ns (64.722%))
  Logic Levels:           7  (LUT3=1 LUT4=2 LUT5=4)
  Clock Path Skew:        -0.049ns (DCD - SCD + CPR)
    Destination Clock Delay (DCD):    0.924ns = ( 4.924 - 4.000 ) 
    Source Clock Delay      (SCD):    0.973ns
    Clock Pessimism Removal (CPR):    0.000ns
  Clock Uncertainty:      0.035ns  ((TSJ^2 + TIJ^2)^1/2 + DJ) / 2 + PE
    Total System Jitter     (TSJ):    0.071ns
    Total Input Jitter      (TIJ):    0.000ns
    Discrete Jitter          (DJ):    0.000ns
    Phase Error              (PE):    0.000ns

    Location             Delay type                Incr(ns)  Path(ns)    Netlist Resource(s)
  -------------------------------------------------------------------    -------------------
                         (clock ap_clk rise edge)     0.000     0.000 r  
                                                      0.000     0.000 r  ap_clk (IN)
                         net (fo=10439, unset)        0.973     0.973    custom_dsp_dense_implementation_ap_int_16_ap_int_48_config2_U0/pf_ap_return_6_U/ap_clk
    SLICE_X12Y46         SRLC32E                                      r  custom_dsp_dense_implementation_ap_int_16_ap_int_48_config2_U0/pf_ap_return_6_U/fifo_reg[17][49]_srl18/CLK
  -------------------------------------------------------------------    -------------------
    SLICE_X12Y46         SRLC32E (Prop_srlc32e_CLK_Q)
                                                      1.606     2.579 f  custom_dsp_dense_implementation_ap_int_16_ap_int_48_config2_U0/pf_ap_return_6_U/fifo_reg[17][49]_srl18/Q
                         net (fo=4, routed)           0.695     3.274    custom_dsp_dense_implementation_ap_int_16_ap_int_48_config2_U0/pf_ap_return_6_U/fifo_reg[17][49]_srl18_n_0
    SLICE_X15Y47         LUT4 (Prop_lut4_I2_O)        0.124     3.398 f  custom_dsp_dense_implementation_ap_int_16_ap_int_48_config2_U0/pf_ap_return_6_U/pf_done_INST_0/O
                         net (fo=1, routed)           0.642     4.040    custom_dsp_dense_implementation_ap_int_16_ap_int_48_config2_U0/pf_ap_return_6_U_pf_done
    SLICE_X14Y45         LUT4 (Prop_lut4_I2_O)        0.124     4.164 r  custom_dsp_dense_implementation_ap_int_16_ap_int_48_config2_U0/pf_ap_return_0_U_i_51/O
                         net (fo=1, routed)           0.158     4.322    custom_dsp_dense_implementation_ap_int_16_ap_int_48_config2_U0/pf_ap_return_0_U_i_51_n_0
    SLICE_X14Y45         LUT5 (Prop_lut5_I4_O)        0.124     4.446 f  custom_dsp_dense_implementation_ap_int_16_ap_int_48_config2_U0/pf_ap_return_0_U_i_49/O
                         net (fo=22, routed)          0.499     4.945    layer2_out_3_U/custom_dsp_dense_implementation_ap_int_16_ap_int_48_config2_U0_ap_done
    SLICE_X19Y46         LUT5 (Prop_lut5_I4_O)        0.124     5.069 r  layer2_out_3_U/pf_ap_return_0_U_i_52/O
                         net (fo=2, routed)           0.517     5.586    custom_dsp_dense_implementation_ap_int_16_ap_int_48_config2_U0/stalled_reg
    SLICE_X18Y46         LUT5 (Prop_lut5_I1_O)        0.124     5.710 f  custom_dsp_dense_implementation_ap_int_16_ap_int_48_config2_U0/pf_ap_return_0_U_i_50/O
                         net (fo=40, routed)          0.669     6.379    custom_dsp_dense_implementation_ap_int_16_ap_int_48_config2_U0/pf_ap_return_4_U/pf_continue
    SLICE_X15Y44         LUT5 (Prop_lut5_I4_O)        0.124     6.503 r  custom_dsp_dense_implementation_ap_int_16_ap_int_48_config2_U0/pf_ap_return_4_U/stalled_i_1/O
                         net (fo=6, routed)           0.529     7.032    custom_dsp_dense_implementation_ap_int_16_ap_int_48_config2_U0/pf_ap_return_4_U/must_stall
    SLICE_X14Y37         LUT3 (Prop_lut3_I1_O)        0.124     7.156 r  custom_dsp_dense_implementation_ap_int_16_ap_int_48_config2_U0/pf_ap_return_4_U/fifo_reg[17][0]_srl18_i_1/O
                         net (fo=49, routed)          0.830     7.986    custom_dsp_dense_implementation_ap_int_16_ap_int_48_config2_U0/pf_ap_return_4_U/write_enable
    SLICE_X10Y39         SRLC32E                                      r  custom_dsp_dense_implementation_ap_int_16_ap_int_48_config2_U0/pf_ap_return_4_U/fifo_reg[17][3]_srl18/CE
  -------------------------------------------------------------------    -------------------

                         (clock ap_clk rise edge)     4.000     4.000 r  
                                                      0.000     4.000 r  ap_clk (IN)
                         net (fo=10439, unset)        0.924     4.924    custom_dsp_dense_implementation_ap_int_16_ap_int_48_config2_U0/pf_ap_return_4_U/ap_clk
    SLICE_X10Y39         SRLC32E                                      r  custom_dsp_dense_implementation_ap_int_16_ap_int_48_config2_U0/pf_ap_return_4_U/fifo_reg[17][3]_srl18/CLK
                         clock pessimism              0.000     4.924    
                         clock uncertainty           -0.035     4.889    
    SLICE_X10Y39         SRLC32E (Setup_srlc32e_CLK_CE)
                                                     -0.512     4.377    custom_dsp_dense_implementation_ap_int_16_ap_int_48_config2_U0/pf_ap_return_4_U/fifo_reg[17][3]_srl18
  -------------------------------------------------------------------
                         required time                          4.377    
                         arrival time                          -7.986    
  -------------------------------------------------------------------
                         slack                                 -3.609    

Slack (VIOLATED) :        -3.609ns  (required time - arrival time)
  Source:                 custom_dsp_dense_implementation_ap_int_16_ap_int_48_config2_U0/pf_ap_return_6_U/fifo_reg[17][49]_srl18/CLK
                            (rising edge-triggered cell SRLC32E clocked by ap_clk  {rise@0.000ns fall@2.000ns period=4.000ns})
  Destination:            custom_dsp_dense_implementation_ap_int_16_ap_int_48_config2_U0/pf_ap_return_4_U/fifo_reg[17][41]_srl18/CE
                            (rising edge-triggered cell SRLC32E clocked by ap_clk  {rise@0.000ns fall@2.000ns period=4.000ns})
  Path Group:             ap_clk
  Path Type:              Setup (Max at Slow Process Corner)
  Requirement:            4.000ns  (ap_clk rise@4.000ns - ap_clk rise@0.000ns)
  Data Path Delay:        7.013ns  (logic 2.474ns (35.278%)  route 4.539ns (64.722%))
  Logic Levels:           7  (LUT3=1 LUT4=2 LUT5=4)
  Clock Path Skew:        -0.049ns (DCD - SCD + CPR)
    Destination Clock Delay (DCD):    0.924ns = ( 4.924 - 4.000 ) 
    Source Clock Delay      (SCD):    0.973ns
    Clock Pessimism Removal (CPR):    0.000ns
  Clock Uncertainty:      0.035ns  ((TSJ^2 + TIJ^2)^1/2 + DJ) / 2 + PE
    Total System Jitter     (TSJ):    0.071ns
    Total Input Jitter      (TIJ):    0.000ns
    Discrete Jitter          (DJ):    0.000ns
    Phase Error              (PE):    0.000ns

    Location             Delay type                Incr(ns)  Path(ns)    Netlist Resource(s)
  -------------------------------------------------------------------    -------------------
                         (clock ap_clk rise edge)     0.000     0.000 r  
                                                      0.000     0.000 r  ap_clk (IN)
                         net (fo=10439, unset)        0.973     0.973    custom_dsp_dense_implementation_ap_int_16_ap_int_48_config2_U0/pf_ap_return_6_U/ap_clk
    SLICE_X12Y46         SRLC32E                                      r  custom_dsp_dense_implementation_ap_int_16_ap_int_48_config2_U0/pf_ap_return_6_U/fifo_reg[17][49]_srl18/CLK
  -------------------------------------------------------------------    -------------------
    SLICE_X12Y46         SRLC32E (Prop_srlc32e_CLK_Q)
                                                      1.606     2.579 f  custom_dsp_dense_implementation_ap_int_16_ap_int_48_config2_U0/pf_ap_return_6_U/fifo_reg[17][49]_srl18/Q
                         net (fo=4, routed)           0.695     3.274    custom_dsp_dense_implementation_ap_int_16_ap_int_48_config2_U0/pf_ap_return_6_U/fifo_reg[17][49]_srl18_n_0
    SLICE_X15Y47         LUT4 (Prop_lut4_I2_O)        0.124     3.398 f  custom_dsp_dense_implementation_ap_int_16_ap_int_48_config2_U0/pf_ap_return_6_U/pf_done_INST_0/O
                         net (fo=1, routed)           0.642     4.040    custom_dsp_dense_implementation_ap_int_16_ap_int_48_config2_U0/pf_ap_return_6_U_pf_done
    SLICE_X14Y45         LUT4 (Prop_lut4_I2_O)        0.124     4.164 r  custom_dsp_dense_implementation_ap_int_16_ap_int_48_config2_U0/pf_ap_return_0_U_i_51/O
                         net (fo=1, routed)           0.158     4.322    custom_dsp_dense_implementation_ap_int_16_ap_int_48_config2_U0/pf_ap_return_0_U_i_51_n_0
    SLICE_X14Y45         LUT5 (Prop_lut5_I4_O)        0.124     4.446 f  custom_dsp_dense_implementation_ap_int_16_ap_int_48_config2_U0/pf_ap_return_0_U_i_49/O
                         net (fo=22, routed)          0.499     4.945    layer2_out_3_U/custom_dsp_dense_implementation_ap_int_16_ap_int_48_config2_U0_ap_done
    SLICE_X19Y46         LUT5 (Prop_lut5_I4_O)        0.124     5.069 r  layer2_out_3_U/pf_ap_return_0_U_i_52/O
                         net (fo=2, routed)           0.517     5.586    custom_dsp_dense_implementation_ap_int_16_ap_int_48_config2_U0/stalled_reg
    SLICE_X18Y46         LUT5 (Prop_lut5_I1_O)        0.124     5.710 f  custom_dsp_dense_implementation_ap_int_16_ap_int_48_config2_U0/pf_ap_return_0_U_i_50/O
                         net (fo=40, routed)          0.669     6.379    custom_dsp_dense_implementation_ap_int_16_ap_int_48_config2_U0/pf_ap_return_4_U/pf_continue
    SLICE_X15Y44         LUT5 (Prop_lut5_I4_O)        0.124     6.503 r  custom_dsp_dense_implementation_ap_int_16_ap_int_48_config2_U0/pf_ap_return_4_U/stalled_i_1/O
                         net (fo=6, routed)           0.529     7.032    custom_dsp_dense_implementation_ap_int_16_ap_int_48_config2_U0/pf_ap_return_4_U/must_stall
    SLICE_X14Y37         LUT3 (Prop_lut3_I1_O)        0.124     7.156 r  custom_dsp_dense_implementation_ap_int_16_ap_int_48_config2_U0/pf_ap_return_4_U/fifo_reg[17][0]_srl18_i_1/O
                         net (fo=49, routed)          0.830     7.986    custom_dsp_dense_implementation_ap_int_16_ap_int_48_config2_U0/pf_ap_return_4_U/write_enable
    SLICE_X10Y39         SRLC32E                                      r  custom_dsp_dense_implementation_ap_int_16_ap_int_48_config2_U0/pf_ap_return_4_U/fifo_reg[17][41]_srl18/CE
  -------------------------------------------------------------------    -------------------

                         (clock ap_clk rise edge)     4.000     4.000 r  
                                                      0.000     4.000 r  ap_clk (IN)
                         net (fo=10439, unset)        0.924     4.924    custom_dsp_dense_implementation_ap_int_16_ap_int_48_config2_U0/pf_ap_return_4_U/ap_clk
    SLICE_X10Y39         SRLC32E                                      r  custom_dsp_dense_implementation_ap_int_16_ap_int_48_config2_U0/pf_ap_return_4_U/fifo_reg[17][41]_srl18/CLK
                         clock pessimism              0.000     4.924    
                         clock uncertainty           -0.035     4.889    
    SLICE_X10Y39         SRLC32E (Setup_srlc32e_CLK_CE)
                                                     -0.512     4.377    custom_dsp_dense_implementation_ap_int_16_ap_int_48_config2_U0/pf_ap_return_4_U/fifo_reg[17][41]_srl18
  -------------------------------------------------------------------
                         required time                          4.377    
                         arrival time                          -7.986    
  -------------------------------------------------------------------
                         slack                                 -3.609    

Slack (VIOLATED) :        -3.526ns  (required time - arrival time)
  Source:                 custom_dsp_dense_implementation_ap_int_16_ap_int_48_config2_U0/pf_ap_return_6_U/fifo_reg[17][49]_srl18/CLK
                            (rising edge-triggered cell SRLC32E clocked by ap_clk  {rise@0.000ns fall@2.000ns period=4.000ns})
  Destination:            custom_dsp_dense_implementation_ap_int_16_ap_int_48_config2_U0/pf_ap_return_4_U/fifo_reg[17][10]_srl18/CE
                            (rising edge-triggered cell SRLC32E clocked by ap_clk  {rise@0.000ns fall@2.000ns period=4.000ns})
  Path Group:             ap_clk
  Path Type:              Setup (Max at Slow Process Corner)
  Requirement:            4.000ns  (ap_clk rise@4.000ns - ap_clk rise@0.000ns)
  Data Path Delay:        6.925ns  (logic 2.474ns (35.724%)  route 4.451ns (64.276%))
  Logic Levels:           7  (LUT3=1 LUT4=2 LUT5=4)
  Clock Path Skew:        -0.049ns (DCD - SCD + CPR)
    Destination Clock Delay (DCD):    0.924ns = ( 4.924 - 4.000 ) 
    Source Clock Delay      (SCD):    0.973ns
    Clock Pessimism Removal (CPR):    0.000ns
  Clock Uncertainty:      0.035ns  ((TSJ^2 + TIJ^2)^1/2 + DJ) / 2 + PE
    Total System Jitter     (TSJ):    0.071ns
    Total Input Jitter      (TIJ):    0.000ns
    Discrete Jitter          (DJ):    0.000ns
    Phase Error              (PE):    0.000ns

    Location             Delay type                Incr(ns)  Path(ns)    Netlist Resource(s)
  -------------------------------------------------------------------    -------------------
                         (clock ap_clk rise edge)     0.000     0.000 r  
                                                      0.000     0.000 r  ap_clk (IN)
                         net (fo=10439, unset)        0.973     0.973    custom_dsp_dense_implementation_ap_int_16_ap_int_48_config2_U0/pf_ap_return_6_U/ap_clk
    SLICE_X12Y46         SRLC32E                                      r  custom_dsp_dense_implementation_ap_int_16_ap_int_48_config2_U0/pf_ap_return_6_U/fifo_reg[17][49]_srl18/CLK
  -------------------------------------------------------------------    -------------------
    SLICE_X12Y46         SRLC32E (Prop_srlc32e_CLK_Q)
                                                      1.606     2.579 f  custom_dsp_dense_implementation_ap_int_16_ap_int_48_config2_U0/pf_ap_return_6_U/fifo_reg[17][49]_srl18/Q
                         net (fo=4, routed)           0.695     3.274    custom_dsp_dense_implementation_ap_int_16_ap_int_48_config2_U0/pf_ap_return_6_U/fifo_reg[17][49]_srl18_n_0
    SLICE_X15Y47         LUT4 (Prop_lut4_I2_O)        0.124     3.398 f  custom_dsp_dense_implementation_ap_int_16_ap_int_48_config2_U0/pf_ap_return_6_U/pf_done_INST_0/O
                         net (fo=1, routed)           0.642     4.040    custom_dsp_dense_implementation_ap_int_16_ap_int_48_config2_U0/pf_ap_return_6_U_pf_done
    SLICE_X14Y45         LUT4 (Prop_lut4_I2_O)        0.124     4.164 r  custom_dsp_dense_implementation_ap_int_16_ap_int_48_config2_U0/pf_ap_return_0_U_i_51/O
                         net (fo=1, routed)           0.158     4.322    custom_dsp_dense_implementation_ap_int_16_ap_int_48_config2_U0/pf_ap_return_0_U_i_51_n_0
    SLICE_X14Y45         LUT5 (Prop_lut5_I4_O)        0.124     4.446 f  custom_dsp_dense_implementation_ap_int_16_ap_int_48_config2_U0/pf_ap_return_0_U_i_49/O
                         net (fo=22, routed)          0.499     4.945    layer2_out_3_U/custom_dsp_dense_implementation_ap_int_16_ap_int_48_config2_U0_ap_done
    SLICE_X19Y46         LUT5 (Prop_lut5_I4_O)        0.124     5.069 r  layer2_out_3_U/pf_ap_return_0_U_i_52/O
                         net (fo=2, routed)           0.517     5.586    custom_dsp_dense_implementation_ap_int_16_ap_int_48_config2_U0/stalled_reg
    SLICE_X18Y46         LUT5 (Prop_lut5_I1_O)        0.124     5.710 f  custom_dsp_dense_implementation_ap_int_16_ap_int_48_config2_U0/pf_ap_return_0_U_i_50/O
                         net (fo=40, routed)          0.669     6.379    custom_dsp_dense_implementation_ap_int_16_ap_int_48_config2_U0/pf_ap_return_4_U/pf_continue
    SLICE_X15Y44         LUT5 (Prop_lut5_I4_O)        0.124     6.503 r  custom_dsp_dense_implementation_ap_int_16_ap_int_48_config2_U0/pf_ap_return_4_U/stalled_i_1/O
                         net (fo=6, routed)           0.529     7.032    custom_dsp_dense_implementation_ap_int_16_ap_int_48_config2_U0/pf_ap_return_4_U/must_stall
    SLICE_X14Y37         LUT3 (Prop_lut3_I1_O)        0.124     7.156 r  custom_dsp_dense_implementation_ap_int_16_ap_int_48_config2_U0/pf_ap_return_4_U/fifo_reg[17][0]_srl18_i_1/O
                         net (fo=49, routed)          0.742     7.898    custom_dsp_dense_implementation_ap_int_16_ap_int_48_config2_U0/pf_ap_return_4_U/write_enable
    SLICE_X10Y41         SRLC32E                                      r  custom_dsp_dense_implementation_ap_int_16_ap_int_48_config2_U0/pf_ap_return_4_U/fifo_reg[17][10]_srl18/CE
  -------------------------------------------------------------------    -------------------

                         (clock ap_clk rise edge)     4.000     4.000 r  
                                                      0.000     4.000 r  ap_clk (IN)
                         net (fo=10439, unset)        0.924     4.924    custom_dsp_dense_implementation_ap_int_16_ap_int_48_config2_U0/pf_ap_return_4_U/ap_clk
    SLICE_X10Y41         SRLC32E                                      r  custom_dsp_dense_implementation_ap_int_16_ap_int_48_config2_U0/pf_ap_return_4_U/fifo_reg[17][10]_srl18/CLK
                         clock pessimism              0.000     4.924    
                         clock uncertainty           -0.035     4.889    
    SLICE_X10Y41         SRLC32E (Setup_srlc32e_CLK_CE)
                                                     -0.517     4.372    custom_dsp_dense_implementation_ap_int_16_ap_int_48_config2_U0/pf_ap_return_4_U/fifo_reg[17][10]_srl18
  -------------------------------------------------------------------
                         required time                          4.372    
                         arrival time                          -7.898    
  -------------------------------------------------------------------
                         slack                                 -3.526    

Slack (VIOLATED) :        -3.526ns  (required time - arrival time)
  Source:                 custom_dsp_dense_implementation_ap_int_16_ap_int_48_config2_U0/pf_ap_return_6_U/fifo_reg[17][49]_srl18/CLK
                            (rising edge-triggered cell SRLC32E clocked by ap_clk  {rise@0.000ns fall@2.000ns period=4.000ns})
  Destination:            custom_dsp_dense_implementation_ap_int_16_ap_int_48_config2_U0/pf_ap_return_4_U/fifo_reg[17][15]_srl18/CE
                            (rising edge-triggered cell SRLC32E clocked by ap_clk  {rise@0.000ns fall@2.000ns period=4.000ns})
  Path Group:             ap_clk
  Path Type:              Setup (Max at Slow Process Corner)
  Requirement:            4.000ns  (ap_clk rise@4.000ns - ap_clk rise@0.000ns)
  Data Path Delay:        6.925ns  (logic 2.474ns (35.724%)  route 4.451ns (64.276%))
  Logic Levels:           7  (LUT3=1 LUT4=2 LUT5=4)
  Clock Path Skew:        -0.049ns (DCD - SCD + CPR)
    Destination Clock Delay (DCD):    0.924ns = ( 4.924 - 4.000 ) 
    Source Clock Delay      (SCD):    0.973ns
    Clock Pessimism Removal (CPR):    0.000ns
  Clock Uncertainty:      0.035ns  ((TSJ^2 + TIJ^2)^1/2 + DJ) / 2 + PE
    Total System Jitter     (TSJ):    0.071ns
    Total Input Jitter      (TIJ):    0.000ns
    Discrete Jitter          (DJ):    0.000ns
    Phase Error              (PE):    0.000ns

    Location             Delay type                Incr(ns)  Path(ns)    Netlist Resource(s)
  -------------------------------------------------------------------    -------------------
                         (clock ap_clk rise edge)     0.000     0.000 r  
                                                      0.000     0.000 r  ap_clk (IN)
                         net (fo=10439, unset)        0.973     0.973    custom_dsp_dense_implementation_ap_int_16_ap_int_48_config2_U0/pf_ap_return_6_U/ap_clk
    SLICE_X12Y46         SRLC32E                                      r  custom_dsp_dense_implementation_ap_int_16_ap_int_48_config2_U0/pf_ap_return_6_U/fifo_reg[17][49]_srl18/CLK
  -------------------------------------------------------------------    -------------------
    SLICE_X12Y46         SRLC32E (Prop_srlc32e_CLK_Q)
                                                      1.606     2.579 f  custom_dsp_dense_implementation_ap_int_16_ap_int_48_config2_U0/pf_ap_return_6_U/fifo_reg[17][49]_srl18/Q
                         net (fo=4, routed)           0.695     3.274    custom_dsp_dense_implementation_ap_int_16_ap_int_48_config2_U0/pf_ap_return_6_U/fifo_reg[17][49]_srl18_n_0
    SLICE_X15Y47         LUT4 (Prop_lut4_I2_O)        0.124     3.398 f  custom_dsp_dense_implementation_ap_int_16_ap_int_48_config2_U0/pf_ap_return_6_U/pf_done_INST_0/O
                         net (fo=1, routed)           0.642     4.040    custom_dsp_dense_implementation_ap_int_16_ap_int_48_config2_U0/pf_ap_return_6_U_pf_done
    SLICE_X14Y45         LUT4 (Prop_lut4_I2_O)        0.124     4.164 r  custom_dsp_dense_implementation_ap_int_16_ap_int_48_config2_U0/pf_ap_return_0_U_i_51/O
                         net (fo=1, routed)           0.158     4.322    custom_dsp_dense_implementation_ap_int_16_ap_int_48_config2_U0/pf_ap_return_0_U_i_51_n_0
    SLICE_X14Y45         LUT5 (Prop_lut5_I4_O)        0.124     4.446 f  custom_dsp_dense_implementation_ap_int_16_ap_int_48_config2_U0/pf_ap_return_0_U_i_49/O
                         net (fo=22, routed)          0.499     4.945    layer2_out_3_U/custom_dsp_dense_implementation_ap_int_16_ap_int_48_config2_U0_ap_done
    SLICE_X19Y46         LUT5 (Prop_lut5_I4_O)        0.124     5.069 r  layer2_out_3_U/pf_ap_return_0_U_i_52/O
                         net (fo=2, routed)           0.517     5.586    custom_dsp_dense_implementation_ap_int_16_ap_int_48_config2_U0/stalled_reg
    SLICE_X18Y46         LUT5 (Prop_lut5_I1_O)        0.124     5.710 f  custom_dsp_dense_implementation_ap_int_16_ap_int_48_config2_U0/pf_ap_return_0_U_i_50/O
                         net (fo=40, routed)          0.669     6.379    custom_dsp_dense_implementation_ap_int_16_ap_int_48_config2_U0/pf_ap_return_4_U/pf_continue
    SLICE_X15Y44         LUT5 (Prop_lut5_I4_O)        0.124     6.503 r  custom_dsp_dense_implementation_ap_int_16_ap_int_48_config2_U0/pf_ap_return_4_U/stalled_i_1/O
                         net (fo=6, routed)           0.529     7.032    custom_dsp_dense_implementation_ap_int_16_ap_int_48_config2_U0/pf_ap_return_4_U/must_stall
    SLICE_X14Y37         LUT3 (Prop_lut3_I1_O)        0.124     7.156 r  custom_dsp_dense_implementation_ap_int_16_ap_int_48_config2_U0/pf_ap_return_4_U/fifo_reg[17][0]_srl18_i_1/O
                         net (fo=49, routed)          0.742     7.898    custom_dsp_dense_implementation_ap_int_16_ap_int_48_config2_U0/pf_ap_return_4_U/write_enable
    SLICE_X10Y41         SRLC32E                                      r  custom_dsp_dense_implementation_ap_int_16_ap_int_48_config2_U0/pf_ap_return_4_U/fifo_reg[17][15]_srl18/CE
  -------------------------------------------------------------------    -------------------

                         (clock ap_clk rise edge)     4.000     4.000 r  
                                                      0.000     4.000 r  ap_clk (IN)
                         net (fo=10439, unset)        0.924     4.924    custom_dsp_dense_implementation_ap_int_16_ap_int_48_config2_U0/pf_ap_return_4_U/ap_clk
    SLICE_X10Y41         SRLC32E                                      r  custom_dsp_dense_implementation_ap_int_16_ap_int_48_config2_U0/pf_ap_return_4_U/fifo_reg[17][15]_srl18/CLK
                         clock pessimism              0.000     4.924    
                         clock uncertainty           -0.035     4.889    
    SLICE_X10Y41         SRLC32E (Setup_srlc32e_CLK_CE)
                                                     -0.517     4.372    custom_dsp_dense_implementation_ap_int_16_ap_int_48_config2_U0/pf_ap_return_4_U/fifo_reg[17][15]_srl18
  -------------------------------------------------------------------
                         required time                          4.372    
                         arrival time                          -7.898    
  -------------------------------------------------------------------
                         slack                                 -3.526    

Slack (VIOLATED) :        -3.526ns  (required time - arrival time)
  Source:                 custom_dsp_dense_implementation_ap_int_16_ap_int_48_config2_U0/pf_ap_return_6_U/fifo_reg[17][49]_srl18/CLK
                            (rising edge-triggered cell SRLC32E clocked by ap_clk  {rise@0.000ns fall@2.000ns period=4.000ns})
  Destination:            custom_dsp_dense_implementation_ap_int_16_ap_int_48_config2_U0/pf_ap_return_4_U/fifo_reg[17][37]_srl18/CE
                            (rising edge-triggered cell SRLC32E clocked by ap_clk  {rise@0.000ns fall@2.000ns period=4.000ns})
  Path Group:             ap_clk
  Path Type:              Setup (Max at Slow Process Corner)
  Requirement:            4.000ns  (ap_clk rise@4.000ns - ap_clk rise@0.000ns)
  Data Path Delay:        6.925ns  (logic 2.474ns (35.724%)  route 4.451ns (64.276%))
  Logic Levels:           7  (LUT3=1 LUT4=2 LUT5=4)
  Clock Path Skew:        -0.049ns (DCD - SCD + CPR)
    Destination Clock Delay (DCD):    0.924ns = ( 4.924 - 4.000 ) 
    Source Clock Delay      (SCD):    0.973ns
    Clock Pessimism Removal (CPR):    0.000ns
  Clock Uncertainty:      0.035ns  ((TSJ^2 + TIJ^2)^1/2 + DJ) / 2 + PE
    Total System Jitter     (TSJ):    0.071ns
    Total Input Jitter      (TIJ):    0.000ns
    Discrete Jitter          (DJ):    0.000ns
    Phase Error              (PE):    0.000ns

    Location             Delay type                Incr(ns)  Path(ns)    Netlist Resource(s)
  -------------------------------------------------------------------    -------------------
                         (clock ap_clk rise edge)     0.000     0.000 r  
                                                      0.000     0.000 r  ap_clk (IN)
                         net (fo=10439, unset)        0.973     0.973    custom_dsp_dense_implementation_ap_int_16_ap_int_48_config2_U0/pf_ap_return_6_U/ap_clk
    SLICE_X12Y46         SRLC32E                                      r  custom_dsp_dense_implementation_ap_int_16_ap_int_48_config2_U0/pf_ap_return_6_U/fifo_reg[17][49]_srl18/CLK
  -------------------------------------------------------------------    -------------------
    SLICE_X12Y46         SRLC32E (Prop_srlc32e_CLK_Q)
                                                      1.606     2.579 f  custom_dsp_dense_implementation_ap_int_16_ap_int_48_config2_U0/pf_ap_return_6_U/fifo_reg[17][49]_srl18/Q
                         net (fo=4, routed)           0.695     3.274    custom_dsp_dense_implementation_ap_int_16_ap_int_48_config2_U0/pf_ap_return_6_U/fifo_reg[17][49]_srl18_n_0
    SLICE_X15Y47         LUT4 (Prop_lut4_I2_O)        0.124     3.398 f  custom_dsp_dense_implementation_ap_int_16_ap_int_48_config2_U0/pf_ap_return_6_U/pf_done_INST_0/O
                         net (fo=1, routed)           0.642     4.040    custom_dsp_dense_implementation_ap_int_16_ap_int_48_config2_U0/pf_ap_return_6_U_pf_done
    SLICE_X14Y45         LUT4 (Prop_lut4_I2_O)        0.124     4.164 r  custom_dsp_dense_implementation_ap_int_16_ap_int_48_config2_U0/pf_ap_return_0_U_i_51/O
                         net (fo=1, routed)           0.158     4.322    custom_dsp_dense_implementation_ap_int_16_ap_int_48_config2_U0/pf_ap_return_0_U_i_51_n_0
    SLICE_X14Y45         LUT5 (Prop_lut5_I4_O)        0.124     4.446 f  custom_dsp_dense_implementation_ap_int_16_ap_int_48_config2_U0/pf_ap_return_0_U_i_49/O
                         net (fo=22, routed)          0.499     4.945    layer2_out_3_U/custom_dsp_dense_implementation_ap_int_16_ap_int_48_config2_U0_ap_done
    SLICE_X19Y46         LUT5 (Prop_lut5_I4_O)        0.124     5.069 r  layer2_out_3_U/pf_ap_return_0_U_i_52/O
                         net (fo=2, routed)           0.517     5.586    custom_dsp_dense_implementation_ap_int_16_ap_int_48_config2_U0/stalled_reg
    SLICE_X18Y46         LUT5 (Prop_lut5_I1_O)        0.124     5.710 f  custom_dsp_dense_implementation_ap_int_16_ap_int_48_config2_U0/pf_ap_return_0_U_i_50/O
                         net (fo=40, routed)          0.669     6.379    custom_dsp_dense_implementation_ap_int_16_ap_int_48_config2_U0/pf_ap_return_4_U/pf_continue
    SLICE_X15Y44         LUT5 (Prop_lut5_I4_O)        0.124     6.503 r  custom_dsp_dense_implementation_ap_int_16_ap_int_48_config2_U0/pf_ap_return_4_U/stalled_i_1/O
                         net (fo=6, routed)           0.529     7.032    custom_dsp_dense_implementation_ap_int_16_ap_int_48_config2_U0/pf_ap_return_4_U/must_stall
    SLICE_X14Y37         LUT3 (Prop_lut3_I1_O)        0.124     7.156 r  custom_dsp_dense_implementation_ap_int_16_ap_int_48_config2_U0/pf_ap_return_4_U/fifo_reg[17][0]_srl18_i_1/O
                         net (fo=49, routed)          0.742     7.898    custom_dsp_dense_implementation_ap_int_16_ap_int_48_config2_U0/pf_ap_return_4_U/write_enable
    SLICE_X10Y41         SRLC32E                                      r  custom_dsp_dense_implementation_ap_int_16_ap_int_48_config2_U0/pf_ap_return_4_U/fifo_reg[17][37]_srl18/CE
  -------------------------------------------------------------------    -------------------

                         (clock ap_clk rise edge)     4.000     4.000 r  
                                                      0.000     4.000 r  ap_clk (IN)
                         net (fo=10439, unset)        0.924     4.924    custom_dsp_dense_implementation_ap_int_16_ap_int_48_config2_U0/pf_ap_return_4_U/ap_clk
    SLICE_X10Y41         SRLC32E                                      r  custom_dsp_dense_implementation_ap_int_16_ap_int_48_config2_U0/pf_ap_return_4_U/fifo_reg[17][37]_srl18/CLK
                         clock pessimism              0.000     4.924    
                         clock uncertainty           -0.035     4.889    
    SLICE_X10Y41         SRLC32E (Setup_srlc32e_CLK_CE)
                                                     -0.517     4.372    custom_dsp_dense_implementation_ap_int_16_ap_int_48_config2_U0/pf_ap_return_4_U/fifo_reg[17][37]_srl18
  -------------------------------------------------------------------
                         required time                          4.372    
                         arrival time                          -7.898    
  -------------------------------------------------------------------
                         slack                                 -3.526    

Slack (VIOLATED) :        -3.526ns  (required time - arrival time)
  Source:                 custom_dsp_dense_implementation_ap_int_16_ap_int_48_config2_U0/pf_ap_return_6_U/fifo_reg[17][49]_srl18/CLK
                            (rising edge-triggered cell SRLC32E clocked by ap_clk  {rise@0.000ns fall@2.000ns period=4.000ns})
  Destination:            custom_dsp_dense_implementation_ap_int_16_ap_int_48_config2_U0/pf_ap_return_4_U/fifo_reg[17][8]_srl18/CE
                            (rising edge-triggered cell SRLC32E clocked by ap_clk  {rise@0.000ns fall@2.000ns period=4.000ns})
  Path Group:             ap_clk
  Path Type:              Setup (Max at Slow Process Corner)
  Requirement:            4.000ns  (ap_clk rise@4.000ns - ap_clk rise@0.000ns)
  Data Path Delay:        6.925ns  (logic 2.474ns (35.724%)  route 4.451ns (64.276%))
  Logic Levels:           7  (LUT3=1 LUT4=2 LUT5=4)
  Clock Path Skew:        -0.049ns (DCD - SCD + CPR)
    Destination Clock Delay (DCD):    0.924ns = ( 4.924 - 4.000 ) 
    Source Clock Delay      (SCD):    0.973ns
    Clock Pessimism Removal (CPR):    0.000ns
  Clock Uncertainty:      0.035ns  ((TSJ^2 + TIJ^2)^1/2 + DJ) / 2 + PE
    Total System Jitter     (TSJ):    0.071ns
    Total Input Jitter      (TIJ):    0.000ns
    Discrete Jitter          (DJ):    0.000ns
    Phase Error              (PE):    0.000ns

    Location             Delay type                Incr(ns)  Path(ns)    Netlist Resource(s)
  -------------------------------------------------------------------    -------------------
                         (clock ap_clk rise edge)     0.000     0.000 r  
                                                      0.000     0.000 r  ap_clk (IN)
                         net (fo=10439, unset)        0.973     0.973    custom_dsp_dense_implementation_ap_int_16_ap_int_48_config2_U0/pf_ap_return_6_U/ap_clk
    SLICE_X12Y46         SRLC32E                                      r  custom_dsp_dense_implementation_ap_int_16_ap_int_48_config2_U0/pf_ap_return_6_U/fifo_reg[17][49]_srl18/CLK
  -------------------------------------------------------------------    -------------------
    SLICE_X12Y46         SRLC32E (Prop_srlc32e_CLK_Q)
                                                      1.606     2.579 f  custom_dsp_dense_implementation_ap_int_16_ap_int_48_config2_U0/pf_ap_return_6_U/fifo_reg[17][49]_srl18/Q
                         net (fo=4, routed)           0.695     3.274    custom_dsp_dense_implementation_ap_int_16_ap_int_48_config2_U0/pf_ap_return_6_U/fifo_reg[17][49]_srl18_n_0
    SLICE_X15Y47         LUT4 (Prop_lut4_I2_O)        0.124     3.398 f  custom_dsp_dense_implementation_ap_int_16_ap_int_48_config2_U0/pf_ap_return_6_U/pf_done_INST_0/O
                         net (fo=1, routed)           0.642     4.040    custom_dsp_dense_implementation_ap_int_16_ap_int_48_config2_U0/pf_ap_return_6_U_pf_done
    SLICE_X14Y45         LUT4 (Prop_lut4_I2_O)        0.124     4.164 r  custom_dsp_dense_implementation_ap_int_16_ap_int_48_config2_U0/pf_ap_return_0_U_i_51/O
                         net (fo=1, routed)           0.158     4.322    custom_dsp_dense_implementation_ap_int_16_ap_int_48_config2_U0/pf_ap_return_0_U_i_51_n_0
    SLICE_X14Y45         LUT5 (Prop_lut5_I4_O)        0.124     4.446 f  custom_dsp_dense_implementation_ap_int_16_ap_int_48_config2_U0/pf_ap_return_0_U_i_49/O
                         net (fo=22, routed)          0.499     4.945    layer2_out_3_U/custom_dsp_dense_implementation_ap_int_16_ap_int_48_config2_U0_ap_done
    SLICE_X19Y46         LUT5 (Prop_lut5_I4_O)        0.124     5.069 r  layer2_out_3_U/pf_ap_return_0_U_i_52/O
                         net (fo=2, routed)           0.517     5.586    custom_dsp_dense_implementation_ap_int_16_ap_int_48_config2_U0/stalled_reg
    SLICE_X18Y46         LUT5 (Prop_lut5_I1_O)        0.124     5.710 f  custom_dsp_dense_implementation_ap_int_16_ap_int_48_config2_U0/pf_ap_return_0_U_i_50/O
                         net (fo=40, routed)          0.669     6.379    custom_dsp_dense_implementation_ap_int_16_ap_int_48_config2_U0/pf_ap_return_4_U/pf_continue
    SLICE_X15Y44         LUT5 (Prop_lut5_I4_O)        0.124     6.503 r  custom_dsp_dense_implementation_ap_int_16_ap_int_48_config2_U0/pf_ap_return_4_U/stalled_i_1/O
                         net (fo=6, routed)           0.529     7.032    custom_dsp_dense_implementation_ap_int_16_ap_int_48_config2_U0/pf_ap_return_4_U/must_stall
    SLICE_X14Y37         LUT3 (Prop_lut3_I1_O)        0.124     7.156 r  custom_dsp_dense_implementation_ap_int_16_ap_int_48_config2_U0/pf_ap_return_4_U/fifo_reg[17][0]_srl18_i_1/O
                         net (fo=49, routed)          0.742     7.898    custom_dsp_dense_implementation_ap_int_16_ap_int_48_config2_U0/pf_ap_return_4_U/write_enable
    SLICE_X10Y41         SRLC32E                                      r  custom_dsp_dense_implementation_ap_int_16_ap_int_48_config2_U0/pf_ap_return_4_U/fifo_reg[17][8]_srl18/CE
  -------------------------------------------------------------------    -------------------

                         (clock ap_clk rise edge)     4.000     4.000 r  
                                                      0.000     4.000 r  ap_clk (IN)
                         net (fo=10439, unset)        0.924     4.924    custom_dsp_dense_implementation_ap_int_16_ap_int_48_config2_U0/pf_ap_return_4_U/ap_clk
    SLICE_X10Y41         SRLC32E                                      r  custom_dsp_dense_implementation_ap_int_16_ap_int_48_config2_U0/pf_ap_return_4_U/fifo_reg[17][8]_srl18/CLK
                         clock pessimism              0.000     4.924    
                         clock uncertainty           -0.035     4.889    
    SLICE_X10Y41         SRLC32E (Setup_srlc32e_CLK_CE)
                                                     -0.517     4.372    custom_dsp_dense_implementation_ap_int_16_ap_int_48_config2_U0/pf_ap_return_4_U/fifo_reg[17][8]_srl18
  -------------------------------------------------------------------
                         required time                          4.372    
                         arrival time                          -7.898    
  -------------------------------------------------------------------
                         slack                                 -3.526    

Slack (VIOLATED) :        -3.526ns  (required time - arrival time)
  Source:                 custom_dsp_dense_implementation_ap_int_16_ap_int_48_config2_U0/pf_ap_return_6_U/fifo_reg[17][49]_srl18/CLK
                            (rising edge-triggered cell SRLC32E clocked by ap_clk  {rise@0.000ns fall@2.000ns period=4.000ns})
  Destination:            custom_dsp_dense_implementation_ap_int_16_ap_int_48_config2_U0/pf_ap_return_4_U/fifo_reg[17][38]_srl18/CE
                            (rising edge-triggered cell SRLC32E clocked by ap_clk  {rise@0.000ns fall@2.000ns period=4.000ns})
  Path Group:             ap_clk
  Path Type:              Setup (Max at Slow Process Corner)
  Requirement:            4.000ns  (ap_clk rise@4.000ns - ap_clk rise@0.000ns)
  Data Path Delay:        6.930ns  (logic 2.474ns (35.702%)  route 4.456ns (64.298%))
  Logic Levels:           7  (LUT3=1 LUT4=2 LUT5=4)
  Clock Path Skew:        -0.049ns (DCD - SCD + CPR)
    Destination Clock Delay (DCD):    0.924ns = ( 4.924 - 4.000 ) 
    Source Clock Delay      (SCD):    0.973ns
    Clock Pessimism Removal (CPR):    0.000ns
  Clock Uncertainty:      0.035ns  ((TSJ^2 + TIJ^2)^1/2 + DJ) / 2 + PE
    Total System Jitter     (TSJ):    0.071ns
    Total Input Jitter      (TIJ):    0.000ns
    Discrete Jitter          (DJ):    0.000ns
    Phase Error              (PE):    0.000ns

    Location             Delay type                Incr(ns)  Path(ns)    Netlist Resource(s)
  -------------------------------------------------------------------    -------------------
                         (clock ap_clk rise edge)     0.000     0.000 r  
                                                      0.000     0.000 r  ap_clk (IN)
                         net (fo=10439, unset)        0.973     0.973    custom_dsp_dense_implementation_ap_int_16_ap_int_48_config2_U0/pf_ap_return_6_U/ap_clk
    SLICE_X12Y46         SRLC32E                                      r  custom_dsp_dense_implementation_ap_int_16_ap_int_48_config2_U0/pf_ap_return_6_U/fifo_reg[17][49]_srl18/CLK
  -------------------------------------------------------------------    -------------------
    SLICE_X12Y46         SRLC32E (Prop_srlc32e_CLK_Q)
                                                      1.606     2.579 f  custom_dsp_dense_implementation_ap_int_16_ap_int_48_config2_U0/pf_ap_return_6_U/fifo_reg[17][49]_srl18/Q
                         net (fo=4, routed)           0.695     3.274    custom_dsp_dense_implementation_ap_int_16_ap_int_48_config2_U0/pf_ap_return_6_U/fifo_reg[17][49]_srl18_n_0
    SLICE_X15Y47         LUT4 (Prop_lut4_I2_O)        0.124     3.398 f  custom_dsp_dense_implementation_ap_int_16_ap_int_48_config2_U0/pf_ap_return_6_U/pf_done_INST_0/O
                         net (fo=1, routed)           0.642     4.040    custom_dsp_dense_implementation_ap_int_16_ap_int_48_config2_U0/pf_ap_return_6_U_pf_done
    SLICE_X14Y45         LUT4 (Prop_lut4_I2_O)        0.124     4.164 r  custom_dsp_dense_implementation_ap_int_16_ap_int_48_config2_U0/pf_ap_return_0_U_i_51/O
                         net (fo=1, routed)           0.158     4.322    custom_dsp_dense_implementation_ap_int_16_ap_int_48_config2_U0/pf_ap_return_0_U_i_51_n_0
    SLICE_X14Y45         LUT5 (Prop_lut5_I4_O)        0.124     4.446 f  custom_dsp_dense_implementation_ap_int_16_ap_int_48_config2_U0/pf_ap_return_0_U_i_49/O
                         net (fo=22, routed)          0.499     4.945    layer2_out_3_U/custom_dsp_dense_implementation_ap_int_16_ap_int_48_config2_U0_ap_done
    SLICE_X19Y46         LUT5 (Prop_lut5_I4_O)        0.124     5.069 r  layer2_out_3_U/pf_ap_return_0_U_i_52/O
                         net (fo=2, routed)           0.517     5.586    custom_dsp_dense_implementation_ap_int_16_ap_int_48_config2_U0/stalled_reg
    SLICE_X18Y46         LUT5 (Prop_lut5_I1_O)        0.124     5.710 f  custom_dsp_dense_implementation_ap_int_16_ap_int_48_config2_U0/pf_ap_return_0_U_i_50/O
                         net (fo=40, routed)          0.669     6.379    custom_dsp_dense_implementation_ap_int_16_ap_int_48_config2_U0/pf_ap_return_4_U/pf_continue
    SLICE_X15Y44         LUT5 (Prop_lut5_I4_O)        0.124     6.503 r  custom_dsp_dense_implementation_ap_int_16_ap_int_48_config2_U0/pf_ap_return_4_U/stalled_i_1/O
                         net (fo=6, routed)           0.529     7.032    custom_dsp_dense_implementation_ap_int_16_ap_int_48_config2_U0/pf_ap_return_4_U/must_stall
    SLICE_X14Y37         LUT3 (Prop_lut3_I1_O)        0.124     7.156 r  custom_dsp_dense_implementation_ap_int_16_ap_int_48_config2_U0/pf_ap_return_4_U/fifo_reg[17][0]_srl18_i_1/O
                         net (fo=49, routed)          0.746     7.903    custom_dsp_dense_implementation_ap_int_16_ap_int_48_config2_U0/pf_ap_return_4_U/write_enable
    SLICE_X10Y40         SRLC32E                                      r  custom_dsp_dense_implementation_ap_int_16_ap_int_48_config2_U0/pf_ap_return_4_U/fifo_reg[17][38]_srl18/CE
  -------------------------------------------------------------------    -------------------

                         (clock ap_clk rise edge)     4.000     4.000 r  
                                                      0.000     4.000 r  ap_clk (IN)
                         net (fo=10439, unset)        0.924     4.924    custom_dsp_dense_implementation_ap_int_16_ap_int_48_config2_U0/pf_ap_return_4_U/ap_clk
    SLICE_X10Y40         SRLC32E                                      r  custom_dsp_dense_implementation_ap_int_16_ap_int_48_config2_U0/pf_ap_return_4_U/fifo_reg[17][38]_srl18/CLK
                         clock pessimism              0.000     4.924    
                         clock uncertainty           -0.035     4.889    
    SLICE_X10Y40         SRLC32E (Setup_srlc32e_CLK_CE)
                                                     -0.512     4.377    custom_dsp_dense_implementation_ap_int_16_ap_int_48_config2_U0/pf_ap_return_4_U/fifo_reg[17][38]_srl18
  -------------------------------------------------------------------
                         required time                          4.377    
                         arrival time                          -7.903    
  -------------------------------------------------------------------
                         slack                                 -3.526    




