Copyright 1986-2022 Xilinx, Inc. All Rights Reserved. Copyright 2022-2024 Advanced Micro Devices, Inc. All Rights Reserved.
---------------------------------------------------------------------------------------------------------------------------------------------
| Tool Version : Vivado v.2024.1 (lin64) Build 5076996 Wed May 22 18:36:09 MDT 2024
| Date         : Wed Sep  2 01:09:51 2026
| Host         : ei-lan-400 running 64-bit Debian GNU/Linux 12 (bookworm)
| Command      : report_timing -max_paths 20 -file ./Analysis_Verilog/Timing_Paths_Synthesis.rpt
| Design       : SampleNeuralNet
| Device       : 7z010-clg400
| Speed File   : -1  PRODUCTION 1.12 2019-11-22
| Design State : Synthesized
---------------------------------------------------------------------------------------------------------------------------------------------

Timing Report

Slack (VIOLATED) :        -3.969ns  (required time - arrival time)
  Source:                 custom_dsp_dense_implementation_ap_int_16_ap_int_48_config2_U0/pf_ap_return_3_U/fifo_rdPtr_reg[0]/C
                            (rising edge-triggered cell FDSE clocked by ap_clk  {rise@0.000ns fall@2.000ns period=4.000ns})
  Destination:            custom_dsp_dense_implementation_ap_int_16_ap_int_48_config2_U0/pf_ap_return_0_U/fifo_rdPtr_reg[2]/D
                            (rising edge-triggered cell FDRE clocked by ap_clk  {rise@0.000ns fall@2.000ns period=4.000ns})
  Path Group:             ap_clk
  Path Type:              Setup (Max at Slow Process Corner)
  Requirement:            4.000ns  (ap_clk rise@4.000ns - ap_clk rise@0.000ns)
  Data Path Delay:        7.947ns  (logic 1.933ns (24.324%)  route 6.014ns (75.676%))
  Logic Levels:           10  (LUT3=1 LUT4=1 LUT5=6 LUT6=1 SRLC32E=1)
  Clock Path Skew:        -0.049ns (DCD - SCD + CPR)
    Destination Clock Delay (DCD):    0.924ns = ( 4.924 - 4.000 ) 
    Source Clock Delay      (SCD):    0.973ns
    Clock Pessimism Removal (CPR):    0.000ns
  Clock Uncertainty:      0.035ns  ((TSJ^2 + TIJ^2)^1/2 + DJ) / 2 + PE
    Total System Jitter     (TSJ):    0.071ns
    Total Input Jitter      (TIJ):    0.000ns
    Discrete Jitter          (DJ):    0.000ns
    Phase Error              (PE):    0.000ns

    Location             Delay type                Incr(ns)  Path(ns)    Netlist Resource(s)
  -------------------------------------------------------------------    -------------------
                         (clock ap_clk rise edge)     0.000     0.000 r  
                                                      0.000     0.000 r  ap_clk (IN)
                         net (fo=10424, unset)        0.973     0.973    custom_dsp_dense_implementation_ap_int_16_ap_int_48_config2_U0/pf_ap_return_3_U/ap_clk
                         FDSE                                         r  custom_dsp_dense_implementation_ap_int_16_ap_int_48_config2_U0/pf_ap_return_3_U/fifo_rdPtr_reg[0]/C
  -------------------------------------------------------------------    -------------------
                         FDSE (Prop_fdse_C_Q)         0.496     1.469 r  custom_dsp_dense_implementation_ap_int_16_ap_int_48_config2_U0/pf_ap_return_3_U/fifo_rdPtr_reg[0]/Q
                         net (fo=58, unplaced)        0.892     2.361    custom_dsp_dense_implementation_ap_int_16_ap_int_48_config2_U0/pf_ap_return_3_U/fifo_rdPtr_reg[0]
                         SRLC32E (Prop_srlc32e_A[0]_Q)
                                                      0.295     2.656 f  custom_dsp_dense_implementation_ap_int_16_ap_int_48_config2_U0/pf_ap_return_3_U/fifo_reg[17][49]_srl18/Q
                         net (fo=4, unplaced)         0.443     3.099    custom_dsp_dense_implementation_ap_int_16_ap_int_48_config2_U0/pf_ap_return_3_U/fifo_reg[17][49]_srl18_n_0
                         LUT5 (Prop_lut5_I3_O)        0.150     3.249 f  custom_dsp_dense_implementation_ap_int_16_ap_int_48_config2_U0/pf_ap_return_3_U/pf_done_INST_0/O
                         net (fo=1, unplaced)         0.902     4.151    custom_dsp_dense_implementation_ap_int_16_ap_int_48_config2_U0/pf_ap_return_3_U_pf_done
                         LUT4 (Prop_lut4_I1_O)        0.124     4.275 r  custom_dsp_dense_implementation_ap_int_16_ap_int_48_config2_U0/pf_ap_return_0_U_i_51/O
                         net (fo=1, unplaced)         0.449     4.724    custom_dsp_dense_implementation_ap_int_16_ap_int_48_config2_U0/pf_ap_return_0_U_i_51_n_0
                         LUT5 (Prop_lut5_I4_O)        0.124     4.848 f  custom_dsp_dense_implementation_ap_int_16_ap_int_48_config2_U0/pf_ap_return_0_U_i_49/O
                         net (fo=30, unplaced)        0.519     5.367    layer2_out_5_U/custom_dsp_dense_implementation_ap_int_16_ap_int_48_config2_U0_ap_done
                         LUT5 (Prop_lut5_I4_O)        0.124     5.491 r  layer2_out_5_U/pf_ap_return_0_U_i_53/O
                         net (fo=2, unplaced)         0.913     6.404    custom_dsp_dense_implementation_ap_int_16_ap_int_48_config2_U0/stalled_reg_0
                         LUT5 (Prop_lut5_I2_O)        0.124     6.528 f  custom_dsp_dense_implementation_ap_int_16_ap_int_48_config2_U0/pf_ap_return_0_U_i_50/O
                         net (fo=24, unplaced)        0.513     7.041    custom_dsp_dense_implementation_ap_int_16_ap_int_48_config2_U0/pf_ap_return_0_U/pf_continue
                         LUT5 (Prop_lut5_I4_O)        0.124     7.165 r  custom_dsp_dense_implementation_ap_int_16_ap_int_48_config2_U0/pf_ap_return_0_U/fifo_rdPtr[1]_i_3/O
                         net (fo=1, unplaced)         0.449     7.614    custom_dsp_dense_implementation_ap_int_16_ap_int_48_config2_U0/pf_ap_return_0_U/fifo_rdPtr[1]_i_3_n_0
                         LUT6 (Prop_lut6_I2_O)        0.124     7.738 r  custom_dsp_dense_implementation_ap_int_16_ap_int_48_config2_U0/pf_ap_return_0_U/fifo_rdPtr[1]_i_2/O
                         net (fo=3, unplaced)         0.467     8.205    custom_dsp_dense_implementation_ap_int_16_ap_int_48_config2_U0/pf_ap_return_0_U/fifo_rdPtr13_out
                         LUT3 (Prop_lut3_I2_O)        0.124     8.329 r  custom_dsp_dense_implementation_ap_int_16_ap_int_48_config2_U0/pf_ap_return_0_U/fifo_rdPtr[2]_i_3/O
                         net (fo=3, unplaced)         0.467     8.796    custom_dsp_dense_implementation_ap_int_16_ap_int_48_config2_U0/pf_ap_return_0_U/fifo_rdPtr[2]_i_3_n_0
                         LUT5 (Prop_lut5_I2_O)        0.124     8.920 r  custom_dsp_dense_implementation_ap_int_16_ap_int_48_config2_U0/pf_ap_return_0_U/fifo_rdPtr[2]_i_1/O
                         net (fo=1, unplaced)         0.000     8.920    custom_dsp_dense_implementation_ap_int_16_ap_int_48_config2_U0/pf_ap_return_0_U/fifo_rdPtr[2]_i_1_n_0
                         FDRE                                         r  custom_dsp_dense_implementation_ap_int_16_ap_int_48_config2_U0/pf_ap_return_0_U/fifo_rdPtr_reg[2]/D
  -------------------------------------------------------------------    -------------------

                         (clock ap_clk rise edge)     4.000     4.000 r  
                                                      0.000     4.000 r  ap_clk (IN)
                         net (fo=10424, unset)        0.924     4.924    custom_dsp_dense_implementation_ap_int_16_ap_int_48_config2_U0/pf_ap_return_0_U/ap_clk
                         FDRE                                         r  custom_dsp_dense_implementation_ap_int_16_ap_int_48_config2_U0/pf_ap_return_0_U/fifo_rdPtr_reg[2]/C
                         clock pessimism              0.000     4.924    
                         clock uncertainty           -0.035     4.889    
                         FDRE (Setup_fdre_C_D)        0.062     4.951    custom_dsp_dense_implementation_ap_int_16_ap_int_48_config2_U0/pf_ap_return_0_U/fifo_rdPtr_reg[2]
  -------------------------------------------------------------------
                         required time                          4.951    
                         arrival time                          -8.920    
  -------------------------------------------------------------------
                         slack                                 -3.969    

Slack (VIOLATED) :        -3.969ns  (required time - arrival time)
  Source:                 custom_dsp_dense_implementation_ap_int_16_ap_int_48_config2_U0/pf_ap_return_3_U/fifo_rdPtr_reg[0]/C
                            (rising edge-triggered cell FDSE clocked by ap_clk  {rise@0.000ns fall@2.000ns period=4.000ns})
  Destination:            custom_dsp_dense_implementation_ap_int_16_ap_int_48_config2_U0/pf_ap_return_0_U/fifo_rdPtr_reg[3]/D
                            (rising edge-triggered cell FDSE clocked by ap_clk  {rise@0.000ns fall@2.000ns period=4.000ns})
  Path Group:             ap_clk
  Path Type:              Setup (Max at Slow Process Corner)
  Requirement:            4.000ns  (ap_clk rise@4.000ns - ap_clk rise@0.000ns)
  Data Path Delay:        7.947ns  (logic 1.933ns (24.324%)  route 6.014ns (75.676%))
  Logic Levels:           10  (LUT3=1 LUT4=1 LUT5=6 LUT6=1 SRLC32E=1)
  Clock Path Skew:        -0.049ns (DCD - SCD + CPR)
    Destination Clock Delay (DCD):    0.924ns = ( 4.924 - 4.000 ) 
    Source Clock Delay      (SCD):    0.973ns
    Clock Pessimism Removal (CPR):    0.000ns
  Clock Uncertainty:      0.035ns  ((TSJ^2 + TIJ^2)^1/2 + DJ) / 2 + PE
    Total System Jitter     (TSJ):    0.071ns
    Total Input Jitter      (TIJ):    0.000ns
    Discrete Jitter          (DJ):    0.000ns
    Phase Error              (PE):    0.000ns

    Location             Delay type                Incr(ns)  Path(ns)    Netlist Resource(s)
  -------------------------------------------------------------------    -------------------
                         (clock ap_clk rise edge)     0.000     0.000 r  
                                                      0.000     0.000 r  ap_clk (IN)
                         net (fo=10424, unset)        0.973     0.973    custom_dsp_dense_implementation_ap_int_16_ap_int_48_config2_U0/pf_ap_return_3_U/ap_clk
                         FDSE                                         r  custom_dsp_dense_implementation_ap_int_16_ap_int_48_config2_U0/pf_ap_return_3_U/fifo_rdPtr_reg[0]/C
  -------------------------------------------------------------------    -------------------
                         FDSE (Prop_fdse_C_Q)         0.496     1.469 r  custom_dsp_dense_implementation_ap_int_16_ap_int_48_config2_U0/pf_ap_return_3_U/fifo_rdPtr_reg[0]/Q
                         net (fo=58, unplaced)        0.892     2.361    custom_dsp_dense_implementation_ap_int_16_ap_int_48_config2_U0/pf_ap_return_3_U/fifo_rdPtr_reg[0]
                         SRLC32E (Prop_srlc32e_A[0]_Q)
                                                      0.295     2.656 f  custom_dsp_dense_implementation_ap_int_16_ap_int_48_config2_U0/pf_ap_return_3_U/fifo_reg[17][49]_srl18/Q
                         net (fo=4, unplaced)         0.443     3.099    custom_dsp_dense_implementation_ap_int_16_ap_int_48_config2_U0/pf_ap_return_3_U/fifo_reg[17][49]_srl18_n_0
                         LUT5 (Prop_lut5_I3_O)        0.150     3.249 f  custom_dsp_dense_implementation_ap_int_16_ap_int_48_config2_U0/pf_ap_return_3_U/pf_done_INST_0/O
                         net (fo=1, unplaced)         0.902     4.151    custom_dsp_dense_implementation_ap_int_16_ap_int_48_config2_U0/pf_ap_return_3_U_pf_done
                         LUT4 (Prop_lut4_I1_O)        0.124     4.275 r  custom_dsp_dense_implementation_ap_int_16_ap_int_48_config2_U0/pf_ap_return_0_U_i_51/O
                         net (fo=1, unplaced)         0.449     4.724    custom_dsp_dense_implementation_ap_int_16_ap_int_48_config2_U0/pf_ap_return_0_U_i_51_n_0
                         LUT5 (Prop_lut5_I4_O)        0.124     4.848 f  custom_dsp_dense_implementation_ap_int_16_ap_int_48_config2_U0/pf_ap_return_0_U_i_49/O
                         net (fo=30, unplaced)        0.519     5.367    layer2_out_5_U/custom_dsp_dense_implementation_ap_int_16_ap_int_48_config2_U0_ap_done
                         LUT5 (Prop_lut5_I4_O)        0.124     5.491 r  layer2_out_5_U/pf_ap_return_0_U_i_53/O
                         net (fo=2, unplaced)         0.913     6.404    custom_dsp_dense_implementation_ap_int_16_ap_int_48_config2_U0/stalled_reg_0
                         LUT5 (Prop_lut5_I2_O)        0.124     6.528 f  custom_dsp_dense_implementation_ap_int_16_ap_int_48_config2_U0/pf_ap_return_0_U_i_50/O
                         net (fo=24, unplaced)        0.513     7.041    custom_dsp_dense_implementation_ap_int_16_ap_int_48_config2_U0/pf_ap_return_0_U/pf_continue
                         LUT5 (Prop_lut5_I4_O)        0.124     7.165 r  custom_dsp_dense_implementation_ap_int_16_ap_int_48_config2_U0/pf_ap_return_0_U/fifo_rdPtr[1]_i_3/O
                         net (fo=1, unplaced)         0.449     7.614    custom_dsp_dense_implementation_ap_int_16_ap_int_48_config2_U0/pf_ap_return_0_U/fifo_rdPtr[1]_i_3_n_0
                         LUT6 (Prop_lut6_I2_O)        0.124     7.738 r  custom_dsp_dense_implementation_ap_int_16_ap_int_48_config2_U0/pf_ap_return_0_U/fifo_rdPtr[1]_i_2/O
                         net (fo=3, unplaced)         0.467     8.205    custom_dsp_dense_implementation_ap_int_16_ap_int_48_config2_U0/pf_ap_return_0_U/fifo_rdPtr13_out
                         LUT3 (Prop_lut3_I2_O)        0.124     8.329 r  custom_dsp_dense_implementation_ap_int_16_ap_int_48_config2_U0/pf_ap_return_0_U/fifo_rdPtr[2]_i_3/O
                         net (fo=3, unplaced)         0.467     8.796    custom_dsp_dense_implementation_ap_int_16_ap_int_48_config2_U0/pf_ap_return_0_U/fifo_rdPtr[2]_i_3_n_0
                         LUT5 (Prop_lut5_I2_O)        0.124     8.920 r  custom_dsp_dense_implementation_ap_int_16_ap_int_48_config2_U0/pf_ap_return_0_U/fifo_rdPtr[3]_i_1/O
                         net (fo=1, unplaced)         0.000     8.920    custom_dsp_dense_implementation_ap_int_16_ap_int_48_config2_U0/pf_ap_return_0_U/fifo_rdPtr[3]_i_1_n_0
                         FDSE                                         r  custom_dsp_dense_implementation_ap_int_16_ap_int_48_config2_U0/pf_ap_return_0_U/fifo_rdPtr_reg[3]/D
  -------------------------------------------------------------------    -------------------

                         (clock ap_clk rise edge)     4.000     4.000 r  
                                                      0.000     4.000 r  ap_clk (IN)
                         net (fo=10424, unset)        0.924     4.924    custom_dsp_dense_implementation_ap_int_16_ap_int_48_config2_U0/pf_ap_return_0_U/ap_clk
                         FDSE                                         r  custom_dsp_dense_implementation_ap_int_16_ap_int_48_config2_U0/pf_ap_return_0_U/fifo_rdPtr_reg[3]/C
                         clock pessimism              0.000     4.924    
                         clock uncertainty           -0.035     4.889    
                         FDSE (Setup_fdse_C_D)        0.062     4.951    custom_dsp_dense_implementation_ap_int_16_ap_int_48_config2_U0/pf_ap_return_0_U/fifo_rdPtr_reg[3]
  -------------------------------------------------------------------
                         required time                          4.951    
                         arrival time                          -8.920    
  -------------------------------------------------------------------
                         slack                                 -3.969    

Slack (VIOLATED) :        -3.969ns  (required time - arrival time)
  Source:                 custom_dsp_dense_implementation_ap_int_16_ap_int_48_config2_U0/pf_ap_return_3_U/fifo_rdPtr_reg[0]/C
                            (rising edge-triggered cell FDSE clocked by ap_clk  {rise@0.000ns fall@2.000ns period=4.000ns})
  Destination:            custom_dsp_dense_implementation_ap_int_16_ap_int_48_config2_U0/pf_ap_return_0_U/fifo_rdPtr_reg[4]/D
                            (rising edge-triggered cell FDSE clocked by ap_clk  {rise@0.000ns fall@2.000ns period=4.000ns})
  Path Group:             ap_clk
  Path Type:              Setup (Max at Slow Process Corner)
  Requirement:            4.000ns  (ap_clk rise@4.000ns - ap_clk rise@0.000ns)
  Data Path Delay:        7.947ns  (logic 1.933ns (24.324%)  route 6.014ns (75.676%))
  Logic Levels:           10  (LUT3=1 LUT4=1 LUT5=5 LUT6=2 SRLC32E=1)
  Clock Path Skew:        -0.049ns (DCD - SCD + CPR)
    Destination Clock Delay (DCD):    0.924ns = ( 4.924 - 4.000 ) 
    Source Clock Delay      (SCD):    0.973ns
    Clock Pessimism Removal (CPR):    0.000ns
  Clock Uncertainty:      0.035ns  ((TSJ^2 + TIJ^2)^1/2 + DJ) / 2 + PE
    Total System Jitter     (TSJ):    0.071ns
    Total Input Jitter      (TIJ):    0.000ns
    Discrete Jitter          (DJ):    0.000ns
    Phase Error              (PE):    0.000ns

    Location             Delay type                Incr(ns)  Path(ns)    Netlist Resource(s)
  -------------------------------------------------------------------    -------------------
                         (clock ap_clk rise edge)     0.000     0.000 r  
                                                      0.000     0.000 r  ap_clk (IN)
                         net (fo=10424, unset)        0.973     0.973    custom_dsp_dense_implementation_ap_int_16_ap_int_48_config2_U0/pf_ap_return_3_U/ap_clk
                         FDSE                                         r  custom_dsp_dense_implementation_ap_int_16_ap_int_48_config2_U0/pf_ap_return_3_U/fifo_rdPtr_reg[0]/C
  -------------------------------------------------------------------    -------------------
                         FDSE (Prop_fdse_C_Q)         0.496     1.469 r  custom_dsp_dense_implementation_ap_int_16_ap_int_48_config2_U0/pf_ap_return_3_U/fifo_rdPtr_reg[0]/Q
                         net (fo=58, unplaced)        0.892     2.361    custom_dsp_dense_implementation_ap_int_16_ap_int_48_config2_U0/pf_ap_return_3_U/fifo_rdPtr_reg[0]
                         SRLC32E (Prop_srlc32e_A[0]_Q)
                                                      0.295     2.656 f  custom_dsp_dense_implementation_ap_int_16_ap_int_48_config2_U0/pf_ap_return_3_U/fifo_reg[17][49]_srl18/Q
                         net (fo=4, unplaced)         0.443     3.099    custom_dsp_dense_implementation_ap_int_16_ap_int_48_config2_U0/pf_ap_return_3_U/fifo_reg[17][49]_srl18_n_0
                         LUT5 (Prop_lut5_I3_O)        0.150     3.249 f  custom_dsp_dense_implementation_ap_int_16_ap_int_48_config2_U0/pf_ap_return_3_U/pf_done_INST_0/O
                         net (fo=1, unplaced)         0.902     4.151    custom_dsp_dense_implementation_ap_int_16_ap_int_48_config2_U0/pf_ap_return_3_U_pf_done
                         LUT4 (Prop_lut4_I1_O)        0.124     4.275 r  custom_dsp_dense_implementation_ap_int_16_ap_int_48_config2_U0/pf_ap_return_0_U_i_51/O
                         net (fo=1, unplaced)         0.449     4.724    custom_dsp_dense_implementation_ap_int_16_ap_int_48_config2_U0/pf_ap_return_0_U_i_51_n_0
                         LUT5 (Prop_lut5_I4_O)        0.124     4.848 f  custom_dsp_dense_implementation_ap_int_16_ap_int_48_config2_U0/pf_ap_return_0_U_i_49/O
                         net (fo=30, unplaced)        0.519     5.367    layer2_out_5_U/custom_dsp_dense_implementation_ap_int_16_ap_int_48_config2_U0_ap_done
                         LUT5 (Prop_lut5_I4_O)        0.124     5.491 r  layer2_out_5_U/pf_ap_return_0_U_i_53/O
                         net (fo=2, unplaced)         0.913     6.404    custom_dsp_dense_implementation_ap_int_16_ap_int_48_config2_U0/stalled_reg_0
                         LUT5 (Prop_lut5_I2_O)        0.124     6.528 f  custom_dsp_dense_implementation_ap_int_16_ap_int_48_config2_U0/pf_ap_return_0_U_i_50/O
                         net (fo=24, unplaced)        0.513     7.041    custom_dsp_dense_implementation_ap_int_16_ap_int_48_config2_U0/pf_ap_return_0_U/pf_continue
                         LUT5 (Prop_lut5_I4_O)        0.124     7.165 r  custom_dsp_dense_implementation_ap_int_16_ap_int_48_config2_U0/pf_ap_return_0_U/fifo_rdPtr[1]_i_3/O
                         net (fo=1, unplaced)         0.449     7.614    custom_dsp_dense_implementation_ap_int_16_ap_int_48_config2_U0/pf_ap_return_0_U/fifo_rdPtr[1]_i_3_n_0
                         LUT6 (Prop_lut6_I2_O)        0.124     7.738 r  custom_dsp_dense_implementation_ap_int_16_ap_int_48_config2_U0/pf_ap_return_0_U/fifo_rdPtr[1]_i_2/O
                         net (fo=3, unplaced)         0.467     8.205    custom_dsp_dense_implementation_ap_int_16_ap_int_48_config2_U0/pf_ap_return_0_U/fifo_rdPtr13_out
                         LUT3 (Prop_lut3_I2_O)        0.124     8.329 r  custom_dsp_dense_implementation_ap_int_16_ap_int_48_config2_U0/pf_ap_return_0_U/fifo_rdPtr[2]_i_3/O
                         net (fo=3, unplaced)         0.467     8.796    custom_dsp_dense_implementation_ap_int_16_ap_int_48_config2_U0/pf_ap_return_0_U/fifo_rdPtr[2]_i_3_n_0
                         LUT6 (Prop_lut6_I3_O)        0.124     8.920 r  custom_dsp_dense_implementation_ap_int_16_ap_int_48_config2_U0/pf_ap_return_0_U/fifo_rdPtr[4]_i_1/O
                         net (fo=1, unplaced)         0.000     8.920    custom_dsp_dense_implementation_ap_int_16_ap_int_48_config2_U0/pf_ap_return_0_U/fifo_rdPtr[4]_i_1_n_0
                         FDSE                                         r  custom_dsp_dense_implementation_ap_int_16_ap_int_48_config2_U0/pf_ap_return_0_U/fifo_rdPtr_reg[4]/D
  -------------------------------------------------------------------    -------------------

                         (clock ap_clk rise edge)     4.000     4.000 r  
                                                      0.000     4.000 r  ap_clk (IN)
                         net (fo=10424, unset)        0.924     4.924    custom_dsp_dense_implementation_ap_int_16_ap_int_48_config2_U0/pf_ap_return_0_U/ap_clk
                         FDSE                                         r  custom_dsp_dense_implementation_ap_int_16_ap_int_48_config2_U0/pf_ap_return_0_U/fifo_rdPtr_reg[4]/C
                         clock pessimism              0.000     4.924    
                         clock uncertainty           -0.035     4.889    
                         FDSE (Setup_fdse_C_D)        0.062     4.951    custom_dsp_dense_implementation_ap_int_16_ap_int_48_config2_U0/pf_ap_return_0_U/fifo_rdPtr_reg[4]
  -------------------------------------------------------------------
                         required time                          4.951    
                         arrival time                          -8.920    
  -------------------------------------------------------------------
                         slack                                 -3.969    

Slack (VIOLATED) :        -3.969ns  (required time - arrival time)
  Source:                 custom_dsp_dense_implementation_ap_int_16_ap_int_48_config2_U0/pf_ap_return_3_U/fifo_rdPtr_reg[0]/C
                            (rising edge-triggered cell FDSE clocked by ap_clk  {rise@0.000ns fall@2.000ns period=4.000ns})
  Destination:            custom_dsp_dense_implementation_ap_int_16_ap_int_48_config2_U0/pf_ap_return_1_U/fifo_rdPtr_reg[2]/D
                            (rising edge-triggered cell FDRE clocked by ap_clk  {rise@0.000ns fall@2.000ns period=4.000ns})
  Path Group:             ap_clk
  Path Type:              Setup (Max at Slow Process Corner)
  Requirement:            4.000ns  (ap_clk rise@4.000ns - ap_clk rise@0.000ns)
  Data Path Delay:        7.947ns  (logic 1.933ns (24.324%)  route 6.014ns (75.676%))
  Logic Levels:           10  (LUT3=1 LUT4=1 LUT5=6 LUT6=1 SRLC32E=1)
  Clock Path Skew:        -0.049ns (DCD - SCD + CPR)
    Destination Clock Delay (DCD):    0.924ns = ( 4.924 - 4.000 ) 
    Source Clock Delay      (SCD):    0.973ns
    Clock Pessimism Removal (CPR):    0.000ns
  Clock Uncertainty:      0.035ns  ((TSJ^2 + TIJ^2)^1/2 + DJ) / 2 + PE
    Total System Jitter     (TSJ):    0.071ns
    Total Input Jitter      (TIJ):    0.000ns
    Discrete Jitter          (DJ):    0.000ns
    Phase Error              (PE):    0.000ns

    Location             Delay type                Incr(ns)  Path(ns)    Netlist Resource(s)
  -------------------------------------------------------------------    -------------------
                         (clock ap_clk rise edge)     0.000     0.000 r  
                                                      0.000     0.000 r  ap_clk (IN)
                         net (fo=10424, unset)        0.973     0.973    custom_dsp_dense_implementation_ap_int_16_ap_int_48_config2_U0/pf_ap_return_3_U/ap_clk
                         FDSE                                         r  custom_dsp_dense_implementation_ap_int_16_ap_int_48_config2_U0/pf_ap_return_3_U/fifo_rdPtr_reg[0]/C
  -------------------------------------------------------------------    -------------------
                         FDSE (Prop_fdse_C_Q)         0.496     1.469 r  custom_dsp_dense_implementation_ap_int_16_ap_int_48_config2_U0/pf_ap_return_3_U/fifo_rdPtr_reg[0]/Q
                         net (fo=58, unplaced)        0.892     2.361    custom_dsp_dense_implementation_ap_int_16_ap_int_48_config2_U0/pf_ap_return_3_U/fifo_rdPtr_reg[0]
                         SRLC32E (Prop_srlc32e_A[0]_Q)
                                                      0.295     2.656 f  custom_dsp_dense_implementation_ap_int_16_ap_int_48_config2_U0/pf_ap_return_3_U/fifo_reg[17][49]_srl18/Q
                         net (fo=4, unplaced)         0.443     3.099    custom_dsp_dense_implementation_ap_int_16_ap_int_48_config2_U0/pf_ap_return_3_U/fifo_reg[17][49]_srl18_n_0
                         LUT5 (Prop_lut5_I3_O)        0.150     3.249 f  custom_dsp_dense_implementation_ap_int_16_ap_int_48_config2_U0/pf_ap_return_3_U/pf_done_INST_0/O
                         net (fo=1, unplaced)         0.902     4.151    custom_dsp_dense_implementation_ap_int_16_ap_int_48_config2_U0/pf_ap_return_3_U_pf_done
                         LUT4 (Prop_lut4_I1_O)        0.124     4.275 r  custom_dsp_dense_implementation_ap_int_16_ap_int_48_config2_U0/pf_ap_return_0_U_i_51/O
                         net (fo=1, unplaced)         0.449     4.724    custom_dsp_dense_implementation_ap_int_16_ap_int_48_config2_U0/pf_ap_return_0_U_i_51_n_0
                         LUT5 (Prop_lut5_I4_O)        0.124     4.848 f  custom_dsp_dense_implementation_ap_int_16_ap_int_48_config2_U0/pf_ap_return_0_U_i_49/O
                         net (fo=30, unplaced)        0.519     5.367    layer2_out_5_U/custom_dsp_dense_implementation_ap_int_16_ap_int_48_config2_U0_ap_done
                         LUT5 (Prop_lut5_I4_O)        0.124     5.491 r  layer2_out_5_U/pf_ap_return_0_U_i_53/O
                         net (fo=2, unplaced)         0.913     6.404    custom_dsp_dense_implementation_ap_int_16_ap_int_48_config2_U0/stalled_reg_0
                         LUT5 (Prop_lut5_I2_O)        0.124     6.528 f  custom_dsp_dense_implementation_ap_int_16_ap_int_48_config2_U0/pf_ap_return_0_U_i_50/O
                         net (fo=24, unplaced)        0.513     7.041    custom_dsp_dense_implementation_ap_int_16_ap_int_48_config2_U0/pf_ap_return_1_U/pf_continue
                         LUT5 (Prop_lut5_I4_O)        0.124     7.165 r  custom_dsp_dense_implementation_ap_int_16_ap_int_48_config2_U0/pf_ap_return_1_U/fifo_rdPtr[1]_i_3/O
                         net (fo=1, unplaced)         0.449     7.614    custom_dsp_dense_implementation_ap_int_16_ap_int_48_config2_U0/pf_ap_return_1_U/fifo_rdPtr[1]_i_3_n_0
                         LUT6 (Prop_lut6_I2_O)        0.124     7.738 r  custom_dsp_dense_implementation_ap_int_16_ap_int_48_config2_U0/pf_ap_return_1_U/fifo_rdPtr[1]_i_2/O
                         net (fo=3, unplaced)         0.467     8.205    custom_dsp_dense_implementation_ap_int_16_ap_int_48_config2_U0/pf_ap_return_1_U/fifo_rdPtr13_out
                         LUT3 (Prop_lut3_I2_O)        0.124     8.329 r  custom_dsp_dense_implementation_ap_int_16_ap_int_48_config2_U0/pf_ap_return_1_U/fifo_rdPtr[2]_i_3/O
                         net (fo=3, unplaced)         0.467     8.796    custom_dsp_dense_implementation_ap_int_16_ap_int_48_config2_U0/pf_ap_return_1_U/fifo_rdPtr[2]_i_3_n_0
                         LUT5 (Prop_lut5_I2_O)        0.124     8.920 r  custom_dsp_dense_implementation_ap_int_16_ap_int_48_config2_U0/pf_ap_return_1_U/fifo_rdPtr[2]_i_1/O
                         net (fo=1, unplaced)         0.000     8.920    custom_dsp_dense_implementation_ap_int_16_ap_int_48_config2_U0/pf_ap_return_1_U/fifo_rdPtr[2]_i_1_n_0
                         FDRE                                         r  custom_dsp_dense_implementation_ap_int_16_ap_int_48_config2_U0/pf_ap_return_1_U/fifo_rdPtr_reg[2]/D
  -------------------------------------------------------------------    -------------------

                         (clock ap_clk rise edge)     4.000     4.000 r  
                                                      0.000     4.000 r  ap_clk (IN)
                         net (fo=10424, unset)        0.924     4.924    custom_dsp_dense_implementation_ap_int_16_ap_int_48_config2_U0/pf_ap_return_1_U/ap_clk
                         FDRE                                         r  custom_dsp_dense_implementation_ap_int_16_ap_int_48_config2_U0/pf_ap_return_1_U/fifo_rdPtr_reg[2]/C
                         clock pessimism              0.000     4.924    
                         clock uncertainty           -0.035     4.889    
                         FDRE (Setup_fdre_C_D)        0.062     4.951    custom_dsp_dense_implementation_ap_int_16_ap_int_48_config2_U0/pf_ap_return_1_U/fifo_rdPtr_reg[2]
  -------------------------------------------------------------------
                         required time                          4.951    
                         arrival time                          -8.920    
  -------------------------------------------------------------------
                         slack                                 -3.969    

Slack (VIOLATED) :        -3.969ns  (required time - arrival time)
  Source:                 custom_dsp_dense_implementation_ap_int_16_ap_int_48_config2_U0/pf_ap_return_3_U/fifo_rdPtr_reg[0]/C
                            (rising edge-triggered cell FDSE clocked by ap_clk  {rise@0.000ns fall@2.000ns period=4.000ns})
  Destination:            custom_dsp_dense_implementation_ap_int_16_ap_int_48_config2_U0/pf_ap_return_1_U/fifo_rdPtr_reg[3]/D
                            (rising edge-triggered cell FDSE clocked by ap_clk  {rise@0.000ns fall@2.000ns period=4.000ns})
  Path Group:             ap_clk
  Path Type:              Setup (Max at Slow Process Corner)
  Requirement:            4.000ns  (ap_clk rise@4.000ns - ap_clk rise@0.000ns)
  Data Path Delay:        7.947ns  (logic 1.933ns (24.324%)  route 6.014ns (75.676%))
  Logic Levels:           10  (LUT3=1 LUT4=1 LUT5=6 LUT6=1 SRLC32E=1)
  Clock Path Skew:        -0.049ns (DCD - SCD + CPR)
    Destination Clock Delay (DCD):    0.924ns = ( 4.924 - 4.000 ) 
    Source Clock Delay      (SCD):    0.973ns
    Clock Pessimism Removal (CPR):    0.000ns
  Clock Uncertainty:      0.035ns  ((TSJ^2 + TIJ^2)^1/2 + DJ) / 2 + PE
    Total System Jitter     (TSJ):    0.071ns
    Total Input Jitter      (TIJ):    0.000ns
    Discrete Jitter          (DJ):    0.000ns
    Phase Error              (PE):    0.000ns

    Location             Delay type                Incr(ns)  Path(ns)    Netlist Resource(s)
  -------------------------------------------------------------------    -------------------
                         (clock ap_clk rise edge)     0.000     0.000 r  
                                                      0.000     0.000 r  ap_clk (IN)
                         net (fo=10424, unset)        0.973     0.973    custom_dsp_dense_implementation_ap_int_16_ap_int_48_config2_U0/pf_ap_return_3_U/ap_clk
                         FDSE                                         r  custom_dsp_dense_implementation_ap_int_16_ap_int_48_config2_U0/pf_ap_return_3_U/fifo_rdPtr_reg[0]/C
  -------------------------------------------------------------------    -------------------
                         FDSE (Prop_fdse_C_Q)         0.496     1.469 r  custom_dsp_dense_implementation_ap_int_16_ap_int_48_config2_U0/pf_ap_return_3_U/fifo_rdPtr_reg[0]/Q
                         net (fo=58, unplaced)        0.892     2.361    custom_dsp_dense_implementation_ap_int_16_ap_int_48_config2_U0/pf_ap_return_3_U/fifo_rdPtr_reg[0]
                         SRLC32E (Prop_srlc32e_A[0]_Q)
                                                      0.295     2.656 f  custom_dsp_dense_implementation_ap_int_16_ap_int_48_config2_U0/pf_ap_return_3_U/fifo_reg[17][49]_srl18/Q
                         net (fo=4, unplaced)         0.443     3.099    custom_dsp_dense_implementation_ap_int_16_ap_int_48_config2_U0/pf_ap_return_3_U/fifo_reg[17][49]_srl18_n_0
                         LUT5 (Prop_lut5_I3_O)        0.150     3.249 f  custom_dsp_dense_implementation_ap_int_16_ap_int_48_config2_U0/pf_ap_return_3_U/pf_done_INST_0/O
                         net (fo=1, unplaced)         0.902     4.151    custom_dsp_dense_implementation_ap_int_16_ap_int_48_config2_U0/pf_ap_return_3_U_pf_done
                         LUT4 (Prop_lut4_I1_O)        0.124     4.275 r  custom_dsp_dense_implementation_ap_int_16_ap_int_48_config2_U0/pf_ap_return_0_U_i_51/O
                         net (fo=1, unplaced)         0.449     4.724    custom_dsp_dense_implementation_ap_int_16_ap_int_48_config2_U0/pf_ap_return_0_U_i_51_n_0
                         LUT5 (Prop_lut5_I4_O)        0.124     4.848 f  custom_dsp_dense_implementation_ap_int_16_ap_int_48_config2_U0/pf_ap_return_0_U_i_49/O
                         net (fo=30, unplaced)        0.519     5.367    layer2_out_5_U/custom_dsp_dense_implementation_ap_int_16_ap_int_48_config2_U0_ap_done
                         LUT5 (Prop_lut5_I4_O)        0.124     5.491 r  layer2_out_5_U/pf_ap_return_0_U_i_53/O
                         net (fo=2, unplaced)         0.913     6.404    custom_dsp_dense_implementation_ap_int_16_ap_int_48_config2_U0/stalled_reg_0
                         LUT5 (Prop_lut5_I2_O)        0.124     6.528 f  custom_dsp_dense_implementation_ap_int_16_ap_int_48_config2_U0/pf_ap_return_0_U_i_50/O
                         net (fo=24, unplaced)        0.513     7.041    custom_dsp_dense_implementation_ap_int_16_ap_int_48_config2_U0/pf_ap_return_1_U/pf_continue
                         LUT5 (Prop_lut5_I4_O)        0.124     7.165 r  custom_dsp_dense_implementation_ap_int_16_ap_int_48_config2_U0/pf_ap_return_1_U/fifo_rdPtr[1]_i_3/O
                         net (fo=1, unplaced)         0.449     7.614    custom_dsp_dense_implementation_ap_int_16_ap_int_48_config2_U0/pf_ap_return_1_U/fifo_rdPtr[1]_i_3_n_0
                         LUT6 (Prop_lut6_I2_O)        0.124     7.738 r  custom_dsp_dense_implementation_ap_int_16_ap_int_48_config2_U0/pf_ap_return_1_U/fifo_rdPtr[1]_i_2/O
                         net (fo=3, unplaced)         0.467     8.205    custom_dsp_dense_implementation_ap_int_16_ap_int_48_config2_U0/pf_ap_return_1_U/fifo_rdPtr13_out
                         LUT3 (Prop_lut3_I2_O)        0.124     8.329 r  custom_dsp_dense_implementation_ap_int_16_ap_int_48_config2_U0/pf_ap_return_1_U/fifo_rdPtr[2]_i_3/O
                         net (fo=3, unplaced)         0.467     8.796    custom_dsp_dense_implementation_ap_int_16_ap_int_48_config2_U0/pf_ap_return_1_U/fifo_rdPtr[2]_i_3_n_0
                         LUT5 (Prop_lut5_I2_O)        0.124     8.920 r  custom_dsp_dense_implementation_ap_int_16_ap_int_48_config2_U0/pf_ap_return_1_U/fifo_rdPtr[3]_i_1/O
                         net (fo=1, unplaced)         0.000     8.920    custom_dsp_dense_implementation_ap_int_16_ap_int_48_config2_U0/pf_ap_return_1_U/fifo_rdPtr[3]_i_1_n_0
                         FDSE                                         r  custom_dsp_dense_implementation_ap_int_16_ap_int_48_config2_U0/pf_ap_return_1_U/fifo_rdPtr_reg[3]/D
  -------------------------------------------------------------------    -------------------

                         (clock ap_clk rise edge)     4.000     4.000 r  
                                                      0.000     4.000 r  ap_clk (IN)
                         net (fo=10424, unset)        0.924     4.924    custom_dsp_dense_implementation_ap_int_16_ap_int_48_config2_U0/pf_ap_return_1_U/ap_clk
                         FDSE                                         r  custom_dsp_dense_implementation_ap_int_16_ap_int_48_config2_U0/pf_ap_return_1_U/fifo_rdPtr_reg[3]/C
                         clock pessimism              0.000     4.924    
                         clock uncertainty           -0.035     4.889    
                         FDSE (Setup_fdse_C_D)        0.062     4.951    custom_dsp_dense_implementation_ap_int_16_ap_int_48_config2_U0/pf_ap_return_1_U/fifo_rdPtr_reg[3]
  -------------------------------------------------------------------
                         required time                          4.951    
                         arrival time                          -8.920    
  -------------------------------------------------------------------
                         slack                                 -3.969    

Slack (VIOLATED) :        -3.969ns  (required time - arrival time)
  Source:                 custom_dsp_dense_implementation_ap_int_16_ap_int_48_config2_U0/pf_ap_return_3_U/fifo_rdPtr_reg[0]/C
                            (rising edge-triggered cell FDSE clocked by ap_clk  {rise@0.000ns fall@2.000ns period=4.000ns})
  Destination:            custom_dsp_dense_implementation_ap_int_16_ap_int_48_config2_U0/pf_ap_return_1_U/fifo_rdPtr_reg[4]/D
                            (rising edge-triggered cell FDSE clocked by ap_clk  {rise@0.000ns fall@2.000ns period=4.000ns})
  Path Group:             ap_clk
  Path Type:              Setup (Max at Slow Process Corner)
  Requirement:            4.000ns  (ap_clk rise@4.000ns - ap_clk rise@0.000ns)
  Data Path Delay:        7.947ns  (logic 1.933ns (24.324%)  route 6.014ns (75.676%))
  Logic Levels:           10  (LUT3=1 LUT4=1 LUT5=5 LUT6=2 SRLC32E=1)
  Clock Path Skew:        -0.049ns (DCD - SCD + CPR)
    Destination Clock Delay (DCD):    0.924ns = ( 4.924 - 4.000 ) 
    Source Clock Delay      (SCD):    0.973ns
    Clock Pessimism Removal (CPR):    0.000ns
  Clock Uncertainty:      0.035ns  ((TSJ^2 + TIJ^2)^1/2 + DJ) / 2 + PE
    Total System Jitter     (TSJ):    0.071ns
    Total Input Jitter      (TIJ):    0.000ns
    Discrete Jitter          (DJ):    0.000ns
    Phase Error              (PE):    0.000ns

    Location             Delay type                Incr(ns)  Path(ns)    Netlist Resource(s)
  -------------------------------------------------------------------    -------------------
                         (clock ap_clk rise edge)     0.000     0.000 r  
                                                      0.000     0.000 r  ap_clk (IN)
                         net (fo=10424, unset)        0.973     0.973    custom_dsp_dense_implementation_ap_int_16_ap_int_48_config2_U0/pf_ap_return_3_U/ap_clk
                         FDSE                                         r  custom_dsp_dense_implementation_ap_int_16_ap_int_48_config2_U0/pf_ap_return_3_U/fifo_rdPtr_reg[0]/C
  -------------------------------------------------------------------    -------------------
                         FDSE (Prop_fdse_C_Q)         0.496     1.469 r  custom_dsp_dense_implementation_ap_int_16_ap_int_48_config2_U0/pf_ap_return_3_U/fifo_rdPtr_reg[0]/Q
                         net (fo=58, unplaced)        0.892     2.361    custom_dsp_dense_implementation_ap_int_16_ap_int_48_config2_U0/pf_ap_return_3_U/fifo_rdPtr_reg[0]
                         SRLC32E (Prop_srlc32e_A[0]_Q)
                                                      0.295     2.656 f  custom_dsp_dense_implementation_ap_int_16_ap_int_48_config2_U0/pf_ap_return_3_U/fifo_reg[17][49]_srl18/Q
                         net (fo=4, unplaced)         0.443     3.099    custom_dsp_dense_implementation_ap_int_16_ap_int_48_config2_U0/pf_ap_return_3_U/fifo_reg[17][49]_srl18_n_0
                         LUT5 (Prop_lut5_I3_O)        0.150     3.249 f  custom_dsp_dense_implementation_ap_int_16_ap_int_48_config2_U0/pf_ap_return_3_U/pf_done_INST_0/O
                         net (fo=1, unplaced)         0.902     4.151    custom_dsp_dense_implementation_ap_int_16_ap_int_48_config2_U0/pf_ap_return_3_U_pf_done
                         LUT4 (Prop_lut4_I1_O)        0.124     4.275 r  custom_dsp_dense_implementation_ap_int_16_ap_int_48_config2_U0/pf_ap_return_0_U_i_51/O
                         net (fo=1, unplaced)         0.449     4.724    custom_dsp_dense_implementation_ap_int_16_ap_int_48_config2_U0/pf_ap_return_0_U_i_51_n_0
                         LUT5 (Prop_lut5_I4_O)        0.124     4.848 f  custom_dsp_dense_implementation_ap_int_16_ap_int_48_config2_U0/pf_ap_return_0_U_i_49/O
                         net (fo=30, unplaced)        0.519     5.367    layer2_out_5_U/custom_dsp_dense_implementation_ap_int_16_ap_int_48_config2_U0_ap_done
                         LUT5 (Prop_lut5_I4_O)        0.124     5.491 r  layer2_out_5_U/pf_ap_return_0_U_i_53/O
                         net (fo=2, unplaced)         0.913     6.404    custom_dsp_dense_implementation_ap_int_16_ap_int_48_config2_U0/stalled_reg_0
                         LUT5 (Prop_lut5_I2_O)        0.124     6.528 f  custom_dsp_dense_implementation_ap_int_16_ap_int_48_config2_U0/pf_ap_return_0_U_i_50/O
                         net (fo=24, unplaced)        0.513     7.041    custom_dsp_dense_implementation_ap_int_16_ap_int_48_config2_U0/pf_ap_return_1_U/pf_continue
                         LUT5 (Prop_lut5_I4_O)        0.124     7.165 r  custom_dsp_dense_implementation_ap_int_16_ap_int_48_config2_U0/pf_ap_return_1_U/fifo_rdPtr[1]_i_3/O
                         net (fo=1, unplaced)         0.449     7.614    custom_dsp_dense_implementation_ap_int_16_ap_int_48_config2_U0/pf_ap_return_1_U/fifo_rdPtr[1]_i_3_n_0
                         LUT6 (Prop_lut6_I2_O)        0.124     7.738 r  custom_dsp_dense_implementation_ap_int_16_ap_int_48_config2_U0/pf_ap_return_1_U/fifo_rdPtr[1]_i_2/O
                         net (fo=3, unplaced)         0.467     8.205    custom_dsp_dense_implementation_ap_int_16_ap_int_48_config2_U0/pf_ap_return_1_U/fifo_rdPtr13_out
                         LUT3 (Prop_lut3_I2_O)        0.124     8.329 r  custom_dsp_dense_implementation_ap_int_16_ap_int_48_config2_U0/pf_ap_return_1_U/fifo_rdPtr[2]_i_3/O
                         net (fo=3, unplaced)         0.467     8.796    custom_dsp_dense_implementation_ap_int_16_ap_int_48_config2_U0/pf_ap_return_1_U/fifo_rdPtr[2]_i_3_n_0
                         LUT6 (Prop_lut6_I3_O)        0.124     8.920 r  custom_dsp_dense_implementation_ap_int_16_ap_int_48_config2_U0/pf_ap_return_1_U/fifo_rdPtr[4]_i_1/O
                         net (fo=1, unplaced)         0.000     8.920    custom_dsp_dense_implementation_ap_int_16_ap_int_48_config2_U0/pf_ap_return_1_U/fifo_rdPtr[4]_i_1_n_0
                         FDSE                                         r  custom_dsp_dense_implementation_ap_int_16_ap_int_48_config2_U0/pf_ap_return_1_U/fifo_rdPtr_reg[4]/D
  -------------------------------------------------------------------    -------------------

                         (clock ap_clk rise edge)     4.000     4.000 r  
                                                      0.000     4.000 r  ap_clk (IN)
                         net (fo=10424, unset)        0.924     4.924    custom_dsp_dense_implementation_ap_int_16_ap_int_48_config2_U0/pf_ap_return_1_U/ap_clk
                         FDSE                                         r  custom_dsp_dense_implementation_ap_int_16_ap_int_48_config2_U0/pf_ap_return_1_U/fifo_rdPtr_reg[4]/C
                         clock pessimism              0.000     4.924    
                         clock uncertainty           -0.035     4.889    
                         FDSE (Setup_fdse_C_D)        0.062     4.951    custom_dsp_dense_implementation_ap_int_16_ap_int_48_config2_U0/pf_ap_return_1_U/fifo_rdPtr_reg[4]
  -------------------------------------------------------------------
                         required time                          4.951    
                         arrival time                          -8.920    
  -------------------------------------------------------------------
                         slack                                 -3.969    

Slack (VIOLATED) :        -3.969ns  (required time - arrival time)
  Source:                 custom_dsp_dense_implementation_ap_int_16_ap_int_48_config2_U0/pf_ap_return_3_U/fifo_rdPtr_reg[0]/C
                            (rising edge-triggered cell FDSE clocked by ap_clk  {rise@0.000ns fall@2.000ns period=4.000ns})
  Destination:            custom_dsp_dense_implementation_ap_int_16_ap_int_48_config2_U0/pf_ap_return_2_U/fifo_rdPtr_reg[2]/D
                            (rising edge-triggered cell FDRE clocked by ap_clk  {rise@0.000ns fall@2.000ns period=4.000ns})
  Path Group:             ap_clk
  Path Type:              Setup (Max at Slow Process Corner)
  Requirement:            4.000ns  (ap_clk rise@4.000ns - ap_clk rise@0.000ns)
  Data Path Delay:        7.947ns  (logic 1.933ns (24.324%)  route 6.014ns (75.676%))
  Logic Levels:           10  (LUT3=1 LUT4=1 LUT5=6 LUT6=1 SRLC32E=1)
  Clock Path Skew:        -0.049ns (DCD - SCD + CPR)
    Destination Clock Delay (DCD):    0.924ns = ( 4.924 - 4.000 ) 
    Source Clock Delay      (SCD):    0.973ns
    Clock Pessimism Removal (CPR):    0.000ns
  Clock Uncertainty:      0.035ns  ((TSJ^2 + TIJ^2)^1/2 + DJ) / 2 + PE
    Total System Jitter     (TSJ):    0.071ns
    Total Input Jitter      (TIJ):    0.000ns
    Discrete Jitter          (DJ):    0.000ns
    Phase Error              (PE):    0.000ns

    Location             Delay type                Incr(ns)  Path(ns)    Netlist Resource(s)
  -------------------------------------------------------------------    -------------------
                         (clock ap_clk rise edge)     0.000     0.000 r  
                                                      0.000     0.000 r  ap_clk (IN)
                         net (fo=10424, unset)        0.973     0.973    custom_dsp_dense_implementation_ap_int_16_ap_int_48_config2_U0/pf_ap_return_3_U/ap_clk
                         FDSE                                         r  custom_dsp_dense_implementation_ap_int_16_ap_int_48_config2_U0/pf_ap_return_3_U/fifo_rdPtr_reg[0]/C
  -------------------------------------------------------------------    -------------------
                         FDSE (Prop_fdse_C_Q)         0.496     1.469 r  custom_dsp_dense_implementation_ap_int_16_ap_int_48_config2_U0/pf_ap_return_3_U/fifo_rdPtr_reg[0]/Q
                         net (fo=58, unplaced)        0.892     2.361    custom_dsp_dense_implementation_ap_int_16_ap_int_48_config2_U0/pf_ap_return_3_U/fifo_rdPtr_reg[0]
                         SRLC32E (Prop_srlc32e_A[0]_Q)
                                                      0.295     2.656 f  custom_dsp_dense_implementation_ap_int_16_ap_int_48_config2_U0/pf_ap_return_3_U/fifo_reg[17][49]_srl18/Q
                         net (fo=4, unplaced)         0.443     3.099    custom_dsp_dense_implementation_ap_int_16_ap_int_48_config2_U0/pf_ap_return_3_U/fifo_reg[17][49]_srl18_n_0
                         LUT5 (Prop_lut5_I3_O)        0.150     3.249 f  custom_dsp_dense_implementation_ap_int_16_ap_int_48_config2_U0/pf_ap_return_3_U/pf_done_INST_0/O
                         net (fo=1, unplaced)         0.902     4.151    custom_dsp_dense_implementation_ap_int_16_ap_int_48_config2_U0/pf_ap_return_3_U_pf_done
                         LUT4 (Prop_lut4_I1_O)        0.124     4.275 r  custom_dsp_dense_implementation_ap_int_16_ap_int_48_config2_U0/pf_ap_return_0_U_i_51/O
                         net (fo=1, unplaced)         0.449     4.724    custom_dsp_dense_implementation_ap_int_16_ap_int_48_config2_U0/pf_ap_return_0_U_i_51_n_0
                         LUT5 (Prop_lut5_I4_O)        0.124     4.848 f  custom_dsp_dense_implementation_ap_int_16_ap_int_48_config2_U0/pf_ap_return_0_U_i_49/O
                         net (fo=30, unplaced)        0.519     5.367    layer2_out_5_U/custom_dsp_dense_implementation_ap_int_16_ap_int_48_config2_U0_ap_done
                         LUT5 (Prop_lut5_I4_O)        0.124     5.491 r  layer2_out_5_U/pf_ap_return_0_U_i_53/O
                         net (fo=2, unplaced)         0.913     6.404    custom_dsp_dense_implementation_ap_int_16_ap_int_48_config2_U0/stalled_reg_0
                         LUT5 (Prop_lut5_I2_O)        0.124     6.528 f  custom_dsp_dense_implementation_ap_int_16_ap_int_48_config2_U0/pf_ap_return_0_U_i_50/O
                         net (fo=24, unplaced)        0.513     7.041    custom_dsp_dense_implementation_ap_int_16_ap_int_48_config2_U0/pf_ap_return_2_U/pf_continue
                         LUT5 (Prop_lut5_I4_O)        0.124     7.165 r  custom_dsp_dense_implementation_ap_int_16_ap_int_48_config2_U0/pf_ap_return_2_U/fifo_rdPtr[1]_i_3/O
                         net (fo=1, unplaced)         0.449     7.614    custom_dsp_dense_implementation_ap_int_16_ap_int_48_config2_U0/pf_ap_return_2_U/fifo_rdPtr[1]_i_3_n_0
                         LUT6 (Prop_lut6_I2_O)        0.124     7.738 r  custom_dsp_dense_implementation_ap_int_16_ap_int_48_config2_U0/pf_ap_return_2_U/fifo_rdPtr[1]_i_2/O
                         net (fo=3, unplaced)         0.467     8.205    custom_dsp_dense_implementation_ap_int_16_ap_int_48_config2_U0/pf_ap_return_2_U/fifo_rdPtr13_out
                         LUT3 (Prop_lut3_I2_O)        0.124     8.329 r  custom_dsp_dense_implementation_ap_int_16_ap_int_48_config2_U0/pf_ap_return_2_U/fifo_rdPtr[2]_i_3/O
                         net (fo=3, unplaced)         0.467     8.796    custom_dsp_dense_implementation_ap_int_16_ap_int_48_config2_U0/pf_ap_return_2_U/fifo_rdPtr[2]_i_3_n_0
                         LUT5 (Prop_lut5_I2_O)        0.124     8.920 r  custom_dsp_dense_implementation_ap_int_16_ap_int_48_config2_U0/pf_ap_return_2_U/fifo_rdPtr[2]_i_1/O
                         net (fo=1, unplaced)         0.000     8.920    custom_dsp_dense_implementation_ap_int_16_ap_int_48_config2_U0/pf_ap_return_2_U/fifo_rdPtr[2]_i_1_n_0
                         FDRE                                         r  custom_dsp_dense_implementation_ap_int_16_ap_int_48_config2_U0/pf_ap_return_2_U/fifo_rdPtr_reg[2]/D
  -------------------------------------------------------------------    -------------------

                         (clock ap_clk rise edge)     4.000     4.000 r  
                                                      0.000     4.000 r  ap_clk (IN)
                         net (fo=10424, unset)        0.924     4.924    custom_dsp_dense_implementation_ap_int_16_ap_int_48_config2_U0/pf_ap_return_2_U/ap_clk
                         FDRE                                         r  custom_dsp_dense_implementation_ap_int_16_ap_int_48_config2_U0/pf_ap_return_2_U/fifo_rdPtr_reg[2]/C
                         clock pessimism              0.000     4.924    
                         clock uncertainty           -0.035     4.889    
                         FDRE (Setup_fdre_C_D)        0.062     4.951    custom_dsp_dense_implementation_ap_int_16_ap_int_48_config2_U0/pf_ap_return_2_U/fifo_rdPtr_reg[2]
  -------------------------------------------------------------------
                         required time                          4.951    
                         arrival time                          -8.920    
  -------------------------------------------------------------------
                         slack                                 -3.969    

Slack (VIOLATED) :        -3.969ns  (required time - arrival time)
  Source:                 custom_dsp_dense_implementation_ap_int_16_ap_int_48_config2_U0/pf_ap_return_3_U/fifo_rdPtr_reg[0]/C
                            (rising edge-triggered cell FDSE clocked by ap_clk  {rise@0.000ns fall@2.000ns period=4.000ns})
  Destination:            custom_dsp_dense_implementation_ap_int_16_ap_int_48_config2_U0/pf_ap_return_2_U/fifo_rdPtr_reg[3]/D
                            (rising edge-triggered cell FDSE clocked by ap_clk  {rise@0.000ns fall@2.000ns period=4.000ns})
  Path Group:             ap_clk
  Path Type:              Setup (Max at Slow Process Corner)
  Requirement:            4.000ns  (ap_clk rise@4.000ns - ap_clk rise@0.000ns)
  Data Path Delay:        7.947ns  (logic 1.933ns (24.324%)  route 6.014ns (75.676%))
  Logic Levels:           10  (LUT3=1 LUT4=1 LUT5=6 LUT6=1 SRLC32E=1)
  Clock Path Skew:        -0.049ns (DCD - SCD + CPR)
    Destination Clock Delay (DCD):    0.924ns = ( 4.924 - 4.000 ) 
    Source Clock Delay      (SCD):    0.973ns
    Clock Pessimism Removal (CPR):    0.000ns
  Clock Uncertainty:      0.035ns  ((TSJ^2 + TIJ^2)^1/2 + DJ) / 2 + PE
    Total System Jitter     (TSJ):    0.071ns
    Total Input Jitter      (TIJ):    0.000ns
    Discrete Jitter          (DJ):    0.000ns
    Phase Error              (PE):    0.000ns

    Location             Delay type                Incr(ns)  Path(ns)    Netlist Resource(s)
  -------------------------------------------------------------------    -------------------
                         (clock ap_clk rise edge)     0.000     0.000 r  
                                                      0.000     0.000 r  ap_clk (IN)
                         net (fo=10424, unset)        0.973     0.973    custom_dsp_dense_implementation_ap_int_16_ap_int_48_config2_U0/pf_ap_return_3_U/ap_clk
                         FDSE                                         r  custom_dsp_dense_implementation_ap_int_16_ap_int_48_config2_U0/pf_ap_return_3_U/fifo_rdPtr_reg[0]/C
  -------------------------------------------------------------------    -------------------
                         FDSE (Prop_fdse_C_Q)         0.496     1.469 r  custom_dsp_dense_implementation_ap_int_16_ap_int_48_config2_U0/pf_ap_return_3_U/fifo_rdPtr_reg[0]/Q
                         net (fo=58, unplaced)        0.892     2.361    custom_dsp_dense_implementation_ap_int_16_ap_int_48_config2_U0/pf_ap_return_3_U/fifo_rdPtr_reg[0]
                         SRLC32E (Prop_srlc32e_A[0]_Q)
                                                      0.295     2.656 f  custom_dsp_dense_implementation_ap_int_16_ap_int_48_config2_U0/pf_ap_return_3_U/fifo_reg[17][49]_srl18/Q
                         net (fo=4, unplaced)         0.443     3.099    custom_dsp_dense_implementation_ap_int_16_ap_int_48_config2_U0/pf_ap_return_3_U/fifo_reg[17][49]_srl18_n_0
                         LUT5 (Prop_lut5_I3_O)        0.150     3.249 f  custom_dsp_dense_implementation_ap_int_16_ap_int_48_config2_U0/pf_ap_return_3_U/pf_done_INST_0/O
                         net (fo=1, unplaced)         0.902     4.151    custom_dsp_dense_implementation_ap_int_16_ap_int_48_config2_U0/pf_ap_return_3_U_pf_done
                         LUT4 (Prop_lut4_I1_O)        0.124     4.275 r  custom_dsp_dense_implementation_ap_int_16_ap_int_48_config2_U0/pf_ap_return_0_U_i_51/O
                         net (fo=1, unplaced)         0.449     4.724    custom_dsp_dense_implementation_ap_int_16_ap_int_48_config2_U0/pf_ap_return_0_U_i_51_n_0
                         LUT5 (Prop_lut5_I4_O)        0.124     4.848 f  custom_dsp_dense_implementation_ap_int_16_ap_int_48_config2_U0/pf_ap_return_0_U_i_49/O
                         net (fo=30, unplaced)        0.519     5.367    layer2_out_5_U/custom_dsp_dense_implementation_ap_int_16_ap_int_48_config2_U0_ap_done
                         LUT5 (Prop_lut5_I4_O)        0.124     5.491 r  layer2_out_5_U/pf_ap_return_0_U_i_53/O
                         net (fo=2, unplaced)         0.913     6.404    custom_dsp_dense_implementation_ap_int_16_ap_int_48_config2_U0/stalled_reg_0
                         LUT5 (Prop_lut5_I2_O)        0.124     6.528 f  custom_dsp_dense_implementation_ap_int_16_ap_int_48_config2_U0/pf_ap_return_0_U_i_50/O
                         net (fo=24, unplaced)        0.513     7.041    custom_dsp_dense_implementation_ap_int_16_ap_int_48_config2_U0/pf_ap_return_2_U/pf_continue
                         LUT5 (Prop_lut5_I4_O)        0.124     7.165 r  custom_dsp_dense_implementation_ap_int_16_ap_int_48_config2_U0/pf_ap_return_2_U/fifo_rdPtr[1]_i_3/O
                         net (fo=1, unplaced)         0.449     7.614    custom_dsp_dense_implementation_ap_int_16_ap_int_48_config2_U0/pf_ap_return_2_U/fifo_rdPtr[1]_i_3_n_0
                         LUT6 (Prop_lut6_I2_O)        0.124     7.738 r  custom_dsp_dense_implementation_ap_int_16_ap_int_48_config2_U0/pf_ap_return_2_U/fifo_rdPtr[1]_i_2/O
                         net (fo=3, unplaced)         0.467     8.205    custom_dsp_dense_implementation_ap_int_16_ap_int_48_config2_U0/pf_ap_return_2_U/fifo_rdPtr13_out
                         LUT3 (Prop_lut3_I2_O)        0.124     8.329 r  custom_dsp_dense_implementation_ap_int_16_ap_int_48_config2_U0/pf_ap_return_2_U/fifo_rdPtr[2]_i_3/O
                         net (fo=3, unplaced)         0.467     8.796    custom_dsp_dense_implementation_ap_int_16_ap_int_48_config2_U0/pf_ap_return_2_U/fifo_rdPtr[2]_i_3_n_0
                         LUT5 (Prop_lut5_I2_O)        0.124     8.920 r  custom_dsp_dense_implementation_ap_int_16_ap_int_48_config2_U0/pf_ap_return_2_U/fifo_rdPtr[3]_i_1/O
                         net (fo=1, unplaced)         0.000     8.920    custom_dsp_dense_implementation_ap_int_16_ap_int_48_config2_U0/pf_ap_return_2_U/fifo_rdPtr[3]_i_1_n_0
                         FDSE                                         r  custom_dsp_dense_implementation_ap_int_16_ap_int_48_config2_U0/pf_ap_return_2_U/fifo_rdPtr_reg[3]/D
  -------------------------------------------------------------------    -------------------

                         (clock ap_clk rise edge)     4.000     4.000 r  
                                                      0.000     4.000 r  ap_clk (IN)
                         net (fo=10424, unset)        0.924     4.924    custom_dsp_dense_implementation_ap_int_16_ap_int_48_config2_U0/pf_ap_return_2_U/ap_clk
                         FDSE                                         r  custom_dsp_dense_implementation_ap_int_16_ap_int_48_config2_U0/pf_ap_return_2_U/fifo_rdPtr_reg[3]/C
                         clock pessimism              0.000     4.924    
                         clock uncertainty           -0.035     4.889    
                         FDSE (Setup_fdse_C_D)        0.062     4.951    custom_dsp_dense_implementation_ap_int_16_ap_int_48_config2_U0/pf_ap_return_2_U/fifo_rdPtr_reg[3]
  -------------------------------------------------------------------
                         required time                          4.951    
                         arrival time                          -8.920    
  -------------------------------------------------------------------
                         slack                                 -3.969    

Slack (VIOLATED) :        -3.969ns  (required time - arrival time)
  Source:                 custom_dsp_dense_implementation_ap_int_16_ap_int_48_config2_U0/pf_ap_return_3_U/fifo_rdPtr_reg[0]/C
                            (rising edge-triggered cell FDSE clocked by ap_clk  {rise@0.000ns fall@2.000ns period=4.000ns})
  Destination:            custom_dsp_dense_implementation_ap_int_16_ap_int_48_config2_U0/pf_ap_return_2_U/fifo_rdPtr_reg[4]/D
                            (rising edge-triggered cell FDSE clocked by ap_clk  {rise@0.000ns fall@2.000ns period=4.000ns})
  Path Group:             ap_clk
  Path Type:              Setup (Max at Slow Process Corner)
  Requirement:            4.000ns  (ap_clk rise@4.000ns - ap_clk rise@0.000ns)
  Data Path Delay:        7.947ns  (logic 1.933ns (24.324%)  route 6.014ns (75.676%))
  Logic Levels:           10  (LUT3=1 LUT4=1 LUT5=5 LUT6=2 SRLC32E=1)
  Clock Path Skew:        -0.049ns (DCD - SCD + CPR)
    Destination Clock Delay (DCD):    0.924ns = ( 4.924 - 4.000 ) 
    Source Clock Delay      (SCD):    0.973ns
    Clock Pessimism Removal (CPR):    0.000ns
  Clock Uncertainty:      0.035ns  ((TSJ^2 + TIJ^2)^1/2 + DJ) / 2 + PE
    Total System Jitter     (TSJ):    0.071ns
    Total Input Jitter      (TIJ):    0.000ns
    Discrete Jitter          (DJ):    0.000ns
    Phase Error              (PE):    0.000ns

    Location             Delay type                Incr(ns)  Path(ns)    Netlist Resource(s)
  -------------------------------------------------------------------    -------------------
                         (clock ap_clk rise edge)     0.000     0.000 r  
                                                      0.000     0.000 r  ap_clk (IN)
                         net (fo=10424, unset)        0.973     0.973    custom_dsp_dense_implementation_ap_int_16_ap_int_48_config2_U0/pf_ap_return_3_U/ap_clk
                         FDSE                                         r  custom_dsp_dense_implementation_ap_int_16_ap_int_48_config2_U0/pf_ap_return_3_U/fifo_rdPtr_reg[0]/C
  -------------------------------------------------------------------    -------------------
                         FDSE (Prop_fdse_C_Q)         0.496     1.469 r  custom_dsp_dense_implementation_ap_int_16_ap_int_48_config2_U0/pf_ap_return_3_U/fifo_rdPtr_reg[0]/Q
                         net (fo=58, unplaced)        0.892     2.361    custom_dsp_dense_implementation_ap_int_16_ap_int_48_config2_U0/pf_ap_return_3_U/fifo_rdPtr_reg[0]
                         SRLC32E (Prop_srlc32e_A[0]_Q)
                                                      0.295     2.656 f  custom_dsp_dense_implementation_ap_int_16_ap_int_48_config2_U0/pf_ap_return_3_U/fifo_reg[17][49]_srl18/Q
                         net (fo=4, unplaced)         0.443     3.099    custom_dsp_dense_implementation_ap_int_16_ap_int_48_config2_U0/pf_ap_return_3_U/fifo_reg[17][49]_srl18_n_0
                         LUT5 (Prop_lut5_I3_O)        0.150     3.249 f  custom_dsp_dense_implementation_ap_int_16_ap_int_48_config2_U0/pf_ap_return_3_U/pf_done_INST_0/O
                         net (fo=1, unplaced)         0.902     4.151    custom_dsp_dense_implementation_ap_int_16_ap_int_48_config2_U0/pf_ap_return_3_U_pf_done
                         LUT4 (Prop_lut4_I1_O)        0.124     4.275 r  custom_dsp_dense_implementation_ap_int_16_ap_int_48_config2_U0/pf_ap_return_0_U_i_51/O
                         net (fo=1, unplaced)         0.449     4.724    custom_dsp_dense_implementation_ap_int_16_ap_int_48_config2_U0/pf_ap_return_0_U_i_51_n_0
                         LUT5 (Prop_lut5_I4_O)        0.124     4.848 f  custom_dsp_dense_implementation_ap_int_16_ap_int_48_config2_U0/pf_ap_return_0_U_i_49/O
                         net (fo=30, unplaced)        0.519     5.367    layer2_out_5_U/custom_dsp_dense_implementation_ap_int_16_ap_int_48_config2_U0_ap_done
                         LUT5 (Prop_lut5_I4_O)        0.124     5.491 r  layer2_out_5_U/pf_ap_return_0_U_i_53/O
                         net (fo=2, unplaced)         0.913     6.404    custom_dsp_dense_implementation_ap_int_16_ap_int_48_config2_U0/stalled_reg_0
                         LUT5 (Prop_lut5_I2_O)        0.124     6.528 f  custom_dsp_dense_implementation_ap_int_16_ap_int_48_config2_U0/pf_ap_return_0_U_i_50/O
                         net (fo=24, unplaced)        0.513     7.041    custom_dsp_dense_implementation_ap_int_16_ap_int_48_config2_U0/pf_ap_return_2_U/pf_continue
                         LUT5 (Prop_lut5_I4_O)        0.124     7.165 r  custom_dsp_dense_implementation_ap_int_16_ap_int_48_config2_U0/pf_ap_return_2_U/fifo_rdPtr[1]_i_3/O
                         net (fo=1, unplaced)         0.449     7.614    custom_dsp_dense_implementation_ap_int_16_ap_int_48_config2_U0/pf_ap_return_2_U/fifo_rdPtr[1]_i_3_n_0
                         LUT6 (Prop_lut6_I2_O)        0.124     7.738 r  custom_dsp_dense_implementation_ap_int_16_ap_int_48_config2_U0/pf_ap_return_2_U/fifo_rdPtr[1]_i_2/O
                         net (fo=3, unplaced)         0.467     8.205    custom_dsp_dense_implementation_ap_int_16_ap_int_48_config2_U0/pf_ap_return_2_U/fifo_rdPtr13_out
                         LUT3 (Prop_lut3_I2_O)        0.124     8.329 r  custom_dsp_dense_implementation_ap_int_16_ap_int_48_config2_U0/pf_ap_return_2_U/fifo_rdPtr[2]_i_3/O
                         net (fo=3, unplaced)         0.467     8.796    custom_dsp_dense_implementation_ap_int_16_ap_int_48_config2_U0/pf_ap_return_2_U/fifo_rdPtr[2]_i_3_n_0
                         LUT6 (Prop_lut6_I3_O)        0.124     8.920 r  custom_dsp_dense_implementation_ap_int_16_ap_int_48_config2_U0/pf_ap_return_2_U/fifo_rdPtr[4]_i_1/O
                         net (fo=1, unplaced)         0.000     8.920    custom_dsp_dense_implementation_ap_int_16_ap_int_48_config2_U0/pf_ap_return_2_U/fifo_rdPtr[4]_i_1_n_0
                         FDSE                                         r  custom_dsp_dense_implementation_ap_int_16_ap_int_48_config2_U0/pf_ap_return_2_U/fifo_rdPtr_reg[4]/D
  -------------------------------------------------------------------    -------------------

                         (clock ap_clk rise edge)     4.000     4.000 r  
                                                      0.000     4.000 r  ap_clk (IN)
                         net (fo=10424, unset)        0.924     4.924    custom_dsp_dense_implementation_ap_int_16_ap_int_48_config2_U0/pf_ap_return_2_U/ap_clk
                         FDSE                                         r  custom_dsp_dense_implementation_ap_int_16_ap_int_48_config2_U0/pf_ap_return_2_U/fifo_rdPtr_reg[4]/C
                         clock pessimism              0.000     4.924    
                         clock uncertainty           -0.035     4.889    
                         FDSE (Setup_fdse_C_D)        0.062     4.951    custom_dsp_dense_implementation_ap_int_16_ap_int_48_config2_U0/pf_ap_return_2_U/fifo_rdPtr_reg[4]
  -------------------------------------------------------------------
                         required time                          4.951    
                         arrival time                          -8.920    
  -------------------------------------------------------------------
                         slack                                 -3.969    

Slack (VIOLATED) :        -3.969ns  (required time - arrival time)
  Source:                 custom_dsp_dense_implementation_ap_int_16_ap_int_48_config2_U0/pf_ap_return_3_U/fifo_rdPtr_reg[0]/C
                            (rising edge-triggered cell FDSE clocked by ap_clk  {rise@0.000ns fall@2.000ns period=4.000ns})
  Destination:            custom_dsp_dense_implementation_ap_int_16_ap_int_48_config2_U0/pf_ap_return_3_U/fifo_rdPtr_reg[2]/D
                            (rising edge-triggered cell FDRE clocked by ap_clk  {rise@0.000ns fall@2.000ns period=4.000ns})
  Path Group:             ap_clk
  Path Type:              Setup (Max at Slow Process Corner)
  Requirement:            4.000ns  (ap_clk rise@4.000ns - ap_clk rise@0.000ns)
  Data Path Delay:        7.947ns  (logic 1.933ns (24.324%)  route 6.014ns (75.676%))
  Logic Levels:           10  (LUT3=1 LUT4=1 LUT5=6 LUT6=1 SRLC32E=1)
  Clock Path Skew:        -0.049ns (DCD - SCD + CPR)
    Destination Clock Delay (DCD):    0.924ns = ( 4.924 - 4.000 ) 
    Source Clock Delay      (SCD):    0.973ns
    Clock Pessimism Removal (CPR):    0.000ns
  Clock Uncertainty:      0.035ns  ((TSJ^2 + TIJ^2)^1/2 + DJ) / 2 + PE
    Total System Jitter     (TSJ):    0.071ns
    Total Input Jitter      (TIJ):    0.000ns
    Discrete Jitter          (DJ):    0.000ns
    Phase Error              (PE):    0.000ns

    Location             Delay type                Incr(ns)  Path(ns)    Netlist Resource(s)
  -------------------------------------------------------------------    -------------------
                         (clock ap_clk rise edge)     0.000     0.000 r  
                                                      0.000     0.000 r  ap_clk (IN)
                         net (fo=10424, unset)        0.973     0.973    custom_dsp_dense_implementation_ap_int_16_ap_int_48_config2_U0/pf_ap_return_3_U/ap_clk
                         FDSE                                         r  custom_dsp_dense_implementation_ap_int_16_ap_int_48_config2_U0/pf_ap_return_3_U/fifo_rdPtr_reg[0]/C
  -------------------------------------------------------------------    -------------------
                         FDSE (Prop_fdse_C_Q)         0.496     1.469 r  custom_dsp_dense_implementation_ap_int_16_ap_int_48_config2_U0/pf_ap_return_3_U/fifo_rdPtr_reg[0]/Q
                         net (fo=58, unplaced)        0.892     2.361    custom_dsp_dense_implementation_ap_int_16_ap_int_48_config2_U0/pf_ap_return_3_U/fifo_rdPtr_reg[0]
                         SRLC32E (Prop_srlc32e_A[0]_Q)
                                                      0.295     2.656 f  custom_dsp_dense_implementation_ap_int_16_ap_int_48_config2_U0/pf_ap_return_3_U/fifo_reg[17][49]_srl18/Q
                         net (fo=4, unplaced)         0.443     3.099    custom_dsp_dense_implementation_ap_int_16_ap_int_48_config2_U0/pf_ap_return_3_U/fifo_reg[17][49]_srl18_n_0
                         LUT5 (Prop_lut5_I3_O)        0.150     3.249 f  custom_dsp_dense_implementation_ap_int_16_ap_int_48_config2_U0/pf_ap_return_3_U/pf_done_INST_0/O
                         net (fo=1, unplaced)         0.902     4.151    custom_dsp_dense_implementation_ap_int_16_ap_int_48_config2_U0/pf_ap_return_3_U_pf_done
                         LUT4 (Prop_lut4_I1_O)        0.124     4.275 r  custom_dsp_dense_implementation_ap_int_16_ap_int_48_config2_U0/pf_ap_return_0_U_i_51/O
                         net (fo=1, unplaced)         0.449     4.724    custom_dsp_dense_implementation_ap_int_16_ap_int_48_config2_U0/pf_ap_return_0_U_i_51_n_0
                         LUT5 (Prop_lut5_I4_O)        0.124     4.848 f  custom_dsp_dense_implementation_ap_int_16_ap_int_48_config2_U0/pf_ap_return_0_U_i_49/O
                         net (fo=30, unplaced)        0.519     5.367    layer2_out_5_U/custom_dsp_dense_implementation_ap_int_16_ap_int_48_config2_U0_ap_done
                         LUT5 (Prop_lut5_I4_O)        0.124     5.491 r  layer2_out_5_U/pf_ap_return_0_U_i_53/O
                         net (fo=2, unplaced)         0.913     6.404    custom_dsp_dense_implementation_ap_int_16_ap_int_48_config2_U0/stalled_reg_0
                         LUT5 (Prop_lut5_I2_O)        0.124     6.528 f  custom_dsp_dense_implementation_ap_int_16_ap_int_48_config2_U0/pf_ap_return_0_U_i_50/O
                         net (fo=24, unplaced)        0.513     7.041    custom_dsp_dense_implementation_ap_int_16_ap_int_48_config2_U0/pf_ap_return_3_U/pf_continue
                         LUT5 (Prop_lut5_I4_O)        0.124     7.165 r  custom_dsp_dense_implementation_ap_int_16_ap_int_48_config2_U0/pf_ap_return_3_U/fifo_rdPtr[1]_i_3/O
                         net (fo=1, unplaced)         0.449     7.614    custom_dsp_dense_implementation_ap_int_16_ap_int_48_config2_U0/pf_ap_return_3_U/fifo_rdPtr[1]_i_3_n_0
                         LUT6 (Prop_lut6_I2_O)        0.124     7.738 r  custom_dsp_dense_implementation_ap_int_16_ap_int_48_config2_U0/pf_ap_return_3_U/fifo_rdPtr[1]_i_2/O
                         net (fo=3, unplaced)         0.467     8.205    custom_dsp_dense_implementation_ap_int_16_ap_int_48_config2_U0/pf_ap_return_3_U/fifo_rdPtr13_out
                         LUT3 (Prop_lut3_I2_O)        0.124     8.329 r  custom_dsp_dense_implementation_ap_int_16_ap_int_48_config2_U0/pf_ap_return_3_U/fifo_rdPtr[2]_i_3/O
                         net (fo=3, unplaced)         0.467     8.796    custom_dsp_dense_implementation_ap_int_16_ap_int_48_config2_U0/pf_ap_return_3_U/fifo_rdPtr[2]_i_3_n_0
                         LUT5 (Prop_lut5_I2_O)        0.124     8.920 r  custom_dsp_dense_implementation_ap_int_16_ap_int_48_config2_U0/pf_ap_return_3_U/fifo_rdPtr[2]_i_1/O
                         net (fo=1, unplaced)         0.000     8.920    custom_dsp_dense_implementation_ap_int_16_ap_int_48_config2_U0/pf_ap_return_3_U/fifo_rdPtr[2]_i_1_n_0
                         FDRE                                         r  custom_dsp_dense_implementation_ap_int_16_ap_int_48_config2_U0/pf_ap_return_3_U/fifo_rdPtr_reg[2]/D
  -------------------------------------------------------------------    -------------------

                         (clock ap_clk rise edge)     4.000     4.000 r  
                                                      0.000     4.000 r  ap_clk (IN)
                         net (fo=10424, unset)        0.924     4.924    custom_dsp_dense_implementation_ap_int_16_ap_int_48_config2_U0/pf_ap_return_3_U/ap_clk
                         FDRE                                         r  custom_dsp_dense_implementation_ap_int_16_ap_int_48_config2_U0/pf_ap_return_3_U/fifo_rdPtr_reg[2]/C
                         clock pessimism              0.000     4.924    
                         clock uncertainty           -0.035     4.889    
                         FDRE (Setup_fdre_C_D)        0.062     4.951    custom_dsp_dense_implementation_ap_int_16_ap_int_48_config2_U0/pf_ap_return_3_U/fifo_rdPtr_reg[2]
  -------------------------------------------------------------------
                         required time                          4.951    
                         arrival time                          -8.920    
  -------------------------------------------------------------------
                         slack                                 -3.969    

Slack (VIOLATED) :        -3.969ns  (required time - arrival time)
  Source:                 custom_dsp_dense_implementation_ap_int_16_ap_int_48_config2_U0/pf_ap_return_3_U/fifo_rdPtr_reg[0]/C
                            (rising edge-triggered cell FDSE clocked by ap_clk  {rise@0.000ns fall@2.000ns period=4.000ns})
  Destination:            custom_dsp_dense_implementation_ap_int_16_ap_int_48_config2_U0/pf_ap_return_3_U/fifo_rdPtr_reg[3]/D
                            (rising edge-triggered cell FDSE clocked by ap_clk  {rise@0.000ns fall@2.000ns period=4.000ns})
  Path Group:             ap_clk
  Path Type:              Setup (Max at Slow Process Corner)
  Requirement:            4.000ns  (ap_clk rise@4.000ns - ap_clk rise@0.000ns)
  Data Path Delay:        7.947ns  (logic 1.933ns (24.324%)  route 6.014ns (75.676%))
  Logic Levels:           10  (LUT3=1 LUT4=1 LUT5=6 LUT6=1 SRLC32E=1)
  Clock Path Skew:        -0.049ns (DCD - SCD + CPR)
    Destination Clock Delay (DCD):    0.924ns = ( 4.924 - 4.000 ) 
    Source Clock Delay      (SCD):    0.973ns
    Clock Pessimism Removal (CPR):    0.000ns
  Clock Uncertainty:      0.035ns  ((TSJ^2 + TIJ^2)^1/2 + DJ) / 2 + PE
    Total System Jitter     (TSJ):    0.071ns
    Total Input Jitter      (TIJ):    0.000ns
    Discrete Jitter          (DJ):    0.000ns
    Phase Error              (PE):    0.000ns

    Location             Delay type                Incr(ns)  Path(ns)    Netlist Resource(s)
  -------------------------------------------------------------------    -------------------
                         (clock ap_clk rise edge)     0.000     0.000 r  
                                                      0.000     0.000 r  ap_clk (IN)
                         net (fo=10424, unset)        0.973     0.973    custom_dsp_dense_implementation_ap_int_16_ap_int_48_config2_U0/pf_ap_return_3_U/ap_clk
                         FDSE                                         r  custom_dsp_dense_implementation_ap_int_16_ap_int_48_config2_U0/pf_ap_return_3_U/fifo_rdPtr_reg[0]/C
  -------------------------------------------------------------------    -------------------
                         FDSE (Prop_fdse_C_Q)         0.496     1.469 r  custom_dsp_dense_implementation_ap_int_16_ap_int_48_config2_U0/pf_ap_return_3_U/fifo_rdPtr_reg[0]/Q
                         net (fo=58, unplaced)        0.892     2.361    custom_dsp_dense_implementation_ap_int_16_ap_int_48_config2_U0/pf_ap_return_3_U/fifo_rdPtr_reg[0]
                         SRLC32E (Prop_srlc32e_A[0]_Q)
                                                      0.295     2.656 f  custom_dsp_dense_implementation_ap_int_16_ap_int_48_config2_U0/pf_ap_return_3_U/fifo_reg[17][49]_srl18/Q
                         net (fo=4, unplaced)         0.443     3.099    custom_dsp_dense_implementation_ap_int_16_ap_int_48_config2_U0/pf_ap_return_3_U/fifo_reg[17][49]_srl18_n_0
                         LUT5 (Prop_lut5_I3_O)        0.150     3.249 f  custom_dsp_dense_implementation_ap_int_16_ap_int_48_config2_U0/pf_ap_return_3_U/pf_done_INST_0/O
                         net (fo=1, unplaced)         0.902     4.151    custom_dsp_dense_implementation_ap_int_16_ap_int_48_config2_U0/pf_ap_return_3_U_pf_done
                         LUT4 (Prop_lut4_I1_O)        0.124     4.275 r  custom_dsp_dense_implementation_ap_int_16_ap_int_48_config2_U0/pf_ap_return_0_U_i_51/O
                         net (fo=1, unplaced)         0.449     4.724    custom_dsp_dense_implementation_ap_int_16_ap_int_48_config2_U0/pf_ap_return_0_U_i_51_n_0
                         LUT5 (Prop_lut5_I4_O)        0.124     4.848 f  custom_dsp_dense_implementation_ap_int_16_ap_int_48_config2_U0/pf_ap_return_0_U_i_49/O
                         net (fo=30, unplaced)        0.519     5.367    layer2_out_5_U/custom_dsp_dense_implementation_ap_int_16_ap_int_48_config2_U0_ap_done
                         LUT5 (Prop_lut5_I4_O)        0.124     5.491 r  layer2_out_5_U/pf_ap_return_0_U_i_53/O
                         net (fo=2, unplaced)         0.913     6.404    custom_dsp_dense_implementation_ap_int_16_ap_int_48_config2_U0/stalled_reg_0
                         LUT5 (Prop_lut5_I2_O)        0.124     6.528 f  custom_dsp_dense_implementation_ap_int_16_ap_int_48_config2_U0/pf_ap_return_0_U_i_50/O
                         net (fo=24, unplaced)        0.513     7.041    custom_dsp_dense_implementation_ap_int_16_ap_int_48_config2_U0/pf_ap_return_3_U/pf_continue
                         LUT5 (Prop_lut5_I4_O)        0.124     7.165 r  custom_dsp_dense_implementation_ap_int_16_ap_int_48_config2_U0/pf_ap_return_3_U/fifo_rdPtr[1]_i_3/O
                         net (fo=1, unplaced)         0.449     7.614    custom_dsp_dense_implementation_ap_int_16_ap_int_48_config2_U0/pf_ap_return_3_U/fifo_rdPtr[1]_i_3_n_0
                         LUT6 (Prop_lut6_I2_O)        0.124     7.738 r  custom_dsp_dense_implementation_ap_int_16_ap_int_48_config2_U0/pf_ap_return_3_U/fifo_rdPtr[1]_i_2/O
                         net (fo=3, unplaced)         0.467     8.205    custom_dsp_dense_implementation_ap_int_16_ap_int_48_config2_U0/pf_ap_return_3_U/fifo_rdPtr13_out
                         LUT3 (Prop_lut3_I2_O)        0.124     8.329 r  custom_dsp_dense_implementation_ap_int_16_ap_int_48_config2_U0/pf_ap_return_3_U/fifo_rdPtr[2]_i_3/O
                         net (fo=3, unplaced)         0.467     8.796    custom_dsp_dense_implementation_ap_int_16_ap_int_48_config2_U0/pf_ap_return_3_U/fifo_rdPtr[2]_i_3_n_0
                         LUT5 (Prop_lut5_I2_O)        0.124     8.920 r  custom_dsp_dense_implementation_ap_int_16_ap_int_48_config2_U0/pf_ap_return_3_U/fifo_rdPtr[3]_i_1/O
                         net (fo=1, unplaced)         0.000     8.920    custom_dsp_dense_implementation_ap_int_16_ap_int_48_config2_U0/pf_ap_return_3_U/fifo_rdPtr[3]_i_1_n_0
                         FDSE                                         r  custom_dsp_dense_implementation_ap_int_16_ap_int_48_config2_U0/pf_ap_return_3_U/fifo_rdPtr_reg[3]/D
  -------------------------------------------------------------------    -------------------

                         (clock ap_clk rise edge)     4.000     4.000 r  
                                                      0.000     4.000 r  ap_clk (IN)
                         net (fo=10424, unset)        0.924     4.924    custom_dsp_dense_implementation_ap_int_16_ap_int_48_config2_U0/pf_ap_return_3_U/ap_clk
                         FDSE                                         r  custom_dsp_dense_implementation_ap_int_16_ap_int_48_config2_U0/pf_ap_return_3_U/fifo_rdPtr_reg[3]/C
                         clock pessimism              0.000     4.924    
                         clock uncertainty           -0.035     4.889    
                         FDSE (Setup_fdse_C_D)        0.062     4.951    custom_dsp_dense_implementation_ap_int_16_ap_int_48_config2_U0/pf_ap_return_3_U/fifo_rdPtr_reg[3]
  -------------------------------------------------------------------
                         required time                          4.951    
                         arrival time                          -8.920    
  -------------------------------------------------------------------
                         slack                                 -3.969    

Slack (VIOLATED) :        -3.969ns  (required time - arrival time)
  Source:                 custom_dsp_dense_implementation_ap_int_16_ap_int_48_config2_U0/pf_ap_return_3_U/fifo_rdPtr_reg[0]/C
                            (rising edge-triggered cell FDSE clocked by ap_clk  {rise@0.000ns fall@2.000ns period=4.000ns})
  Destination:            custom_dsp_dense_implementation_ap_int_16_ap_int_48_config2_U0/pf_ap_return_3_U/fifo_rdPtr_reg[4]/D
                            (rising edge-triggered cell FDSE clocked by ap_clk  {rise@0.000ns fall@2.000ns period=4.000ns})
  Path Group:             ap_clk
  Path Type:              Setup (Max at Slow Process Corner)
  Requirement:            4.000ns  (ap_clk rise@4.000ns - ap_clk rise@0.000ns)
  Data Path Delay:        7.947ns  (logic 1.933ns (24.324%)  route 6.014ns (75.676%))
  Logic Levels:           10  (LUT3=1 LUT4=1 LUT5=5 LUT6=2 SRLC32E=1)
  Clock Path Skew:        -0.049ns (DCD - SCD + CPR)
    Destination Clock Delay (DCD):    0.924ns = ( 4.924 - 4.000 ) 
    Source Clock Delay      (SCD):    0.973ns
    Clock Pessimism Removal (CPR):    0.000ns
  Clock Uncertainty:      0.035ns  ((TSJ^2 + TIJ^2)^1/2 + DJ) / 2 + PE
    Total System Jitter     (TSJ):    0.071ns
    Total Input Jitter      (TIJ):    0.000ns
    Discrete Jitter          (DJ):    0.000ns
    Phase Error              (PE):    0.000ns

    Location             Delay type                Incr(ns)  Path(ns)    Netlist Resource(s)
  -------------------------------------------------------------------    -------------------
                         (clock ap_clk rise edge)     0.000     0.000 r  
                                                      0.000     0.000 r  ap_clk (IN)
                         net (fo=10424, unset)        0.973     0.973    custom_dsp_dense_implementation_ap_int_16_ap_int_48_config2_U0/pf_ap_return_3_U/ap_clk
                         FDSE                                         r  custom_dsp_dense_implementation_ap_int_16_ap_int_48_config2_U0/pf_ap_return_3_U/fifo_rdPtr_reg[0]/C
  -------------------------------------------------------------------    -------------------
                         FDSE (Prop_fdse_C_Q)         0.496     1.469 r  custom_dsp_dense_implementation_ap_int_16_ap_int_48_config2_U0/pf_ap_return_3_U/fifo_rdPtr_reg[0]/Q
                         net (fo=58, unplaced)        0.892     2.361    custom_dsp_dense_implementation_ap_int_16_ap_int_48_config2_U0/pf_ap_return_3_U/fifo_rdPtr_reg[0]
                         SRLC32E (Prop_srlc32e_A[0]_Q)
                                                      0.295     2.656 f  custom_dsp_dense_implementation_ap_int_16_ap_int_48_config2_U0/pf_ap_return_3_U/fifo_reg[17][49]_srl18/Q
                         net (fo=4, unplaced)         0.443     3.099    custom_dsp_dense_implementation_ap_int_16_ap_int_48_config2_U0/pf_ap_return_3_U/fifo_reg[17][49]_srl18_n_0
                         LUT5 (Prop_lut5_I3_O)        0.150     3.249 f  custom_dsp_dense_implementation_ap_int_16_ap_int_48_config2_U0/pf_ap_return_3_U/pf_done_INST_0/O
                         net (fo=1, unplaced)         0.902     4.151    custom_dsp_dense_implementation_ap_int_16_ap_int_48_config2_U0/pf_ap_return_3_U_pf_done
                         LUT4 (Prop_lut4_I1_O)        0.124     4.275 r  custom_dsp_dense_implementation_ap_int_16_ap_int_48_config2_U0/pf_ap_return_0_U_i_51/O
                         net (fo=1, unplaced)         0.449     4.724    custom_dsp_dense_implementation_ap_int_16_ap_int_48_config2_U0/pf_ap_return_0_U_i_51_n_0
                         LUT5 (Prop_lut5_I4_O)        0.124     4.848 f  custom_dsp_dense_implementation_ap_int_16_ap_int_48_config2_U0/pf_ap_return_0_U_i_49/O
                         net (fo=30, unplaced)        0.519     5.367    layer2_out_5_U/custom_dsp_dense_implementation_ap_int_16_ap_int_48_config2_U0_ap_done
                         LUT5 (Prop_lut5_I4_O)        0.124     5.491 r  layer2_out_5_U/pf_ap_return_0_U_i_53/O
                         net (fo=2, unplaced)         0.913     6.404    custom_dsp_dense_implementation_ap_int_16_ap_int_48_config2_U0/stalled_reg_0
                         LUT5 (Prop_lut5_I2_O)        0.124     6.528 f  custom_dsp_dense_implementation_ap_int_16_ap_int_48_config2_U0/pf_ap_return_0_U_i_50/O
                         net (fo=24, unplaced)        0.513     7.041    custom_dsp_dense_implementation_ap_int_16_ap_int_48_config2_U0/pf_ap_return_3_U/pf_continue
                         LUT5 (Prop_lut5_I4_O)        0.124     7.165 r  custom_dsp_dense_implementation_ap_int_16_ap_int_48_config2_U0/pf_ap_return_3_U/fifo_rdPtr[1]_i_3/O
                         net (fo=1, unplaced)         0.449     7.614    custom_dsp_dense_implementation_ap_int_16_ap_int_48_config2_U0/pf_ap_return_3_U/fifo_rdPtr[1]_i_3_n_0
                         LUT6 (Prop_lut6_I2_O)        0.124     7.738 r  custom_dsp_dense_implementation_ap_int_16_ap_int_48_config2_U0/pf_ap_return_3_U/fifo_rdPtr[1]_i_2/O
                         net (fo=3, unplaced)         0.467     8.205    custom_dsp_dense_implementation_ap_int_16_ap_int_48_config2_U0/pf_ap_return_3_U/fifo_rdPtr13_out
                         LUT3 (Prop_lut3_I2_O)        0.124     8.329 r  custom_dsp_dense_implementation_ap_int_16_ap_int_48_config2_U0/pf_ap_return_3_U/fifo_rdPtr[2]_i_3/O
                         net (fo=3, unplaced)         0.467     8.796    custom_dsp_dense_implementation_ap_int_16_ap_int_48_config2_U0/pf_ap_return_3_U/fifo_rdPtr[2]_i_3_n_0
                         LUT6 (Prop_lut6_I3_O)        0.124     8.920 r  custom_dsp_dense_implementation_ap_int_16_ap_int_48_config2_U0/pf_ap_return_3_U/fifo_rdPtr[4]_i_1/O
                         net (fo=1, unplaced)         0.000     8.920    custom_dsp_dense_implementation_ap_int_16_ap_int_48_config2_U0/pf_ap_return_3_U/fifo_rdPtr[4]_i_1_n_0
                         FDSE                                         r  custom_dsp_dense_implementation_ap_int_16_ap_int_48_config2_U0/pf_ap_return_3_U/fifo_rdPtr_reg[4]/D
  -------------------------------------------------------------------    -------------------

                         (clock ap_clk rise edge)     4.000     4.000 r  
                                                      0.000     4.000 r  ap_clk (IN)
                         net (fo=10424, unset)        0.924     4.924    custom_dsp_dense_implementation_ap_int_16_ap_int_48_config2_U0/pf_ap_return_3_U/ap_clk
                         FDSE                                         r  custom_dsp_dense_implementation_ap_int_16_ap_int_48_config2_U0/pf_ap_return_3_U/fifo_rdPtr_reg[4]/C
                         clock pessimism              0.000     4.924    
                         clock uncertainty           -0.035     4.889    
                         FDSE (Setup_fdse_C_D)        0.062     4.951    custom_dsp_dense_implementation_ap_int_16_ap_int_48_config2_U0/pf_ap_return_3_U/fifo_rdPtr_reg[4]
  -------------------------------------------------------------------
                         required time                          4.951    
                         arrival time                          -8.920    
  -------------------------------------------------------------------
                         slack                                 -3.969    

Slack (VIOLATED) :        -3.969ns  (required time - arrival time)
  Source:                 custom_dsp_dense_implementation_ap_int_16_ap_int_48_config2_U0/pf_ap_return_3_U/fifo_rdPtr_reg[0]/C
                            (rising edge-triggered cell FDSE clocked by ap_clk  {rise@0.000ns fall@2.000ns period=4.000ns})
  Destination:            custom_dsp_dense_implementation_ap_int_16_ap_int_48_config2_U0/pf_ap_return_4_U/fifo_rdPtr_reg[2]/D
                            (rising edge-triggered cell FDRE clocked by ap_clk  {rise@0.000ns fall@2.000ns period=4.000ns})
  Path Group:             ap_clk
  Path Type:              Setup (Max at Slow Process Corner)
  Requirement:            4.000ns  (ap_clk rise@4.000ns - ap_clk rise@0.000ns)
  Data Path Delay:        7.947ns  (logic 1.933ns (24.324%)  route 6.014ns (75.676%))
  Logic Levels:           10  (LUT3=1 LUT4=1 LUT5=6 LUT6=1 SRLC32E=1)
  Clock Path Skew:        -0.049ns (DCD - SCD + CPR)
    Destination Clock Delay (DCD):    0.924ns = ( 4.924 - 4.000 ) 
    Source Clock Delay      (SCD):    0.973ns
    Clock Pessimism Removal (CPR):    0.000ns
  Clock Uncertainty:      0.035ns  ((TSJ^2 + TIJ^2)^1/2 + DJ) / 2 + PE
    Total System Jitter     (TSJ):    0.071ns
    Total Input Jitter      (TIJ):    0.000ns
    Discrete Jitter          (DJ):    0.000ns
    Phase Error              (PE):    0.000ns

    Location             Delay type                Incr(ns)  Path(ns)    Netlist Resource(s)
  -------------------------------------------------------------------    -------------------
                         (clock ap_clk rise edge)     0.000     0.000 r  
                                                      0.000     0.000 r  ap_clk (IN)
                         net (fo=10424, unset)        0.973     0.973    custom_dsp_dense_implementation_ap_int_16_ap_int_48_config2_U0/pf_ap_return_3_U/ap_clk
                         FDSE                                         r  custom_dsp_dense_implementation_ap_int_16_ap_int_48_config2_U0/pf_ap_return_3_U/fifo_rdPtr_reg[0]/C
  -------------------------------------------------------------------    -------------------
                         FDSE (Prop_fdse_C_Q)         0.496     1.469 r  custom_dsp_dense_implementation_ap_int_16_ap_int_48_config2_U0/pf_ap_return_3_U/fifo_rdPtr_reg[0]/Q
                         net (fo=58, unplaced)        0.892     2.361    custom_dsp_dense_implementation_ap_int_16_ap_int_48_config2_U0/pf_ap_return_3_U/fifo_rdPtr_reg[0]
                         SRLC32E (Prop_srlc32e_A[0]_Q)
                                                      0.295     2.656 f  custom_dsp_dense_implementation_ap_int_16_ap_int_48_config2_U0/pf_ap_return_3_U/fifo_reg[17][49]_srl18/Q
                         net (fo=4, unplaced)         0.443     3.099    custom_dsp_dense_implementation_ap_int_16_ap_int_48_config2_U0/pf_ap_return_3_U/fifo_reg[17][49]_srl18_n_0
                         LUT5 (Prop_lut5_I3_O)        0.150     3.249 f  custom_dsp_dense_implementation_ap_int_16_ap_int_48_config2_U0/pf_ap_return_3_U/pf_done_INST_0/O
                         net (fo=1, unplaced)         0.902     4.151    custom_dsp_dense_implementation_ap_int_16_ap_int_48_config2_U0/pf_ap_return_3_U_pf_done
                         LUT4 (Prop_lut4_I1_O)        0.124     4.275 r  custom_dsp_dense_implementation_ap_int_16_ap_int_48_config2_U0/pf_ap_return_0_U_i_51/O
                         net (fo=1, unplaced)         0.449     4.724    custom_dsp_dense_implementation_ap_int_16_ap_int_48_config2_U0/pf_ap_return_0_U_i_51_n_0
                         LUT5 (Prop_lut5_I4_O)        0.124     4.848 f  custom_dsp_dense_implementation_ap_int_16_ap_int_48_config2_U0/pf_ap_return_0_U_i_49/O
                         net (fo=30, unplaced)        0.519     5.367    layer2_out_5_U/custom_dsp_dense_implementation_ap_int_16_ap_int_48_config2_U0_ap_done
                         LUT5 (Prop_lut5_I4_O)        0.124     5.491 r  layer2_out_5_U/pf_ap_return_0_U_i_53/O
                         net (fo=2, unplaced)         0.913     6.404    custom_dsp_dense_implementation_ap_int_16_ap_int_48_config2_U0/stalled_reg_0
                         LUT5 (Prop_lut5_I2_O)        0.124     6.528 f  custom_dsp_dense_implementation_ap_int_16_ap_int_48_config2_U0/pf_ap_return_0_U_i_50/O
                         net (fo=24, unplaced)        0.513     7.041    custom_dsp_dense_implementation_ap_int_16_ap_int_48_config2_U0/pf_ap_return_4_U/pf_continue
                         LUT5 (Prop_lut5_I4_O)        0.124     7.165 r  custom_dsp_dense_implementation_ap_int_16_ap_int_48_config2_U0/pf_ap_return_4_U/fifo_rdPtr[1]_i_3/O
                         net (fo=1, unplaced)         0.449     7.614    custom_dsp_dense_implementation_ap_int_16_ap_int_48_config2_U0/pf_ap_return_4_U/fifo_rdPtr[1]_i_3_n_0
                         LUT6 (Prop_lut6_I2_O)        0.124     7.738 r  custom_dsp_dense_implementation_ap_int_16_ap_int_48_config2_U0/pf_ap_return_4_U/fifo_rdPtr[1]_i_2/O
                         net (fo=3, unplaced)         0.467     8.205    custom_dsp_dense_implementation_ap_int_16_ap_int_48_config2_U0/pf_ap_return_4_U/fifo_rdPtr13_out
                         LUT3 (Prop_lut3_I2_O)        0.124     8.329 r  custom_dsp_dense_implementation_ap_int_16_ap_int_48_config2_U0/pf_ap_return_4_U/fifo_rdPtr[2]_i_3/O
                         net (fo=3, unplaced)         0.467     8.796    custom_dsp_dense_implementation_ap_int_16_ap_int_48_config2_U0/pf_ap_return_4_U/fifo_rdPtr[2]_i_3_n_0
                         LUT5 (Prop_lut5_I2_O)        0.124     8.920 r  custom_dsp_dense_implementation_ap_int_16_ap_int_48_config2_U0/pf_ap_return_4_U/fifo_rdPtr[2]_i_1/O
                         net (fo=1, unplaced)         0.000     8.920    custom_dsp_dense_implementation_ap_int_16_ap_int_48_config2_U0/pf_ap_return_4_U/fifo_rdPtr[2]_i_1_n_0
                         FDRE                                         r  custom_dsp_dense_implementation_ap_int_16_ap_int_48_config2_U0/pf_ap_return_4_U/fifo_rdPtr_reg[2]/D
  -------------------------------------------------------------------    -------------------

                         (clock ap_clk rise edge)     4.000     4.000 r  
                                                      0.000     4.000 r  ap_clk (IN)
                         net (fo=10424, unset)        0.924     4.924    custom_dsp_dense_implementation_ap_int_16_ap_int_48_config2_U0/pf_ap_return_4_U/ap_clk
                         FDRE                                         r  custom_dsp_dense_implementation_ap_int_16_ap_int_48_config2_U0/pf_ap_return_4_U/fifo_rdPtr_reg[2]/C
                         clock pessimism              0.000     4.924    
                         clock uncertainty           -0.035     4.889    
                         FDRE (Setup_fdre_C_D)        0.062     4.951    custom_dsp_dense_implementation_ap_int_16_ap_int_48_config2_U0/pf_ap_return_4_U/fifo_rdPtr_reg[2]
  -------------------------------------------------------------------
                         required time                          4.951    
                         arrival time                          -8.920    
  -------------------------------------------------------------------
                         slack                                 -3.969    

Slack (VIOLATED) :        -3.969ns  (required time - arrival time)
  Source:                 custom_dsp_dense_implementation_ap_int_16_ap_int_48_config2_U0/pf_ap_return_3_U/fifo_rdPtr_reg[0]/C
                            (rising edge-triggered cell FDSE clocked by ap_clk  {rise@0.000ns fall@2.000ns period=4.000ns})
  Destination:            custom_dsp_dense_implementation_ap_int_16_ap_int_48_config2_U0/pf_ap_return_4_U/fifo_rdPtr_reg[3]/D
                            (rising edge-triggered cell FDSE clocked by ap_clk  {rise@0.000ns fall@2.000ns period=4.000ns})
  Path Group:             ap_clk
  Path Type:              Setup (Max at Slow Process Corner)
  Requirement:            4.000ns  (ap_clk rise@4.000ns - ap_clk rise@0.000ns)
  Data Path Delay:        7.947ns  (logic 1.933ns (24.324%)  route 6.014ns (75.676%))
  Logic Levels:           10  (LUT3=1 LUT4=1 LUT5=6 LUT6=1 SRLC32E=1)
  Clock Path Skew:        -0.049ns (DCD - SCD + CPR)
    Destination Clock Delay (DCD):    0.924ns = ( 4.924 - 4.000 ) 
    Source Clock Delay      (SCD):    0.973ns
    Clock Pessimism Removal (CPR):    0.000ns
  Clock Uncertainty:      0.035ns  ((TSJ^2 + TIJ^2)^1/2 + DJ) / 2 + PE
    Total System Jitter     (TSJ):    0.071ns
    Total Input Jitter      (TIJ):    0.000ns
    Discrete Jitter          (DJ):    0.000ns
    Phase Error              (PE):    0.000ns

    Location             Delay type                Incr(ns)  Path(ns)    Netlist Resource(s)
  -------------------------------------------------------------------    -------------------
                         (clock ap_clk rise edge)     0.000     0.000 r  
                                                      0.000     0.000 r  ap_clk (IN)
                         net (fo=10424, unset)        0.973     0.973    custom_dsp_dense_implementation_ap_int_16_ap_int_48_config2_U0/pf_ap_return_3_U/ap_clk
                         FDSE                                         r  custom_dsp_dense_implementation_ap_int_16_ap_int_48_config2_U0/pf_ap_return_3_U/fifo_rdPtr_reg[0]/C
  -------------------------------------------------------------------    -------------------
                         FDSE (Prop_fdse_C_Q)         0.496     1.469 r  custom_dsp_dense_implementation_ap_int_16_ap_int_48_config2_U0/pf_ap_return_3_U/fifo_rdPtr_reg[0]/Q
                         net (fo=58, unplaced)        0.892     2.361    custom_dsp_dense_implementation_ap_int_16_ap_int_48_config2_U0/pf_ap_return_3_U/fifo_rdPtr_reg[0]
                         SRLC32E (Prop_srlc32e_A[0]_Q)
                                                      0.295     2.656 f  custom_dsp_dense_implementation_ap_int_16_ap_int_48_config2_U0/pf_ap_return_3_U/fifo_reg[17][49]_srl18/Q
                         net (fo=4, unplaced)         0.443     3.099    custom_dsp_dense_implementation_ap_int_16_ap_int_48_config2_U0/pf_ap_return_3_U/fifo_reg[17][49]_srl18_n_0
                         LUT5 (Prop_lut5_I3_O)        0.150     3.249 f  custom_dsp_dense_implementation_ap_int_16_ap_int_48_config2_U0/pf_ap_return_3_U/pf_done_INST_0/O
                         net (fo=1, unplaced)         0.902     4.151    custom_dsp_dense_implementation_ap_int_16_ap_int_48_config2_U0/pf_ap_return_3_U_pf_done
                         LUT4 (Prop_lut4_I1_O)        0.124     4.275 r  custom_dsp_dense_implementation_ap_int_16_ap_int_48_config2_U0/pf_ap_return_0_U_i_51/O
                         net (fo=1, unplaced)         0.449     4.724    custom_dsp_dense_implementation_ap_int_16_ap_int_48_config2_U0/pf_ap_return_0_U_i_51_n_0
                         LUT5 (Prop_lut5_I4_O)        0.124     4.848 f  custom_dsp_dense_implementation_ap_int_16_ap_int_48_config2_U0/pf_ap_return_0_U_i_49/O
                         net (fo=30, unplaced)        0.519     5.367    layer2_out_5_U/custom_dsp_dense_implementation_ap_int_16_ap_int_48_config2_U0_ap_done
                         LUT5 (Prop_lut5_I4_O)        0.124     5.491 r  layer2_out_5_U/pf_ap_return_0_U_i_53/O
                         net (fo=2, unplaced)         0.913     6.404    custom_dsp_dense_implementation_ap_int_16_ap_int_48_config2_U0/stalled_reg_0
                         LUT5 (Prop_lut5_I2_O)        0.124     6.528 f  custom_dsp_dense_implementation_ap_int_16_ap_int_48_config2_U0/pf_ap_return_0_U_i_50/O
                         net (fo=24, unplaced)        0.513     7.041    custom_dsp_dense_implementation_ap_int_16_ap_int_48_config2_U0/pf_ap_return_4_U/pf_continue
                         LUT5 (Prop_lut5_I4_O)        0.124     7.165 r  custom_dsp_dense_implementation_ap_int_16_ap_int_48_config2_U0/pf_ap_return_4_U/fifo_rdPtr[1]_i_3/O
                         net (fo=1, unplaced)         0.449     7.614    custom_dsp_dense_implementation_ap_int_16_ap_int_48_config2_U0/pf_ap_return_4_U/fifo_rdPtr[1]_i_3_n_0
                         LUT6 (Prop_lut6_I2_O)        0.124     7.738 r  custom_dsp_dense_implementation_ap_int_16_ap_int_48_config2_U0/pf_ap_return_4_U/fifo_rdPtr[1]_i_2/O
                         net (fo=3, unplaced)         0.467     8.205    custom_dsp_dense_implementation_ap_int_16_ap_int_48_config2_U0/pf_ap_return_4_U/fifo_rdPtr13_out
                         LUT3 (Prop_lut3_I2_O)        0.124     8.329 r  custom_dsp_dense_implementation_ap_int_16_ap_int_48_config2_U0/pf_ap_return_4_U/fifo_rdPtr[2]_i_3/O
                         net (fo=3, unplaced)         0.467     8.796    custom_dsp_dense_implementation_ap_int_16_ap_int_48_config2_U0/pf_ap_return_4_U/fifo_rdPtr[2]_i_3_n_0
                         LUT5 (Prop_lut5_I2_O)        0.124     8.920 r  custom_dsp_dense_implementation_ap_int_16_ap_int_48_config2_U0/pf_ap_return_4_U/fifo_rdPtr[3]_i_1/O
                         net (fo=1, unplaced)         0.000     8.920    custom_dsp_dense_implementation_ap_int_16_ap_int_48_config2_U0/pf_ap_return_4_U/fifo_rdPtr[3]_i_1_n_0
                         FDSE                                         r  custom_dsp_dense_implementation_ap_int_16_ap_int_48_config2_U0/pf_ap_return_4_U/fifo_rdPtr_reg[3]/D
  -------------------------------------------------------------------    -------------------

                         (clock ap_clk rise edge)     4.000     4.000 r  
                                                      0.000     4.000 r  ap_clk (IN)
                         net (fo=10424, unset)        0.924     4.924    custom_dsp_dense_implementation_ap_int_16_ap_int_48_config2_U0/pf_ap_return_4_U/ap_clk
                         FDSE                                         r  custom_dsp_dense_implementation_ap_int_16_ap_int_48_config2_U0/pf_ap_return_4_U/fifo_rdPtr_reg[3]/C
                         clock pessimism              0.000     4.924    
                         clock uncertainty           -0.035     4.889    
                         FDSE (Setup_fdse_C_D)        0.062     4.951    custom_dsp_dense_implementation_ap_int_16_ap_int_48_config2_U0/pf_ap_return_4_U/fifo_rdPtr_reg[3]
  -------------------------------------------------------------------
                         required time                          4.951    
                         arrival time                          -8.920    
  -------------------------------------------------------------------
                         slack                                 -3.969    

Slack (VIOLATED) :        -3.969ns  (required time - arrival time)
  Source:                 custom_dsp_dense_implementation_ap_int_16_ap_int_48_config2_U0/pf_ap_return_3_U/fifo_rdPtr_reg[0]/C
                            (rising edge-triggered cell FDSE clocked by ap_clk  {rise@0.000ns fall@2.000ns period=4.000ns})
  Destination:            custom_dsp_dense_implementation_ap_int_16_ap_int_48_config2_U0/pf_ap_return_4_U/fifo_rdPtr_reg[4]/D
                            (rising edge-triggered cell FDSE clocked by ap_clk  {rise@0.000ns fall@2.000ns period=4.000ns})
  Path Group:             ap_clk
  Path Type:              Setup (Max at Slow Process Corner)
  Requirement:            4.000ns  (ap_clk rise@4.000ns - ap_clk rise@0.000ns)
  Data Path Delay:        7.947ns  (logic 1.933ns (24.324%)  route 6.014ns (75.676%))
  Logic Levels:           10  (LUT3=1 LUT4=1 LUT5=5 LUT6=2 SRLC32E=1)
  Clock Path Skew:        -0.049ns (DCD - SCD + CPR)
    Destination Clock Delay (DCD):    0.924ns = ( 4.924 - 4.000 ) 
    Source Clock Delay      (SCD):    0.973ns
    Clock Pessimism Removal (CPR):    0.000ns
  Clock Uncertainty:      0.035ns  ((TSJ^2 + TIJ^2)^1/2 + DJ) / 2 + PE
    Total System Jitter     (TSJ):    0.071ns
    Total Input Jitter      (TIJ):    0.000ns
    Discrete Jitter          (DJ):    0.000ns
    Phase Error              (PE):    0.000ns

    Location             Delay type                Incr(ns)  Path(ns)    Netlist Resource(s)
  -------------------------------------------------------------------    -------------------
                         (clock ap_clk rise edge)     0.000     0.000 r  
                                                      0.000     0.000 r  ap_clk (IN)
                         net (fo=10424, unset)        0.973     0.973    custom_dsp_dense_implementation_ap_int_16_ap_int_48_config2_U0/pf_ap_return_3_U/ap_clk
                         FDSE                                         r  custom_dsp_dense_implementation_ap_int_16_ap_int_48_config2_U0/pf_ap_return_3_U/fifo_rdPtr_reg[0]/C
  -------------------------------------------------------------------    -------------------
                         FDSE (Prop_fdse_C_Q)         0.496     1.469 r  custom_dsp_dense_implementation_ap_int_16_ap_int_48_config2_U0/pf_ap_return_3_U/fifo_rdPtr_reg[0]/Q
                         net (fo=58, unplaced)        0.892     2.361    custom_dsp_dense_implementation_ap_int_16_ap_int_48_config2_U0/pf_ap_return_3_U/fifo_rdPtr_reg[0]
                         SRLC32E (Prop_srlc32e_A[0]_Q)
                                                      0.295     2.656 f  custom_dsp_dense_implementation_ap_int_16_ap_int_48_config2_U0/pf_ap_return_3_U/fifo_reg[17][49]_srl18/Q
                         net (fo=4, unplaced)         0.443     3.099    custom_dsp_dense_implementation_ap_int_16_ap_int_48_config2_U0/pf_ap_return_3_U/fifo_reg[17][49]_srl18_n_0
                         LUT5 (Prop_lut5_I3_O)        0.150     3.249 f  custom_dsp_dense_implementation_ap_int_16_ap_int_48_config2_U0/pf_ap_return_3_U/pf_done_INST_0/O
                         net (fo=1, unplaced)         0.902     4.151    custom_dsp_dense_implementation_ap_int_16_ap_int_48_config2_U0/pf_ap_return_3_U_pf_done
                         LUT4 (Prop_lut4_I1_O)        0.124     4.275 r  custom_dsp_dense_implementation_ap_int_16_ap_int_48_config2_U0/pf_ap_return_0_U_i_51/O
                         net (fo=1, unplaced)         0.449     4.724    custom_dsp_dense_implementation_ap_int_16_ap_int_48_config2_U0/pf_ap_return_0_U_i_51_n_0
                         LUT5 (Prop_lut5_I4_O)        0.124     4.848 f  custom_dsp_dense_implementation_ap_int_16_ap_int_48_config2_U0/pf_ap_return_0_U_i_49/O
                         net (fo=30, unplaced)        0.519     5.367    layer2_out_5_U/custom_dsp_dense_implementation_ap_int_16_ap_int_48_config2_U0_ap_done
                         LUT5 (Prop_lut5_I4_O)        0.124     5.491 r  layer2_out_5_U/pf_ap_return_0_U_i_53/O
                         net (fo=2, unplaced)         0.913     6.404    custom_dsp_dense_implementation_ap_int_16_ap_int_48_config2_U0/stalled_reg_0
                         LUT5 (Prop_lut5_I2_O)        0.124     6.528 f  custom_dsp_dense_implementation_ap_int_16_ap_int_48_config2_U0/pf_ap_return_0_U_i_50/O
                         net (fo=24, unplaced)        0.513     7.041    custom_dsp_dense_implementation_ap_int_16_ap_int_48_config2_U0/pf_ap_return_4_U/pf_continue
                         LUT5 (Prop_lut5_I4_O)        0.124     7.165 r  custom_dsp_dense_implementation_ap_int_16_ap_int_48_config2_U0/pf_ap_return_4_U/fifo_rdPtr[1]_i_3/O
                         net (fo=1, unplaced)         0.449     7.614    custom_dsp_dense_implementation_ap_int_16_ap_int_48_config2_U0/pf_ap_return_4_U/fifo_rdPtr[1]_i_3_n_0
                         LUT6 (Prop_lut6_I2_O)        0.124     7.738 r  custom_dsp_dense_implementation_ap_int_16_ap_int_48_config2_U0/pf_ap_return_4_U/fifo_rdPtr[1]_i_2/O
                         net (fo=3, unplaced)         0.467     8.205    custom_dsp_dense_implementation_ap_int_16_ap_int_48_config2_U0/pf_ap_return_4_U/fifo_rdPtr13_out
                         LUT3 (Prop_lut3_I2_O)        0.124     8.329 r  custom_dsp_dense_implementation_ap_int_16_ap_int_48_config2_U0/pf_ap_return_4_U/fifo_rdPtr[2]_i_3/O
                         net (fo=3, unplaced)         0.467     8.796    custom_dsp_dense_implementation_ap_int_16_ap_int_48_config2_U0/pf_ap_return_4_U/fifo_rdPtr[2]_i_3_n_0
                         LUT6 (Prop_lut6_I3_O)        0.124     8.920 r  custom_dsp_dense_implementation_ap_int_16_ap_int_48_config2_U0/pf_ap_return_4_U/fifo_rdPtr[4]_i_1/O
                         net (fo=1, unplaced)         0.000     8.920    custom_dsp_dense_implementation_ap_int_16_ap_int_48_config2_U0/pf_ap_return_4_U/fifo_rdPtr[4]_i_1_n_0
                         FDSE                                         r  custom_dsp_dense_implementation_ap_int_16_ap_int_48_config2_U0/pf_ap_return_4_U/fifo_rdPtr_reg[4]/D
  -------------------------------------------------------------------    -------------------

                         (clock ap_clk rise edge)     4.000     4.000 r  
                                                      0.000     4.000 r  ap_clk (IN)
                         net (fo=10424, unset)        0.924     4.924    custom_dsp_dense_implementation_ap_int_16_ap_int_48_config2_U0/pf_ap_return_4_U/ap_clk
                         FDSE                                         r  custom_dsp_dense_implementation_ap_int_16_ap_int_48_config2_U0/pf_ap_return_4_U/fifo_rdPtr_reg[4]/C
                         clock pessimism              0.000     4.924    
                         clock uncertainty           -0.035     4.889    
                         FDSE (Setup_fdse_C_D)        0.062     4.951    custom_dsp_dense_implementation_ap_int_16_ap_int_48_config2_U0/pf_ap_return_4_U/fifo_rdPtr_reg[4]
  -------------------------------------------------------------------
                         required time                          4.951    
                         arrival time                          -8.920    
  -------------------------------------------------------------------
                         slack                                 -3.969    

Slack (VIOLATED) :        -3.969ns  (required time - arrival time)
  Source:                 custom_dsp_dense_implementation_ap_int_16_ap_int_48_config2_U0/pf_ap_return_3_U/fifo_rdPtr_reg[0]/C
                            (rising edge-triggered cell FDSE clocked by ap_clk  {rise@0.000ns fall@2.000ns period=4.000ns})
  Destination:            custom_dsp_dense_implementation_ap_int_16_ap_int_48_config2_U0/pf_ap_return_5_U/fifo_rdPtr_reg[2]/D
                            (rising edge-triggered cell FDRE clocked by ap_clk  {rise@0.000ns fall@2.000ns period=4.000ns})
  Path Group:             ap_clk
  Path Type:              Setup (Max at Slow Process Corner)
  Requirement:            4.000ns  (ap_clk rise@4.000ns - ap_clk rise@0.000ns)
  Data Path Delay:        7.947ns  (logic 1.933ns (24.324%)  route 6.014ns (75.676%))
  Logic Levels:           10  (LUT3=1 LUT4=1 LUT5=6 LUT6=1 SRLC32E=1)
  Clock Path Skew:        -0.049ns (DCD - SCD + CPR)
    Destination Clock Delay (DCD):    0.924ns = ( 4.924 - 4.000 ) 
    Source Clock Delay      (SCD):    0.973ns
    Clock Pessimism Removal (CPR):    0.000ns
  Clock Uncertainty:      0.035ns  ((TSJ^2 + TIJ^2)^1/2 + DJ) / 2 + PE
    Total System Jitter     (TSJ):    0.071ns
    Total Input Jitter      (TIJ):    0.000ns
    Discrete Jitter          (DJ):    0.000ns
    Phase Error              (PE):    0.000ns

    Location             Delay type                Incr(ns)  Path(ns)    Netlist Resource(s)
  -------------------------------------------------------------------    -------------------
                         (clock ap_clk rise edge)     0.000     0.000 r  
                                                      0.000     0.000 r  ap_clk (IN)
                         net (fo=10424, unset)        0.973     0.973    custom_dsp_dense_implementation_ap_int_16_ap_int_48_config2_U0/pf_ap_return_3_U/ap_clk
                         FDSE                                         r  custom_dsp_dense_implementation_ap_int_16_ap_int_48_config2_U0/pf_ap_return_3_U/fifo_rdPtr_reg[0]/C
  -------------------------------------------------------------------    -------------------
                         FDSE (Prop_fdse_C_Q)         0.496     1.469 r  custom_dsp_dense_implementation_ap_int_16_ap_int_48_config2_U0/pf_ap_return_3_U/fifo_rdPtr_reg[0]/Q
                         net (fo=58, unplaced)        0.892     2.361    custom_dsp_dense_implementation_ap_int_16_ap_int_48_config2_U0/pf_ap_return_3_U/fifo_rdPtr_reg[0]
                         SRLC32E (Prop_srlc32e_A[0]_Q)
                                                      0.295     2.656 f  custom_dsp_dense_implementation_ap_int_16_ap_int_48_config2_U0/pf_ap_return_3_U/fifo_reg[17][49]_srl18/Q
                         net (fo=4, unplaced)         0.443     3.099    custom_dsp_dense_implementation_ap_int_16_ap_int_48_config2_U0/pf_ap_return_3_U/fifo_reg[17][49]_srl18_n_0
                         LUT5 (Prop_lut5_I3_O)        0.150     3.249 f  custom_dsp_dense_implementation_ap_int_16_ap_int_48_config2_U0/pf_ap_return_3_U/pf_done_INST_0/O
                         net (fo=1, unplaced)         0.902     4.151    custom_dsp_dense_implementation_ap_int_16_ap_int_48_config2_U0/pf_ap_return_3_U_pf_done
                         LUT4 (Prop_lut4_I1_O)        0.124     4.275 r  custom_dsp_dense_implementation_ap_int_16_ap_int_48_config2_U0/pf_ap_return_0_U_i_51/O
                         net (fo=1, unplaced)         0.449     4.724    custom_dsp_dense_implementation_ap_int_16_ap_int_48_config2_U0/pf_ap_return_0_U_i_51_n_0
                         LUT5 (Prop_lut5_I4_O)        0.124     4.848 f  custom_dsp_dense_implementation_ap_int_16_ap_int_48_config2_U0/pf_ap_return_0_U_i_49/O
                         net (fo=30, unplaced)        0.519     5.367    layer2_out_5_U/custom_dsp_dense_implementation_ap_int_16_ap_int_48_config2_U0_ap_done
                         LUT5 (Prop_lut5_I4_O)        0.124     5.491 r  layer2_out_5_U/pf_ap_return_0_U_i_53/O
                         net (fo=2, unplaced)         0.913     6.404    custom_dsp_dense_implementation_ap_int_16_ap_int_48_config2_U0/stalled_reg_0
                         LUT5 (Prop_lut5_I2_O)        0.124     6.528 f  custom_dsp_dense_implementation_ap_int_16_ap_int_48_config2_U0/pf_ap_return_0_U_i_50/O
                         net (fo=24, unplaced)        0.513     7.041    custom_dsp_dense_implementation_ap_int_16_ap_int_48_config2_U0/pf_ap_return_5_U/pf_continue
                         LUT5 (Prop_lut5_I4_O)        0.124     7.165 r  custom_dsp_dense_implementation_ap_int_16_ap_int_48_config2_U0/pf_ap_return_5_U/fifo_rdPtr[1]_i_3/O
                         net (fo=1, unplaced)         0.449     7.614    custom_dsp_dense_implementation_ap_int_16_ap_int_48_config2_U0/pf_ap_return_5_U/fifo_rdPtr[1]_i_3_n_0
                         LUT6 (Prop_lut6_I2_O)        0.124     7.738 r  custom_dsp_dense_implementation_ap_int_16_ap_int_48_config2_U0/pf_ap_return_5_U/fifo_rdPtr[1]_i_2/O
                         net (fo=3, unplaced)         0.467     8.205    custom_dsp_dense_implementation_ap_int_16_ap_int_48_config2_U0/pf_ap_return_5_U/fifo_rdPtr13_out
                         LUT3 (Prop_lut3_I2_O)        0.124     8.329 r  custom_dsp_dense_implementation_ap_int_16_ap_int_48_config2_U0/pf_ap_return_5_U/fifo_rdPtr[2]_i_3/O
                         net (fo=3, unplaced)         0.467     8.796    custom_dsp_dense_implementation_ap_int_16_ap_int_48_config2_U0/pf_ap_return_5_U/fifo_rdPtr[2]_i_3_n_0
                         LUT5 (Prop_lut5_I2_O)        0.124     8.920 r  custom_dsp_dense_implementation_ap_int_16_ap_int_48_config2_U0/pf_ap_return_5_U/fifo_rdPtr[2]_i_1/O
                         net (fo=1, unplaced)         0.000     8.920    custom_dsp_dense_implementation_ap_int_16_ap_int_48_config2_U0/pf_ap_return_5_U/fifo_rdPtr[2]_i_1_n_0
                         FDRE                                         r  custom_dsp_dense_implementation_ap_int_16_ap_int_48_config2_U0/pf_ap_return_5_U/fifo_rdPtr_reg[2]/D
  -------------------------------------------------------------------    -------------------

                         (clock ap_clk rise edge)     4.000     4.000 r  
                                                      0.000     4.000 r  ap_clk (IN)
                         net (fo=10424, unset)        0.924     4.924    custom_dsp_dense_implementation_ap_int_16_ap_int_48_config2_U0/pf_ap_return_5_U/ap_clk
                         FDRE                                         r  custom_dsp_dense_implementation_ap_int_16_ap_int_48_config2_U0/pf_ap_return_5_U/fifo_rdPtr_reg[2]/C
                         clock pessimism              0.000     4.924    
                         clock uncertainty           -0.035     4.889    
                         FDRE (Setup_fdre_C_D)        0.062     4.951    custom_dsp_dense_implementation_ap_int_16_ap_int_48_config2_U0/pf_ap_return_5_U/fifo_rdPtr_reg[2]
  -------------------------------------------------------------------
                         required time                          4.951    
                         arrival time                          -8.920    
  -------------------------------------------------------------------
                         slack                                 -3.969    

Slack (VIOLATED) :        -3.969ns  (required time - arrival time)
  Source:                 custom_dsp_dense_implementation_ap_int_16_ap_int_48_config2_U0/pf_ap_return_3_U/fifo_rdPtr_reg[0]/C
                            (rising edge-triggered cell FDSE clocked by ap_clk  {rise@0.000ns fall@2.000ns period=4.000ns})
  Destination:            custom_dsp_dense_implementation_ap_int_16_ap_int_48_config2_U0/pf_ap_return_5_U/fifo_rdPtr_reg[3]/D
                            (rising edge-triggered cell FDSE clocked by ap_clk  {rise@0.000ns fall@2.000ns period=4.000ns})
  Path Group:             ap_clk
  Path Type:              Setup (Max at Slow Process Corner)
  Requirement:            4.000ns  (ap_clk rise@4.000ns - ap_clk rise@0.000ns)
  Data Path Delay:        7.947ns  (logic 1.933ns (24.324%)  route 6.014ns (75.676%))
  Logic Levels:           10  (LUT3=1 LUT4=1 LUT5=6 LUT6=1 SRLC32E=1)
  Clock Path Skew:        -0.049ns (DCD - SCD + CPR)
    Destination Clock Delay (DCD):    0.924ns = ( 4.924 - 4.000 ) 
    Source Clock Delay      (SCD):    0.973ns
    Clock Pessimism Removal (CPR):    0.000ns
  Clock Uncertainty:      0.035ns  ((TSJ^2 + TIJ^2)^1/2 + DJ) / 2 + PE
    Total System Jitter     (TSJ):    0.071ns
    Total Input Jitter      (TIJ):    0.000ns
    Discrete Jitter          (DJ):    0.000ns
    Phase Error              (PE):    0.000ns

    Location             Delay type                Incr(ns)  Path(ns)    Netlist Resource(s)
  -------------------------------------------------------------------    -------------------
                         (clock ap_clk rise edge)     0.000     0.000 r  
                                                      0.000     0.000 r  ap_clk (IN)
                         net (fo=10424, unset)        0.973     0.973    custom_dsp_dense_implementation_ap_int_16_ap_int_48_config2_U0/pf_ap_return_3_U/ap_clk
                         FDSE                                         r  custom_dsp_dense_implementation_ap_int_16_ap_int_48_config2_U0/pf_ap_return_3_U/fifo_rdPtr_reg[0]/C
  -------------------------------------------------------------------    -------------------
                         FDSE (Prop_fdse_C_Q)         0.496     1.469 r  custom_dsp_dense_implementation_ap_int_16_ap_int_48_config2_U0/pf_ap_return_3_U/fifo_rdPtr_reg[0]/Q
                         net (fo=58, unplaced)        0.892     2.361    custom_dsp_dense_implementation_ap_int_16_ap_int_48_config2_U0/pf_ap_return_3_U/fifo_rdPtr_reg[0]
                         SRLC32E (Prop_srlc32e_A[0]_Q)
                                                      0.295     2.656 f  custom_dsp_dense_implementation_ap_int_16_ap_int_48_config2_U0/pf_ap_return_3_U/fifo_reg[17][49]_srl18/Q
                         net (fo=4, unplaced)         0.443     3.099    custom_dsp_dense_implementation_ap_int_16_ap_int_48_config2_U0/pf_ap_return_3_U/fifo_reg[17][49]_srl18_n_0
                         LUT5 (Prop_lut5_I3_O)        0.150     3.249 f  custom_dsp_dense_implementation_ap_int_16_ap_int_48_config2_U0/pf_ap_return_3_U/pf_done_INST_0/O
                         net (fo=1, unplaced)         0.902     4.151    custom_dsp_dense_implementation_ap_int_16_ap_int_48_config2_U0/pf_ap_return_3_U_pf_done
                         LUT4 (Prop_lut4_I1_O)        0.124     4.275 r  custom_dsp_dense_implementation_ap_int_16_ap_int_48_config2_U0/pf_ap_return_0_U_i_51/O
                         net (fo=1, unplaced)         0.449     4.724    custom_dsp_dense_implementation_ap_int_16_ap_int_48_config2_U0/pf_ap_return_0_U_i_51_n_0
                         LUT5 (Prop_lut5_I4_O)        0.124     4.848 f  custom_dsp_dense_implementation_ap_int_16_ap_int_48_config2_U0/pf_ap_return_0_U_i_49/O
                         net (fo=30, unplaced)        0.519     5.367    layer2_out_5_U/custom_dsp_dense_implementation_ap_int_16_ap_int_48_config2_U0_ap_done
                         LUT5 (Prop_lut5_I4_O)        0.124     5.491 r  layer2_out_5_U/pf_ap_return_0_U_i_53/O
                         net (fo=2, unplaced)         0.913     6.404    custom_dsp_dense_implementation_ap_int_16_ap_int_48_config2_U0/stalled_reg_0
                         LUT5 (Prop_lut5_I2_O)        0.124     6.528 f  custom_dsp_dense_implementation_ap_int_16_ap_int_48_config2_U0/pf_ap_return_0_U_i_50/O
                         net (fo=24, unplaced)        0.513     7.041    custom_dsp_dense_implementation_ap_int_16_ap_int_48_config2_U0/pf_ap_return_5_U/pf_continue
                         LUT5 (Prop_lut5_I4_O)        0.124     7.165 r  custom_dsp_dense_implementation_ap_int_16_ap_int_48_config2_U0/pf_ap_return_5_U/fifo_rdPtr[1]_i_3/O
                         net (fo=1, unplaced)         0.449     7.614    custom_dsp_dense_implementation_ap_int_16_ap_int_48_config2_U0/pf_ap_return_5_U/fifo_rdPtr[1]_i_3_n_0
                         LUT6 (Prop_lut6_I2_O)        0.124     7.738 r  custom_dsp_dense_implementation_ap_int_16_ap_int_48_config2_U0/pf_ap_return_5_U/fifo_rdPtr[1]_i_2/O
                         net (fo=3, unplaced)         0.467     8.205    custom_dsp_dense_implementation_ap_int_16_ap_int_48_config2_U0/pf_ap_return_5_U/fifo_rdPtr13_out
                         LUT3 (Prop_lut3_I2_O)        0.124     8.329 r  custom_dsp_dense_implementation_ap_int_16_ap_int_48_config2_U0/pf_ap_return_5_U/fifo_rdPtr[2]_i_3/O
                         net (fo=3, unplaced)         0.467     8.796    custom_dsp_dense_implementation_ap_int_16_ap_int_48_config2_U0/pf_ap_return_5_U/fifo_rdPtr[2]_i_3_n_0
                         LUT5 (Prop_lut5_I2_O)        0.124     8.920 r  custom_dsp_dense_implementation_ap_int_16_ap_int_48_config2_U0/pf_ap_return_5_U/fifo_rdPtr[3]_i_1/O
                         net (fo=1, unplaced)         0.000     8.920    custom_dsp_dense_implementation_ap_int_16_ap_int_48_config2_U0/pf_ap_return_5_U/fifo_rdPtr[3]_i_1_n_0
                         FDSE                                         r  custom_dsp_dense_implementation_ap_int_16_ap_int_48_config2_U0/pf_ap_return_5_U/fifo_rdPtr_reg[3]/D
  -------------------------------------------------------------------    -------------------

                         (clock ap_clk rise edge)     4.000     4.000 r  
                                                      0.000     4.000 r  ap_clk (IN)
                         net (fo=10424, unset)        0.924     4.924    custom_dsp_dense_implementation_ap_int_16_ap_int_48_config2_U0/pf_ap_return_5_U/ap_clk
                         FDSE                                         r  custom_dsp_dense_implementation_ap_int_16_ap_int_48_config2_U0/pf_ap_return_5_U/fifo_rdPtr_reg[3]/C
                         clock pessimism              0.000     4.924    
                         clock uncertainty           -0.035     4.889    
                         FDSE (Setup_fdse_C_D)        0.062     4.951    custom_dsp_dense_implementation_ap_int_16_ap_int_48_config2_U0/pf_ap_return_5_U/fifo_rdPtr_reg[3]
  -------------------------------------------------------------------
                         required time                          4.951    
                         arrival time                          -8.920    
  -------------------------------------------------------------------
                         slack                                 -3.969    

Slack (VIOLATED) :        -3.969ns  (required time - arrival time)
  Source:                 custom_dsp_dense_implementation_ap_int_16_ap_int_48_config2_U0/pf_ap_return_3_U/fifo_rdPtr_reg[0]/C
                            (rising edge-triggered cell FDSE clocked by ap_clk  {rise@0.000ns fall@2.000ns period=4.000ns})
  Destination:            custom_dsp_dense_implementation_ap_int_16_ap_int_48_config2_U0/pf_ap_return_5_U/fifo_rdPtr_reg[4]/D
                            (rising edge-triggered cell FDSE clocked by ap_clk  {rise@0.000ns fall@2.000ns period=4.000ns})
  Path Group:             ap_clk
  Path Type:              Setup (Max at Slow Process Corner)
  Requirement:            4.000ns  (ap_clk rise@4.000ns - ap_clk rise@0.000ns)
  Data Path Delay:        7.947ns  (logic 1.933ns (24.324%)  route 6.014ns (75.676%))
  Logic Levels:           10  (LUT3=1 LUT4=1 LUT5=5 LUT6=2 SRLC32E=1)
  Clock Path Skew:        -0.049ns (DCD - SCD + CPR)
    Destination Clock Delay (DCD):    0.924ns = ( 4.924 - 4.000 ) 
    Source Clock Delay      (SCD):    0.973ns
    Clock Pessimism Removal (CPR):    0.000ns
  Clock Uncertainty:      0.035ns  ((TSJ^2 + TIJ^2)^1/2 + DJ) / 2 + PE
    Total System Jitter     (TSJ):    0.071ns
    Total Input Jitter      (TIJ):    0.000ns
    Discrete Jitter          (DJ):    0.000ns
    Phase Error              (PE):    0.000ns

    Location             Delay type                Incr(ns)  Path(ns)    Netlist Resource(s)
  -------------------------------------------------------------------    -------------------
                         (clock ap_clk rise edge)     0.000     0.000 r  
                                                      0.000     0.000 r  ap_clk (IN)
                         net (fo=10424, unset)        0.973     0.973    custom_dsp_dense_implementation_ap_int_16_ap_int_48_config2_U0/pf_ap_return_3_U/ap_clk
                         FDSE                                         r  custom_dsp_dense_implementation_ap_int_16_ap_int_48_config2_U0/pf_ap_return_3_U/fifo_rdPtr_reg[0]/C
  -------------------------------------------------------------------    -------------------
                         FDSE (Prop_fdse_C_Q)         0.496     1.469 r  custom_dsp_dense_implementation_ap_int_16_ap_int_48_config2_U0/pf_ap_return_3_U/fifo_rdPtr_reg[0]/Q
                         net (fo=58, unplaced)        0.892     2.361    custom_dsp_dense_implementation_ap_int_16_ap_int_48_config2_U0/pf_ap_return_3_U/fifo_rdPtr_reg[0]
                         SRLC32E (Prop_srlc32e_A[0]_Q)
                                                      0.295     2.656 f  custom_dsp_dense_implementation_ap_int_16_ap_int_48_config2_U0/pf_ap_return_3_U/fifo_reg[17][49]_srl18/Q
                         net (fo=4, unplaced)         0.443     3.099    custom_dsp_dense_implementation_ap_int_16_ap_int_48_config2_U0/pf_ap_return_3_U/fifo_reg[17][49]_srl18_n_0
                         LUT5 (Prop_lut5_I3_O)        0.150     3.249 f  custom_dsp_dense_implementation_ap_int_16_ap_int_48_config2_U0/pf_ap_return_3_U/pf_done_INST_0/O
                         net (fo=1, unplaced)         0.902     4.151    custom_dsp_dense_implementation_ap_int_16_ap_int_48_config2_U0/pf_ap_return_3_U_pf_done
                         LUT4 (Prop_lut4_I1_O)        0.124     4.275 r  custom_dsp_dense_implementation_ap_int_16_ap_int_48_config2_U0/pf_ap_return_0_U_i_51/O
                         net (fo=1, unplaced)         0.449     4.724    custom_dsp_dense_implementation_ap_int_16_ap_int_48_config2_U0/pf_ap_return_0_U_i_51_n_0
                         LUT5 (Prop_lut5_I4_O)        0.124     4.848 f  custom_dsp_dense_implementation_ap_int_16_ap_int_48_config2_U0/pf_ap_return_0_U_i_49/O
                         net (fo=30, unplaced)        0.519     5.367    layer2_out_5_U/custom_dsp_dense_implementation_ap_int_16_ap_int_48_config2_U0_ap_done
                         LUT5 (Prop_lut5_I4_O)        0.124     5.491 r  layer2_out_5_U/pf_ap_return_0_U_i_53/O
                         net (fo=2, unplaced)         0.913     6.404    custom_dsp_dense_implementation_ap_int_16_ap_int_48_config2_U0/stalled_reg_0
                         LUT5 (Prop_lut5_I2_O)        0.124     6.528 f  custom_dsp_dense_implementation_ap_int_16_ap_int_48_config2_U0/pf_ap_return_0_U_i_50/O
                         net (fo=24, unplaced)        0.513     7.041    custom_dsp_dense_implementation_ap_int_16_ap_int_48_config2_U0/pf_ap_return_5_U/pf_continue
                         LUT5 (Prop_lut5_I4_O)        0.124     7.165 r  custom_dsp_dense_implementation_ap_int_16_ap_int_48_config2_U0/pf_ap_return_5_U/fifo_rdPtr[1]_i_3/O
                         net (fo=1, unplaced)         0.449     7.614    custom_dsp_dense_implementation_ap_int_16_ap_int_48_config2_U0/pf_ap_return_5_U/fifo_rdPtr[1]_i_3_n_0
                         LUT6 (Prop_lut6_I2_O)        0.124     7.738 r  custom_dsp_dense_implementation_ap_int_16_ap_int_48_config2_U0/pf_ap_return_5_U/fifo_rdPtr[1]_i_2/O
                         net (fo=3, unplaced)         0.467     8.205    custom_dsp_dense_implementation_ap_int_16_ap_int_48_config2_U0/pf_ap_return_5_U/fifo_rdPtr13_out
                         LUT3 (Prop_lut3_I2_O)        0.124     8.329 r  custom_dsp_dense_implementation_ap_int_16_ap_int_48_config2_U0/pf_ap_return_5_U/fifo_rdPtr[2]_i_3/O
                         net (fo=3, unplaced)         0.467     8.796    custom_dsp_dense_implementation_ap_int_16_ap_int_48_config2_U0/pf_ap_return_5_U/fifo_rdPtr[2]_i_3_n_0
                         LUT6 (Prop_lut6_I3_O)        0.124     8.920 r  custom_dsp_dense_implementation_ap_int_16_ap_int_48_config2_U0/pf_ap_return_5_U/fifo_rdPtr[4]_i_1/O
                         net (fo=1, unplaced)         0.000     8.920    custom_dsp_dense_implementation_ap_int_16_ap_int_48_config2_U0/pf_ap_return_5_U/fifo_rdPtr[4]_i_1_n_0
                         FDSE                                         r  custom_dsp_dense_implementation_ap_int_16_ap_int_48_config2_U0/pf_ap_return_5_U/fifo_rdPtr_reg[4]/D
  -------------------------------------------------------------------    -------------------

                         (clock ap_clk rise edge)     4.000     4.000 r  
                                                      0.000     4.000 r  ap_clk (IN)
                         net (fo=10424, unset)        0.924     4.924    custom_dsp_dense_implementation_ap_int_16_ap_int_48_config2_U0/pf_ap_return_5_U/ap_clk
                         FDSE                                         r  custom_dsp_dense_implementation_ap_int_16_ap_int_48_config2_U0/pf_ap_return_5_U/fifo_rdPtr_reg[4]/C
                         clock pessimism              0.000     4.924    
                         clock uncertainty           -0.035     4.889    
                         FDSE (Setup_fdse_C_D)        0.062     4.951    custom_dsp_dense_implementation_ap_int_16_ap_int_48_config2_U0/pf_ap_return_5_U/fifo_rdPtr_reg[4]
  -------------------------------------------------------------------
                         required time                          4.951    
                         arrival time                          -8.920    
  -------------------------------------------------------------------
                         slack                                 -3.969    

Slack (VIOLATED) :        -3.969ns  (required time - arrival time)
  Source:                 custom_dsp_dense_implementation_ap_int_16_ap_int_48_config2_U0/pf_ap_return_3_U/fifo_rdPtr_reg[0]/C
                            (rising edge-triggered cell FDSE clocked by ap_clk  {rise@0.000ns fall@2.000ns period=4.000ns})
  Destination:            custom_dsp_dense_implementation_ap_int_16_ap_int_48_config2_U0/pf_ap_return_6_U/fifo_rdPtr_reg[2]/D
                            (rising edge-triggered cell FDRE clocked by ap_clk  {rise@0.000ns fall@2.000ns period=4.000ns})
  Path Group:             ap_clk
  Path Type:              Setup (Max at Slow Process Corner)
  Requirement:            4.000ns  (ap_clk rise@4.000ns - ap_clk rise@0.000ns)
  Data Path Delay:        7.947ns  (logic 1.933ns (24.324%)  route 6.014ns (75.676%))
  Logic Levels:           10  (LUT3=1 LUT4=1 LUT5=6 LUT6=1 SRLC32E=1)
  Clock Path Skew:        -0.049ns (DCD - SCD + CPR)
    Destination Clock Delay (DCD):    0.924ns = ( 4.924 - 4.000 ) 
    Source Clock Delay      (SCD):    0.973ns
    Clock Pessimism Removal (CPR):    0.000ns
  Clock Uncertainty:      0.035ns  ((TSJ^2 + TIJ^2)^1/2 + DJ) / 2 + PE
    Total System Jitter     (TSJ):    0.071ns
    Total Input Jitter      (TIJ):    0.000ns
    Discrete Jitter          (DJ):    0.000ns
    Phase Error              (PE):    0.000ns

    Location             Delay type                Incr(ns)  Path(ns)    Netlist Resource(s)
  -------------------------------------------------------------------    -------------------
                         (clock ap_clk rise edge)     0.000     0.000 r  
                                                      0.000     0.000 r  ap_clk (IN)
                         net (fo=10424, unset)        0.973     0.973    custom_dsp_dense_implementation_ap_int_16_ap_int_48_config2_U0/pf_ap_return_3_U/ap_clk
                         FDSE                                         r  custom_dsp_dense_implementation_ap_int_16_ap_int_48_config2_U0/pf_ap_return_3_U/fifo_rdPtr_reg[0]/C
  -------------------------------------------------------------------    -------------------
                         FDSE (Prop_fdse_C_Q)         0.496     1.469 r  custom_dsp_dense_implementation_ap_int_16_ap_int_48_config2_U0/pf_ap_return_3_U/fifo_rdPtr_reg[0]/Q
                         net (fo=58, unplaced)        0.892     2.361    custom_dsp_dense_implementation_ap_int_16_ap_int_48_config2_U0/pf_ap_return_3_U/fifo_rdPtr_reg[0]
                         SRLC32E (Prop_srlc32e_A[0]_Q)
                                                      0.295     2.656 f  custom_dsp_dense_implementation_ap_int_16_ap_int_48_config2_U0/pf_ap_return_3_U/fifo_reg[17][49]_srl18/Q
                         net (fo=4, unplaced)         0.443     3.099    custom_dsp_dense_implementation_ap_int_16_ap_int_48_config2_U0/pf_ap_return_3_U/fifo_reg[17][49]_srl18_n_0
                         LUT5 (Prop_lut5_I3_O)        0.150     3.249 f  custom_dsp_dense_implementation_ap_int_16_ap_int_48_config2_U0/pf_ap_return_3_U/pf_done_INST_0/O
                         net (fo=1, unplaced)         0.902     4.151    custom_dsp_dense_implementation_ap_int_16_ap_int_48_config2_U0/pf_ap_return_3_U_pf_done
                         LUT4 (Prop_lut4_I1_O)        0.124     4.275 r  custom_dsp_dense_implementation_ap_int_16_ap_int_48_config2_U0/pf_ap_return_0_U_i_51/O
                         net (fo=1, unplaced)         0.449     4.724    custom_dsp_dense_implementation_ap_int_16_ap_int_48_config2_U0/pf_ap_return_0_U_i_51_n_0
                         LUT5 (Prop_lut5_I4_O)        0.124     4.848 f  custom_dsp_dense_implementation_ap_int_16_ap_int_48_config2_U0/pf_ap_return_0_U_i_49/O
                         net (fo=30, unplaced)        0.519     5.367    layer2_out_5_U/custom_dsp_dense_implementation_ap_int_16_ap_int_48_config2_U0_ap_done
                         LUT5 (Prop_lut5_I4_O)        0.124     5.491 r  layer2_out_5_U/pf_ap_return_0_U_i_53/O
                         net (fo=2, unplaced)         0.913     6.404    custom_dsp_dense_implementation_ap_int_16_ap_int_48_config2_U0/stalled_reg_0
                         LUT5 (Prop_lut5_I2_O)        0.124     6.528 f  custom_dsp_dense_implementation_ap_int_16_ap_int_48_config2_U0/pf_ap_return_0_U_i_50/O
                         net (fo=24, unplaced)        0.513     7.041    custom_dsp_dense_implementation_ap_int_16_ap_int_48_config2_U0/pf_ap_return_6_U/pf_continue
                         LUT5 (Prop_lut5_I4_O)        0.124     7.165 r  custom_dsp_dense_implementation_ap_int_16_ap_int_48_config2_U0/pf_ap_return_6_U/fifo_rdPtr[1]_i_3/O
                         net (fo=1, unplaced)         0.449     7.614    custom_dsp_dense_implementation_ap_int_16_ap_int_48_config2_U0/pf_ap_return_6_U/fifo_rdPtr[1]_i_3_n_0
                         LUT6 (Prop_lut6_I2_O)        0.124     7.738 r  custom_dsp_dense_implementation_ap_int_16_ap_int_48_config2_U0/pf_ap_return_6_U/fifo_rdPtr[1]_i_2/O
                         net (fo=3, unplaced)         0.467     8.205    custom_dsp_dense_implementation_ap_int_16_ap_int_48_config2_U0/pf_ap_return_6_U/fifo_rdPtr13_out
                         LUT3 (Prop_lut3_I2_O)        0.124     8.329 r  custom_dsp_dense_implementation_ap_int_16_ap_int_48_config2_U0/pf_ap_return_6_U/fifo_rdPtr[2]_i_3/O
                         net (fo=3, unplaced)         0.467     8.796    custom_dsp_dense_implementation_ap_int_16_ap_int_48_config2_U0/pf_ap_return_6_U/fifo_rdPtr[2]_i_3_n_0
                         LUT5 (Prop_lut5_I2_O)        0.124     8.920 r  custom_dsp_dense_implementation_ap_int_16_ap_int_48_config2_U0/pf_ap_return_6_U/fifo_rdPtr[2]_i_1/O
                         net (fo=1, unplaced)         0.000     8.920    custom_dsp_dense_implementation_ap_int_16_ap_int_48_config2_U0/pf_ap_return_6_U/fifo_rdPtr[2]_i_1_n_0
                         FDRE                                         r  custom_dsp_dense_implementation_ap_int_16_ap_int_48_config2_U0/pf_ap_return_6_U/fifo_rdPtr_reg[2]/D
  -------------------------------------------------------------------    -------------------

                         (clock ap_clk rise edge)     4.000     4.000 r  
                                                      0.000     4.000 r  ap_clk (IN)
                         net (fo=10424, unset)        0.924     4.924    custom_dsp_dense_implementation_ap_int_16_ap_int_48_config2_U0/pf_ap_return_6_U/ap_clk
                         FDRE                                         r  custom_dsp_dense_implementation_ap_int_16_ap_int_48_config2_U0/pf_ap_return_6_U/fifo_rdPtr_reg[2]/C
                         clock pessimism              0.000     4.924    
                         clock uncertainty           -0.035     4.889    
                         FDRE (Setup_fdre_C_D)        0.062     4.951    custom_dsp_dense_implementation_ap_int_16_ap_int_48_config2_U0/pf_ap_return_6_U/fifo_rdPtr_reg[2]
  -------------------------------------------------------------------
                         required time                          4.951    
                         arrival time                          -8.920    
  -------------------------------------------------------------------
                         slack                                 -3.969    

Slack (VIOLATED) :        -3.969ns  (required time - arrival time)
  Source:                 custom_dsp_dense_implementation_ap_int_16_ap_int_48_config2_U0/pf_ap_return_3_U/fifo_rdPtr_reg[0]/C
                            (rising edge-triggered cell FDSE clocked by ap_clk  {rise@0.000ns fall@2.000ns period=4.000ns})
  Destination:            custom_dsp_dense_implementation_ap_int_16_ap_int_48_config2_U0/pf_ap_return_6_U/fifo_rdPtr_reg[3]/D
                            (rising edge-triggered cell FDSE clocked by ap_clk  {rise@0.000ns fall@2.000ns period=4.000ns})
  Path Group:             ap_clk
  Path Type:              Setup (Max at Slow Process Corner)
  Requirement:            4.000ns  (ap_clk rise@4.000ns - ap_clk rise@0.000ns)
  Data Path Delay:        7.947ns  (logic 1.933ns (24.324%)  route 6.014ns (75.676%))
  Logic Levels:           10  (LUT3=1 LUT4=1 LUT5=6 LUT6=1 SRLC32E=1)
  Clock Path Skew:        -0.049ns (DCD - SCD + CPR)
    Destination Clock Delay (DCD):    0.924ns = ( 4.924 - 4.000 ) 
    Source Clock Delay      (SCD):    0.973ns
    Clock Pessimism Removal (CPR):    0.000ns
  Clock Uncertainty:      0.035ns  ((TSJ^2 + TIJ^2)^1/2 + DJ) / 2 + PE
    Total System Jitter     (TSJ):    0.071ns
    Total Input Jitter      (TIJ):    0.000ns
    Discrete Jitter          (DJ):    0.000ns
    Phase Error              (PE):    0.000ns

    Location             Delay type                Incr(ns)  Path(ns)    Netlist Resource(s)
  -------------------------------------------------------------------    -------------------
                         (clock ap_clk rise edge)     0.000     0.000 r  
                                                      0.000     0.000 r  ap_clk (IN)
                         net (fo=10424, unset)        0.973     0.973    custom_dsp_dense_implementation_ap_int_16_ap_int_48_config2_U0/pf_ap_return_3_U/ap_clk
                         FDSE                                         r  custom_dsp_dense_implementation_ap_int_16_ap_int_48_config2_U0/pf_ap_return_3_U/fifo_rdPtr_reg[0]/C
  -------------------------------------------------------------------    -------------------
                         FDSE (Prop_fdse_C_Q)         0.496     1.469 r  custom_dsp_dense_implementation_ap_int_16_ap_int_48_config2_U0/pf_ap_return_3_U/fifo_rdPtr_reg[0]/Q
                         net (fo=58, unplaced)        0.892     2.361    custom_dsp_dense_implementation_ap_int_16_ap_int_48_config2_U0/pf_ap_return_3_U/fifo_rdPtr_reg[0]
                         SRLC32E (Prop_srlc32e_A[0]_Q)
                                                      0.295     2.656 f  custom_dsp_dense_implementation_ap_int_16_ap_int_48_config2_U0/pf_ap_return_3_U/fifo_reg[17][49]_srl18/Q
                         net (fo=4, unplaced)         0.443     3.099    custom_dsp_dense_implementation_ap_int_16_ap_int_48_config2_U0/pf_ap_return_3_U/fifo_reg[17][49]_srl18_n_0
                         LUT5 (Prop_lut5_I3_O)        0.150     3.249 f  custom_dsp_dense_implementation_ap_int_16_ap_int_48_config2_U0/pf_ap_return_3_U/pf_done_INST_0/O
                         net (fo=1, unplaced)         0.902     4.151    custom_dsp_dense_implementation_ap_int_16_ap_int_48_config2_U0/pf_ap_return_3_U_pf_done
                         LUT4 (Prop_lut4_I1_O)        0.124     4.275 r  custom_dsp_dense_implementation_ap_int_16_ap_int_48_config2_U0/pf_ap_return_0_U_i_51/O
                         net (fo=1, unplaced)         0.449     4.724    custom_dsp_dense_implementation_ap_int_16_ap_int_48_config2_U0/pf_ap_return_0_U_i_51_n_0
                         LUT5 (Prop_lut5_I4_O)        0.124     4.848 f  custom_dsp_dense_implementation_ap_int_16_ap_int_48_config2_U0/pf_ap_return_0_U_i_49/O
                         net (fo=30, unplaced)        0.519     5.367    layer2_out_5_U/custom_dsp_dense_implementation_ap_int_16_ap_int_48_config2_U0_ap_done
                         LUT5 (Prop_lut5_I4_O)        0.124     5.491 r  layer2_out_5_U/pf_ap_return_0_U_i_53/O
                         net (fo=2, unplaced)         0.913     6.404    custom_dsp_dense_implementation_ap_int_16_ap_int_48_config2_U0/stalled_reg_0
                         LUT5 (Prop_lut5_I2_O)        0.124     6.528 f  custom_dsp_dense_implementation_ap_int_16_ap_int_48_config2_U0/pf_ap_return_0_U_i_50/O
                         net (fo=24, unplaced)        0.513     7.041    custom_dsp_dense_implementation_ap_int_16_ap_int_48_config2_U0/pf_ap_return_6_U/pf_continue
                         LUT5 (Prop_lut5_I4_O)        0.124     7.165 r  custom_dsp_dense_implementation_ap_int_16_ap_int_48_config2_U0/pf_ap_return_6_U/fifo_rdPtr[1]_i_3/O
                         net (fo=1, unplaced)         0.449     7.614    custom_dsp_dense_implementation_ap_int_16_ap_int_48_config2_U0/pf_ap_return_6_U/fifo_rdPtr[1]_i_3_n_0
                         LUT6 (Prop_lut6_I2_O)        0.124     7.738 r  custom_dsp_dense_implementation_ap_int_16_ap_int_48_config2_U0/pf_ap_return_6_U/fifo_rdPtr[1]_i_2/O
                         net (fo=3, unplaced)         0.467     8.205    custom_dsp_dense_implementation_ap_int_16_ap_int_48_config2_U0/pf_ap_return_6_U/fifo_rdPtr13_out
                         LUT3 (Prop_lut3_I2_O)        0.124     8.329 r  custom_dsp_dense_implementation_ap_int_16_ap_int_48_config2_U0/pf_ap_return_6_U/fifo_rdPtr[2]_i_3/O
                         net (fo=3, unplaced)         0.467     8.796    custom_dsp_dense_implementation_ap_int_16_ap_int_48_config2_U0/pf_ap_return_6_U/fifo_rdPtr[2]_i_3_n_0
                         LUT5 (Prop_lut5_I2_O)        0.124     8.920 r  custom_dsp_dense_implementation_ap_int_16_ap_int_48_config2_U0/pf_ap_return_6_U/fifo_rdPtr[3]_i_1/O
                         net (fo=1, unplaced)         0.000     8.920    custom_dsp_dense_implementation_ap_int_16_ap_int_48_config2_U0/pf_ap_return_6_U/fifo_rdPtr[3]_i_1_n_0
                         FDSE                                         r  custom_dsp_dense_implementation_ap_int_16_ap_int_48_config2_U0/pf_ap_return_6_U/fifo_rdPtr_reg[3]/D
  -------------------------------------------------------------------    -------------------

                         (clock ap_clk rise edge)     4.000     4.000 r  
                                                      0.000     4.000 r  ap_clk (IN)
                         net (fo=10424, unset)        0.924     4.924    custom_dsp_dense_implementation_ap_int_16_ap_int_48_config2_U0/pf_ap_return_6_U/ap_clk
                         FDSE                                         r  custom_dsp_dense_implementation_ap_int_16_ap_int_48_config2_U0/pf_ap_return_6_U/fifo_rdPtr_reg[3]/C
                         clock pessimism              0.000     4.924    
                         clock uncertainty           -0.035     4.889    
                         FDSE (Setup_fdse_C_D)        0.062     4.951    custom_dsp_dense_implementation_ap_int_16_ap_int_48_config2_U0/pf_ap_return_6_U/fifo_rdPtr_reg[3]
  -------------------------------------------------------------------
                         required time                          4.951    
                         arrival time                          -8.920    
  -------------------------------------------------------------------
                         slack                                 -3.969    




