Copyright 1986-2022 Xilinx, Inc. All Rights Reserved. Copyright 2022-2024 Advanced Micro Devices, Inc. All Rights Reserved.
---------------------------------------------------------------------------------------------------------------------------------------------
| Tool Version : Vivado v.2024.1 (lin64) Build 5076996 Wed May 22 18:36:09 MDT 2024
| Date         : Wed Sep  2 01:10:38 2026
| Host         : ei-lan-400 running 64-bit Debian GNU/Linux 12 (bookworm)
| Command      : report_timing -max_paths 20 -file ./Analysis_Verilog/Timing_Paths_Implementation.rpt
| Design       : SampleNeuralNet
| Device       : 7z010-clg400
| Speed File   : -1  PRODUCTION 1.12 2019-11-22
| Design State : Routed
---------------------------------------------------------------------------------------------------------------------------------------------

Timing Report

Slack (VIOLATED) :        -3.673ns  (required time - arrival time)
  Source:                 custom_dsp_dense_implementation_ap_int_16_ap_int_48_config2_U0/pf_ap_return_5_U/fifo_reg[17][49]_srl18/CLK
                            (rising edge-triggered cell SRLC32E clocked by ap_clk  {rise@0.000ns fall@2.000ns period=4.000ns})
  Destination:            custom_dsp_dense_implementation_ap_int_16_ap_int_48_config2_U0/pf_ap_return_7_U/fifo_rdPtr_reg[3]/D
                            (rising edge-triggered cell FDSE clocked by ap_clk  {rise@0.000ns fall@2.000ns period=4.000ns})
  Path Group:             ap_clk
  Path Type:              Setup (Max at Slow Process Corner)
  Requirement:            4.000ns  (ap_clk rise@4.000ns - ap_clk rise@0.000ns)
  Data Path Delay:        7.621ns  (logic 2.728ns (35.797%)  route 4.893ns (64.203%))
  Logic Levels:           9  (LUT3=2 LUT4=2 LUT5=5)
  Clock Path Skew:        -0.049ns (DCD - SCD + CPR)
    Destination Clock Delay (DCD):    0.924ns = ( 4.924 - 4.000 ) 
    Source Clock Delay      (SCD):    0.973ns
    Clock Pessimism Removal (CPR):    0.000ns
  Clock Uncertainty:      0.035ns  ((TSJ^2 + TIJ^2)^1/2 + DJ) / 2 + PE
    Total System Jitter     (TSJ):    0.071ns
    Total Input Jitter      (TIJ):    0.000ns
    Discrete Jitter          (DJ):    0.000ns
    Phase Error              (PE):    0.000ns

    Location             Delay type                Incr(ns)  Path(ns)    Netlist Resource(s)
  -------------------------------------------------------------------    -------------------
                         (clock ap_clk rise edge)     0.000     0.000 r  
                                                      0.000     0.000 r  ap_clk (IN)
                         net (fo=10451, unset)        0.973     0.973    custom_dsp_dense_implementation_ap_int_16_ap_int_48_config2_U0/pf_ap_return_5_U/ap_clk
    SLICE_X24Y22         SRLC32E                                      r  custom_dsp_dense_implementation_ap_int_16_ap_int_48_config2_U0/pf_ap_return_5_U/fifo_reg[17][49]_srl18/CLK
  -------------------------------------------------------------------    -------------------
    SLICE_X24Y22         SRLC32E (Prop_srlc32e_CLK_Q)
                                                      1.612     2.585 f  custom_dsp_dense_implementation_ap_int_16_ap_int_48_config2_U0/pf_ap_return_5_U/fifo_reg[17][49]_srl18/Q
                         net (fo=4, routed)           0.477     3.062    custom_dsp_dense_implementation_ap_int_16_ap_int_48_config2_U0/pf_ap_return_5_U/fifo_reg[17][49]_srl18_n_0
    SLICE_X25Y25         LUT4 (Prop_lut4_I3_O)        0.124     3.186 f  custom_dsp_dense_implementation_ap_int_16_ap_int_48_config2_U0/pf_ap_return_5_U/pf_done_INST_0/O
                         net (fo=1, routed)           0.503     3.689    custom_dsp_dense_implementation_ap_int_16_ap_int_48_config2_U0/pf_ap_return_5_U_pf_done
    SLICE_X19Y29         LUT4 (Prop_lut4_I3_O)        0.124     3.813 r  custom_dsp_dense_implementation_ap_int_16_ap_int_48_config2_U0/pf_ap_return_0_U_i_51/O
                         net (fo=1, routed)           0.596     4.409    custom_dsp_dense_implementation_ap_int_16_ap_int_48_config2_U0/pf_ap_return_0_U_i_51_n_0
    SLICE_X20Y29         LUT5 (Prop_lut5_I4_O)        0.124     4.533 f  custom_dsp_dense_implementation_ap_int_16_ap_int_48_config2_U0/pf_ap_return_0_U_i_49/O
                         net (fo=22, routed)          0.415     4.947    layer2_out_5_U/custom_dsp_dense_implementation_ap_int_16_ap_int_48_config2_U0_ap_done
    SLICE_X19Y28         LUT5 (Prop_lut5_I4_O)        0.124     5.071 r  layer2_out_5_U/pf_ap_return_0_U_i_53/O
                         net (fo=2, routed)           0.817     5.888    custom_dsp_dense_implementation_ap_int_16_ap_int_48_config2_U0/stalled_reg_0
    SLICE_X18Y27         LUT5 (Prop_lut5_I2_O)        0.124     6.012 f  custom_dsp_dense_implementation_ap_int_16_ap_int_48_config2_U0/pf_ap_return_0_U_i_50/O
                         net (fo=24, routed)          0.789     6.802    custom_dsp_dense_implementation_ap_int_16_ap_int_48_config2_U0/pf_ap_return_7_U/pf_continue
    SLICE_X23Y24         LUT5 (Prop_lut5_I4_O)        0.124     6.926 r  custom_dsp_dense_implementation_ap_int_16_ap_int_48_config2_U0/pf_ap_return_7_U/fifo_rdPtr[1]_i_3/O
                         net (fo=1, routed)           0.263     7.189    custom_dsp_dense_implementation_ap_int_16_ap_int_48_config2_U0/pf_ap_return_7_U/fifo_rdPtr[1]_i_3_n_0
    SLICE_X23Y24         LUT3 (Prop_lut3_I1_O)        0.124     7.313 r  custom_dsp_dense_implementation_ap_int_16_ap_int_48_config2_U0/pf_ap_return_7_U/fifo_rdPtr[1]_i_2/O
                         net (fo=3, routed)           0.598     7.911    custom_dsp_dense_implementation_ap_int_16_ap_int_48_config2_U0/pf_ap_return_7_U/fifo_rdPtr13_out
    SLICE_X23Y23         LUT3 (Prop_lut3_I2_O)        0.124     8.035 r  custom_dsp_dense_implementation_ap_int_16_ap_int_48_config2_U0/pf_ap_return_7_U/fifo_rdPtr[2]_i_3/O
                         net (fo=3, routed)           0.435     8.470    custom_dsp_dense_implementation_ap_int_16_ap_int_48_config2_U0/pf_ap_return_7_U/fifo_rdPtr[2]_i_3_n_0
    SLICE_X25Y24         LUT5 (Prop_lut5_I2_O)        0.124     8.594 r  custom_dsp_dense_implementation_ap_int_16_ap_int_48_config2_U0/pf_ap_return_7_U/fifo_rdPtr[3]_i_1/O
                         net (fo=1, routed)           0.000     8.594    custom_dsp_dense_implementation_ap_int_16_ap_int_48_config2_U0/pf_ap_return_7_U/fifo_rdPtr[3]_i_1_n_0
    SLICE_X25Y24         FDSE                                         r  custom_dsp_dense_implementation_ap_int_16_ap_int_48_config2_U0/pf_ap_return_7_U/fifo_rdPtr_reg[3]/D
  -------------------------------------------------------------------    -------------------

                         (clock ap_clk rise edge)     4.000     4.000 r  
                                                      0.000     4.000 r  ap_clk (IN)
                         net (fo=10451, unset)        0.924     4.924    custom_dsp_dense_implementation_ap_int_16_ap_int_48_config2_U0/pf_ap_return_7_U/ap_clk
    SLICE_X25Y24         FDSE                                         r  custom_dsp_dense_implementation_ap_int_16_ap_int_48_config2_U0/pf_ap_return_7_U/fifo_rdPtr_reg[3]/C
                         clock pessimism              0.000     4.924    
                         clock uncertainty           -0.035     4.889    
    SLICE_X25Y24         FDSE (Setup_fdse_C_D)        0.032     4.921    custom_dsp_dense_implementation_ap_int_16_ap_int_48_config2_U0/pf_ap_return_7_U/fifo_rdPtr_reg[3]
  -------------------------------------------------------------------
                         required time                          4.921    
                         arrival time                          -8.594    
  -------------------------------------------------------------------
                         slack                                 -3.673    

Slack (VIOLATED) :        -3.670ns  (required time - arrival time)
  Source:                 custom_dsp_dense_implementation_ap_int_16_ap_int_48_config2_U0/pf_ap_return_5_U/fifo_reg[17][49]_srl18/CLK
                            (rising edge-triggered cell SRLC32E clocked by ap_clk  {rise@0.000ns fall@2.000ns period=4.000ns})
  Destination:            custom_dsp_dense_implementation_ap_int_16_ap_int_48_config2_U0/pf_ap_return_7_U/fifo_rdPtr_reg[4]/D
                            (rising edge-triggered cell FDSE clocked by ap_clk  {rise@0.000ns fall@2.000ns period=4.000ns})
  Path Group:             ap_clk
  Path Type:              Setup (Max at Slow Process Corner)
  Requirement:            4.000ns  (ap_clk rise@4.000ns - ap_clk rise@0.000ns)
  Data Path Delay:        7.617ns  (logic 2.728ns (35.816%)  route 4.889ns (64.184%))
  Logic Levels:           9  (LUT3=2 LUT4=2 LUT5=4 LUT6=1)
  Clock Path Skew:        -0.049ns (DCD - SCD + CPR)
    Destination Clock Delay (DCD):    0.924ns = ( 4.924 - 4.000 ) 
    Source Clock Delay      (SCD):    0.973ns
    Clock Pessimism Removal (CPR):    0.000ns
  Clock Uncertainty:      0.035ns  ((TSJ^2 + TIJ^2)^1/2 + DJ) / 2 + PE
    Total System Jitter     (TSJ):    0.071ns
    Total Input Jitter      (TIJ):    0.000ns
    Discrete Jitter          (DJ):    0.000ns
    Phase Error              (PE):    0.000ns

    Location             Delay type                Incr(ns)  Path(ns)    Netlist Resource(s)
  -------------------------------------------------------------------    -------------------
                         (clock ap_clk rise edge)     0.000     0.000 r  
                                                      0.000     0.000 r  ap_clk (IN)
                         net (fo=10451, unset)        0.973     0.973    custom_dsp_dense_implementation_ap_int_16_ap_int_48_config2_U0/pf_ap_return_5_U/ap_clk
    SLICE_X24Y22         SRLC32E                                      r  custom_dsp_dense_implementation_ap_int_16_ap_int_48_config2_U0/pf_ap_return_5_U/fifo_reg[17][49]_srl18/CLK
  -------------------------------------------------------------------    -------------------
    SLICE_X24Y22         SRLC32E (Prop_srlc32e_CLK_Q)
                                                      1.612     2.585 f  custom_dsp_dense_implementation_ap_int_16_ap_int_48_config2_U0/pf_ap_return_5_U/fifo_reg[17][49]_srl18/Q
                         net (fo=4, routed)           0.477     3.062    custom_dsp_dense_implementation_ap_int_16_ap_int_48_config2_U0/pf_ap_return_5_U/fifo_reg[17][49]_srl18_n_0
    SLICE_X25Y25         LUT4 (Prop_lut4_I3_O)        0.124     3.186 f  custom_dsp_dense_implementation_ap_int_16_ap_int_48_config2_U0/pf_ap_return_5_U/pf_done_INST_0/O
                         net (fo=1, routed)           0.503     3.689    custom_dsp_dense_implementation_ap_int_16_ap_int_48_config2_U0/pf_ap_return_5_U_pf_done
    SLICE_X19Y29         LUT4 (Prop_lut4_I3_O)        0.124     3.813 r  custom_dsp_dense_implementation_ap_int_16_ap_int_48_config2_U0/pf_ap_return_0_U_i_51/O
                         net (fo=1, routed)           0.596     4.409    custom_dsp_dense_implementation_ap_int_16_ap_int_48_config2_U0/pf_ap_return_0_U_i_51_n_0
    SLICE_X20Y29         LUT5 (Prop_lut5_I4_O)        0.124     4.533 f  custom_dsp_dense_implementation_ap_int_16_ap_int_48_config2_U0/pf_ap_return_0_U_i_49/O
                         net (fo=22, routed)          0.415     4.947    layer2_out_5_U/custom_dsp_dense_implementation_ap_int_16_ap_int_48_config2_U0_ap_done
    SLICE_X19Y28         LUT5 (Prop_lut5_I4_O)        0.124     5.071 r  layer2_out_5_U/pf_ap_return_0_U_i_53/O
                         net (fo=2, routed)           0.817     5.888    custom_dsp_dense_implementation_ap_int_16_ap_int_48_config2_U0/stalled_reg_0
    SLICE_X18Y27         LUT5 (Prop_lut5_I2_O)        0.124     6.012 f  custom_dsp_dense_implementation_ap_int_16_ap_int_48_config2_U0/pf_ap_return_0_U_i_50/O
                         net (fo=24, routed)          0.789     6.802    custom_dsp_dense_implementation_ap_int_16_ap_int_48_config2_U0/pf_ap_return_7_U/pf_continue
    SLICE_X23Y24         LUT5 (Prop_lut5_I4_O)        0.124     6.926 r  custom_dsp_dense_implementation_ap_int_16_ap_int_48_config2_U0/pf_ap_return_7_U/fifo_rdPtr[1]_i_3/O
                         net (fo=1, routed)           0.263     7.189    custom_dsp_dense_implementation_ap_int_16_ap_int_48_config2_U0/pf_ap_return_7_U/fifo_rdPtr[1]_i_3_n_0
    SLICE_X23Y24         LUT3 (Prop_lut3_I1_O)        0.124     7.313 r  custom_dsp_dense_implementation_ap_int_16_ap_int_48_config2_U0/pf_ap_return_7_U/fifo_rdPtr[1]_i_2/O
                         net (fo=3, routed)           0.598     7.911    custom_dsp_dense_implementation_ap_int_16_ap_int_48_config2_U0/pf_ap_return_7_U/fifo_rdPtr13_out
    SLICE_X23Y23         LUT3 (Prop_lut3_I2_O)        0.124     8.035 r  custom_dsp_dense_implementation_ap_int_16_ap_int_48_config2_U0/pf_ap_return_7_U/fifo_rdPtr[2]_i_3/O
                         net (fo=3, routed)           0.431     8.466    custom_dsp_dense_implementation_ap_int_16_ap_int_48_config2_U0/pf_ap_return_7_U/fifo_rdPtr[2]_i_3_n_0
    SLICE_X23Y23         LUT6 (Prop_lut6_I3_O)        0.124     8.590 r  custom_dsp_dense_implementation_ap_int_16_ap_int_48_config2_U0/pf_ap_return_7_U/fifo_rdPtr[4]_i_1/O
                         net (fo=1, routed)           0.000     8.590    custom_dsp_dense_implementation_ap_int_16_ap_int_48_config2_U0/pf_ap_return_7_U/fifo_rdPtr[4]_i_1_n_0
    SLICE_X23Y23         FDSE                                         r  custom_dsp_dense_implementation_ap_int_16_ap_int_48_config2_U0/pf_ap_return_7_U/fifo_rdPtr_reg[4]/D
  -------------------------------------------------------------------    -------------------

                         (clock ap_clk rise edge)     4.000     4.000 r  
                                                      0.000     4.000 r  ap_clk (IN)
                         net (fo=10451, unset)        0.924     4.924    custom_dsp_dense_implementation_ap_int_16_ap_int_48_config2_U0/pf_ap_return_7_U/ap_clk
    SLICE_X23Y23         FDSE                                         r  custom_dsp_dense_implementation_ap_int_16_ap_int_48_config2_U0/pf_ap_return_7_U/fifo_rdPtr_reg[4]/C
                         clock pessimism              0.000     4.924    
                         clock uncertainty           -0.035     4.889    
    SLICE_X23Y23         FDSE (Setup_fdse_C_D)        0.031     4.920    custom_dsp_dense_implementation_ap_int_16_ap_int_48_config2_U0/pf_ap_return_7_U/fifo_rdPtr_reg[4]
  -------------------------------------------------------------------
                         required time                          4.920    
                         arrival time                          -8.590    
  -------------------------------------------------------------------
                         slack                                 -3.670    

Slack (VIOLATED) :        -3.665ns  (required time - arrival time)
  Source:                 custom_dsp_dense_implementation_ap_int_16_ap_int_48_config2_U0/pf_ap_return_5_U/fifo_reg[17][49]_srl18/CLK
                            (rising edge-triggered cell SRLC32E clocked by ap_clk  {rise@0.000ns fall@2.000ns period=4.000ns})
  Destination:            custom_dsp_dense_implementation_ap_int_16_ap_int_48_config2_U0/pf_ap_return_7_U/fifo_rdPtr_reg[2]/D
                            (rising edge-triggered cell FDRE clocked by ap_clk  {rise@0.000ns fall@2.000ns period=4.000ns})
  Path Group:             ap_clk
  Path Type:              Setup (Max at Slow Process Corner)
  Requirement:            4.000ns  (ap_clk rise@4.000ns - ap_clk rise@0.000ns)
  Data Path Delay:        7.613ns  (logic 2.728ns (35.835%)  route 4.885ns (64.165%))
  Logic Levels:           9  (LUT3=2 LUT4=2 LUT5=5)
  Clock Path Skew:        -0.049ns (DCD - SCD + CPR)
    Destination Clock Delay (DCD):    0.924ns = ( 4.924 - 4.000 ) 
    Source Clock Delay      (SCD):    0.973ns
    Clock Pessimism Removal (CPR):    0.000ns
  Clock Uncertainty:      0.035ns  ((TSJ^2 + TIJ^2)^1/2 + DJ) / 2 + PE
    Total System Jitter     (TSJ):    0.071ns
    Total Input Jitter      (TIJ):    0.000ns
    Discrete Jitter          (DJ):    0.000ns
    Phase Error              (PE):    0.000ns

    Location             Delay type                Incr(ns)  Path(ns)    Netlist Resource(s)
  -------------------------------------------------------------------    -------------------
                         (clock ap_clk rise edge)     0.000     0.000 r  
                                                      0.000     0.000 r  ap_clk (IN)
                         net (fo=10451, unset)        0.973     0.973    custom_dsp_dense_implementation_ap_int_16_ap_int_48_config2_U0/pf_ap_return_5_U/ap_clk
    SLICE_X24Y22         SRLC32E                                      r  custom_dsp_dense_implementation_ap_int_16_ap_int_48_config2_U0/pf_ap_return_5_U/fifo_reg[17][49]_srl18/CLK
  -------------------------------------------------------------------    -------------------
    SLICE_X24Y22         SRLC32E (Prop_srlc32e_CLK_Q)
                                                      1.612     2.585 f  custom_dsp_dense_implementation_ap_int_16_ap_int_48_config2_U0/pf_ap_return_5_U/fifo_reg[17][49]_srl18/Q
                         net (fo=4, routed)           0.477     3.062    custom_dsp_dense_implementation_ap_int_16_ap_int_48_config2_U0/pf_ap_return_5_U/fifo_reg[17][49]_srl18_n_0
    SLICE_X25Y25         LUT4 (Prop_lut4_I3_O)        0.124     3.186 f  custom_dsp_dense_implementation_ap_int_16_ap_int_48_config2_U0/pf_ap_return_5_U/pf_done_INST_0/O
                         net (fo=1, routed)           0.503     3.689    custom_dsp_dense_implementation_ap_int_16_ap_int_48_config2_U0/pf_ap_return_5_U_pf_done
    SLICE_X19Y29         LUT4 (Prop_lut4_I3_O)        0.124     3.813 r  custom_dsp_dense_implementation_ap_int_16_ap_int_48_config2_U0/pf_ap_return_0_U_i_51/O
                         net (fo=1, routed)           0.596     4.409    custom_dsp_dense_implementation_ap_int_16_ap_int_48_config2_U0/pf_ap_return_0_U_i_51_n_0
    SLICE_X20Y29         LUT5 (Prop_lut5_I4_O)        0.124     4.533 f  custom_dsp_dense_implementation_ap_int_16_ap_int_48_config2_U0/pf_ap_return_0_U_i_49/O
                         net (fo=22, routed)          0.415     4.947    layer2_out_5_U/custom_dsp_dense_implementation_ap_int_16_ap_int_48_config2_U0_ap_done
    SLICE_X19Y28         LUT5 (Prop_lut5_I4_O)        0.124     5.071 r  layer2_out_5_U/pf_ap_return_0_U_i_53/O
                         net (fo=2, routed)           0.817     5.888    custom_dsp_dense_implementation_ap_int_16_ap_int_48_config2_U0/stalled_reg_0
    SLICE_X18Y27         LUT5 (Prop_lut5_I2_O)        0.124     6.012 f  custom_dsp_dense_implementation_ap_int_16_ap_int_48_config2_U0/pf_ap_return_0_U_i_50/O
                         net (fo=24, routed)          0.789     6.802    custom_dsp_dense_implementation_ap_int_16_ap_int_48_config2_U0/pf_ap_return_7_U/pf_continue
    SLICE_X23Y24         LUT5 (Prop_lut5_I4_O)        0.124     6.926 r  custom_dsp_dense_implementation_ap_int_16_ap_int_48_config2_U0/pf_ap_return_7_U/fifo_rdPtr[1]_i_3/O
                         net (fo=1, routed)           0.263     7.189    custom_dsp_dense_implementation_ap_int_16_ap_int_48_config2_U0/pf_ap_return_7_U/fifo_rdPtr[1]_i_3_n_0
    SLICE_X23Y24         LUT3 (Prop_lut3_I1_O)        0.124     7.313 r  custom_dsp_dense_implementation_ap_int_16_ap_int_48_config2_U0/pf_ap_return_7_U/fifo_rdPtr[1]_i_2/O
                         net (fo=3, routed)           0.598     7.911    custom_dsp_dense_implementation_ap_int_16_ap_int_48_config2_U0/pf_ap_return_7_U/fifo_rdPtr13_out
    SLICE_X23Y23         LUT3 (Prop_lut3_I2_O)        0.124     8.035 r  custom_dsp_dense_implementation_ap_int_16_ap_int_48_config2_U0/pf_ap_return_7_U/fifo_rdPtr[2]_i_3/O
                         net (fo=3, routed)           0.427     8.462    custom_dsp_dense_implementation_ap_int_16_ap_int_48_config2_U0/pf_ap_return_7_U/fifo_rdPtr[2]_i_3_n_0
    SLICE_X23Y22         LUT5 (Prop_lut5_I2_O)        0.124     8.586 r  custom_dsp_dense_implementation_ap_int_16_ap_int_48_config2_U0/pf_ap_return_7_U/fifo_rdPtr[2]_i_1/O
                         net (fo=1, routed)           0.000     8.586    custom_dsp_dense_implementation_ap_int_16_ap_int_48_config2_U0/pf_ap_return_7_U/fifo_rdPtr[2]_i_1_n_0
    SLICE_X23Y22         FDRE                                         r  custom_dsp_dense_implementation_ap_int_16_ap_int_48_config2_U0/pf_ap_return_7_U/fifo_rdPtr_reg[2]/D
  -------------------------------------------------------------------    -------------------

                         (clock ap_clk rise edge)     4.000     4.000 r  
                                                      0.000     4.000 r  ap_clk (IN)
                         net (fo=10451, unset)        0.924     4.924    custom_dsp_dense_implementation_ap_int_16_ap_int_48_config2_U0/pf_ap_return_7_U/ap_clk
    SLICE_X23Y22         FDRE                                         r  custom_dsp_dense_implementation_ap_int_16_ap_int_48_config2_U0/pf_ap_return_7_U/fifo_rdPtr_reg[2]/C
                         clock pessimism              0.000     4.924    
                         clock uncertainty           -0.035     4.889    
    SLICE_X23Y22         FDRE (Setup_fdre_C_D)        0.032     4.921    custom_dsp_dense_implementation_ap_int_16_ap_int_48_config2_U0/pf_ap_return_7_U/fifo_rdPtr_reg[2]
  -------------------------------------------------------------------
                         required time                          4.921    
                         arrival time                          -8.586    
  -------------------------------------------------------------------
                         slack                                 -3.665    

Slack (VIOLATED) :        -3.577ns  (required time - arrival time)
  Source:                 custom_dsp_dense_implementation_ap_int_16_ap_int_48_config2_U0/pf_ap_return_5_U/fifo_reg[17][49]_srl18/CLK
                            (rising edge-triggered cell SRLC32E clocked by ap_clk  {rise@0.000ns fall@2.000ns period=4.000ns})
  Destination:            custom_dsp_dense_implementation_ap_int_16_ap_int_48_config2_U0/pf_ap_return_1_U/fifo_rdPtr_reg[3]/D
                            (rising edge-triggered cell FDSE clocked by ap_clk  {rise@0.000ns fall@2.000ns period=4.000ns})
  Path Group:             ap_clk
  Path Type:              Setup (Max at Slow Process Corner)
  Requirement:            4.000ns  (ap_clk rise@4.000ns - ap_clk rise@0.000ns)
  Data Path Delay:        7.480ns  (logic 2.728ns (36.473%)  route 4.752ns (63.527%))
  Logic Levels:           9  (LUT3=2 LUT4=2 LUT5=5)
  Clock Path Skew:        -0.049ns (DCD - SCD + CPR)
    Destination Clock Delay (DCD):    0.924ns = ( 4.924 - 4.000 ) 
    Source Clock Delay      (SCD):    0.973ns
    Clock Pessimism Removal (CPR):    0.000ns
  Clock Uncertainty:      0.035ns  ((TSJ^2 + TIJ^2)^1/2 + DJ) / 2 + PE
    Total System Jitter     (TSJ):    0.071ns
    Total Input Jitter      (TIJ):    0.000ns
    Discrete Jitter          (DJ):    0.000ns
    Phase Error              (PE):    0.000ns

    Location             Delay type                Incr(ns)  Path(ns)    Netlist Resource(s)
  -------------------------------------------------------------------    -------------------
                         (clock ap_clk rise edge)     0.000     0.000 r  
                                                      0.000     0.000 r  ap_clk (IN)
                         net (fo=10451, unset)        0.973     0.973    custom_dsp_dense_implementation_ap_int_16_ap_int_48_config2_U0/pf_ap_return_5_U/ap_clk
    SLICE_X24Y22         SRLC32E                                      r  custom_dsp_dense_implementation_ap_int_16_ap_int_48_config2_U0/pf_ap_return_5_U/fifo_reg[17][49]_srl18/CLK
  -------------------------------------------------------------------    -------------------
    SLICE_X24Y22         SRLC32E (Prop_srlc32e_CLK_Q)
                                                      1.612     2.585 f  custom_dsp_dense_implementation_ap_int_16_ap_int_48_config2_U0/pf_ap_return_5_U/fifo_reg[17][49]_srl18/Q
                         net (fo=4, routed)           0.477     3.062    custom_dsp_dense_implementation_ap_int_16_ap_int_48_config2_U0/pf_ap_return_5_U/fifo_reg[17][49]_srl18_n_0
    SLICE_X25Y25         LUT4 (Prop_lut4_I3_O)        0.124     3.186 f  custom_dsp_dense_implementation_ap_int_16_ap_int_48_config2_U0/pf_ap_return_5_U/pf_done_INST_0/O
                         net (fo=1, routed)           0.503     3.689    custom_dsp_dense_implementation_ap_int_16_ap_int_48_config2_U0/pf_ap_return_5_U_pf_done
    SLICE_X19Y29         LUT4 (Prop_lut4_I3_O)        0.124     3.813 r  custom_dsp_dense_implementation_ap_int_16_ap_int_48_config2_U0/pf_ap_return_0_U_i_51/O
                         net (fo=1, routed)           0.596     4.409    custom_dsp_dense_implementation_ap_int_16_ap_int_48_config2_U0/pf_ap_return_0_U_i_51_n_0
    SLICE_X20Y29         LUT5 (Prop_lut5_I4_O)        0.124     4.533 f  custom_dsp_dense_implementation_ap_int_16_ap_int_48_config2_U0/pf_ap_return_0_U_i_49/O
                         net (fo=22, routed)          0.415     4.947    layer2_out_5_U/custom_dsp_dense_implementation_ap_int_16_ap_int_48_config2_U0_ap_done
    SLICE_X19Y28         LUT5 (Prop_lut5_I4_O)        0.124     5.071 r  layer2_out_5_U/pf_ap_return_0_U_i_53/O
                         net (fo=2, routed)           0.817     5.888    custom_dsp_dense_implementation_ap_int_16_ap_int_48_config2_U0/stalled_reg_0
    SLICE_X18Y27         LUT5 (Prop_lut5_I2_O)        0.124     6.012 f  custom_dsp_dense_implementation_ap_int_16_ap_int_48_config2_U0/pf_ap_return_0_U_i_50/O
                         net (fo=24, routed)          0.597     6.610    custom_dsp_dense_implementation_ap_int_16_ap_int_48_config2_U0/pf_ap_return_1_U/pf_continue
    SLICE_X23Y27         LUT5 (Prop_lut5_I4_O)        0.124     6.734 r  custom_dsp_dense_implementation_ap_int_16_ap_int_48_config2_U0/pf_ap_return_1_U/fifo_rdPtr[1]_i_3/O
                         net (fo=1, routed)           0.404     7.138    custom_dsp_dense_implementation_ap_int_16_ap_int_48_config2_U0/pf_ap_return_1_U/fifo_rdPtr[1]_i_3_n_0
    SLICE_X23Y28         LUT3 (Prop_lut3_I1_O)        0.124     7.262 r  custom_dsp_dense_implementation_ap_int_16_ap_int_48_config2_U0/pf_ap_return_1_U/fifo_rdPtr[1]_i_2/O
                         net (fo=3, routed)           0.176     7.438    custom_dsp_dense_implementation_ap_int_16_ap_int_48_config2_U0/pf_ap_return_1_U/fifo_rdPtr13_out
    SLICE_X23Y28         LUT3 (Prop_lut3_I2_O)        0.124     7.562 r  custom_dsp_dense_implementation_ap_int_16_ap_int_48_config2_U0/pf_ap_return_1_U/fifo_rdPtr[2]_i_3/O
                         net (fo=3, routed)           0.445     8.006    custom_dsp_dense_implementation_ap_int_16_ap_int_48_config2_U0/pf_ap_return_1_U/fifo_rdPtr[2]_i_3_n_0
    SLICE_X23Y28         LUT5 (Prop_lut5_I2_O)        0.124     8.130 r  custom_dsp_dense_implementation_ap_int_16_ap_int_48_config2_U0/pf_ap_return_1_U/fifo_rdPtr[3]_i_1/O
                         net (fo=1, routed)           0.322     8.453    custom_dsp_dense_implementation_ap_int_16_ap_int_48_config2_U0/pf_ap_return_1_U/fifo_rdPtr[3]_i_1_n_0
    SLICE_X24Y27         FDSE                                         r  custom_dsp_dense_implementation_ap_int_16_ap_int_48_config2_U0/pf_ap_return_1_U/fifo_rdPtr_reg[3]/D
  -------------------------------------------------------------------    -------------------

                         (clock ap_clk rise edge)     4.000     4.000 r  
                                                      0.000     4.000 r  ap_clk (IN)
                         net (fo=10451, unset)        0.924     4.924    custom_dsp_dense_implementation_ap_int_16_ap_int_48_config2_U0/pf_ap_return_1_U/ap_clk
    SLICE_X24Y27         FDSE                                         r  custom_dsp_dense_implementation_ap_int_16_ap_int_48_config2_U0/pf_ap_return_1_U/fifo_rdPtr_reg[3]/C
                         clock pessimism              0.000     4.924    
                         clock uncertainty           -0.035     4.889    
    SLICE_X24Y27         FDSE (Setup_fdse_C_D)       -0.013     4.876    custom_dsp_dense_implementation_ap_int_16_ap_int_48_config2_U0/pf_ap_return_1_U/fifo_rdPtr_reg[3]
  -------------------------------------------------------------------
                         required time                          4.876    
                         arrival time                          -8.453    
  -------------------------------------------------------------------
                         slack                                 -3.577    

Slack (VIOLATED) :        -3.510ns  (required time - arrival time)
  Source:                 custom_dsp_dense_implementation_ap_int_16_ap_int_48_config2_U0/pf_ap_return_5_U/fifo_reg[17][49]_srl18/CLK
                            (rising edge-triggered cell SRLC32E clocked by ap_clk  {rise@0.000ns fall@2.000ns period=4.000ns})
  Destination:            custom_dsp_dense_implementation_ap_int_16_ap_int_48_config2_U0/pf_ap_return_7_U/fifo_reg[17][19]_srl18/CE
                            (rising edge-triggered cell SRLC32E clocked by ap_clk  {rise@0.000ns fall@2.000ns period=4.000ns})
  Path Group:             ap_clk
  Path Type:              Setup (Max at Slow Process Corner)
  Requirement:            4.000ns  (ap_clk rise@4.000ns - ap_clk rise@0.000ns)
  Data Path Delay:        6.909ns  (logic 2.356ns (34.102%)  route 4.553ns (65.898%))
  Logic Levels:           6  (LUT4=3 LUT5=3)
  Clock Path Skew:        -0.049ns (DCD - SCD + CPR)
    Destination Clock Delay (DCD):    0.924ns = ( 4.924 - 4.000 ) 
    Source Clock Delay      (SCD):    0.973ns
    Clock Pessimism Removal (CPR):    0.000ns
  Clock Uncertainty:      0.035ns  ((TSJ^2 + TIJ^2)^1/2 + DJ) / 2 + PE
    Total System Jitter     (TSJ):    0.071ns
    Total Input Jitter      (TIJ):    0.000ns
    Discrete Jitter          (DJ):    0.000ns
    Phase Error              (PE):    0.000ns

    Location             Delay type                Incr(ns)  Path(ns)    Netlist Resource(s)
  -------------------------------------------------------------------    -------------------
                         (clock ap_clk rise edge)     0.000     0.000 r  
                                                      0.000     0.000 r  ap_clk (IN)
                         net (fo=10451, unset)        0.973     0.973    custom_dsp_dense_implementation_ap_int_16_ap_int_48_config2_U0/pf_ap_return_5_U/ap_clk
    SLICE_X24Y22         SRLC32E                                      r  custom_dsp_dense_implementation_ap_int_16_ap_int_48_config2_U0/pf_ap_return_5_U/fifo_reg[17][49]_srl18/CLK
  -------------------------------------------------------------------    -------------------
    SLICE_X24Y22         SRLC32E (Prop_srlc32e_CLK_Q)
                                                      1.612     2.585 f  custom_dsp_dense_implementation_ap_int_16_ap_int_48_config2_U0/pf_ap_return_5_U/fifo_reg[17][49]_srl18/Q
                         net (fo=4, routed)           0.477     3.062    custom_dsp_dense_implementation_ap_int_16_ap_int_48_config2_U0/pf_ap_return_5_U/fifo_reg[17][49]_srl18_n_0
    SLICE_X25Y25         LUT4 (Prop_lut4_I3_O)        0.124     3.186 f  custom_dsp_dense_implementation_ap_int_16_ap_int_48_config2_U0/pf_ap_return_5_U/pf_done_INST_0/O
                         net (fo=1, routed)           0.503     3.689    custom_dsp_dense_implementation_ap_int_16_ap_int_48_config2_U0/pf_ap_return_5_U_pf_done
    SLICE_X19Y29         LUT4 (Prop_lut4_I3_O)        0.124     3.813 r  custom_dsp_dense_implementation_ap_int_16_ap_int_48_config2_U0/pf_ap_return_0_U_i_51/O
                         net (fo=1, routed)           0.596     4.409    custom_dsp_dense_implementation_ap_int_16_ap_int_48_config2_U0/pf_ap_return_0_U_i_51_n_0
    SLICE_X20Y29         LUT5 (Prop_lut5_I4_O)        0.124     4.533 f  custom_dsp_dense_implementation_ap_int_16_ap_int_48_config2_U0/pf_ap_return_0_U_i_49/O
                         net (fo=22, routed)          0.415     4.947    layer2_out_5_U/custom_dsp_dense_implementation_ap_int_16_ap_int_48_config2_U0_ap_done
    SLICE_X19Y28         LUT5 (Prop_lut5_I4_O)        0.124     5.071 r  layer2_out_5_U/pf_ap_return_0_U_i_53/O
                         net (fo=2, routed)           0.817     5.888    custom_dsp_dense_implementation_ap_int_16_ap_int_48_config2_U0/stalled_reg_0
    SLICE_X18Y27         LUT5 (Prop_lut5_I2_O)        0.124     6.012 f  custom_dsp_dense_implementation_ap_int_16_ap_int_48_config2_U0/pf_ap_return_0_U_i_50/O
                         net (fo=24, routed)          0.929     6.941    custom_dsp_dense_implementation_ap_int_16_ap_int_48_config2_U0/pf_ap_return_7_U/pf_continue
    SLICE_X29Y23         LUT4 (Prop_lut4_I2_O)        0.124     7.065 r  custom_dsp_dense_implementation_ap_int_16_ap_int_48_config2_U0/pf_ap_return_7_U/fifo_reg[17][0]_srl18_i_1/O
                         net (fo=50, routed)          0.816     7.882    custom_dsp_dense_implementation_ap_int_16_ap_int_48_config2_U0/pf_ap_return_7_U/write_enable
    SLICE_X32Y27         SRLC32E                                      r  custom_dsp_dense_implementation_ap_int_16_ap_int_48_config2_U0/pf_ap_return_7_U/fifo_reg[17][19]_srl18/CE
  -------------------------------------------------------------------    -------------------

                         (clock ap_clk rise edge)     4.000     4.000 r  
                                                      0.000     4.000 r  ap_clk (IN)
                         net (fo=10451, unset)        0.924     4.924    custom_dsp_dense_implementation_ap_int_16_ap_int_48_config2_U0/pf_ap_return_7_U/ap_clk
    SLICE_X32Y27         SRLC32E                                      r  custom_dsp_dense_implementation_ap_int_16_ap_int_48_config2_U0/pf_ap_return_7_U/fifo_reg[17][19]_srl18/CLK
                         clock pessimism              0.000     4.924    
                         clock uncertainty           -0.035     4.889    
    SLICE_X32Y27         SRLC32E (Setup_srlc32e_CLK_CE)
                                                     -0.517     4.372    custom_dsp_dense_implementation_ap_int_16_ap_int_48_config2_U0/pf_ap_return_7_U/fifo_reg[17][19]_srl18
  -------------------------------------------------------------------
                         required time                          4.372    
                         arrival time                          -7.882    
  -------------------------------------------------------------------
                         slack                                 -3.510    

Slack (VIOLATED) :        -3.510ns  (required time - arrival time)
  Source:                 custom_dsp_dense_implementation_ap_int_16_ap_int_48_config2_U0/pf_ap_return_5_U/fifo_reg[17][49]_srl18/CLK
                            (rising edge-triggered cell SRLC32E clocked by ap_clk  {rise@0.000ns fall@2.000ns period=4.000ns})
  Destination:            custom_dsp_dense_implementation_ap_int_16_ap_int_48_config2_U0/pf_ap_return_7_U/fifo_reg[17][24]_srl18/CE
                            (rising edge-triggered cell SRLC32E clocked by ap_clk  {rise@0.000ns fall@2.000ns period=4.000ns})
  Path Group:             ap_clk
  Path Type:              Setup (Max at Slow Process Corner)
  Requirement:            4.000ns  (ap_clk rise@4.000ns - ap_clk rise@0.000ns)
  Data Path Delay:        6.909ns  (logic 2.356ns (34.102%)  route 4.553ns (65.898%))
  Logic Levels:           6  (LUT4=3 LUT5=3)
  Clock Path Skew:        -0.049ns (DCD - SCD + CPR)
    Destination Clock Delay (DCD):    0.924ns = ( 4.924 - 4.000 ) 
    Source Clock Delay      (SCD):    0.973ns
    Clock Pessimism Removal (CPR):    0.000ns
  Clock Uncertainty:      0.035ns  ((TSJ^2 + TIJ^2)^1/2 + DJ) / 2 + PE
    Total System Jitter     (TSJ):    0.071ns
    Total Input Jitter      (TIJ):    0.000ns
    Discrete Jitter          (DJ):    0.000ns
    Phase Error              (PE):    0.000ns

    Location             Delay type                Incr(ns)  Path(ns)    Netlist Resource(s)
  -------------------------------------------------------------------    -------------------
                         (clock ap_clk rise edge)     0.000     0.000 r  
                                                      0.000     0.000 r  ap_clk (IN)
                         net (fo=10451, unset)        0.973     0.973    custom_dsp_dense_implementation_ap_int_16_ap_int_48_config2_U0/pf_ap_return_5_U/ap_clk
    SLICE_X24Y22         SRLC32E                                      r  custom_dsp_dense_implementation_ap_int_16_ap_int_48_config2_U0/pf_ap_return_5_U/fifo_reg[17][49]_srl18/CLK
  -------------------------------------------------------------------    -------------------
    SLICE_X24Y22         SRLC32E (Prop_srlc32e_CLK_Q)
                                                      1.612     2.585 f  custom_dsp_dense_implementation_ap_int_16_ap_int_48_config2_U0/pf_ap_return_5_U/fifo_reg[17][49]_srl18/Q
                         net (fo=4, routed)           0.477     3.062    custom_dsp_dense_implementation_ap_int_16_ap_int_48_config2_U0/pf_ap_return_5_U/fifo_reg[17][49]_srl18_n_0
    SLICE_X25Y25         LUT4 (Prop_lut4_I3_O)        0.124     3.186 f  custom_dsp_dense_implementation_ap_int_16_ap_int_48_config2_U0/pf_ap_return_5_U/pf_done_INST_0/O
                         net (fo=1, routed)           0.503     3.689    custom_dsp_dense_implementation_ap_int_16_ap_int_48_config2_U0/pf_ap_return_5_U_pf_done
    SLICE_X19Y29         LUT4 (Prop_lut4_I3_O)        0.124     3.813 r  custom_dsp_dense_implementation_ap_int_16_ap_int_48_config2_U0/pf_ap_return_0_U_i_51/O
                         net (fo=1, routed)           0.596     4.409    custom_dsp_dense_implementation_ap_int_16_ap_int_48_config2_U0/pf_ap_return_0_U_i_51_n_0
    SLICE_X20Y29         LUT5 (Prop_lut5_I4_O)        0.124     4.533 f  custom_dsp_dense_implementation_ap_int_16_ap_int_48_config2_U0/pf_ap_return_0_U_i_49/O
                         net (fo=22, routed)          0.415     4.947    layer2_out_5_U/custom_dsp_dense_implementation_ap_int_16_ap_int_48_config2_U0_ap_done
    SLICE_X19Y28         LUT5 (Prop_lut5_I4_O)        0.124     5.071 r  layer2_out_5_U/pf_ap_return_0_U_i_53/O
                         net (fo=2, routed)           0.817     5.888    custom_dsp_dense_implementation_ap_int_16_ap_int_48_config2_U0/stalled_reg_0
    SLICE_X18Y27         LUT5 (Prop_lut5_I2_O)        0.124     6.012 f  custom_dsp_dense_implementation_ap_int_16_ap_int_48_config2_U0/pf_ap_return_0_U_i_50/O
                         net (fo=24, routed)          0.929     6.941    custom_dsp_dense_implementation_ap_int_16_ap_int_48_config2_U0/pf_ap_return_7_U/pf_continue
    SLICE_X29Y23         LUT4 (Prop_lut4_I2_O)        0.124     7.065 r  custom_dsp_dense_implementation_ap_int_16_ap_int_48_config2_U0/pf_ap_return_7_U/fifo_reg[17][0]_srl18_i_1/O
                         net (fo=50, routed)          0.816     7.882    custom_dsp_dense_implementation_ap_int_16_ap_int_48_config2_U0/pf_ap_return_7_U/write_enable
    SLICE_X32Y27         SRLC32E                                      r  custom_dsp_dense_implementation_ap_int_16_ap_int_48_config2_U0/pf_ap_return_7_U/fifo_reg[17][24]_srl18/CE
  -------------------------------------------------------------------    -------------------

                         (clock ap_clk rise edge)     4.000     4.000 r  
                                                      0.000     4.000 r  ap_clk (IN)
                         net (fo=10451, unset)        0.924     4.924    custom_dsp_dense_implementation_ap_int_16_ap_int_48_config2_U0/pf_ap_return_7_U/ap_clk
    SLICE_X32Y27         SRLC32E                                      r  custom_dsp_dense_implementation_ap_int_16_ap_int_48_config2_U0/pf_ap_return_7_U/fifo_reg[17][24]_srl18/CLK
                         clock pessimism              0.000     4.924    
                         clock uncertainty           -0.035     4.889    
    SLICE_X32Y27         SRLC32E (Setup_srlc32e_CLK_CE)
                                                     -0.517     4.372    custom_dsp_dense_implementation_ap_int_16_ap_int_48_config2_U0/pf_ap_return_7_U/fifo_reg[17][24]_srl18
  -------------------------------------------------------------------
                         required time                          4.372    
                         arrival time                          -7.882    
  -------------------------------------------------------------------
                         slack                                 -3.510    

Slack (VIOLATED) :        -3.510ns  (required time - arrival time)
  Source:                 custom_dsp_dense_implementation_ap_int_16_ap_int_48_config2_U0/pf_ap_return_5_U/fifo_reg[17][49]_srl18/CLK
                            (rising edge-triggered cell SRLC32E clocked by ap_clk  {rise@0.000ns fall@2.000ns period=4.000ns})
  Destination:            custom_dsp_dense_implementation_ap_int_16_ap_int_48_config2_U0/pf_ap_return_7_U/fifo_reg[17][7]_srl18/CE
                            (rising edge-triggered cell SRLC32E clocked by ap_clk  {rise@0.000ns fall@2.000ns period=4.000ns})
  Path Group:             ap_clk
  Path Type:              Setup (Max at Slow Process Corner)
  Requirement:            4.000ns  (ap_clk rise@4.000ns - ap_clk rise@0.000ns)
  Data Path Delay:        6.909ns  (logic 2.356ns (34.102%)  route 4.553ns (65.898%))
  Logic Levels:           6  (LUT4=3 LUT5=3)
  Clock Path Skew:        -0.049ns (DCD - SCD + CPR)
    Destination Clock Delay (DCD):    0.924ns = ( 4.924 - 4.000 ) 
    Source Clock Delay      (SCD):    0.973ns
    Clock Pessimism Removal (CPR):    0.000ns
  Clock Uncertainty:      0.035ns  ((TSJ^2 + TIJ^2)^1/2 + DJ) / 2 + PE
    Total System Jitter     (TSJ):    0.071ns
    Total Input Jitter      (TIJ):    0.000ns
    Discrete Jitter          (DJ):    0.000ns
    Phase Error              (PE):    0.000ns

    Location             Delay type                Incr(ns)  Path(ns)    Netlist Resource(s)
  -------------------------------------------------------------------    -------------------
                         (clock ap_clk rise edge)     0.000     0.000 r  
                                                      0.000     0.000 r  ap_clk (IN)
                         net (fo=10451, unset)        0.973     0.973    custom_dsp_dense_implementation_ap_int_16_ap_int_48_config2_U0/pf_ap_return_5_U/ap_clk
    SLICE_X24Y22         SRLC32E                                      r  custom_dsp_dense_implementation_ap_int_16_ap_int_48_config2_U0/pf_ap_return_5_U/fifo_reg[17][49]_srl18/CLK
  -------------------------------------------------------------------    -------------------
    SLICE_X24Y22         SRLC32E (Prop_srlc32e_CLK_Q)
                                                      1.612     2.585 f  custom_dsp_dense_implementation_ap_int_16_ap_int_48_config2_U0/pf_ap_return_5_U/fifo_reg[17][49]_srl18/Q
                         net (fo=4, routed)           0.477     3.062    custom_dsp_dense_implementation_ap_int_16_ap_int_48_config2_U0/pf_ap_return_5_U/fifo_reg[17][49]_srl18_n_0
    SLICE_X25Y25         LUT4 (Prop_lut4_I3_O)        0.124     3.186 f  custom_dsp_dense_implementation_ap_int_16_ap_int_48_config2_U0/pf_ap_return_5_U/pf_done_INST_0/O
                         net (fo=1, routed)           0.503     3.689    custom_dsp_dense_implementation_ap_int_16_ap_int_48_config2_U0/pf_ap_return_5_U_pf_done
    SLICE_X19Y29         LUT4 (Prop_lut4_I3_O)        0.124     3.813 r  custom_dsp_dense_implementation_ap_int_16_ap_int_48_config2_U0/pf_ap_return_0_U_i_51/O
                         net (fo=1, routed)           0.596     4.409    custom_dsp_dense_implementation_ap_int_16_ap_int_48_config2_U0/pf_ap_return_0_U_i_51_n_0
    SLICE_X20Y29         LUT5 (Prop_lut5_I4_O)        0.124     4.533 f  custom_dsp_dense_implementation_ap_int_16_ap_int_48_config2_U0/pf_ap_return_0_U_i_49/O
                         net (fo=22, routed)          0.415     4.947    layer2_out_5_U/custom_dsp_dense_implementation_ap_int_16_ap_int_48_config2_U0_ap_done
    SLICE_X19Y28         LUT5 (Prop_lut5_I4_O)        0.124     5.071 r  layer2_out_5_U/pf_ap_return_0_U_i_53/O
                         net (fo=2, routed)           0.817     5.888    custom_dsp_dense_implementation_ap_int_16_ap_int_48_config2_U0/stalled_reg_0
    SLICE_X18Y27         LUT5 (Prop_lut5_I2_O)        0.124     6.012 f  custom_dsp_dense_implementation_ap_int_16_ap_int_48_config2_U0/pf_ap_return_0_U_i_50/O
                         net (fo=24, routed)          0.929     6.941    custom_dsp_dense_implementation_ap_int_16_ap_int_48_config2_U0/pf_ap_return_7_U/pf_continue
    SLICE_X29Y23         LUT4 (Prop_lut4_I2_O)        0.124     7.065 r  custom_dsp_dense_implementation_ap_int_16_ap_int_48_config2_U0/pf_ap_return_7_U/fifo_reg[17][0]_srl18_i_1/O
                         net (fo=50, routed)          0.816     7.882    custom_dsp_dense_implementation_ap_int_16_ap_int_48_config2_U0/pf_ap_return_7_U/write_enable
    SLICE_X32Y27         SRLC32E                                      r  custom_dsp_dense_implementation_ap_int_16_ap_int_48_config2_U0/pf_ap_return_7_U/fifo_reg[17][7]_srl18/CE
  -------------------------------------------------------------------    -------------------

                         (clock ap_clk rise edge)     4.000     4.000 r  
                                                      0.000     4.000 r  ap_clk (IN)
                         net (fo=10451, unset)        0.924     4.924    custom_dsp_dense_implementation_ap_int_16_ap_int_48_config2_U0/pf_ap_return_7_U/ap_clk
    SLICE_X32Y27         SRLC32E                                      r  custom_dsp_dense_implementation_ap_int_16_ap_int_48_config2_U0/pf_ap_return_7_U/fifo_reg[17][7]_srl18/CLK
                         clock pessimism              0.000     4.924    
                         clock uncertainty           -0.035     4.889    
    SLICE_X32Y27         SRLC32E (Setup_srlc32e_CLK_CE)
                                                     -0.517     4.372    custom_dsp_dense_implementation_ap_int_16_ap_int_48_config2_U0/pf_ap_return_7_U/fifo_reg[17][7]_srl18
  -------------------------------------------------------------------
                         required time                          4.372    
                         arrival time                          -7.882    
  -------------------------------------------------------------------
                         slack                                 -3.510    

Slack (VIOLATED) :        -3.510ns  (required time - arrival time)
  Source:                 custom_dsp_dense_implementation_ap_int_16_ap_int_48_config2_U0/pf_ap_return_5_U/fifo_reg[17][49]_srl18/CLK
                            (rising edge-triggered cell SRLC32E clocked by ap_clk  {rise@0.000ns fall@2.000ns period=4.000ns})
  Destination:            custom_dsp_dense_implementation_ap_int_16_ap_int_48_config2_U0/pf_ap_return_7_U/fifo_reg[17][8]_srl18/CE
                            (rising edge-triggered cell SRLC32E clocked by ap_clk  {rise@0.000ns fall@2.000ns period=4.000ns})
  Path Group:             ap_clk
  Path Type:              Setup (Max at Slow Process Corner)
  Requirement:            4.000ns  (ap_clk rise@4.000ns - ap_clk rise@0.000ns)
  Data Path Delay:        6.909ns  (logic 2.356ns (34.102%)  route 4.553ns (65.898%))
  Logic Levels:           6  (LUT4=3 LUT5=3)
  Clock Path Skew:        -0.049ns (DCD - SCD + CPR)
    Destination Clock Delay (DCD):    0.924ns = ( 4.924 - 4.000 ) 
    Source Clock Delay      (SCD):    0.973ns
    Clock Pessimism Removal (CPR):    0.000ns
  Clock Uncertainty:      0.035ns  ((TSJ^2 + TIJ^2)^1/2 + DJ) / 2 + PE
    Total System Jitter     (TSJ):    0.071ns
    Total Input Jitter      (TIJ):    0.000ns
    Discrete Jitter          (DJ):    0.000ns
    Phase Error              (PE):    0.000ns

    Location             Delay type                Incr(ns)  Path(ns)    Netlist Resource(s)
  -------------------------------------------------------------------    -------------------
                         (clock ap_clk rise edge)     0.000     0.000 r  
                                                      0.000     0.000 r  ap_clk (IN)
                         net (fo=10451, unset)        0.973     0.973    custom_dsp_dense_implementation_ap_int_16_ap_int_48_config2_U0/pf_ap_return_5_U/ap_clk
    SLICE_X24Y22         SRLC32E                                      r  custom_dsp_dense_implementation_ap_int_16_ap_int_48_config2_U0/pf_ap_return_5_U/fifo_reg[17][49]_srl18/CLK
  -------------------------------------------------------------------    -------------------
    SLICE_X24Y22         SRLC32E (Prop_srlc32e_CLK_Q)
                                                      1.612     2.585 f  custom_dsp_dense_implementation_ap_int_16_ap_int_48_config2_U0/pf_ap_return_5_U/fifo_reg[17][49]_srl18/Q
                         net (fo=4, routed)           0.477     3.062    custom_dsp_dense_implementation_ap_int_16_ap_int_48_config2_U0/pf_ap_return_5_U/fifo_reg[17][49]_srl18_n_0
    SLICE_X25Y25         LUT4 (Prop_lut4_I3_O)        0.124     3.186 f  custom_dsp_dense_implementation_ap_int_16_ap_int_48_config2_U0/pf_ap_return_5_U/pf_done_INST_0/O
                         net (fo=1, routed)           0.503     3.689    custom_dsp_dense_implementation_ap_int_16_ap_int_48_config2_U0/pf_ap_return_5_U_pf_done
    SLICE_X19Y29         LUT4 (Prop_lut4_I3_O)        0.124     3.813 r  custom_dsp_dense_implementation_ap_int_16_ap_int_48_config2_U0/pf_ap_return_0_U_i_51/O
                         net (fo=1, routed)           0.596     4.409    custom_dsp_dense_implementation_ap_int_16_ap_int_48_config2_U0/pf_ap_return_0_U_i_51_n_0
    SLICE_X20Y29         LUT5 (Prop_lut5_I4_O)        0.124     4.533 f  custom_dsp_dense_implementation_ap_int_16_ap_int_48_config2_U0/pf_ap_return_0_U_i_49/O
                         net (fo=22, routed)          0.415     4.947    layer2_out_5_U/custom_dsp_dense_implementation_ap_int_16_ap_int_48_config2_U0_ap_done
    SLICE_X19Y28         LUT5 (Prop_lut5_I4_O)        0.124     5.071 r  layer2_out_5_U/pf_ap_return_0_U_i_53/O
                         net (fo=2, routed)           0.817     5.888    custom_dsp_dense_implementation_ap_int_16_ap_int_48_config2_U0/stalled_reg_0
    SLICE_X18Y27         LUT5 (Prop_lut5_I2_O)        0.124     6.012 f  custom_dsp_dense_implementation_ap_int_16_ap_int_48_config2_U0/pf_ap_return_0_U_i_50/O
                         net (fo=24, routed)          0.929     6.941    custom_dsp_dense_implementation_ap_int_16_ap_int_48_config2_U0/pf_ap_return_7_U/pf_continue
    SLICE_X29Y23         LUT4 (Prop_lut4_I2_O)        0.124     7.065 r  custom_dsp_dense_implementation_ap_int_16_ap_int_48_config2_U0/pf_ap_return_7_U/fifo_reg[17][0]_srl18_i_1/O
                         net (fo=50, routed)          0.816     7.882    custom_dsp_dense_implementation_ap_int_16_ap_int_48_config2_U0/pf_ap_return_7_U/write_enable
    SLICE_X32Y27         SRLC32E                                      r  custom_dsp_dense_implementation_ap_int_16_ap_int_48_config2_U0/pf_ap_return_7_U/fifo_reg[17][8]_srl18/CE
  -------------------------------------------------------------------    -------------------

                         (clock ap_clk rise edge)     4.000     4.000 r  
                                                      0.000     4.000 r  ap_clk (IN)
                         net (fo=10451, unset)        0.924     4.924    custom_dsp_dense_implementation_ap_int_16_ap_int_48_config2_U0/pf_ap_return_7_U/ap_clk
    SLICE_X32Y27         SRLC32E                                      r  custom_dsp_dense_implementation_ap_int_16_ap_int_48_config2_U0/pf_ap_return_7_U/fifo_reg[17][8]_srl18/CLK
                         clock pessimism              0.000     4.924    
                         clock uncertainty           -0.035     4.889    
    SLICE_X32Y27         SRLC32E (Setup_srlc32e_CLK_CE)
                                                     -0.517     4.372    custom_dsp_dense_implementation_ap_int_16_ap_int_48_config2_U0/pf_ap_return_7_U/fifo_reg[17][8]_srl18
  -------------------------------------------------------------------
                         required time                          4.372    
                         arrival time                          -7.882    
  -------------------------------------------------------------------
                         slack                                 -3.510    

Slack (VIOLATED) :        -3.492ns  (required time - arrival time)
  Source:                 custom_dsp_dense_implementation_ap_int_16_ap_int_48_config2_U0/pf_ap_return_5_U/fifo_reg[17][49]_srl18/CLK
                            (rising edge-triggered cell SRLC32E clocked by ap_clk  {rise@0.000ns fall@2.000ns period=4.000ns})
  Destination:            custom_dsp_dense_implementation_ap_int_16_ap_int_48_config2_U0/pf_ap_return_1_U/fifo_reg[17][10]_srl18/CE
                            (rising edge-triggered cell SRLC32E clocked by ap_clk  {rise@0.000ns fall@2.000ns period=4.000ns})
  Path Group:             ap_clk
  Path Type:              Setup (Max at Slow Process Corner)
  Requirement:            4.000ns  (ap_clk rise@4.000ns - ap_clk rise@0.000ns)
  Data Path Delay:        6.891ns  (logic 2.356ns (34.191%)  route 4.535ns (65.809%))
  Logic Levels:           6  (LUT4=3 LUT5=3)
  Clock Path Skew:        -0.049ns (DCD - SCD + CPR)
    Destination Clock Delay (DCD):    0.924ns = ( 4.924 - 4.000 ) 
    Source Clock Delay      (SCD):    0.973ns
    Clock Pessimism Removal (CPR):    0.000ns
  Clock Uncertainty:      0.035ns  ((TSJ^2 + TIJ^2)^1/2 + DJ) / 2 + PE
    Total System Jitter     (TSJ):    0.071ns
    Total Input Jitter      (TIJ):    0.000ns
    Discrete Jitter          (DJ):    0.000ns
    Phase Error              (PE):    0.000ns

    Location             Delay type                Incr(ns)  Path(ns)    Netlist Resource(s)
  -------------------------------------------------------------------    -------------------
                         (clock ap_clk rise edge)     0.000     0.000 r  
                                                      0.000     0.000 r  ap_clk (IN)
                         net (fo=10451, unset)        0.973     0.973    custom_dsp_dense_implementation_ap_int_16_ap_int_48_config2_U0/pf_ap_return_5_U/ap_clk
    SLICE_X24Y22         SRLC32E                                      r  custom_dsp_dense_implementation_ap_int_16_ap_int_48_config2_U0/pf_ap_return_5_U/fifo_reg[17][49]_srl18/CLK
  -------------------------------------------------------------------    -------------------
    SLICE_X24Y22         SRLC32E (Prop_srlc32e_CLK_Q)
                                                      1.612     2.585 f  custom_dsp_dense_implementation_ap_int_16_ap_int_48_config2_U0/pf_ap_return_5_U/fifo_reg[17][49]_srl18/Q
                         net (fo=4, routed)           0.477     3.062    custom_dsp_dense_implementation_ap_int_16_ap_int_48_config2_U0/pf_ap_return_5_U/fifo_reg[17][49]_srl18_n_0
    SLICE_X25Y25         LUT4 (Prop_lut4_I3_O)        0.124     3.186 f  custom_dsp_dense_implementation_ap_int_16_ap_int_48_config2_U0/pf_ap_return_5_U/pf_done_INST_0/O
                         net (fo=1, routed)           0.503     3.689    custom_dsp_dense_implementation_ap_int_16_ap_int_48_config2_U0/pf_ap_return_5_U_pf_done
    SLICE_X19Y29         LUT4 (Prop_lut4_I3_O)        0.124     3.813 r  custom_dsp_dense_implementation_ap_int_16_ap_int_48_config2_U0/pf_ap_return_0_U_i_51/O
                         net (fo=1, routed)           0.596     4.409    custom_dsp_dense_implementation_ap_int_16_ap_int_48_config2_U0/pf_ap_return_0_U_i_51_n_0
    SLICE_X20Y29         LUT5 (Prop_lut5_I4_O)        0.124     4.533 f  custom_dsp_dense_implementation_ap_int_16_ap_int_48_config2_U0/pf_ap_return_0_U_i_49/O
                         net (fo=22, routed)          0.415     4.947    layer2_out_5_U/custom_dsp_dense_implementation_ap_int_16_ap_int_48_config2_U0_ap_done
    SLICE_X19Y28         LUT5 (Prop_lut5_I4_O)        0.124     5.071 r  layer2_out_5_U/pf_ap_return_0_U_i_53/O
                         net (fo=2, routed)           0.817     5.888    custom_dsp_dense_implementation_ap_int_16_ap_int_48_config2_U0/stalled_reg_0
    SLICE_X18Y27         LUT5 (Prop_lut5_I2_O)        0.124     6.012 f  custom_dsp_dense_implementation_ap_int_16_ap_int_48_config2_U0/pf_ap_return_0_U_i_50/O
                         net (fo=24, routed)          0.744     6.757    custom_dsp_dense_implementation_ap_int_16_ap_int_48_config2_U0/pf_ap_return_1_U/pf_continue
    SLICE_X25Y26         LUT4 (Prop_lut4_I2_O)        0.124     6.881 r  custom_dsp_dense_implementation_ap_int_16_ap_int_48_config2_U0/pf_ap_return_1_U/fifo_reg[17][0]_srl18_i_1/O
                         net (fo=50, routed)          0.983     7.864    custom_dsp_dense_implementation_ap_int_16_ap_int_48_config2_U0/pf_ap_return_1_U/write_enable
    SLICE_X30Y30         SRLC32E                                      r  custom_dsp_dense_implementation_ap_int_16_ap_int_48_config2_U0/pf_ap_return_1_U/fifo_reg[17][10]_srl18/CE
  -------------------------------------------------------------------    -------------------

                         (clock ap_clk rise edge)     4.000     4.000 r  
                                                      0.000     4.000 r  ap_clk (IN)
                         net (fo=10451, unset)        0.924     4.924    custom_dsp_dense_implementation_ap_int_16_ap_int_48_config2_U0/pf_ap_return_1_U/ap_clk
    SLICE_X30Y30         SRLC32E                                      r  custom_dsp_dense_implementation_ap_int_16_ap_int_48_config2_U0/pf_ap_return_1_U/fifo_reg[17][10]_srl18/CLK
                         clock pessimism              0.000     4.924    
                         clock uncertainty           -0.035     4.889    
    SLICE_X30Y30         SRLC32E (Setup_srlc32e_CLK_CE)
                                                     -0.517     4.372    custom_dsp_dense_implementation_ap_int_16_ap_int_48_config2_U0/pf_ap_return_1_U/fifo_reg[17][10]_srl18
  -------------------------------------------------------------------
                         required time                          4.372    
                         arrival time                          -7.864    
  -------------------------------------------------------------------
                         slack                                 -3.492    

Slack (VIOLATED) :        -3.492ns  (required time - arrival time)
  Source:                 custom_dsp_dense_implementation_ap_int_16_ap_int_48_config2_U0/pf_ap_return_5_U/fifo_reg[17][49]_srl18/CLK
                            (rising edge-triggered cell SRLC32E clocked by ap_clk  {rise@0.000ns fall@2.000ns period=4.000ns})
  Destination:            custom_dsp_dense_implementation_ap_int_16_ap_int_48_config2_U0/pf_ap_return_1_U/fifo_reg[17][11]_srl18/CE
                            (rising edge-triggered cell SRLC32E clocked by ap_clk  {rise@0.000ns fall@2.000ns period=4.000ns})
  Path Group:             ap_clk
  Path Type:              Setup (Max at Slow Process Corner)
  Requirement:            4.000ns  (ap_clk rise@4.000ns - ap_clk rise@0.000ns)
  Data Path Delay:        6.891ns  (logic 2.356ns (34.191%)  route 4.535ns (65.809%))
  Logic Levels:           6  (LUT4=3 LUT5=3)
  Clock Path Skew:        -0.049ns (DCD - SCD + CPR)
    Destination Clock Delay (DCD):    0.924ns = ( 4.924 - 4.000 ) 
    Source Clock Delay      (SCD):    0.973ns
    Clock Pessimism Removal (CPR):    0.000ns
  Clock Uncertainty:      0.035ns  ((TSJ^2 + TIJ^2)^1/2 + DJ) / 2 + PE
    Total System Jitter     (TSJ):    0.071ns
    Total Input Jitter      (TIJ):    0.000ns
    Discrete Jitter          (DJ):    0.000ns
    Phase Error              (PE):    0.000ns

    Location             Delay type                Incr(ns)  Path(ns)    Netlist Resource(s)
  -------------------------------------------------------------------    -------------------
                         (clock ap_clk rise edge)     0.000     0.000 r  
                                                      0.000     0.000 r  ap_clk (IN)
                         net (fo=10451, unset)        0.973     0.973    custom_dsp_dense_implementation_ap_int_16_ap_int_48_config2_U0/pf_ap_return_5_U/ap_clk
    SLICE_X24Y22         SRLC32E                                      r  custom_dsp_dense_implementation_ap_int_16_ap_int_48_config2_U0/pf_ap_return_5_U/fifo_reg[17][49]_srl18/CLK
  -------------------------------------------------------------------    -------------------
    SLICE_X24Y22         SRLC32E (Prop_srlc32e_CLK_Q)
                                                      1.612     2.585 f  custom_dsp_dense_implementation_ap_int_16_ap_int_48_config2_U0/pf_ap_return_5_U/fifo_reg[17][49]_srl18/Q
                         net (fo=4, routed)           0.477     3.062    custom_dsp_dense_implementation_ap_int_16_ap_int_48_config2_U0/pf_ap_return_5_U/fifo_reg[17][49]_srl18_n_0
    SLICE_X25Y25         LUT4 (Prop_lut4_I3_O)        0.124     3.186 f  custom_dsp_dense_implementation_ap_int_16_ap_int_48_config2_U0/pf_ap_return_5_U/pf_done_INST_0/O
                         net (fo=1, routed)           0.503     3.689    custom_dsp_dense_implementation_ap_int_16_ap_int_48_config2_U0/pf_ap_return_5_U_pf_done
    SLICE_X19Y29         LUT4 (Prop_lut4_I3_O)        0.124     3.813 r  custom_dsp_dense_implementation_ap_int_16_ap_int_48_config2_U0/pf_ap_return_0_U_i_51/O
                         net (fo=1, routed)           0.596     4.409    custom_dsp_dense_implementation_ap_int_16_ap_int_48_config2_U0/pf_ap_return_0_U_i_51_n_0
    SLICE_X20Y29         LUT5 (Prop_lut5_I4_O)        0.124     4.533 f  custom_dsp_dense_implementation_ap_int_16_ap_int_48_config2_U0/pf_ap_return_0_U_i_49/O
                         net (fo=22, routed)          0.415     4.947    layer2_out_5_U/custom_dsp_dense_implementation_ap_int_16_ap_int_48_config2_U0_ap_done
    SLICE_X19Y28         LUT5 (Prop_lut5_I4_O)        0.124     5.071 r  layer2_out_5_U/pf_ap_return_0_U_i_53/O
                         net (fo=2, routed)           0.817     5.888    custom_dsp_dense_implementation_ap_int_16_ap_int_48_config2_U0/stalled_reg_0
    SLICE_X18Y27         LUT5 (Prop_lut5_I2_O)        0.124     6.012 f  custom_dsp_dense_implementation_ap_int_16_ap_int_48_config2_U0/pf_ap_return_0_U_i_50/O
                         net (fo=24, routed)          0.744     6.757    custom_dsp_dense_implementation_ap_int_16_ap_int_48_config2_U0/pf_ap_return_1_U/pf_continue
    SLICE_X25Y26         LUT4 (Prop_lut4_I2_O)        0.124     6.881 r  custom_dsp_dense_implementation_ap_int_16_ap_int_48_config2_U0/pf_ap_return_1_U/fifo_reg[17][0]_srl18_i_1/O
                         net (fo=50, routed)          0.983     7.864    custom_dsp_dense_implementation_ap_int_16_ap_int_48_config2_U0/pf_ap_return_1_U/write_enable
    SLICE_X30Y30         SRLC32E                                      r  custom_dsp_dense_implementation_ap_int_16_ap_int_48_config2_U0/pf_ap_return_1_U/fifo_reg[17][11]_srl18/CE
  -------------------------------------------------------------------    -------------------

                         (clock ap_clk rise edge)     4.000     4.000 r  
                                                      0.000     4.000 r  ap_clk (IN)
                         net (fo=10451, unset)        0.924     4.924    custom_dsp_dense_implementation_ap_int_16_ap_int_48_config2_U0/pf_ap_return_1_U/ap_clk
    SLICE_X30Y30         SRLC32E                                      r  custom_dsp_dense_implementation_ap_int_16_ap_int_48_config2_U0/pf_ap_return_1_U/fifo_reg[17][11]_srl18/CLK
                         clock pessimism              0.000     4.924    
                         clock uncertainty           -0.035     4.889    
    SLICE_X30Y30         SRLC32E (Setup_srlc32e_CLK_CE)
                                                     -0.517     4.372    custom_dsp_dense_implementation_ap_int_16_ap_int_48_config2_U0/pf_ap_return_1_U/fifo_reg[17][11]_srl18
  -------------------------------------------------------------------
                         required time                          4.372    
                         arrival time                          -7.864    
  -------------------------------------------------------------------
                         slack                                 -3.492    

Slack (VIOLATED) :        -3.492ns  (required time - arrival time)
  Source:                 custom_dsp_dense_implementation_ap_int_16_ap_int_48_config2_U0/pf_ap_return_5_U/fifo_reg[17][49]_srl18/CLK
                            (rising edge-triggered cell SRLC32E clocked by ap_clk  {rise@0.000ns fall@2.000ns period=4.000ns})
  Destination:            custom_dsp_dense_implementation_ap_int_16_ap_int_48_config2_U0/pf_ap_return_1_U/fifo_reg[17][34]_srl18/CE
                            (rising edge-triggered cell SRLC32E clocked by ap_clk  {rise@0.000ns fall@2.000ns period=4.000ns})
  Path Group:             ap_clk
  Path Type:              Setup (Max at Slow Process Corner)
  Requirement:            4.000ns  (ap_clk rise@4.000ns - ap_clk rise@0.000ns)
  Data Path Delay:        6.891ns  (logic 2.356ns (34.191%)  route 4.535ns (65.809%))
  Logic Levels:           6  (LUT4=3 LUT5=3)
  Clock Path Skew:        -0.049ns (DCD - SCD + CPR)
    Destination Clock Delay (DCD):    0.924ns = ( 4.924 - 4.000 ) 
    Source Clock Delay      (SCD):    0.973ns
    Clock Pessimism Removal (CPR):    0.000ns
  Clock Uncertainty:      0.035ns  ((TSJ^2 + TIJ^2)^1/2 + DJ) / 2 + PE
    Total System Jitter     (TSJ):    0.071ns
    Total Input Jitter      (TIJ):    0.000ns
    Discrete Jitter          (DJ):    0.000ns
    Phase Error              (PE):    0.000ns

    Location             Delay type                Incr(ns)  Path(ns)    Netlist Resource(s)
  -------------------------------------------------------------------    -------------------
                         (clock ap_clk rise edge)     0.000     0.000 r  
                                                      0.000     0.000 r  ap_clk (IN)
                         net (fo=10451, unset)        0.973     0.973    custom_dsp_dense_implementation_ap_int_16_ap_int_48_config2_U0/pf_ap_return_5_U/ap_clk
    SLICE_X24Y22         SRLC32E                                      r  custom_dsp_dense_implementation_ap_int_16_ap_int_48_config2_U0/pf_ap_return_5_U/fifo_reg[17][49]_srl18/CLK
  -------------------------------------------------------------------    -------------------
    SLICE_X24Y22         SRLC32E (Prop_srlc32e_CLK_Q)
                                                      1.612     2.585 f  custom_dsp_dense_implementation_ap_int_16_ap_int_48_config2_U0/pf_ap_return_5_U/fifo_reg[17][49]_srl18/Q
                         net (fo=4, routed)           0.477     3.062    custom_dsp_dense_implementation_ap_int_16_ap_int_48_config2_U0/pf_ap_return_5_U/fifo_reg[17][49]_srl18_n_0
    SLICE_X25Y25         LUT4 (Prop_lut4_I3_O)        0.124     3.186 f  custom_dsp_dense_implementation_ap_int_16_ap_int_48_config2_U0/pf_ap_return_5_U/pf_done_INST_0/O
                         net (fo=1, routed)           0.503     3.689    custom_dsp_dense_implementation_ap_int_16_ap_int_48_config2_U0/pf_ap_return_5_U_pf_done
    SLICE_X19Y29         LUT4 (Prop_lut4_I3_O)        0.124     3.813 r  custom_dsp_dense_implementation_ap_int_16_ap_int_48_config2_U0/pf_ap_return_0_U_i_51/O
                         net (fo=1, routed)           0.596     4.409    custom_dsp_dense_implementation_ap_int_16_ap_int_48_config2_U0/pf_ap_return_0_U_i_51_n_0
    SLICE_X20Y29         LUT5 (Prop_lut5_I4_O)        0.124     4.533 f  custom_dsp_dense_implementation_ap_int_16_ap_int_48_config2_U0/pf_ap_return_0_U_i_49/O
                         net (fo=22, routed)          0.415     4.947    layer2_out_5_U/custom_dsp_dense_implementation_ap_int_16_ap_int_48_config2_U0_ap_done
    SLICE_X19Y28         LUT5 (Prop_lut5_I4_O)        0.124     5.071 r  layer2_out_5_U/pf_ap_return_0_U_i_53/O
                         net (fo=2, routed)           0.817     5.888    custom_dsp_dense_implementation_ap_int_16_ap_int_48_config2_U0/stalled_reg_0
    SLICE_X18Y27         LUT5 (Prop_lut5_I2_O)        0.124     6.012 f  custom_dsp_dense_implementation_ap_int_16_ap_int_48_config2_U0/pf_ap_return_0_U_i_50/O
                         net (fo=24, routed)          0.744     6.757    custom_dsp_dense_implementation_ap_int_16_ap_int_48_config2_U0/pf_ap_return_1_U/pf_continue
    SLICE_X25Y26         LUT4 (Prop_lut4_I2_O)        0.124     6.881 r  custom_dsp_dense_implementation_ap_int_16_ap_int_48_config2_U0/pf_ap_return_1_U/fifo_reg[17][0]_srl18_i_1/O
                         net (fo=50, routed)          0.983     7.864    custom_dsp_dense_implementation_ap_int_16_ap_int_48_config2_U0/pf_ap_return_1_U/write_enable
    SLICE_X30Y30         SRLC32E                                      r  custom_dsp_dense_implementation_ap_int_16_ap_int_48_config2_U0/pf_ap_return_1_U/fifo_reg[17][34]_srl18/CE
  -------------------------------------------------------------------    -------------------

                         (clock ap_clk rise edge)     4.000     4.000 r  
                                                      0.000     4.000 r  ap_clk (IN)
                         net (fo=10451, unset)        0.924     4.924    custom_dsp_dense_implementation_ap_int_16_ap_int_48_config2_U0/pf_ap_return_1_U/ap_clk
    SLICE_X30Y30         SRLC32E                                      r  custom_dsp_dense_implementation_ap_int_16_ap_int_48_config2_U0/pf_ap_return_1_U/fifo_reg[17][34]_srl18/CLK
                         clock pessimism              0.000     4.924    
                         clock uncertainty           -0.035     4.889    
    SLICE_X30Y30         SRLC32E (Setup_srlc32e_CLK_CE)
                                                     -0.517     4.372    custom_dsp_dense_implementation_ap_int_16_ap_int_48_config2_U0/pf_ap_return_1_U/fifo_reg[17][34]_srl18
  -------------------------------------------------------------------
                         required time                          4.372    
                         arrival time                          -7.864    
  -------------------------------------------------------------------
                         slack                                 -3.492    

Slack (VIOLATED) :        -3.492ns  (required time - arrival time)
  Source:                 custom_dsp_dense_implementation_ap_int_16_ap_int_48_config2_U0/pf_ap_return_5_U/fifo_reg[17][49]_srl18/CLK
                            (rising edge-triggered cell SRLC32E clocked by ap_clk  {rise@0.000ns fall@2.000ns period=4.000ns})
  Destination:            custom_dsp_dense_implementation_ap_int_16_ap_int_48_config2_U0/pf_ap_return_1_U/fifo_reg[17][5]_srl18/CE
                            (rising edge-triggered cell SRLC32E clocked by ap_clk  {rise@0.000ns fall@2.000ns period=4.000ns})
  Path Group:             ap_clk
  Path Type:              Setup (Max at Slow Process Corner)
  Requirement:            4.000ns  (ap_clk rise@4.000ns - ap_clk rise@0.000ns)
  Data Path Delay:        6.891ns  (logic 2.356ns (34.191%)  route 4.535ns (65.809%))
  Logic Levels:           6  (LUT4=3 LUT5=3)
  Clock Path Skew:        -0.049ns (DCD - SCD + CPR)
    Destination Clock Delay (DCD):    0.924ns = ( 4.924 - 4.000 ) 
    Source Clock Delay      (SCD):    0.973ns
    Clock Pessimism Removal (CPR):    0.000ns
  Clock Uncertainty:      0.035ns  ((TSJ^2 + TIJ^2)^1/2 + DJ) / 2 + PE
    Total System Jitter     (TSJ):    0.071ns
    Total Input Jitter      (TIJ):    0.000ns
    Discrete Jitter          (DJ):    0.000ns
    Phase Error              (PE):    0.000ns

    Location             Delay type                Incr(ns)  Path(ns)    Netlist Resource(s)
  -------------------------------------------------------------------    -------------------
                         (clock ap_clk rise edge)     0.000     0.000 r  
                                                      0.000     0.000 r  ap_clk (IN)
                         net (fo=10451, unset)        0.973     0.973    custom_dsp_dense_implementation_ap_int_16_ap_int_48_config2_U0/pf_ap_return_5_U/ap_clk
    SLICE_X24Y22         SRLC32E                                      r  custom_dsp_dense_implementation_ap_int_16_ap_int_48_config2_U0/pf_ap_return_5_U/fifo_reg[17][49]_srl18/CLK
  -------------------------------------------------------------------    -------------------
    SLICE_X24Y22         SRLC32E (Prop_srlc32e_CLK_Q)
                                                      1.612     2.585 f  custom_dsp_dense_implementation_ap_int_16_ap_int_48_config2_U0/pf_ap_return_5_U/fifo_reg[17][49]_srl18/Q
                         net (fo=4, routed)           0.477     3.062    custom_dsp_dense_implementation_ap_int_16_ap_int_48_config2_U0/pf_ap_return_5_U/fifo_reg[17][49]_srl18_n_0
    SLICE_X25Y25         LUT4 (Prop_lut4_I3_O)        0.124     3.186 f  custom_dsp_dense_implementation_ap_int_16_ap_int_48_config2_U0/pf_ap_return_5_U/pf_done_INST_0/O
                         net (fo=1, routed)           0.503     3.689    custom_dsp_dense_implementation_ap_int_16_ap_int_48_config2_U0/pf_ap_return_5_U_pf_done
    SLICE_X19Y29         LUT4 (Prop_lut4_I3_O)        0.124     3.813 r  custom_dsp_dense_implementation_ap_int_16_ap_int_48_config2_U0/pf_ap_return_0_U_i_51/O
                         net (fo=1, routed)           0.596     4.409    custom_dsp_dense_implementation_ap_int_16_ap_int_48_config2_U0/pf_ap_return_0_U_i_51_n_0
    SLICE_X20Y29         LUT5 (Prop_lut5_I4_O)        0.124     4.533 f  custom_dsp_dense_implementation_ap_int_16_ap_int_48_config2_U0/pf_ap_return_0_U_i_49/O
                         net (fo=22, routed)          0.415     4.947    layer2_out_5_U/custom_dsp_dense_implementation_ap_int_16_ap_int_48_config2_U0_ap_done
    SLICE_X19Y28         LUT5 (Prop_lut5_I4_O)        0.124     5.071 r  layer2_out_5_U/pf_ap_return_0_U_i_53/O
                         net (fo=2, routed)           0.817     5.888    custom_dsp_dense_implementation_ap_int_16_ap_int_48_config2_U0/stalled_reg_0
    SLICE_X18Y27         LUT5 (Prop_lut5_I2_O)        0.124     6.012 f  custom_dsp_dense_implementation_ap_int_16_ap_int_48_config2_U0/pf_ap_return_0_U_i_50/O
                         net (fo=24, routed)          0.744     6.757    custom_dsp_dense_implementation_ap_int_16_ap_int_48_config2_U0/pf_ap_return_1_U/pf_continue
    SLICE_X25Y26         LUT4 (Prop_lut4_I2_O)        0.124     6.881 r  custom_dsp_dense_implementation_ap_int_16_ap_int_48_config2_U0/pf_ap_return_1_U/fifo_reg[17][0]_srl18_i_1/O
                         net (fo=50, routed)          0.983     7.864    custom_dsp_dense_implementation_ap_int_16_ap_int_48_config2_U0/pf_ap_return_1_U/write_enable
    SLICE_X30Y30         SRLC32E                                      r  custom_dsp_dense_implementation_ap_int_16_ap_int_48_config2_U0/pf_ap_return_1_U/fifo_reg[17][5]_srl18/CE
  -------------------------------------------------------------------    -------------------

                         (clock ap_clk rise edge)     4.000     4.000 r  
                                                      0.000     4.000 r  ap_clk (IN)
                         net (fo=10451, unset)        0.924     4.924    custom_dsp_dense_implementation_ap_int_16_ap_int_48_config2_U0/pf_ap_return_1_U/ap_clk
    SLICE_X30Y30         SRLC32E                                      r  custom_dsp_dense_implementation_ap_int_16_ap_int_48_config2_U0/pf_ap_return_1_U/fifo_reg[17][5]_srl18/CLK
                         clock pessimism              0.000     4.924    
                         clock uncertainty           -0.035     4.889    
    SLICE_X30Y30         SRLC32E (Setup_srlc32e_CLK_CE)
                                                     -0.517     4.372    custom_dsp_dense_implementation_ap_int_16_ap_int_48_config2_U0/pf_ap_return_1_U/fifo_reg[17][5]_srl18
  -------------------------------------------------------------------
                         required time                          4.372    
                         arrival time                          -7.864    
  -------------------------------------------------------------------
                         slack                                 -3.492    

Slack (VIOLATED) :        -3.452ns  (required time - arrival time)
  Source:                 custom_dsp_dense_implementation_ap_int_16_ap_int_48_config2_U0/pf_ap_return_5_U/fifo_reg[17][49]_srl18/CLK
                            (rising edge-triggered cell SRLC32E clocked by ap_clk  {rise@0.000ns fall@2.000ns period=4.000ns})
  Destination:            custom_dsp_dense_implementation_ap_int_16_ap_int_48_config2_U0/pf_ap_return_5_U/fifo_rdPtr_reg[5]/D
                            (rising edge-triggered cell FDSE clocked by ap_clk  {rise@0.000ns fall@2.000ns period=4.000ns})
  Path Group:             ap_clk
  Path Type:              Setup (Max at Slow Process Corner)
  Requirement:            4.000ns  (ap_clk rise@4.000ns - ap_clk rise@0.000ns)
  Data Path Delay:        7.397ns  (logic 2.728ns (36.881%)  route 4.669ns (63.119%))
  Logic Levels:           9  (LUT3=1 LUT4=2 LUT5=6)
  Clock Path Skew:        -0.049ns (DCD - SCD + CPR)
    Destination Clock Delay (DCD):    0.924ns = ( 4.924 - 4.000 ) 
    Source Clock Delay      (SCD):    0.973ns
    Clock Pessimism Removal (CPR):    0.000ns
  Clock Uncertainty:      0.035ns  ((TSJ^2 + TIJ^2)^1/2 + DJ) / 2 + PE
    Total System Jitter     (TSJ):    0.071ns
    Total Input Jitter      (TIJ):    0.000ns
    Discrete Jitter          (DJ):    0.000ns
    Phase Error              (PE):    0.000ns

    Location             Delay type                Incr(ns)  Path(ns)    Netlist Resource(s)
  -------------------------------------------------------------------    -------------------
                         (clock ap_clk rise edge)     0.000     0.000 r  
                                                      0.000     0.000 r  ap_clk (IN)
                         net (fo=10451, unset)        0.973     0.973    custom_dsp_dense_implementation_ap_int_16_ap_int_48_config2_U0/pf_ap_return_5_U/ap_clk
    SLICE_X24Y22         SRLC32E                                      r  custom_dsp_dense_implementation_ap_int_16_ap_int_48_config2_U0/pf_ap_return_5_U/fifo_reg[17][49]_srl18/CLK
  -------------------------------------------------------------------    -------------------
    SLICE_X24Y22         SRLC32E (Prop_srlc32e_CLK_Q)
                                                      1.612     2.585 f  custom_dsp_dense_implementation_ap_int_16_ap_int_48_config2_U0/pf_ap_return_5_U/fifo_reg[17][49]_srl18/Q
                         net (fo=4, routed)           0.477     3.062    custom_dsp_dense_implementation_ap_int_16_ap_int_48_config2_U0/pf_ap_return_5_U/fifo_reg[17][49]_srl18_n_0
    SLICE_X25Y25         LUT4 (Prop_lut4_I3_O)        0.124     3.186 f  custom_dsp_dense_implementation_ap_int_16_ap_int_48_config2_U0/pf_ap_return_5_U/pf_done_INST_0/O
                         net (fo=1, routed)           0.503     3.689    custom_dsp_dense_implementation_ap_int_16_ap_int_48_config2_U0/pf_ap_return_5_U_pf_done
    SLICE_X19Y29         LUT4 (Prop_lut4_I3_O)        0.124     3.813 r  custom_dsp_dense_implementation_ap_int_16_ap_int_48_config2_U0/pf_ap_return_0_U_i_51/O
                         net (fo=1, routed)           0.596     4.409    custom_dsp_dense_implementation_ap_int_16_ap_int_48_config2_U0/pf_ap_return_0_U_i_51_n_0
    SLICE_X20Y29         LUT5 (Prop_lut5_I4_O)        0.124     4.533 f  custom_dsp_dense_implementation_ap_int_16_ap_int_48_config2_U0/pf_ap_return_0_U_i_49/O
                         net (fo=22, routed)          0.415     4.947    layer2_out_5_U/custom_dsp_dense_implementation_ap_int_16_ap_int_48_config2_U0_ap_done
    SLICE_X19Y28         LUT5 (Prop_lut5_I4_O)        0.124     5.071 r  layer2_out_5_U/pf_ap_return_0_U_i_53/O
                         net (fo=2, routed)           0.817     5.888    custom_dsp_dense_implementation_ap_int_16_ap_int_48_config2_U0/stalled_reg_0
    SLICE_X18Y27         LUT5 (Prop_lut5_I2_O)        0.124     6.012 f  custom_dsp_dense_implementation_ap_int_16_ap_int_48_config2_U0/pf_ap_return_0_U_i_50/O
                         net (fo=24, routed)          0.421     6.434    custom_dsp_dense_implementation_ap_int_16_ap_int_48_config2_U0/pf_ap_return_5_U/pf_continue
    SLICE_X19Y25         LUT5 (Prop_lut5_I4_O)        0.124     6.558 r  custom_dsp_dense_implementation_ap_int_16_ap_int_48_config2_U0/pf_ap_return_5_U/fifo_rdPtr[1]_i_3/O
                         net (fo=1, routed)           0.264     6.822    custom_dsp_dense_implementation_ap_int_16_ap_int_48_config2_U0/pf_ap_return_5_U/fifo_rdPtr[1]_i_3_n_0
    SLICE_X19Y25         LUT3 (Prop_lut3_I1_O)        0.124     6.946 r  custom_dsp_dense_implementation_ap_int_16_ap_int_48_config2_U0/pf_ap_return_5_U/fifo_rdPtr[1]_i_2/O
                         net (fo=3, routed)           0.569     7.515    custom_dsp_dense_implementation_ap_int_16_ap_int_48_config2_U0/pf_ap_return_5_U/fifo_rdPtr13_out
    SLICE_X22Y20         LUT5 (Prop_lut5_I3_O)        0.124     7.639 r  custom_dsp_dense_implementation_ap_int_16_ap_int_48_config2_U0/pf_ap_return_5_U/fifo_rdPtr[5]_i_2/O
                         net (fo=1, routed)           0.607     8.246    custom_dsp_dense_implementation_ap_int_16_ap_int_48_config2_U0/pf_ap_return_5_U/fifo_rdPtr[5]_i_2_n_0
    SLICE_X22Y20         LUT5 (Prop_lut5_I2_O)        0.124     8.370 r  custom_dsp_dense_implementation_ap_int_16_ap_int_48_config2_U0/pf_ap_return_5_U/fifo_rdPtr[5]_i_1/O
                         net (fo=1, routed)           0.000     8.370    custom_dsp_dense_implementation_ap_int_16_ap_int_48_config2_U0/pf_ap_return_5_U/fifo_rdPtr[5]_i_1_n_0
    SLICE_X22Y20         FDSE                                         r  custom_dsp_dense_implementation_ap_int_16_ap_int_48_config2_U0/pf_ap_return_5_U/fifo_rdPtr_reg[5]/D
  -------------------------------------------------------------------    -------------------

                         (clock ap_clk rise edge)     4.000     4.000 r  
                                                      0.000     4.000 r  ap_clk (IN)
                         net (fo=10451, unset)        0.924     4.924    custom_dsp_dense_implementation_ap_int_16_ap_int_48_config2_U0/pf_ap_return_5_U/ap_clk
    SLICE_X22Y20         FDSE                                         r  custom_dsp_dense_implementation_ap_int_16_ap_int_48_config2_U0/pf_ap_return_5_U/fifo_rdPtr_reg[5]/C
                         clock pessimism              0.000     4.924    
                         clock uncertainty           -0.035     4.889    
    SLICE_X22Y20         FDSE (Setup_fdse_C_D)        0.029     4.918    custom_dsp_dense_implementation_ap_int_16_ap_int_48_config2_U0/pf_ap_return_5_U/fifo_rdPtr_reg[5]
  -------------------------------------------------------------------
                         required time                          4.918    
                         arrival time                          -8.370    
  -------------------------------------------------------------------
                         slack                                 -3.452    

Slack (VIOLATED) :        -3.444ns  (required time - arrival time)
  Source:                 custom_dsp_dense_implementation_ap_int_16_ap_int_48_config2_U0/pf_ap_return_5_U/fifo_reg[17][49]_srl18/CLK
                            (rising edge-triggered cell SRLC32E clocked by ap_clk  {rise@0.000ns fall@2.000ns period=4.000ns})
  Destination:            custom_dsp_dense_implementation_ap_int_16_ap_int_48_config2_U0/pf_ap_return_1_U/fifo_reg[17][22]_srl18/CE
                            (rising edge-triggered cell SRLC32E clocked by ap_clk  {rise@0.000ns fall@2.000ns period=4.000ns})
  Path Group:             ap_clk
  Path Type:              Setup (Max at Slow Process Corner)
  Requirement:            4.000ns  (ap_clk rise@4.000ns - ap_clk rise@0.000ns)
  Data Path Delay:        6.843ns  (logic 2.356ns (34.430%)  route 4.487ns (65.570%))
  Logic Levels:           6  (LUT4=3 LUT5=3)
  Clock Path Skew:        -0.049ns (DCD - SCD + CPR)
    Destination Clock Delay (DCD):    0.924ns = ( 4.924 - 4.000 ) 
    Source Clock Delay      (SCD):    0.973ns
    Clock Pessimism Removal (CPR):    0.000ns
  Clock Uncertainty:      0.035ns  ((TSJ^2 + TIJ^2)^1/2 + DJ) / 2 + PE
    Total System Jitter     (TSJ):    0.071ns
    Total Input Jitter      (TIJ):    0.000ns
    Discrete Jitter          (DJ):    0.000ns
    Phase Error              (PE):    0.000ns

    Location             Delay type                Incr(ns)  Path(ns)    Netlist Resource(s)
  -------------------------------------------------------------------    -------------------
                         (clock ap_clk rise edge)     0.000     0.000 r  
                                                      0.000     0.000 r  ap_clk (IN)
                         net (fo=10451, unset)        0.973     0.973    custom_dsp_dense_implementation_ap_int_16_ap_int_48_config2_U0/pf_ap_return_5_U/ap_clk
    SLICE_X24Y22         SRLC32E                                      r  custom_dsp_dense_implementation_ap_int_16_ap_int_48_config2_U0/pf_ap_return_5_U/fifo_reg[17][49]_srl18/CLK
  -------------------------------------------------------------------    -------------------
    SLICE_X24Y22         SRLC32E (Prop_srlc32e_CLK_Q)
                                                      1.612     2.585 f  custom_dsp_dense_implementation_ap_int_16_ap_int_48_config2_U0/pf_ap_return_5_U/fifo_reg[17][49]_srl18/Q
                         net (fo=4, routed)           0.477     3.062    custom_dsp_dense_implementation_ap_int_16_ap_int_48_config2_U0/pf_ap_return_5_U/fifo_reg[17][49]_srl18_n_0
    SLICE_X25Y25         LUT4 (Prop_lut4_I3_O)        0.124     3.186 f  custom_dsp_dense_implementation_ap_int_16_ap_int_48_config2_U0/pf_ap_return_5_U/pf_done_INST_0/O
                         net (fo=1, routed)           0.503     3.689    custom_dsp_dense_implementation_ap_int_16_ap_int_48_config2_U0/pf_ap_return_5_U_pf_done
    SLICE_X19Y29         LUT4 (Prop_lut4_I3_O)        0.124     3.813 r  custom_dsp_dense_implementation_ap_int_16_ap_int_48_config2_U0/pf_ap_return_0_U_i_51/O
                         net (fo=1, routed)           0.596     4.409    custom_dsp_dense_implementation_ap_int_16_ap_int_48_config2_U0/pf_ap_return_0_U_i_51_n_0
    SLICE_X20Y29         LUT5 (Prop_lut5_I4_O)        0.124     4.533 f  custom_dsp_dense_implementation_ap_int_16_ap_int_48_config2_U0/pf_ap_return_0_U_i_49/O
                         net (fo=22, routed)          0.415     4.947    layer2_out_5_U/custom_dsp_dense_implementation_ap_int_16_ap_int_48_config2_U0_ap_done
    SLICE_X19Y28         LUT5 (Prop_lut5_I4_O)        0.124     5.071 r  layer2_out_5_U/pf_ap_return_0_U_i_53/O
                         net (fo=2, routed)           0.817     5.888    custom_dsp_dense_implementation_ap_int_16_ap_int_48_config2_U0/stalled_reg_0
    SLICE_X18Y27         LUT5 (Prop_lut5_I2_O)        0.124     6.012 f  custom_dsp_dense_implementation_ap_int_16_ap_int_48_config2_U0/pf_ap_return_0_U_i_50/O
                         net (fo=24, routed)          0.744     6.757    custom_dsp_dense_implementation_ap_int_16_ap_int_48_config2_U0/pf_ap_return_1_U/pf_continue
    SLICE_X25Y26         LUT4 (Prop_lut4_I2_O)        0.124     6.881 r  custom_dsp_dense_implementation_ap_int_16_ap_int_48_config2_U0/pf_ap_return_1_U/fifo_reg[17][0]_srl18_i_1/O
                         net (fo=50, routed)          0.935     7.816    custom_dsp_dense_implementation_ap_int_16_ap_int_48_config2_U0/pf_ap_return_1_U/write_enable
    SLICE_X30Y28         SRLC32E                                      r  custom_dsp_dense_implementation_ap_int_16_ap_int_48_config2_U0/pf_ap_return_1_U/fifo_reg[17][22]_srl18/CE
  -------------------------------------------------------------------    -------------------

                         (clock ap_clk rise edge)     4.000     4.000 r  
                                                      0.000     4.000 r  ap_clk (IN)
                         net (fo=10451, unset)        0.924     4.924    custom_dsp_dense_implementation_ap_int_16_ap_int_48_config2_U0/pf_ap_return_1_U/ap_clk
    SLICE_X30Y28         SRLC32E                                      r  custom_dsp_dense_implementation_ap_int_16_ap_int_48_config2_U0/pf_ap_return_1_U/fifo_reg[17][22]_srl18/CLK
                         clock pessimism              0.000     4.924    
                         clock uncertainty           -0.035     4.889    
    SLICE_X30Y28         SRLC32E (Setup_srlc32e_CLK_CE)
                                                     -0.517     4.372    custom_dsp_dense_implementation_ap_int_16_ap_int_48_config2_U0/pf_ap_return_1_U/fifo_reg[17][22]_srl18
  -------------------------------------------------------------------
                         required time                          4.372    
                         arrival time                          -7.816    
  -------------------------------------------------------------------
                         slack                                 -3.444    

Slack (VIOLATED) :        -3.444ns  (required time - arrival time)
  Source:                 custom_dsp_dense_implementation_ap_int_16_ap_int_48_config2_U0/pf_ap_return_5_U/fifo_reg[17][49]_srl18/CLK
                            (rising edge-triggered cell SRLC32E clocked by ap_clk  {rise@0.000ns fall@2.000ns period=4.000ns})
  Destination:            custom_dsp_dense_implementation_ap_int_16_ap_int_48_config2_U0/pf_ap_return_1_U/fifo_reg[17][23]_srl18/CE
                            (rising edge-triggered cell SRLC32E clocked by ap_clk  {rise@0.000ns fall@2.000ns period=4.000ns})
  Path Group:             ap_clk
  Path Type:              Setup (Max at Slow Process Corner)
  Requirement:            4.000ns  (ap_clk rise@4.000ns - ap_clk rise@0.000ns)
  Data Path Delay:        6.843ns  (logic 2.356ns (34.430%)  route 4.487ns (65.570%))
  Logic Levels:           6  (LUT4=3 LUT5=3)
  Clock Path Skew:        -0.049ns (DCD - SCD + CPR)
    Destination Clock Delay (DCD):    0.924ns = ( 4.924 - 4.000 ) 
    Source Clock Delay      (SCD):    0.973ns
    Clock Pessimism Removal (CPR):    0.000ns
  Clock Uncertainty:      0.035ns  ((TSJ^2 + TIJ^2)^1/2 + DJ) / 2 + PE
    Total System Jitter     (TSJ):    0.071ns
    Total Input Jitter      (TIJ):    0.000ns
    Discrete Jitter          (DJ):    0.000ns
    Phase Error              (PE):    0.000ns

    Location             Delay type                Incr(ns)  Path(ns)    Netlist Resource(s)
  -------------------------------------------------------------------    -------------------
                         (clock ap_clk rise edge)     0.000     0.000 r  
                                                      0.000     0.000 r  ap_clk (IN)
                         net (fo=10451, unset)        0.973     0.973    custom_dsp_dense_implementation_ap_int_16_ap_int_48_config2_U0/pf_ap_return_5_U/ap_clk
    SLICE_X24Y22         SRLC32E                                      r  custom_dsp_dense_implementation_ap_int_16_ap_int_48_config2_U0/pf_ap_return_5_U/fifo_reg[17][49]_srl18/CLK
  -------------------------------------------------------------------    -------------------
    SLICE_X24Y22         SRLC32E (Prop_srlc32e_CLK_Q)
                                                      1.612     2.585 f  custom_dsp_dense_implementation_ap_int_16_ap_int_48_config2_U0/pf_ap_return_5_U/fifo_reg[17][49]_srl18/Q
                         net (fo=4, routed)           0.477     3.062    custom_dsp_dense_implementation_ap_int_16_ap_int_48_config2_U0/pf_ap_return_5_U/fifo_reg[17][49]_srl18_n_0
    SLICE_X25Y25         LUT4 (Prop_lut4_I3_O)        0.124     3.186 f  custom_dsp_dense_implementation_ap_int_16_ap_int_48_config2_U0/pf_ap_return_5_U/pf_done_INST_0/O
                         net (fo=1, routed)           0.503     3.689    custom_dsp_dense_implementation_ap_int_16_ap_int_48_config2_U0/pf_ap_return_5_U_pf_done
    SLICE_X19Y29         LUT4 (Prop_lut4_I3_O)        0.124     3.813 r  custom_dsp_dense_implementation_ap_int_16_ap_int_48_config2_U0/pf_ap_return_0_U_i_51/O
                         net (fo=1, routed)           0.596     4.409    custom_dsp_dense_implementation_ap_int_16_ap_int_48_config2_U0/pf_ap_return_0_U_i_51_n_0
    SLICE_X20Y29         LUT5 (Prop_lut5_I4_O)        0.124     4.533 f  custom_dsp_dense_implementation_ap_int_16_ap_int_48_config2_U0/pf_ap_return_0_U_i_49/O
                         net (fo=22, routed)          0.415     4.947    layer2_out_5_U/custom_dsp_dense_implementation_ap_int_16_ap_int_48_config2_U0_ap_done
    SLICE_X19Y28         LUT5 (Prop_lut5_I4_O)        0.124     5.071 r  layer2_out_5_U/pf_ap_return_0_U_i_53/O
                         net (fo=2, routed)           0.817     5.888    custom_dsp_dense_implementation_ap_int_16_ap_int_48_config2_U0/stalled_reg_0
    SLICE_X18Y27         LUT5 (Prop_lut5_I2_O)        0.124     6.012 f  custom_dsp_dense_implementation_ap_int_16_ap_int_48_config2_U0/pf_ap_return_0_U_i_50/O
                         net (fo=24, routed)          0.744     6.757    custom_dsp_dense_implementation_ap_int_16_ap_int_48_config2_U0/pf_ap_return_1_U/pf_continue
    SLICE_X25Y26         LUT4 (Prop_lut4_I2_O)        0.124     6.881 r  custom_dsp_dense_implementation_ap_int_16_ap_int_48_config2_U0/pf_ap_return_1_U/fifo_reg[17][0]_srl18_i_1/O
                         net (fo=50, routed)          0.935     7.816    custom_dsp_dense_implementation_ap_int_16_ap_int_48_config2_U0/pf_ap_return_1_U/write_enable
    SLICE_X30Y28         SRLC32E                                      r  custom_dsp_dense_implementation_ap_int_16_ap_int_48_config2_U0/pf_ap_return_1_U/fifo_reg[17][23]_srl18/CE
  -------------------------------------------------------------------    -------------------

                         (clock ap_clk rise edge)     4.000     4.000 r  
                                                      0.000     4.000 r  ap_clk (IN)
                         net (fo=10451, unset)        0.924     4.924    custom_dsp_dense_implementation_ap_int_16_ap_int_48_config2_U0/pf_ap_return_1_U/ap_clk
    SLICE_X30Y28         SRLC32E                                      r  custom_dsp_dense_implementation_ap_int_16_ap_int_48_config2_U0/pf_ap_return_1_U/fifo_reg[17][23]_srl18/CLK
                         clock pessimism              0.000     4.924    
                         clock uncertainty           -0.035     4.889    
    SLICE_X30Y28         SRLC32E (Setup_srlc32e_CLK_CE)
                                                     -0.517     4.372    custom_dsp_dense_implementation_ap_int_16_ap_int_48_config2_U0/pf_ap_return_1_U/fifo_reg[17][23]_srl18
  -------------------------------------------------------------------
                         required time                          4.372    
                         arrival time                          -7.816    
  -------------------------------------------------------------------
                         slack                                 -3.444    

Slack (VIOLATED) :        -3.444ns  (required time - arrival time)
  Source:                 custom_dsp_dense_implementation_ap_int_16_ap_int_48_config2_U0/pf_ap_return_5_U/fifo_reg[17][49]_srl18/CLK
                            (rising edge-triggered cell SRLC32E clocked by ap_clk  {rise@0.000ns fall@2.000ns period=4.000ns})
  Destination:            custom_dsp_dense_implementation_ap_int_16_ap_int_48_config2_U0/pf_ap_return_1_U/fifo_reg[17][4]_srl18/CE
                            (rising edge-triggered cell SRLC32E clocked by ap_clk  {rise@0.000ns fall@2.000ns period=4.000ns})
  Path Group:             ap_clk
  Path Type:              Setup (Max at Slow Process Corner)
  Requirement:            4.000ns  (ap_clk rise@4.000ns - ap_clk rise@0.000ns)
  Data Path Delay:        6.843ns  (logic 2.356ns (34.430%)  route 4.487ns (65.570%))
  Logic Levels:           6  (LUT4=3 LUT5=3)
  Clock Path Skew:        -0.049ns (DCD - SCD + CPR)
    Destination Clock Delay (DCD):    0.924ns = ( 4.924 - 4.000 ) 
    Source Clock Delay      (SCD):    0.973ns
    Clock Pessimism Removal (CPR):    0.000ns
  Clock Uncertainty:      0.035ns  ((TSJ^2 + TIJ^2)^1/2 + DJ) / 2 + PE
    Total System Jitter     (TSJ):    0.071ns
    Total Input Jitter      (TIJ):    0.000ns
    Discrete Jitter          (DJ):    0.000ns
    Phase Error              (PE):    0.000ns

    Location             Delay type                Incr(ns)  Path(ns)    Netlist Resource(s)
  -------------------------------------------------------------------    -------------------
                         (clock ap_clk rise edge)     0.000     0.000 r  
                                                      0.000     0.000 r  ap_clk (IN)
                         net (fo=10451, unset)        0.973     0.973    custom_dsp_dense_implementation_ap_int_16_ap_int_48_config2_U0/pf_ap_return_5_U/ap_clk
    SLICE_X24Y22         SRLC32E                                      r  custom_dsp_dense_implementation_ap_int_16_ap_int_48_config2_U0/pf_ap_return_5_U/fifo_reg[17][49]_srl18/CLK
  -------------------------------------------------------------------    -------------------
    SLICE_X24Y22         SRLC32E (Prop_srlc32e_CLK_Q)
                                                      1.612     2.585 f  custom_dsp_dense_implementation_ap_int_16_ap_int_48_config2_U0/pf_ap_return_5_U/fifo_reg[17][49]_srl18/Q
                         net (fo=4, routed)           0.477     3.062    custom_dsp_dense_implementation_ap_int_16_ap_int_48_config2_U0/pf_ap_return_5_U/fifo_reg[17][49]_srl18_n_0
    SLICE_X25Y25         LUT4 (Prop_lut4_I3_O)        0.124     3.186 f  custom_dsp_dense_implementation_ap_int_16_ap_int_48_config2_U0/pf_ap_return_5_U/pf_done_INST_0/O
                         net (fo=1, routed)           0.503     3.689    custom_dsp_dense_implementation_ap_int_16_ap_int_48_config2_U0/pf_ap_return_5_U_pf_done
    SLICE_X19Y29         LUT4 (Prop_lut4_I3_O)        0.124     3.813 r  custom_dsp_dense_implementation_ap_int_16_ap_int_48_config2_U0/pf_ap_return_0_U_i_51/O
                         net (fo=1, routed)           0.596     4.409    custom_dsp_dense_implementation_ap_int_16_ap_int_48_config2_U0/pf_ap_return_0_U_i_51_n_0
    SLICE_X20Y29         LUT5 (Prop_lut5_I4_O)        0.124     4.533 f  custom_dsp_dense_implementation_ap_int_16_ap_int_48_config2_U0/pf_ap_return_0_U_i_49/O
                         net (fo=22, routed)          0.415     4.947    layer2_out_5_U/custom_dsp_dense_implementation_ap_int_16_ap_int_48_config2_U0_ap_done
    SLICE_X19Y28         LUT5 (Prop_lut5_I4_O)        0.124     5.071 r  layer2_out_5_U/pf_ap_return_0_U_i_53/O
                         net (fo=2, routed)           0.817     5.888    custom_dsp_dense_implementation_ap_int_16_ap_int_48_config2_U0/stalled_reg_0
    SLICE_X18Y27         LUT5 (Prop_lut5_I2_O)        0.124     6.012 f  custom_dsp_dense_implementation_ap_int_16_ap_int_48_config2_U0/pf_ap_return_0_U_i_50/O
                         net (fo=24, routed)          0.744     6.757    custom_dsp_dense_implementation_ap_int_16_ap_int_48_config2_U0/pf_ap_return_1_U/pf_continue
    SLICE_X25Y26         LUT4 (Prop_lut4_I2_O)        0.124     6.881 r  custom_dsp_dense_implementation_ap_int_16_ap_int_48_config2_U0/pf_ap_return_1_U/fifo_reg[17][0]_srl18_i_1/O
                         net (fo=50, routed)          0.935     7.816    custom_dsp_dense_implementation_ap_int_16_ap_int_48_config2_U0/pf_ap_return_1_U/write_enable
    SLICE_X30Y28         SRLC32E                                      r  custom_dsp_dense_implementation_ap_int_16_ap_int_48_config2_U0/pf_ap_return_1_U/fifo_reg[17][4]_srl18/CE
  -------------------------------------------------------------------    -------------------

                         (clock ap_clk rise edge)     4.000     4.000 r  
                                                      0.000     4.000 r  ap_clk (IN)
                         net (fo=10451, unset)        0.924     4.924    custom_dsp_dense_implementation_ap_int_16_ap_int_48_config2_U0/pf_ap_return_1_U/ap_clk
    SLICE_X30Y28         SRLC32E                                      r  custom_dsp_dense_implementation_ap_int_16_ap_int_48_config2_U0/pf_ap_return_1_U/fifo_reg[17][4]_srl18/CLK
                         clock pessimism              0.000     4.924    
                         clock uncertainty           -0.035     4.889    
    SLICE_X30Y28         SRLC32E (Setup_srlc32e_CLK_CE)
                                                     -0.517     4.372    custom_dsp_dense_implementation_ap_int_16_ap_int_48_config2_U0/pf_ap_return_1_U/fifo_reg[17][4]_srl18
  -------------------------------------------------------------------
                         required time                          4.372    
                         arrival time                          -7.816    
  -------------------------------------------------------------------
                         slack                                 -3.444    

Slack (VIOLATED) :        -3.444ns  (required time - arrival time)
  Source:                 custom_dsp_dense_implementation_ap_int_16_ap_int_48_config2_U0/pf_ap_return_5_U/fifo_reg[17][49]_srl18/CLK
                            (rising edge-triggered cell SRLC32E clocked by ap_clk  {rise@0.000ns fall@2.000ns period=4.000ns})
  Destination:            custom_dsp_dense_implementation_ap_int_16_ap_int_48_config2_U0/pf_ap_return_1_U/fifo_reg[17][7]_srl18/CE
                            (rising edge-triggered cell SRLC32E clocked by ap_clk  {rise@0.000ns fall@2.000ns period=4.000ns})
  Path Group:             ap_clk
  Path Type:              Setup (Max at Slow Process Corner)
  Requirement:            4.000ns  (ap_clk rise@4.000ns - ap_clk rise@0.000ns)
  Data Path Delay:        6.843ns  (logic 2.356ns (34.430%)  route 4.487ns (65.570%))
  Logic Levels:           6  (LUT4=3 LUT5=3)
  Clock Path Skew:        -0.049ns (DCD - SCD + CPR)
    Destination Clock Delay (DCD):    0.924ns = ( 4.924 - 4.000 ) 
    Source Clock Delay      (SCD):    0.973ns
    Clock Pessimism Removal (CPR):    0.000ns
  Clock Uncertainty:      0.035ns  ((TSJ^2 + TIJ^2)^1/2 + DJ) / 2 + PE
    Total System Jitter     (TSJ):    0.071ns
    Total Input Jitter      (TIJ):    0.000ns
    Discrete Jitter          (DJ):    0.000ns
    Phase Error              (PE):    0.000ns

    Location             Delay type                Incr(ns)  Path(ns)    Netlist Resource(s)
  -------------------------------------------------------------------    -------------------
                         (clock ap_clk rise edge)     0.000     0.000 r  
                                                      0.000     0.000 r  ap_clk (IN)
                         net (fo=10451, unset)        0.973     0.973    custom_dsp_dense_implementation_ap_int_16_ap_int_48_config2_U0/pf_ap_return_5_U/ap_clk
    SLICE_X24Y22         SRLC32E                                      r  custom_dsp_dense_implementation_ap_int_16_ap_int_48_config2_U0/pf_ap_return_5_U/fifo_reg[17][49]_srl18/CLK
  -------------------------------------------------------------------    -------------------
    SLICE_X24Y22         SRLC32E (Prop_srlc32e_CLK_Q)
                                                      1.612     2.585 f  custom_dsp_dense_implementation_ap_int_16_ap_int_48_config2_U0/pf_ap_return_5_U/fifo_reg[17][49]_srl18/Q
                         net (fo=4, routed)           0.477     3.062    custom_dsp_dense_implementation_ap_int_16_ap_int_48_config2_U0/pf_ap_return_5_U/fifo_reg[17][49]_srl18_n_0
    SLICE_X25Y25         LUT4 (Prop_lut4_I3_O)        0.124     3.186 f  custom_dsp_dense_implementation_ap_int_16_ap_int_48_config2_U0/pf_ap_return_5_U/pf_done_INST_0/O
                         net (fo=1, routed)           0.503     3.689    custom_dsp_dense_implementation_ap_int_16_ap_int_48_config2_U0/pf_ap_return_5_U_pf_done
    SLICE_X19Y29         LUT4 (Prop_lut4_I3_O)        0.124     3.813 r  custom_dsp_dense_implementation_ap_int_16_ap_int_48_config2_U0/pf_ap_return_0_U_i_51/O
                         net (fo=1, routed)           0.596     4.409    custom_dsp_dense_implementation_ap_int_16_ap_int_48_config2_U0/pf_ap_return_0_U_i_51_n_0
    SLICE_X20Y29         LUT5 (Prop_lut5_I4_O)        0.124     4.533 f  custom_dsp_dense_implementation_ap_int_16_ap_int_48_config2_U0/pf_ap_return_0_U_i_49/O
                         net (fo=22, routed)          0.415     4.947    layer2_out_5_U/custom_dsp_dense_implementation_ap_int_16_ap_int_48_config2_U0_ap_done
    SLICE_X19Y28         LUT5 (Prop_lut5_I4_O)        0.124     5.071 r  layer2_out_5_U/pf_ap_return_0_U_i_53/O
                         net (fo=2, routed)           0.817     5.888    custom_dsp_dense_implementation_ap_int_16_ap_int_48_config2_U0/stalled_reg_0
    SLICE_X18Y27         LUT5 (Prop_lut5_I2_O)        0.124     6.012 f  custom_dsp_dense_implementation_ap_int_16_ap_int_48_config2_U0/pf_ap_return_0_U_i_50/O
                         net (fo=24, routed)          0.744     6.757    custom_dsp_dense_implementation_ap_int_16_ap_int_48_config2_U0/pf_ap_return_1_U/pf_continue
    SLICE_X25Y26         LUT4 (Prop_lut4_I2_O)        0.124     6.881 r  custom_dsp_dense_implementation_ap_int_16_ap_int_48_config2_U0/pf_ap_return_1_U/fifo_reg[17][0]_srl18_i_1/O
                         net (fo=50, routed)          0.935     7.816    custom_dsp_dense_implementation_ap_int_16_ap_int_48_config2_U0/pf_ap_return_1_U/write_enable
    SLICE_X30Y28         SRLC32E                                      r  custom_dsp_dense_implementation_ap_int_16_ap_int_48_config2_U0/pf_ap_return_1_U/fifo_reg[17][7]_srl18/CE
  -------------------------------------------------------------------    -------------------

                         (clock ap_clk rise edge)     4.000     4.000 r  
                                                      0.000     4.000 r  ap_clk (IN)
                         net (fo=10451, unset)        0.924     4.924    custom_dsp_dense_implementation_ap_int_16_ap_int_48_config2_U0/pf_ap_return_1_U/ap_clk
    SLICE_X30Y28         SRLC32E                                      r  custom_dsp_dense_implementation_ap_int_16_ap_int_48_config2_U0/pf_ap_return_1_U/fifo_reg[17][7]_srl18/CLK
                         clock pessimism              0.000     4.924    
                         clock uncertainty           -0.035     4.889    
    SLICE_X30Y28         SRLC32E (Setup_srlc32e_CLK_CE)
                                                     -0.517     4.372    custom_dsp_dense_implementation_ap_int_16_ap_int_48_config2_U0/pf_ap_return_1_U/fifo_reg[17][7]_srl18
  -------------------------------------------------------------------
                         required time                          4.372    
                         arrival time                          -7.816    
  -------------------------------------------------------------------
                         slack                                 -3.444    

Slack (VIOLATED) :        -3.442ns  (required time - arrival time)
  Source:                 custom_dsp_dense_implementation_ap_int_16_ap_int_48_config2_U0/pf_ap_return_5_U/fifo_reg[17][49]_srl18/CLK
                            (rising edge-triggered cell SRLC32E clocked by ap_clk  {rise@0.000ns fall@2.000ns period=4.000ns})
  Destination:            custom_dsp_dense_implementation_ap_int_16_ap_int_48_config2_U0/pf_ap_return_4_U/fifo_rdPtr_reg[3]/D
                            (rising edge-triggered cell FDSE clocked by ap_clk  {rise@0.000ns fall@2.000ns period=4.000ns})
  Path Group:             ap_clk
  Path Type:              Setup (Max at Slow Process Corner)
  Requirement:            4.000ns  (ap_clk rise@4.000ns - ap_clk rise@0.000ns)
  Data Path Delay:        7.388ns  (logic 2.728ns (36.922%)  route 4.660ns (63.078%))
  Logic Levels:           9  (LUT3=2 LUT4=2 LUT5=5)
  Clock Path Skew:        -0.049ns (DCD - SCD + CPR)
    Destination Clock Delay (DCD):    0.924ns = ( 4.924 - 4.000 ) 
    Source Clock Delay      (SCD):    0.973ns
    Clock Pessimism Removal (CPR):    0.000ns
  Clock Uncertainty:      0.035ns  ((TSJ^2 + TIJ^2)^1/2 + DJ) / 2 + PE
    Total System Jitter     (TSJ):    0.071ns
    Total Input Jitter      (TIJ):    0.000ns
    Discrete Jitter          (DJ):    0.000ns
    Phase Error              (PE):    0.000ns

    Location             Delay type                Incr(ns)  Path(ns)    Netlist Resource(s)
  -------------------------------------------------------------------    -------------------
                         (clock ap_clk rise edge)     0.000     0.000 r  
                                                      0.000     0.000 r  ap_clk (IN)
                         net (fo=10451, unset)        0.973     0.973    custom_dsp_dense_implementation_ap_int_16_ap_int_48_config2_U0/pf_ap_return_5_U/ap_clk
    SLICE_X24Y22         SRLC32E                                      r  custom_dsp_dense_implementation_ap_int_16_ap_int_48_config2_U0/pf_ap_return_5_U/fifo_reg[17][49]_srl18/CLK
  -------------------------------------------------------------------    -------------------
    SLICE_X24Y22         SRLC32E (Prop_srlc32e_CLK_Q)
                                                      1.612     2.585 f  custom_dsp_dense_implementation_ap_int_16_ap_int_48_config2_U0/pf_ap_return_5_U/fifo_reg[17][49]_srl18/Q
                         net (fo=4, routed)           0.477     3.062    custom_dsp_dense_implementation_ap_int_16_ap_int_48_config2_U0/pf_ap_return_5_U/fifo_reg[17][49]_srl18_n_0
    SLICE_X25Y25         LUT4 (Prop_lut4_I3_O)        0.124     3.186 f  custom_dsp_dense_implementation_ap_int_16_ap_int_48_config2_U0/pf_ap_return_5_U/pf_done_INST_0/O
                         net (fo=1, routed)           0.503     3.689    custom_dsp_dense_implementation_ap_int_16_ap_int_48_config2_U0/pf_ap_return_5_U_pf_done
    SLICE_X19Y29         LUT4 (Prop_lut4_I3_O)        0.124     3.813 r  custom_dsp_dense_implementation_ap_int_16_ap_int_48_config2_U0/pf_ap_return_0_U_i_51/O
                         net (fo=1, routed)           0.596     4.409    custom_dsp_dense_implementation_ap_int_16_ap_int_48_config2_U0/pf_ap_return_0_U_i_51_n_0
    SLICE_X20Y29         LUT5 (Prop_lut5_I4_O)        0.124     4.533 f  custom_dsp_dense_implementation_ap_int_16_ap_int_48_config2_U0/pf_ap_return_0_U_i_49/O
                         net (fo=22, routed)          0.415     4.947    layer2_out_5_U/custom_dsp_dense_implementation_ap_int_16_ap_int_48_config2_U0_ap_done
    SLICE_X19Y28         LUT5 (Prop_lut5_I4_O)        0.124     5.071 r  layer2_out_5_U/pf_ap_return_0_U_i_53/O
                         net (fo=2, routed)           0.817     5.888    custom_dsp_dense_implementation_ap_int_16_ap_int_48_config2_U0/stalled_reg_0
    SLICE_X18Y27         LUT5 (Prop_lut5_I2_O)        0.124     6.012 f  custom_dsp_dense_implementation_ap_int_16_ap_int_48_config2_U0/pf_ap_return_0_U_i_50/O
                         net (fo=24, routed)          0.551     6.563    custom_dsp_dense_implementation_ap_int_16_ap_int_48_config2_U0/pf_ap_return_4_U/pf_continue
    SLICE_X17Y29         LUT5 (Prop_lut5_I4_O)        0.124     6.687 r  custom_dsp_dense_implementation_ap_int_16_ap_int_48_config2_U0/pf_ap_return_4_U/fifo_rdPtr[1]_i_3/O
                         net (fo=1, routed)           0.549     7.237    custom_dsp_dense_implementation_ap_int_16_ap_int_48_config2_U0/pf_ap_return_4_U/fifo_rdPtr[1]_i_3_n_0
    SLICE_X17Y32         LUT3 (Prop_lut3_I1_O)        0.124     7.361 r  custom_dsp_dense_implementation_ap_int_16_ap_int_48_config2_U0/pf_ap_return_4_U/fifo_rdPtr[1]_i_2/O
                         net (fo=3, routed)           0.178     7.538    custom_dsp_dense_implementation_ap_int_16_ap_int_48_config2_U0/pf_ap_return_4_U/fifo_rdPtr13_out
    SLICE_X17Y32         LUT3 (Prop_lut3_I2_O)        0.124     7.662 r  custom_dsp_dense_implementation_ap_int_16_ap_int_48_config2_U0/pf_ap_return_4_U/fifo_rdPtr[2]_i_3/O
                         net (fo=3, routed)           0.575     8.237    custom_dsp_dense_implementation_ap_int_16_ap_int_48_config2_U0/pf_ap_return_4_U/fifo_rdPtr[2]_i_3_n_0
    SLICE_X17Y30         LUT5 (Prop_lut5_I2_O)        0.124     8.361 r  custom_dsp_dense_implementation_ap_int_16_ap_int_48_config2_U0/pf_ap_return_4_U/fifo_rdPtr[3]_i_1/O
                         net (fo=1, routed)           0.000     8.361    custom_dsp_dense_implementation_ap_int_16_ap_int_48_config2_U0/pf_ap_return_4_U/fifo_rdPtr[3]_i_1_n_0
    SLICE_X17Y30         FDSE                                         r  custom_dsp_dense_implementation_ap_int_16_ap_int_48_config2_U0/pf_ap_return_4_U/fifo_rdPtr_reg[3]/D
  -------------------------------------------------------------------    -------------------

                         (clock ap_clk rise edge)     4.000     4.000 r  
                                                      0.000     4.000 r  ap_clk (IN)
                         net (fo=10451, unset)        0.924     4.924    custom_dsp_dense_implementation_ap_int_16_ap_int_48_config2_U0/pf_ap_return_4_U/ap_clk
    SLICE_X17Y30         FDSE                                         r  custom_dsp_dense_implementation_ap_int_16_ap_int_48_config2_U0/pf_ap_return_4_U/fifo_rdPtr_reg[3]/C
                         clock pessimism              0.000     4.924    
                         clock uncertainty           -0.035     4.889    
    SLICE_X17Y30         FDSE (Setup_fdse_C_D)        0.031     4.920    custom_dsp_dense_implementation_ap_int_16_ap_int_48_config2_U0/pf_ap_return_4_U/fifo_rdPtr_reg[3]
  -------------------------------------------------------------------
                         required time                          4.920    
                         arrival time                          -8.361    
  -------------------------------------------------------------------
                         slack                                 -3.442    

Slack (VIOLATED) :        -3.439ns  (required time - arrival time)
  Source:                 custom_dsp_dense_implementation_ap_int_16_ap_int_48_config2_U0/pf_ap_return_5_U/fifo_reg[17][49]_srl18/CLK
                            (rising edge-triggered cell SRLC32E clocked by ap_clk  {rise@0.000ns fall@2.000ns period=4.000ns})
  Destination:            custom_dsp_dense_implementation_ap_int_16_ap_int_48_config2_U0/pf_ap_return_4_U/fifo_rdPtr_reg[1]/D
                            (rising edge-triggered cell FDSE clocked by ap_clk  {rise@0.000ns fall@2.000ns period=4.000ns})
  Path Group:             ap_clk
  Path Type:              Setup (Max at Slow Process Corner)
  Requirement:            4.000ns  (ap_clk rise@4.000ns - ap_clk rise@0.000ns)
  Data Path Delay:        7.430ns  (logic 2.633ns (35.436%)  route 4.797ns (64.564%))
  Logic Levels:           8  (LUT3=1 LUT4=3 LUT5=4)
  Clock Path Skew:        -0.049ns (DCD - SCD + CPR)
    Destination Clock Delay (DCD):    0.924ns = ( 4.924 - 4.000 ) 
    Source Clock Delay      (SCD):    0.973ns
    Clock Pessimism Removal (CPR):    0.000ns
  Clock Uncertainty:      0.035ns  ((TSJ^2 + TIJ^2)^1/2 + DJ) / 2 + PE
    Total System Jitter     (TSJ):    0.071ns
    Total Input Jitter      (TIJ):    0.000ns
    Discrete Jitter          (DJ):    0.000ns
    Phase Error              (PE):    0.000ns

    Location             Delay type                Incr(ns)  Path(ns)    Netlist Resource(s)
  -------------------------------------------------------------------    -------------------
                         (clock ap_clk rise edge)     0.000     0.000 r  
                                                      0.000     0.000 r  ap_clk (IN)
                         net (fo=10451, unset)        0.973     0.973    custom_dsp_dense_implementation_ap_int_16_ap_int_48_config2_U0/pf_ap_return_5_U/ap_clk
    SLICE_X24Y22         SRLC32E                                      r  custom_dsp_dense_implementation_ap_int_16_ap_int_48_config2_U0/pf_ap_return_5_U/fifo_reg[17][49]_srl18/CLK
  -------------------------------------------------------------------    -------------------
    SLICE_X24Y22         SRLC32E (Prop_srlc32e_CLK_Q)
                                                      1.612     2.585 f  custom_dsp_dense_implementation_ap_int_16_ap_int_48_config2_U0/pf_ap_return_5_U/fifo_reg[17][49]_srl18/Q
                         net (fo=4, routed)           0.477     3.062    custom_dsp_dense_implementation_ap_int_16_ap_int_48_config2_U0/pf_ap_return_5_U/fifo_reg[17][49]_srl18_n_0
    SLICE_X25Y25         LUT4 (Prop_lut4_I3_O)        0.124     3.186 f  custom_dsp_dense_implementation_ap_int_16_ap_int_48_config2_U0/pf_ap_return_5_U/pf_done_INST_0/O
                         net (fo=1, routed)           0.503     3.689    custom_dsp_dense_implementation_ap_int_16_ap_int_48_config2_U0/pf_ap_return_5_U_pf_done
    SLICE_X19Y29         LUT4 (Prop_lut4_I3_O)        0.124     3.813 r  custom_dsp_dense_implementation_ap_int_16_ap_int_48_config2_U0/pf_ap_return_0_U_i_51/O
                         net (fo=1, routed)           0.596     4.409    custom_dsp_dense_implementation_ap_int_16_ap_int_48_config2_U0/pf_ap_return_0_U_i_51_n_0
    SLICE_X20Y29         LUT5 (Prop_lut5_I4_O)        0.124     4.533 f  custom_dsp_dense_implementation_ap_int_16_ap_int_48_config2_U0/pf_ap_return_0_U_i_49/O
                         net (fo=22, routed)          0.415     4.947    layer2_out_5_U/custom_dsp_dense_implementation_ap_int_16_ap_int_48_config2_U0_ap_done
    SLICE_X19Y28         LUT5 (Prop_lut5_I4_O)        0.124     5.071 r  layer2_out_5_U/pf_ap_return_0_U_i_53/O
                         net (fo=2, routed)           0.817     5.888    custom_dsp_dense_implementation_ap_int_16_ap_int_48_config2_U0/stalled_reg_0
    SLICE_X18Y27         LUT5 (Prop_lut5_I2_O)        0.124     6.012 f  custom_dsp_dense_implementation_ap_int_16_ap_int_48_config2_U0/pf_ap_return_0_U_i_50/O
                         net (fo=24, routed)          0.551     6.563    custom_dsp_dense_implementation_ap_int_16_ap_int_48_config2_U0/pf_ap_return_4_U/pf_continue
    SLICE_X17Y29         LUT5 (Prop_lut5_I4_O)        0.124     6.687 r  custom_dsp_dense_implementation_ap_int_16_ap_int_48_config2_U0/pf_ap_return_4_U/fifo_rdPtr[1]_i_3/O
                         net (fo=1, routed)           0.549     7.237    custom_dsp_dense_implementation_ap_int_16_ap_int_48_config2_U0/pf_ap_return_4_U/fifo_rdPtr[1]_i_3_n_0
    SLICE_X17Y32         LUT3 (Prop_lut3_I1_O)        0.124     7.361 r  custom_dsp_dense_implementation_ap_int_16_ap_int_48_config2_U0/pf_ap_return_4_U/fifo_rdPtr[1]_i_2/O
                         net (fo=3, routed)           0.890     8.250    custom_dsp_dense_implementation_ap_int_16_ap_int_48_config2_U0/pf_ap_return_4_U/fifo_rdPtr13_out
    SLICE_X21Y30         LUT4 (Prop_lut4_I2_O)        0.153     8.403 r  custom_dsp_dense_implementation_ap_int_16_ap_int_48_config2_U0/pf_ap_return_4_U/fifo_rdPtr[1]_i_1/O
                         net (fo=1, routed)           0.000     8.403    custom_dsp_dense_implementation_ap_int_16_ap_int_48_config2_U0/pf_ap_return_4_U/fifo_rdPtr[1]_i_1_n_0
    SLICE_X21Y30         FDSE                                         r  custom_dsp_dense_implementation_ap_int_16_ap_int_48_config2_U0/pf_ap_return_4_U/fifo_rdPtr_reg[1]/D
  -------------------------------------------------------------------    -------------------

                         (clock ap_clk rise edge)     4.000     4.000 r  
                                                      0.000     4.000 r  ap_clk (IN)
                         net (fo=10451, unset)        0.924     4.924    custom_dsp_dense_implementation_ap_int_16_ap_int_48_config2_U0/pf_ap_return_4_U/ap_clk
    SLICE_X21Y30         FDSE                                         r  custom_dsp_dense_implementation_ap_int_16_ap_int_48_config2_U0/pf_ap_return_4_U/fifo_rdPtr_reg[1]/C
                         clock pessimism              0.000     4.924    
                         clock uncertainty           -0.035     4.889    
    SLICE_X21Y30         FDSE (Setup_fdse_C_D)        0.075     4.964    custom_dsp_dense_implementation_ap_int_16_ap_int_48_config2_U0/pf_ap_return_4_U/fifo_rdPtr_reg[1]
  -------------------------------------------------------------------
                         required time                          4.964    
                         arrival time                          -8.403    
  -------------------------------------------------------------------
                         slack                                 -3.439    

Slack (VIOLATED) :        -3.439ns  (required time - arrival time)
  Source:                 custom_dsp_dense_implementation_ap_int_16_ap_int_48_config2_U0/pf_ap_return_5_U/fifo_reg[17][49]_srl18/CLK
                            (rising edge-triggered cell SRLC32E clocked by ap_clk  {rise@0.000ns fall@2.000ns period=4.000ns})
  Destination:            custom_dsp_dense_implementation_ap_int_16_ap_int_48_config2_U0/pf_ap_return_1_U/fifo_reg[17][41]_srl18/CE
                            (rising edge-triggered cell SRLC32E clocked by ap_clk  {rise@0.000ns fall@2.000ns period=4.000ns})
  Path Group:             ap_clk
  Path Type:              Setup (Max at Slow Process Corner)
  Requirement:            4.000ns  (ap_clk rise@4.000ns - ap_clk rise@0.000ns)
  Data Path Delay:        6.843ns  (logic 2.356ns (34.432%)  route 4.487ns (65.568%))
  Logic Levels:           6  (LUT4=3 LUT5=3)
  Clock Path Skew:        -0.049ns (DCD - SCD + CPR)
    Destination Clock Delay (DCD):    0.924ns = ( 4.924 - 4.000 ) 
    Source Clock Delay      (SCD):    0.973ns
    Clock Pessimism Removal (CPR):    0.000ns
  Clock Uncertainty:      0.035ns  ((TSJ^2 + TIJ^2)^1/2 + DJ) / 2 + PE
    Total System Jitter     (TSJ):    0.071ns
    Total Input Jitter      (TIJ):    0.000ns
    Discrete Jitter          (DJ):    0.000ns
    Phase Error              (PE):    0.000ns

    Location             Delay type                Incr(ns)  Path(ns)    Netlist Resource(s)
  -------------------------------------------------------------------    -------------------
                         (clock ap_clk rise edge)     0.000     0.000 r  
                                                      0.000     0.000 r  ap_clk (IN)
                         net (fo=10451, unset)        0.973     0.973    custom_dsp_dense_implementation_ap_int_16_ap_int_48_config2_U0/pf_ap_return_5_U/ap_clk
    SLICE_X24Y22         SRLC32E                                      r  custom_dsp_dense_implementation_ap_int_16_ap_int_48_config2_U0/pf_ap_return_5_U/fifo_reg[17][49]_srl18/CLK
  -------------------------------------------------------------------    -------------------
    SLICE_X24Y22         SRLC32E (Prop_srlc32e_CLK_Q)
                                                      1.612     2.585 f  custom_dsp_dense_implementation_ap_int_16_ap_int_48_config2_U0/pf_ap_return_5_U/fifo_reg[17][49]_srl18/Q
                         net (fo=4, routed)           0.477     3.062    custom_dsp_dense_implementation_ap_int_16_ap_int_48_config2_U0/pf_ap_return_5_U/fifo_reg[17][49]_srl18_n_0
    SLICE_X25Y25         LUT4 (Prop_lut4_I3_O)        0.124     3.186 f  custom_dsp_dense_implementation_ap_int_16_ap_int_48_config2_U0/pf_ap_return_5_U/pf_done_INST_0/O
                         net (fo=1, routed)           0.503     3.689    custom_dsp_dense_implementation_ap_int_16_ap_int_48_config2_U0/pf_ap_return_5_U_pf_done
    SLICE_X19Y29         LUT4 (Prop_lut4_I3_O)        0.124     3.813 r  custom_dsp_dense_implementation_ap_int_16_ap_int_48_config2_U0/pf_ap_return_0_U_i_51/O
                         net (fo=1, routed)           0.596     4.409    custom_dsp_dense_implementation_ap_int_16_ap_int_48_config2_U0/pf_ap_return_0_U_i_51_n_0
    SLICE_X20Y29         LUT5 (Prop_lut5_I4_O)        0.124     4.533 f  custom_dsp_dense_implementation_ap_int_16_ap_int_48_config2_U0/pf_ap_return_0_U_i_49/O
                         net (fo=22, routed)          0.415     4.947    layer2_out_5_U/custom_dsp_dense_implementation_ap_int_16_ap_int_48_config2_U0_ap_done
    SLICE_X19Y28         LUT5 (Prop_lut5_I4_O)        0.124     5.071 r  layer2_out_5_U/pf_ap_return_0_U_i_53/O
                         net (fo=2, routed)           0.817     5.888    custom_dsp_dense_implementation_ap_int_16_ap_int_48_config2_U0/stalled_reg_0
    SLICE_X18Y27         LUT5 (Prop_lut5_I2_O)        0.124     6.012 f  custom_dsp_dense_implementation_ap_int_16_ap_int_48_config2_U0/pf_ap_return_0_U_i_50/O
                         net (fo=24, routed)          0.744     6.757    custom_dsp_dense_implementation_ap_int_16_ap_int_48_config2_U0/pf_ap_return_1_U/pf_continue
    SLICE_X25Y26         LUT4 (Prop_lut4_I2_O)        0.124     6.881 r  custom_dsp_dense_implementation_ap_int_16_ap_int_48_config2_U0/pf_ap_return_1_U/fifo_reg[17][0]_srl18_i_1/O
                         net (fo=50, routed)          0.935     7.816    custom_dsp_dense_implementation_ap_int_16_ap_int_48_config2_U0/pf_ap_return_1_U/write_enable
    SLICE_X28Y32         SRLC32E                                      r  custom_dsp_dense_implementation_ap_int_16_ap_int_48_config2_U0/pf_ap_return_1_U/fifo_reg[17][41]_srl18/CE
  -------------------------------------------------------------------    -------------------

                         (clock ap_clk rise edge)     4.000     4.000 r  
                                                      0.000     4.000 r  ap_clk (IN)
                         net (fo=10451, unset)        0.924     4.924    custom_dsp_dense_implementation_ap_int_16_ap_int_48_config2_U0/pf_ap_return_1_U/ap_clk
    SLICE_X28Y32         SRLC32E                                      r  custom_dsp_dense_implementation_ap_int_16_ap_int_48_config2_U0/pf_ap_return_1_U/fifo_reg[17][41]_srl18/CLK
                         clock pessimism              0.000     4.924    
                         clock uncertainty           -0.035     4.889    
    SLICE_X28Y32         SRLC32E (Setup_srlc32e_CLK_CE)
                                                     -0.512     4.377    custom_dsp_dense_implementation_ap_int_16_ap_int_48_config2_U0/pf_ap_return_1_U/fifo_reg[17][41]_srl18
  -------------------------------------------------------------------
                         required time                          4.377    
                         arrival time                          -7.816    
  -------------------------------------------------------------------
                         slack                                 -3.439    




