
****** Vivado v2024.1 (64-bit)
  **** SW Build 5076996 on Wed May 22 18:36:09 MDT 2024
  **** IP Build 5075265 on Wed May 22 21:45:21 MDT 2024
  **** SharedData Build 5076995 on Wed May 22 18:29:18 MDT 2024
  **** Start of session at: Tue Sep  1 23:39:31 2026
    ** Copyright 1986-2022 Xilinx, Inc. All Rights Reserved.
    ** Copyright 2022-2024 Advanced Micro Devices, Inc. All Rights Reserved.

source Analyze_Build_Verilog.tcl
# read_verilog [glob ./SampleNeuralNet_prj/solution1/syn/verilog/*.v]
read_verilog: Time (s): cpu = 00:00:16 ; elapsed = 00:00:19 . Memory (MB): peak = 1683.586 ; gain = 270.945 ; free physical = 85412 ; free virtual = 124490
# synth_design \
#     -top SampleNeuralNet \
#     -part xc7z010clg400-1 \
#     -mode out_of_context
Command: synth_design -top SampleNeuralNet -part xc7z010clg400-1 -mode out_of_context
Starting synth_design
Attempting to get a license for feature 'Synthesis' and/or device 'xc7z010'
INFO: [Common 17-349] Got license for feature 'Synthesis' and/or device 'xc7z010'
INFO: [Synth 8-7079] Multithreading enabled for synth_design using a maximum of 4 processes.
INFO: [Synth 8-7078] Launching helper process for spawning children vivado processes
INFO: [Synth 8-7075] Helper process launched with PID 1208070
---------------------------------------------------------------------------------
Starting Synthesize : Time (s): cpu = 00:00:03 ; elapsed = 00:00:03 . Memory (MB): peak = 2115.176 ; gain = 425.621 ; free physical = 84641 ; free virtual = 123720
---------------------------------------------------------------------------------
INFO: [Synth 8-6157] synthesizing module 'SampleNeuralNet' [/home/eim32828/Desktop/Vitis_HLS_Gens/SampleNeuralNets_1_9_v2/Custom_Edited/SampleNeuralNet_prj/solution1/syn/verilog/SampleNeuralNet.v:9]
INFO: [Synth 8-6157] synthesizing module 'SampleNeuralNet_custom_dsp_dense_implementation_ap_int_16_ap_int_48_config2_s' [/home/eim32828/Desktop/Vitis_HLS_Gens/SampleNeuralNets_1_9_v2/Custom_Edited/SampleNeuralNet_prj/solution1/syn/verilog/SampleNeuralNet_custom_dsp_dense_implementation_ap_int_16_ap_int_48_config2_s.v:9]
INFO: [Synth 8-6157] synthesizing module 'SampleNeuralNet_custom_dsp_dense_implementation_ap_int_16_ap_int_48_config2_s_w2_ROM_NP_BRAM_2R' [/home/eim32828/Desktop/Vitis_HLS_Gens/SampleNeuralNets_1_9_v2/Custom_Edited/SampleNeuralNet_prj/solution1/syn/verilog/SampleNeuralNet_custom_dsp_dense_implementation_ap_int_16_ap_int_48_config2_s_w2_ROM_NP_BRAM_2R.v:7]
	Parameter DataWidth bound to: 117 - type: integer 
	Parameter AddressWidth bound to: 3 - type: integer 
	Parameter AddressRange bound to: 8 - type: integer 
INFO: [Synth 8-3876] $readmem data file './SampleNeuralNet_custom_dsp_dense_implementation_ap_int_16_ap_int_48_config2_s_w2_ROM_NP_BRAM_2R.dat' is read successfully [/home/eim32828/Desktop/Vitis_HLS_Gens/SampleNeuralNets_1_9_v2/Custom_Edited/SampleNeuralNet_prj/solution1/syn/verilog/SampleNeuralNet_custom_dsp_dense_implementation_ap_int_16_ap_int_48_config2_s_w2_ROM_NP_BRAM_2R.v:32]
INFO: [Synth 8-6155] done synthesizing module 'SampleNeuralNet_custom_dsp_dense_implementation_ap_int_16_ap_int_48_config2_s_w2_ROM_NP_BRAM_2R' (0#1) [/home/eim32828/Desktop/Vitis_HLS_Gens/SampleNeuralNets_1_9_v2/Custom_Edited/SampleNeuralNet_prj/solution1/syn/verilog/SampleNeuralNet_custom_dsp_dense_implementation_ap_int_16_ap_int_48_config2_s_w2_ROM_NP_BRAM_2R.v:7]
INFO: [Synth 8-6157] synthesizing module 'SampleNeuralNet_dsp_48ns_32ns_64ns_25ns_30ns_18ns_48ns_1s_48_5_1' [/home/eim32828/Desktop/Vitis_HLS_Gens/SampleNeuralNets_1_9_v2/Custom_Edited/SampleNeuralNet_prj/solution1/syn/verilog/SampleNeuralNet_dsp_48ns_32ns_64ns_25ns_30ns_18ns_48ns_1s_48_5_1.v:156]
	Parameter ID bound to: 1 - type: integer 
	Parameter NUM_STAGE bound to: 5 - type: integer 
	Parameter din0_WIDTH bound to: 25 - type: integer 
	Parameter din1_WIDTH bound to: 30 - type: integer 
	Parameter din2_WIDTH bound to: 18 - type: integer 
	Parameter din3_WIDTH bound to: 48 - type: integer 
	Parameter din4_WIDTH bound to: 1 - type: integer 
	Parameter dout_WIDTH bound to: 48 - type: integer 
INFO: [Synth 8-6157] synthesizing module 'SampleNeuralNet_dsp_48ns_32ns_64ns_25ns_30ns_18ns_48ns_1s_48_5_1_DSP_Builtin' [/home/eim32828/Desktop/Vitis_HLS_Gens/SampleNeuralNets_1_9_v2/Custom_Edited/SampleNeuralNet_prj/solution1/syn/verilog/SampleNeuralNet_dsp_48ns_32ns_64ns_25ns_30ns_18ns_48ns_1s_48_5_1.v:9]
INFO: [Synth 8-6155] done synthesizing module 'SampleNeuralNet_dsp_48ns_32ns_64ns_25ns_30ns_18ns_48ns_1s_48_5_1_DSP_Builtin' (0#1) [/home/eim32828/Desktop/Vitis_HLS_Gens/SampleNeuralNets_1_9_v2/Custom_Edited/SampleNeuralNet_prj/solution1/syn/verilog/SampleNeuralNet_dsp_48ns_32ns_64ns_25ns_30ns_18ns_48ns_1s_48_5_1.v:9]
WARNING: [Synth 8-689] width (30) of port connection 'in1' does not match port width (25) of module 'SampleNeuralNet_dsp_48ns_32ns_64ns_25ns_30ns_18ns_48ns_1s_48_5_1_DSP_Builtin' [/home/eim32828/Desktop/Vitis_HLS_Gens/SampleNeuralNets_1_9_v2/Custom_Edited/SampleNeuralNet_prj/solution1/syn/verilog/SampleNeuralNet_dsp_48ns_32ns_64ns_25ns_30ns_18ns_48ns_1s_48_5_1.v:190]
INFO: [Synth 8-6155] done synthesizing module 'SampleNeuralNet_dsp_48ns_32ns_64ns_25ns_30ns_18ns_48ns_1s_48_5_1' (0#1) [/home/eim32828/Desktop/Vitis_HLS_Gens/SampleNeuralNets_1_9_v2/Custom_Edited/SampleNeuralNet_prj/solution1/syn/verilog/SampleNeuralNet_dsp_48ns_32ns_64ns_25ns_30ns_18ns_48ns_1s_48_5_1.v:156]
INFO: [Synth 8-6157] synthesizing module 'SampleNeuralNet_dsp_48ns_32ns_64ns_25ns_30s_18ns_48ns_1s_48_5_1' [/home/eim32828/Desktop/Vitis_HLS_Gens/SampleNeuralNets_1_9_v2/Custom_Edited/SampleNeuralNet_prj/solution1/syn/verilog/SampleNeuralNet_dsp_48ns_32ns_64ns_25ns_30s_18ns_48ns_1s_48_5_1.v:156]
	Parameter ID bound to: 1 - type: integer 
	Parameter NUM_STAGE bound to: 5 - type: integer 
	Parameter din0_WIDTH bound to: 25 - type: integer 
	Parameter din1_WIDTH bound to: 30 - type: integer 
	Parameter din2_WIDTH bound to: 18 - type: integer 
	Parameter din3_WIDTH bound to: 48 - type: integer 
	Parameter din4_WIDTH bound to: 1 - type: integer 
	Parameter dout_WIDTH bound to: 48 - type: integer 
INFO: [Synth 8-6157] synthesizing module 'SampleNeuralNet_dsp_48ns_32ns_64ns_25ns_30s_18ns_48ns_1s_48_5_1_DSP_Builtin' [/home/eim32828/Desktop/Vitis_HLS_Gens/SampleNeuralNets_1_9_v2/Custom_Edited/SampleNeuralNet_prj/solution1/syn/verilog/SampleNeuralNet_dsp_48ns_32ns_64ns_25ns_30s_18ns_48ns_1s_48_5_1.v:9]
INFO: [Synth 8-6155] done synthesizing module 'SampleNeuralNet_dsp_48ns_32ns_64ns_25ns_30s_18ns_48ns_1s_48_5_1_DSP_Builtin' (0#1) [/home/eim32828/Desktop/Vitis_HLS_Gens/SampleNeuralNets_1_9_v2/Custom_Edited/SampleNeuralNet_prj/solution1/syn/verilog/SampleNeuralNet_dsp_48ns_32ns_64ns_25ns_30s_18ns_48ns_1s_48_5_1.v:9]
WARNING: [Synth 8-689] width (30) of port connection 'in1' does not match port width (25) of module 'SampleNeuralNet_dsp_48ns_32ns_64ns_25ns_30s_18ns_48ns_1s_48_5_1_DSP_Builtin' [/home/eim32828/Desktop/Vitis_HLS_Gens/SampleNeuralNets_1_9_v2/Custom_Edited/SampleNeuralNet_prj/solution1/syn/verilog/SampleNeuralNet_dsp_48ns_32ns_64ns_25ns_30s_18ns_48ns_1s_48_5_1.v:190]
INFO: [Synth 8-6155] done synthesizing module 'SampleNeuralNet_dsp_48ns_32ns_64ns_25ns_30s_18ns_48ns_1s_48_5_1' (0#1) [/home/eim32828/Desktop/Vitis_HLS_Gens/SampleNeuralNets_1_9_v2/Custom_Edited/SampleNeuralNet_prj/solution1/syn/verilog/SampleNeuralNet_dsp_48ns_32ns_64ns_25ns_30s_18ns_48ns_1s_48_5_1.v:156]
INFO: [Synth 8-6157] synthesizing module 'SampleNeuralNet_lshr_128ns_7ns_128_7_1' [/home/eim32828/Desktop/Vitis_HLS_Gens/SampleNeuralNets_1_9_v2/Custom_Edited/SampleNeuralNet_prj/solution1/syn/verilog/SampleNeuralNet_lshr_128ns_7ns_128_7_1.v:9]
	Parameter ID bound to: 1 - type: integer 
	Parameter NUM_STAGE bound to: 7 - type: integer 
	Parameter din0_WIDTH bound to: 128 - type: integer 
	Parameter din1_WIDTH bound to: 7 - type: integer 
	Parameter dout_WIDTH bound to: 128 - type: integer 
	Parameter OP bound to: 1 - type: integer 
INFO: [Synth 8-6155] done synthesizing module 'SampleNeuralNet_lshr_128ns_7ns_128_7_1' (0#1) [/home/eim32828/Desktop/Vitis_HLS_Gens/SampleNeuralNets_1_9_v2/Custom_Edited/SampleNeuralNet_prj/solution1/syn/verilog/SampleNeuralNet_lshr_128ns_7ns_128_7_1.v:9]
INFO: [Synth 8-6157] synthesizing module 'SampleNeuralNet_dsp_48ns_32ns_64ns_25ns_30s_18s_48ns_1ns_48_5_1' [/home/eim32828/Desktop/Vitis_HLS_Gens/SampleNeuralNets_1_9_v2/Custom_Edited/SampleNeuralNet_prj/solution1/syn/verilog/SampleNeuralNet_dsp_48ns_32ns_64ns_25ns_30s_18s_48ns_1ns_48_5_1.v:156]
	Parameter ID bound to: 1 - type: integer 
	Parameter NUM_STAGE bound to: 5 - type: integer 
	Parameter din0_WIDTH bound to: 25 - type: integer 
	Parameter din1_WIDTH bound to: 30 - type: integer 
	Parameter din2_WIDTH bound to: 18 - type: integer 
	Parameter din3_WIDTH bound to: 48 - type: integer 
	Parameter din4_WIDTH bound to: 1 - type: integer 
	Parameter dout_WIDTH bound to: 48 - type: integer 
INFO: [Synth 8-6157] synthesizing module 'SampleNeuralNet_dsp_48ns_32ns_64ns_25ns_30s_18s_48ns_1ns_48_5_1_DSP_Builtin' [/home/eim32828/Desktop/Vitis_HLS_Gens/SampleNeuralNets_1_9_v2/Custom_Edited/SampleNeuralNet_prj/solution1/syn/verilog/SampleNeuralNet_dsp_48ns_32ns_64ns_25ns_30s_18s_48ns_1ns_48_5_1.v:9]
INFO: [Synth 8-6155] done synthesizing module 'SampleNeuralNet_dsp_48ns_32ns_64ns_25ns_30s_18s_48ns_1ns_48_5_1_DSP_Builtin' (0#1) [/home/eim32828/Desktop/Vitis_HLS_Gens/SampleNeuralNets_1_9_v2/Custom_Edited/SampleNeuralNet_prj/solution1/syn/verilog/SampleNeuralNet_dsp_48ns_32ns_64ns_25ns_30s_18s_48ns_1ns_48_5_1.v:9]
WARNING: [Synth 8-689] width (30) of port connection 'in1' does not match port width (25) of module 'SampleNeuralNet_dsp_48ns_32ns_64ns_25ns_30s_18s_48ns_1ns_48_5_1_DSP_Builtin' [/home/eim32828/Desktop/Vitis_HLS_Gens/SampleNeuralNets_1_9_v2/Custom_Edited/SampleNeuralNet_prj/solution1/syn/verilog/SampleNeuralNet_dsp_48ns_32ns_64ns_25ns_30s_18s_48ns_1ns_48_5_1.v:190]
INFO: [Synth 8-6155] done synthesizing module 'SampleNeuralNet_dsp_48ns_32ns_64ns_25ns_30s_18s_48ns_1ns_48_5_1' (0#1) [/home/eim32828/Desktop/Vitis_HLS_Gens/SampleNeuralNets_1_9_v2/Custom_Edited/SampleNeuralNet_prj/solution1/syn/verilog/SampleNeuralNet_dsp_48ns_32ns_64ns_25ns_30s_18s_48ns_1ns_48_5_1.v:156]
INFO: [Synth 8-6157] synthesizing module 'SampleNeuralNet_flow_control_loop_pipe' [/home/eim32828/Desktop/Vitis_HLS_Gens/SampleNeuralNets_1_9_v2/Custom_Edited/SampleNeuralNet_prj/solution1/syn/verilog/SampleNeuralNet_flow_control_loop_pipe.v:11]
INFO: [Synth 8-6155] done synthesizing module 'SampleNeuralNet_flow_control_loop_pipe' (0#1) [/home/eim32828/Desktop/Vitis_HLS_Gens/SampleNeuralNets_1_9_v2/Custom_Edited/SampleNeuralNet_prj/solution1/syn/verilog/SampleNeuralNet_flow_control_loop_pipe.v:11]
INFO: [Synth 8-6155] done synthesizing module 'SampleNeuralNet_custom_dsp_dense_implementation_ap_int_16_ap_int_48_config2_s' (0#1) [/home/eim32828/Desktop/Vitis_HLS_Gens/SampleNeuralNets_1_9_v2/Custom_Edited/SampleNeuralNet_prj/solution1/syn/verilog/SampleNeuralNet_custom_dsp_dense_implementation_ap_int_16_ap_int_48_config2_s.v:9]
INFO: [Synth 8-6157] synthesizing module 'SampleNeuralNet_thresholded_relu_ap_int_48_ap_int_48_ap_int_16_thresholdedrelu_config3_s' [/home/eim32828/Desktop/Vitis_HLS_Gens/SampleNeuralNets_1_9_v2/Custom_Edited/SampleNeuralNet_prj/solution1/syn/verilog/SampleNeuralNet_thresholded_relu_ap_int_48_ap_int_48_ap_int_16_thresholdedrelu_config3_s.v:9]
INFO: [Synth 8-6157] synthesizing module 'SampleNeuralNet_icmp_48s_48s_1_2_1' [/home/eim32828/Desktop/Vitis_HLS_Gens/SampleNeuralNets_1_9_v2/Custom_Edited/SampleNeuralNet_prj/solution1/syn/verilog/SampleNeuralNet_icmp_48s_48s_1_2_1.v:9]
	Parameter ID bound to: 1 - type: integer 
	Parameter NUM_STAGE bound to: 2 - type: integer 
	Parameter din0_WIDTH bound to: 48 - type: integer 
	Parameter din1_WIDTH bound to: 48 - type: integer 
	Parameter dout_WIDTH bound to: 1 - type: integer 
	Parameter OP_CODE bound to: 6 - type: integer 
INFO: [Synth 8-6157] synthesizing module 'SampleNeuralNet_icmp_48s_48s_1_2_1_sub' [/home/eim32828/Desktop/Vitis_HLS_Gens/SampleNeuralNets_1_9_v2/Custom_Edited/SampleNeuralNet_prj/solution1/syn/verilog/SampleNeuralNet_icmp_48s_48s_1_2_1_sub.v:11]
INFO: [Synth 8-6157] synthesizing module 'SampleNeuralNet_icmp_48s_48s_1_2_1_sub_comb_adder' [/home/eim32828/Desktop/Vitis_HLS_Gens/SampleNeuralNets_1_9_v2/Custom_Edited/SampleNeuralNet_prj/solution1/syn/verilog/SampleNeuralNet_icmp_48s_48s_1_2_1_sub.v:103]
	Parameter N bound to: 24 - type: integer 
INFO: [Synth 8-6155] done synthesizing module 'SampleNeuralNet_icmp_48s_48s_1_2_1_sub_comb_adder' (0#1) [/home/eim32828/Desktop/Vitis_HLS_Gens/SampleNeuralNets_1_9_v2/Custom_Edited/SampleNeuralNet_prj/solution1/syn/verilog/SampleNeuralNet_icmp_48s_48s_1_2_1_sub.v:103]
INFO: [Synth 8-6157] synthesizing module 'SampleNeuralNet_icmp_48s_48s_1_2_1_sub_comb_adder__parameterized0' [/home/eim32828/Desktop/Vitis_HLS_Gens/SampleNeuralNets_1_9_v2/Custom_Edited/SampleNeuralNet_prj/solution1/syn/verilog/SampleNeuralNet_icmp_48s_48s_1_2_1_sub.v:103]
	Parameter N bound to: 25 - type: integer 
INFO: [Synth 8-6155] done synthesizing module 'SampleNeuralNet_icmp_48s_48s_1_2_1_sub_comb_adder__parameterized0' (0#1) [/home/eim32828/Desktop/Vitis_HLS_Gens/SampleNeuralNets_1_9_v2/Custom_Edited/SampleNeuralNet_prj/solution1/syn/verilog/SampleNeuralNet_icmp_48s_48s_1_2_1_sub.v:103]
INFO: [Synth 8-6155] done synthesizing module 'SampleNeuralNet_icmp_48s_48s_1_2_1_sub' (0#1) [/home/eim32828/Desktop/Vitis_HLS_Gens/SampleNeuralNets_1_9_v2/Custom_Edited/SampleNeuralNet_prj/solution1/syn/verilog/SampleNeuralNet_icmp_48s_48s_1_2_1_sub.v:11]
INFO: [Synth 8-6155] done synthesizing module 'SampleNeuralNet_icmp_48s_48s_1_2_1' (0#1) [/home/eim32828/Desktop/Vitis_HLS_Gens/SampleNeuralNets_1_9_v2/Custom_Edited/SampleNeuralNet_prj/solution1/syn/verilog/SampleNeuralNet_icmp_48s_48s_1_2_1.v:9]
INFO: [Synth 8-6155] done synthesizing module 'SampleNeuralNet_thresholded_relu_ap_int_48_ap_int_48_ap_int_16_thresholdedrelu_config3_s' (0#1) [/home/eim32828/Desktop/Vitis_HLS_Gens/SampleNeuralNets_1_9_v2/Custom_Edited/SampleNeuralNet_prj/solution1/syn/verilog/SampleNeuralNet_thresholded_relu_ap_int_48_ap_int_48_ap_int_16_thresholdedrelu_config3_s.v:9]
INFO: [Synth 8-6157] synthesizing module 'SampleNeuralNet_custom_dsp_dense_implementation_ap_int_16_ap_int_48_config4_s' [/home/eim32828/Desktop/Vitis_HLS_Gens/SampleNeuralNets_1_9_v2/Custom_Edited/SampleNeuralNet_prj/solution1/syn/verilog/SampleNeuralNet_custom_dsp_dense_implementation_ap_int_16_ap_int_48_config4_s.v:9]
INFO: [Synth 8-6157] synthesizing module 'SampleNeuralNet_custom_dsp_dense_implementation_ap_int_16_ap_int_48_config4_s_w4_ROM_NP_BRAM_2R' [/home/eim32828/Desktop/Vitis_HLS_Gens/SampleNeuralNets_1_9_v2/Custom_Edited/SampleNeuralNet_prj/solution1/syn/verilog/SampleNeuralNet_custom_dsp_dense_implementation_ap_int_16_ap_int_48_config4_s_w4_ROM_NP_BRAM_2R.v:7]
	Parameter DataWidth bound to: 117 - type: integer 
	Parameter AddressWidth bound to: 3 - type: integer 
	Parameter AddressRange bound to: 8 - type: integer 
INFO: [Synth 8-3876] $readmem data file './SampleNeuralNet_custom_dsp_dense_implementation_ap_int_16_ap_int_48_config4_s_w4_ROM_NP_BRAM_2R.dat' is read successfully [/home/eim32828/Desktop/Vitis_HLS_Gens/SampleNeuralNets_1_9_v2/Custom_Edited/SampleNeuralNet_prj/solution1/syn/verilog/SampleNeuralNet_custom_dsp_dense_implementation_ap_int_16_ap_int_48_config4_s_w4_ROM_NP_BRAM_2R.v:32]
INFO: [Synth 8-6155] done synthesizing module 'SampleNeuralNet_custom_dsp_dense_implementation_ap_int_16_ap_int_48_config4_s_w4_ROM_NP_BRAM_2R' (0#1) [/home/eim32828/Desktop/Vitis_HLS_Gens/SampleNeuralNets_1_9_v2/Custom_Edited/SampleNeuralNet_prj/solution1/syn/verilog/SampleNeuralNet_custom_dsp_dense_implementation_ap_int_16_ap_int_48_config4_s_w4_ROM_NP_BRAM_2R.v:7]
INFO: [Synth 8-6157] synthesizing module 'SampleNeuralNet_sparsemux_17_3_16_1_1' [/home/eim32828/Desktop/Vitis_HLS_Gens/SampleNeuralNets_1_9_v2/Custom_Edited/SampleNeuralNet_prj/solution1/syn/verilog/SampleNeuralNet_sparsemux_17_3_16_1_1.v:9]
	Parameter din0_WIDTH bound to: 16 - type: integer 
	Parameter din1_WIDTH bound to: 16 - type: integer 
	Parameter din2_WIDTH bound to: 16 - type: integer 
	Parameter din3_WIDTH bound to: 16 - type: integer 
	Parameter din4_WIDTH bound to: 16 - type: integer 
	Parameter din5_WIDTH bound to: 16 - type: integer 
	Parameter din6_WIDTH bound to: 16 - type: integer 
	Parameter din7_WIDTH bound to: 16 - type: integer 
	Parameter def_WIDTH bound to: 16 - type: integer 
	Parameter sel_WIDTH bound to: 3 - type: integer 
	Parameter dout_WIDTH bound to: 16 - type: integer 
	Parameter CASE0 bound to: 3'b000 
	Parameter CASE1 bound to: 3'b001 
	Parameter CASE2 bound to: 3'b010 
	Parameter CASE3 bound to: 3'b011 
	Parameter CASE4 bound to: 3'b100 
	Parameter CASE5 bound to: 3'b101 
	Parameter CASE6 bound to: 3'b110 
	Parameter CASE7 bound to: 3'b111 
	Parameter ID bound to: 1 - type: integer 
	Parameter NUM_STAGE bound to: 1 - type: integer 
INFO: [Synth 8-226] default block is never used [/home/eim32828/Desktop/Vitis_HLS_Gens/SampleNeuralNets_1_9_v2/Custom_Edited/SampleNeuralNet_prj/solution1/syn/verilog/SampleNeuralNet_sparsemux_17_3_16_1_1.v:79]
INFO: [Synth 8-6155] done synthesizing module 'SampleNeuralNet_sparsemux_17_3_16_1_1' (0#1) [/home/eim32828/Desktop/Vitis_HLS_Gens/SampleNeuralNets_1_9_v2/Custom_Edited/SampleNeuralNet_prj/solution1/syn/verilog/SampleNeuralNet_sparsemux_17_3_16_1_1.v:9]
INFO: [Synth 8-6155] done synthesizing module 'SampleNeuralNet_custom_dsp_dense_implementation_ap_int_16_ap_int_48_config4_s' (0#1) [/home/eim32828/Desktop/Vitis_HLS_Gens/SampleNeuralNets_1_9_v2/Custom_Edited/SampleNeuralNet_prj/solution1/syn/verilog/SampleNeuralNet_custom_dsp_dense_implementation_ap_int_16_ap_int_48_config4_s.v:9]
INFO: [Synth 8-6157] synthesizing module 'SampleNeuralNet_thresholded_relu_ap_int_48_ap_int_48_ap_int_16_thresholdedrelu_config5_s' [/home/eim32828/Desktop/Vitis_HLS_Gens/SampleNeuralNets_1_9_v2/Custom_Edited/SampleNeuralNet_prj/solution1/syn/verilog/SampleNeuralNet_thresholded_relu_ap_int_48_ap_int_48_ap_int_16_thresholdedrelu_config5_s.v:9]
INFO: [Synth 8-6155] done synthesizing module 'SampleNeuralNet_thresholded_relu_ap_int_48_ap_int_48_ap_int_16_thresholdedrelu_config5_s' (0#1) [/home/eim32828/Desktop/Vitis_HLS_Gens/SampleNeuralNets_1_9_v2/Custom_Edited/SampleNeuralNet_prj/solution1/syn/verilog/SampleNeuralNet_thresholded_relu_ap_int_48_ap_int_48_ap_int_16_thresholdedrelu_config5_s.v:9]
INFO: [Synth 8-6157] synthesizing module 'SampleNeuralNet_custom_dsp_dense_implementation_ap_int_16_ap_int_48_config6_s' [/home/eim32828/Desktop/Vitis_HLS_Gens/SampleNeuralNets_1_9_v2/Custom_Edited/SampleNeuralNet_prj/solution1/syn/verilog/SampleNeuralNet_custom_dsp_dense_implementation_ap_int_16_ap_int_48_config6_s.v:9]
INFO: [Synth 8-6157] synthesizing module 'SampleNeuralNet_custom_dsp_dense_implementation_ap_int_16_ap_int_48_config6_s_w6_ROM_NP_BRAM_2R' [/home/eim32828/Desktop/Vitis_HLS_Gens/SampleNeuralNets_1_9_v2/Custom_Edited/SampleNeuralNet_prj/solution1/syn/verilog/SampleNeuralNet_custom_dsp_dense_implementation_ap_int_16_ap_int_48_config6_s_w6_ROM_NP_BRAM_2R.v:7]
	Parameter DataWidth bound to: 117 - type: integer 
	Parameter AddressWidth bound to: 3 - type: integer 
	Parameter AddressRange bound to: 8 - type: integer 
INFO: [Synth 8-3876] $readmem data file './SampleNeuralNet_custom_dsp_dense_implementation_ap_int_16_ap_int_48_config6_s_w6_ROM_NP_BRAM_2R.dat' is read successfully [/home/eim32828/Desktop/Vitis_HLS_Gens/SampleNeuralNets_1_9_v2/Custom_Edited/SampleNeuralNet_prj/solution1/syn/verilog/SampleNeuralNet_custom_dsp_dense_implementation_ap_int_16_ap_int_48_config6_s_w6_ROM_NP_BRAM_2R.v:32]
INFO: [Synth 8-6155] done synthesizing module 'SampleNeuralNet_custom_dsp_dense_implementation_ap_int_16_ap_int_48_config6_s_w6_ROM_NP_BRAM_2R' (0#1) [/home/eim32828/Desktop/Vitis_HLS_Gens/SampleNeuralNets_1_9_v2/Custom_Edited/SampleNeuralNet_prj/solution1/syn/verilog/SampleNeuralNet_custom_dsp_dense_implementation_ap_int_16_ap_int_48_config6_s_w6_ROM_NP_BRAM_2R.v:7]
INFO: [Synth 8-6155] done synthesizing module 'SampleNeuralNet_custom_dsp_dense_implementation_ap_int_16_ap_int_48_config6_s' (0#1) [/home/eim32828/Desktop/Vitis_HLS_Gens/SampleNeuralNets_1_9_v2/Custom_Edited/SampleNeuralNet_prj/solution1/syn/verilog/SampleNeuralNet_custom_dsp_dense_implementation_ap_int_16_ap_int_48_config6_s.v:9]
INFO: [Synth 8-6157] synthesizing module 'SampleNeuralNet_thresholded_relu_ap_int_48_ap_int_48_ap_int_16_thresholdedrelu_config7_s' [/home/eim32828/Desktop/Vitis_HLS_Gens/SampleNeuralNets_1_9_v2/Custom_Edited/SampleNeuralNet_prj/solution1/syn/verilog/SampleNeuralNet_thresholded_relu_ap_int_48_ap_int_48_ap_int_16_thresholdedrelu_config7_s.v:9]
INFO: [Synth 8-6155] done synthesizing module 'SampleNeuralNet_thresholded_relu_ap_int_48_ap_int_48_ap_int_16_thresholdedrelu_config7_s' (0#1) [/home/eim32828/Desktop/Vitis_HLS_Gens/SampleNeuralNets_1_9_v2/Custom_Edited/SampleNeuralNet_prj/solution1/syn/verilog/SampleNeuralNet_thresholded_relu_ap_int_48_ap_int_48_ap_int_16_thresholdedrelu_config7_s.v:9]
INFO: [Synth 8-6157] synthesizing module 'SampleNeuralNet_fifo_w48_d2_S' [/home/eim32828/Desktop/Vitis_HLS_Gens/SampleNeuralNets_1_9_v2/Custom_Edited/SampleNeuralNet_prj/solution1/syn/verilog/SampleNeuralNet_fifo_w48_d2_S.v:11]
INFO: [Synth 8-6157] synthesizing module 'SampleNeuralNet_fifo_w48_d2_S_ShiftReg' [/home/eim32828/Desktop/Vitis_HLS_Gens/SampleNeuralNets_1_9_v2/Custom_Edited/SampleNeuralNet_prj/solution1/syn/verilog/SampleNeuralNet_fifo_w48_d2_S.v:129]
	Parameter DATA_WIDTH bound to: 48 - type: integer 
	Parameter ADDR_WIDTH bound to: 2 - type: integer 
	Parameter DEPTH bound to: 2 - type: integer 
INFO: [Synth 8-6155] done synthesizing module 'SampleNeuralNet_fifo_w48_d2_S_ShiftReg' (0#1) [/home/eim32828/Desktop/Vitis_HLS_Gens/SampleNeuralNets_1_9_v2/Custom_Edited/SampleNeuralNet_prj/solution1/syn/verilog/SampleNeuralNet_fifo_w48_d2_S.v:129]
INFO: [Synth 8-6155] done synthesizing module 'SampleNeuralNet_fifo_w48_d2_S' (0#1) [/home/eim32828/Desktop/Vitis_HLS_Gens/SampleNeuralNets_1_9_v2/Custom_Edited/SampleNeuralNet_prj/solution1/syn/verilog/SampleNeuralNet_fifo_w48_d2_S.v:11]
INFO: [Synth 8-6157] synthesizing module 'SampleNeuralNet_fifo_w16_d2_S' [/home/eim32828/Desktop/Vitis_HLS_Gens/SampleNeuralNets_1_9_v2/Custom_Edited/SampleNeuralNet_prj/solution1/syn/verilog/SampleNeuralNet_fifo_w16_d2_S.v:11]
INFO: [Synth 8-6157] synthesizing module 'SampleNeuralNet_fifo_w16_d2_S_ShiftReg' [/home/eim32828/Desktop/Vitis_HLS_Gens/SampleNeuralNets_1_9_v2/Custom_Edited/SampleNeuralNet_prj/solution1/syn/verilog/SampleNeuralNet_fifo_w16_d2_S.v:129]
	Parameter DATA_WIDTH bound to: 16 - type: integer 
	Parameter ADDR_WIDTH bound to: 2 - type: integer 
	Parameter DEPTH bound to: 2 - type: integer 
INFO: [Synth 8-6155] done synthesizing module 'SampleNeuralNet_fifo_w16_d2_S_ShiftReg' (0#1) [/home/eim32828/Desktop/Vitis_HLS_Gens/SampleNeuralNets_1_9_v2/Custom_Edited/SampleNeuralNet_prj/solution1/syn/verilog/SampleNeuralNet_fifo_w16_d2_S.v:129]
INFO: [Synth 8-6155] done synthesizing module 'SampleNeuralNet_fifo_w16_d2_S' (0#1) [/home/eim32828/Desktop/Vitis_HLS_Gens/SampleNeuralNets_1_9_v2/Custom_Edited/SampleNeuralNet_prj/solution1/syn/verilog/SampleNeuralNet_fifo_w16_d2_S.v:11]
INFO: [Synth 8-6155] done synthesizing module 'SampleNeuralNet' (0#1) [/home/eim32828/Desktop/Vitis_HLS_Gens/SampleNeuralNets_1_9_v2/Custom_Edited/SampleNeuralNet_prj/solution1/syn/verilog/SampleNeuralNet.v:9]
WARNING: [Synth 8-6014] Unused sequential element grp_fu_182_p6_2_reg was removed.  [/home/eim32828/Desktop/Vitis_HLS_Gens/SampleNeuralNets_1_9_v2/Custom_Edited/SampleNeuralNet_prj/solution1/syn/verilog/SampleNeuralNet_custom_dsp_dense_implementation_ap_int_16_ap_int_48_config2_s.v:1576]
WARNING: [Synth 8-6014] Unused sequential element grp_fu_182_p6_3_reg was removed.  [/home/eim32828/Desktop/Vitis_HLS_Gens/SampleNeuralNets_1_9_v2/Custom_Edited/SampleNeuralNet_prj/solution1/syn/verilog/SampleNeuralNet_custom_dsp_dense_implementation_ap_int_16_ap_int_48_config2_s.v:1577]
WARNING: [Synth 8-6014] Unused sequential element grp_fu_182_p7_2_reg was removed.  [/home/eim32828/Desktop/Vitis_HLS_Gens/SampleNeuralNets_1_9_v2/Custom_Edited/SampleNeuralNet_prj/solution1/syn/verilog/SampleNeuralNet_custom_dsp_dense_implementation_ap_int_16_ap_int_48_config2_s.v:1579]
WARNING: [Synth 8-6014] Unused sequential element grp_fu_200_p6_2_reg was removed.  [/home/eim32828/Desktop/Vitis_HLS_Gens/SampleNeuralNets_1_9_v2/Custom_Edited/SampleNeuralNet_prj/solution1/syn/verilog/SampleNeuralNet_custom_dsp_dense_implementation_ap_int_16_ap_int_48_config2_s.v:1582]
WARNING: [Synth 8-6014] Unused sequential element grp_fu_200_p6_3_reg was removed.  [/home/eim32828/Desktop/Vitis_HLS_Gens/SampleNeuralNets_1_9_v2/Custom_Edited/SampleNeuralNet_prj/solution1/syn/verilog/SampleNeuralNet_custom_dsp_dense_implementation_ap_int_16_ap_int_48_config2_s.v:1583]
WARNING: [Synth 8-6014] Unused sequential element grp_fu_200_p7_2_reg was removed.  [/home/eim32828/Desktop/Vitis_HLS_Gens/SampleNeuralNets_1_9_v2/Custom_Edited/SampleNeuralNet_prj/solution1/syn/verilog/SampleNeuralNet_custom_dsp_dense_implementation_ap_int_16_ap_int_48_config2_s.v:1585]
WARNING: [Synth 8-6014] Unused sequential element grp_fu_218_p6_2_reg was removed.  [/home/eim32828/Desktop/Vitis_HLS_Gens/SampleNeuralNets_1_9_v2/Custom_Edited/SampleNeuralNet_prj/solution1/syn/verilog/SampleNeuralNet_custom_dsp_dense_implementation_ap_int_16_ap_int_48_config2_s.v:1588]
WARNING: [Synth 8-6014] Unused sequential element grp_fu_218_p6_3_reg was removed.  [/home/eim32828/Desktop/Vitis_HLS_Gens/SampleNeuralNets_1_9_v2/Custom_Edited/SampleNeuralNet_prj/solution1/syn/verilog/SampleNeuralNet_custom_dsp_dense_implementation_ap_int_16_ap_int_48_config2_s.v:1589]
WARNING: [Synth 8-6014] Unused sequential element grp_fu_218_p7_2_reg was removed.  [/home/eim32828/Desktop/Vitis_HLS_Gens/SampleNeuralNets_1_9_v2/Custom_Edited/SampleNeuralNet_prj/solution1/syn/verilog/SampleNeuralNet_custom_dsp_dense_implementation_ap_int_16_ap_int_48_config2_s.v:1591]
WARNING: [Synth 8-6014] Unused sequential element grp_fu_236_p6_2_reg was removed.  [/home/eim32828/Desktop/Vitis_HLS_Gens/SampleNeuralNets_1_9_v2/Custom_Edited/SampleNeuralNet_prj/solution1/syn/verilog/SampleNeuralNet_custom_dsp_dense_implementation_ap_int_16_ap_int_48_config2_s.v:1594]
WARNING: [Synth 8-6014] Unused sequential element grp_fu_236_p6_3_reg was removed.  [/home/eim32828/Desktop/Vitis_HLS_Gens/SampleNeuralNets_1_9_v2/Custom_Edited/SampleNeuralNet_prj/solution1/syn/verilog/SampleNeuralNet_custom_dsp_dense_implementation_ap_int_16_ap_int_48_config2_s.v:1595]
WARNING: [Synth 8-6014] Unused sequential element grp_fu_236_p7_2_reg was removed.  [/home/eim32828/Desktop/Vitis_HLS_Gens/SampleNeuralNets_1_9_v2/Custom_Edited/SampleNeuralNet_prj/solution1/syn/verilog/SampleNeuralNet_custom_dsp_dense_implementation_ap_int_16_ap_int_48_config2_s.v:1597]
WARNING: [Synth 8-6014] Unused sequential element grp_fu_254_p6_2_reg was removed.  [/home/eim32828/Desktop/Vitis_HLS_Gens/SampleNeuralNets_1_9_v2/Custom_Edited/SampleNeuralNet_prj/solution1/syn/verilog/SampleNeuralNet_custom_dsp_dense_implementation_ap_int_16_ap_int_48_config2_s.v:1600]
WARNING: [Synth 8-6014] Unused sequential element grp_fu_254_p6_3_reg was removed.  [/home/eim32828/Desktop/Vitis_HLS_Gens/SampleNeuralNets_1_9_v2/Custom_Edited/SampleNeuralNet_prj/solution1/syn/verilog/SampleNeuralNet_custom_dsp_dense_implementation_ap_int_16_ap_int_48_config2_s.v:1601]
WARNING: [Synth 8-6014] Unused sequential element grp_fu_254_p7_2_reg was removed.  [/home/eim32828/Desktop/Vitis_HLS_Gens/SampleNeuralNets_1_9_v2/Custom_Edited/SampleNeuralNet_prj/solution1/syn/verilog/SampleNeuralNet_custom_dsp_dense_implementation_ap_int_16_ap_int_48_config2_s.v:1603]
WARNING: [Synth 8-6014] Unused sequential element grp_fu_272_p6_2_reg was removed.  [/home/eim32828/Desktop/Vitis_HLS_Gens/SampleNeuralNets_1_9_v2/Custom_Edited/SampleNeuralNet_prj/solution1/syn/verilog/SampleNeuralNet_custom_dsp_dense_implementation_ap_int_16_ap_int_48_config2_s.v:1606]
WARNING: [Synth 8-6014] Unused sequential element grp_fu_272_p6_3_reg was removed.  [/home/eim32828/Desktop/Vitis_HLS_Gens/SampleNeuralNets_1_9_v2/Custom_Edited/SampleNeuralNet_prj/solution1/syn/verilog/SampleNeuralNet_custom_dsp_dense_implementation_ap_int_16_ap_int_48_config2_s.v:1607]
WARNING: [Synth 8-6014] Unused sequential element grp_fu_272_p7_2_reg was removed.  [/home/eim32828/Desktop/Vitis_HLS_Gens/SampleNeuralNets_1_9_v2/Custom_Edited/SampleNeuralNet_prj/solution1/syn/verilog/SampleNeuralNet_custom_dsp_dense_implementation_ap_int_16_ap_int_48_config2_s.v:1609]
WARNING: [Synth 8-6014] Unused sequential element grp_fu_290_p6_2_reg was removed.  [/home/eim32828/Desktop/Vitis_HLS_Gens/SampleNeuralNets_1_9_v2/Custom_Edited/SampleNeuralNet_prj/solution1/syn/verilog/SampleNeuralNet_custom_dsp_dense_implementation_ap_int_16_ap_int_48_config2_s.v:1612]
WARNING: [Synth 8-6014] Unused sequential element grp_fu_290_p6_3_reg was removed.  [/home/eim32828/Desktop/Vitis_HLS_Gens/SampleNeuralNets_1_9_v2/Custom_Edited/SampleNeuralNet_prj/solution1/syn/verilog/SampleNeuralNet_custom_dsp_dense_implementation_ap_int_16_ap_int_48_config2_s.v:1613]
WARNING: [Synth 8-6014] Unused sequential element grp_fu_290_p7_2_reg was removed.  [/home/eim32828/Desktop/Vitis_HLS_Gens/SampleNeuralNets_1_9_v2/Custom_Edited/SampleNeuralNet_prj/solution1/syn/verilog/SampleNeuralNet_custom_dsp_dense_implementation_ap_int_16_ap_int_48_config2_s.v:1615]
WARNING: [Synth 8-6014] Unused sequential element grp_fu_308_p6_2_reg was removed.  [/home/eim32828/Desktop/Vitis_HLS_Gens/SampleNeuralNets_1_9_v2/Custom_Edited/SampleNeuralNet_prj/solution1/syn/verilog/SampleNeuralNet_custom_dsp_dense_implementation_ap_int_16_ap_int_48_config2_s.v:1618]
WARNING: [Synth 8-6014] Unused sequential element grp_fu_308_p6_3_reg was removed.  [/home/eim32828/Desktop/Vitis_HLS_Gens/SampleNeuralNets_1_9_v2/Custom_Edited/SampleNeuralNet_prj/solution1/syn/verilog/SampleNeuralNet_custom_dsp_dense_implementation_ap_int_16_ap_int_48_config2_s.v:1619]
WARNING: [Synth 8-6014] Unused sequential element grp_fu_308_p7_2_reg was removed.  [/home/eim32828/Desktop/Vitis_HLS_Gens/SampleNeuralNets_1_9_v2/Custom_Edited/SampleNeuralNet_prj/solution1/syn/verilog/SampleNeuralNet_custom_dsp_dense_implementation_ap_int_16_ap_int_48_config2_s.v:1621]
WARNING: [Synth 8-6014] Unused sequential element grp_fu_445_p6_2_reg was removed.  [/home/eim32828/Desktop/Vitis_HLS_Gens/SampleNeuralNets_1_9_v2/Custom_Edited/SampleNeuralNet_prj/solution1/syn/verilog/SampleNeuralNet_custom_dsp_dense_implementation_ap_int_16_ap_int_48_config2_s.v:1624]
WARNING: [Synth 8-6014] Unused sequential element grp_fu_445_p6_3_reg was removed.  [/home/eim32828/Desktop/Vitis_HLS_Gens/SampleNeuralNets_1_9_v2/Custom_Edited/SampleNeuralNet_prj/solution1/syn/verilog/SampleNeuralNet_custom_dsp_dense_implementation_ap_int_16_ap_int_48_config2_s.v:1625]
WARNING: [Synth 8-6014] Unused sequential element grp_fu_445_p7_2_reg was removed.  [/home/eim32828/Desktop/Vitis_HLS_Gens/SampleNeuralNets_1_9_v2/Custom_Edited/SampleNeuralNet_prj/solution1/syn/verilog/SampleNeuralNet_custom_dsp_dense_implementation_ap_int_16_ap_int_48_config2_s.v:1627]
WARNING: [Synth 8-6014] Unused sequential element grp_fu_466_p6_2_reg was removed.  [/home/eim32828/Desktop/Vitis_HLS_Gens/SampleNeuralNets_1_9_v2/Custom_Edited/SampleNeuralNet_prj/solution1/syn/verilog/SampleNeuralNet_custom_dsp_dense_implementation_ap_int_16_ap_int_48_config2_s.v:1630]
WARNING: [Synth 8-6014] Unused sequential element grp_fu_466_p6_3_reg was removed.  [/home/eim32828/Desktop/Vitis_HLS_Gens/SampleNeuralNets_1_9_v2/Custom_Edited/SampleNeuralNet_prj/solution1/syn/verilog/SampleNeuralNet_custom_dsp_dense_implementation_ap_int_16_ap_int_48_config2_s.v:1631]
WARNING: [Synth 8-6014] Unused sequential element grp_fu_466_p7_2_reg was removed.  [/home/eim32828/Desktop/Vitis_HLS_Gens/SampleNeuralNets_1_9_v2/Custom_Edited/SampleNeuralNet_prj/solution1/syn/verilog/SampleNeuralNet_custom_dsp_dense_implementation_ap_int_16_ap_int_48_config2_s.v:1633]
WARNING: [Synth 8-6014] Unused sequential element grp_fu_487_p6_2_reg was removed.  [/home/eim32828/Desktop/Vitis_HLS_Gens/SampleNeuralNets_1_9_v2/Custom_Edited/SampleNeuralNet_prj/solution1/syn/verilog/SampleNeuralNet_custom_dsp_dense_implementation_ap_int_16_ap_int_48_config2_s.v:1636]
WARNING: [Synth 8-6014] Unused sequential element grp_fu_487_p6_3_reg was removed.  [/home/eim32828/Desktop/Vitis_HLS_Gens/SampleNeuralNets_1_9_v2/Custom_Edited/SampleNeuralNet_prj/solution1/syn/verilog/SampleNeuralNet_custom_dsp_dense_implementation_ap_int_16_ap_int_48_config2_s.v:1637]
WARNING: [Synth 8-6014] Unused sequential element grp_fu_487_p7_2_reg was removed.  [/home/eim32828/Desktop/Vitis_HLS_Gens/SampleNeuralNets_1_9_v2/Custom_Edited/SampleNeuralNet_prj/solution1/syn/verilog/SampleNeuralNet_custom_dsp_dense_implementation_ap_int_16_ap_int_48_config2_s.v:1639]
WARNING: [Synth 8-6014] Unused sequential element grp_fu_508_p6_2_reg was removed.  [/home/eim32828/Desktop/Vitis_HLS_Gens/SampleNeuralNets_1_9_v2/Custom_Edited/SampleNeuralNet_prj/solution1/syn/verilog/SampleNeuralNet_custom_dsp_dense_implementation_ap_int_16_ap_int_48_config2_s.v:1642]
WARNING: [Synth 8-6014] Unused sequential element grp_fu_508_p6_3_reg was removed.  [/home/eim32828/Desktop/Vitis_HLS_Gens/SampleNeuralNets_1_9_v2/Custom_Edited/SampleNeuralNet_prj/solution1/syn/verilog/SampleNeuralNet_custom_dsp_dense_implementation_ap_int_16_ap_int_48_config2_s.v:1643]
WARNING: [Synth 8-6014] Unused sequential element grp_fu_508_p7_2_reg was removed.  [/home/eim32828/Desktop/Vitis_HLS_Gens/SampleNeuralNets_1_9_v2/Custom_Edited/SampleNeuralNet_prj/solution1/syn/verilog/SampleNeuralNet_custom_dsp_dense_implementation_ap_int_16_ap_int_48_config2_s.v:1645]
WARNING: [Synth 8-6014] Unused sequential element grp_fu_529_p6_2_reg was removed.  [/home/eim32828/Desktop/Vitis_HLS_Gens/SampleNeuralNets_1_9_v2/Custom_Edited/SampleNeuralNet_prj/solution1/syn/verilog/SampleNeuralNet_custom_dsp_dense_implementation_ap_int_16_ap_int_48_config2_s.v:1648]
WARNING: [Synth 8-6014] Unused sequential element grp_fu_529_p6_3_reg was removed.  [/home/eim32828/Desktop/Vitis_HLS_Gens/SampleNeuralNets_1_9_v2/Custom_Edited/SampleNeuralNet_prj/solution1/syn/verilog/SampleNeuralNet_custom_dsp_dense_implementation_ap_int_16_ap_int_48_config2_s.v:1649]
WARNING: [Synth 8-6014] Unused sequential element grp_fu_529_p7_2_reg was removed.  [/home/eim32828/Desktop/Vitis_HLS_Gens/SampleNeuralNets_1_9_v2/Custom_Edited/SampleNeuralNet_prj/solution1/syn/verilog/SampleNeuralNet_custom_dsp_dense_implementation_ap_int_16_ap_int_48_config2_s.v:1651]
WARNING: [Synth 8-6014] Unused sequential element grp_fu_550_p6_2_reg was removed.  [/home/eim32828/Desktop/Vitis_HLS_Gens/SampleNeuralNets_1_9_v2/Custom_Edited/SampleNeuralNet_prj/solution1/syn/verilog/SampleNeuralNet_custom_dsp_dense_implementation_ap_int_16_ap_int_48_config2_s.v:1654]
WARNING: [Synth 8-6014] Unused sequential element grp_fu_550_p6_3_reg was removed.  [/home/eim32828/Desktop/Vitis_HLS_Gens/SampleNeuralNets_1_9_v2/Custom_Edited/SampleNeuralNet_prj/solution1/syn/verilog/SampleNeuralNet_custom_dsp_dense_implementation_ap_int_16_ap_int_48_config2_s.v:1655]
WARNING: [Synth 8-6014] Unused sequential element grp_fu_550_p7_2_reg was removed.  [/home/eim32828/Desktop/Vitis_HLS_Gens/SampleNeuralNets_1_9_v2/Custom_Edited/SampleNeuralNet_prj/solution1/syn/verilog/SampleNeuralNet_custom_dsp_dense_implementation_ap_int_16_ap_int_48_config2_s.v:1657]
WARNING: [Synth 8-6014] Unused sequential element grp_fu_571_p6_2_reg was removed.  [/home/eim32828/Desktop/Vitis_HLS_Gens/SampleNeuralNets_1_9_v2/Custom_Edited/SampleNeuralNet_prj/solution1/syn/verilog/SampleNeuralNet_custom_dsp_dense_implementation_ap_int_16_ap_int_48_config2_s.v:1660]
WARNING: [Synth 8-6014] Unused sequential element grp_fu_571_p6_3_reg was removed.  [/home/eim32828/Desktop/Vitis_HLS_Gens/SampleNeuralNets_1_9_v2/Custom_Edited/SampleNeuralNet_prj/solution1/syn/verilog/SampleNeuralNet_custom_dsp_dense_implementation_ap_int_16_ap_int_48_config2_s.v:1661]
WARNING: [Synth 8-6014] Unused sequential element grp_fu_571_p7_2_reg was removed.  [/home/eim32828/Desktop/Vitis_HLS_Gens/SampleNeuralNets_1_9_v2/Custom_Edited/SampleNeuralNet_prj/solution1/syn/verilog/SampleNeuralNet_custom_dsp_dense_implementation_ap_int_16_ap_int_48_config2_s.v:1663]
WARNING: [Synth 8-6014] Unused sequential element grp_fu_592_p6_2_reg was removed.  [/home/eim32828/Desktop/Vitis_HLS_Gens/SampleNeuralNets_1_9_v2/Custom_Edited/SampleNeuralNet_prj/solution1/syn/verilog/SampleNeuralNet_custom_dsp_dense_implementation_ap_int_16_ap_int_48_config2_s.v:1666]
WARNING: [Synth 8-6014] Unused sequential element grp_fu_592_p6_3_reg was removed.  [/home/eim32828/Desktop/Vitis_HLS_Gens/SampleNeuralNets_1_9_v2/Custom_Edited/SampleNeuralNet_prj/solution1/syn/verilog/SampleNeuralNet_custom_dsp_dense_implementation_ap_int_16_ap_int_48_config2_s.v:1667]
WARNING: [Synth 8-6014] Unused sequential element grp_fu_592_p7_2_reg was removed.  [/home/eim32828/Desktop/Vitis_HLS_Gens/SampleNeuralNets_1_9_v2/Custom_Edited/SampleNeuralNet_prj/solution1/syn/verilog/SampleNeuralNet_custom_dsp_dense_implementation_ap_int_16_ap_int_48_config2_s.v:1669]
WARNING: [Synth 8-6014] Unused sequential element grp_fu_200_p3_1_reg was removed.  [/home/eim32828/Desktop/Vitis_HLS_Gens/SampleNeuralNets_1_9_v2/Custom_Edited/SampleNeuralNet_prj/solution1/syn/verilog/SampleNeuralNet_custom_dsp_dense_implementation_ap_int_16_ap_int_48_config2_s.v:465]
WARNING: [Synth 8-6014] Unused sequential element grp_fu_200_p6_1_reg was removed.  [/home/eim32828/Desktop/Vitis_HLS_Gens/SampleNeuralNets_1_9_v2/Custom_Edited/SampleNeuralNet_prj/solution1/syn/verilog/SampleNeuralNet_custom_dsp_dense_implementation_ap_int_16_ap_int_48_config2_s.v:468]
WARNING: [Synth 8-6014] Unused sequential element grp_fu_200_p7_1_reg was removed.  [/home/eim32828/Desktop/Vitis_HLS_Gens/SampleNeuralNets_1_9_v2/Custom_Edited/SampleNeuralNet_prj/solution1/syn/verilog/SampleNeuralNet_custom_dsp_dense_implementation_ap_int_16_ap_int_48_config2_s.v:469]
WARNING: [Synth 8-6014] Unused sequential element grp_fu_218_p3_1_reg was removed.  [/home/eim32828/Desktop/Vitis_HLS_Gens/SampleNeuralNets_1_9_v2/Custom_Edited/SampleNeuralNet_prj/solution1/syn/verilog/SampleNeuralNet_custom_dsp_dense_implementation_ap_int_16_ap_int_48_config2_s.v:486]
WARNING: [Synth 8-6014] Unused sequential element grp_fu_218_p6_1_reg was removed.  [/home/eim32828/Desktop/Vitis_HLS_Gens/SampleNeuralNets_1_9_v2/Custom_Edited/SampleNeuralNet_prj/solution1/syn/verilog/SampleNeuralNet_custom_dsp_dense_implementation_ap_int_16_ap_int_48_config2_s.v:489]
WARNING: [Synth 8-6014] Unused sequential element grp_fu_218_p7_1_reg was removed.  [/home/eim32828/Desktop/Vitis_HLS_Gens/SampleNeuralNets_1_9_v2/Custom_Edited/SampleNeuralNet_prj/solution1/syn/verilog/SampleNeuralNet_custom_dsp_dense_implementation_ap_int_16_ap_int_48_config2_s.v:490]
WARNING: [Synth 8-6014] Unused sequential element grp_fu_236_p3_1_reg was removed.  [/home/eim32828/Desktop/Vitis_HLS_Gens/SampleNeuralNets_1_9_v2/Custom_Edited/SampleNeuralNet_prj/solution1/syn/verilog/SampleNeuralNet_custom_dsp_dense_implementation_ap_int_16_ap_int_48_config2_s.v:507]
WARNING: [Synth 8-6014] Unused sequential element grp_fu_236_p6_1_reg was removed.  [/home/eim32828/Desktop/Vitis_HLS_Gens/SampleNeuralNets_1_9_v2/Custom_Edited/SampleNeuralNet_prj/solution1/syn/verilog/SampleNeuralNet_custom_dsp_dense_implementation_ap_int_16_ap_int_48_config2_s.v:510]
WARNING: [Synth 8-6014] Unused sequential element grp_fu_236_p7_1_reg was removed.  [/home/eim32828/Desktop/Vitis_HLS_Gens/SampleNeuralNets_1_9_v2/Custom_Edited/SampleNeuralNet_prj/solution1/syn/verilog/SampleNeuralNet_custom_dsp_dense_implementation_ap_int_16_ap_int_48_config2_s.v:511]
WARNING: [Synth 8-6014] Unused sequential element grp_fu_254_p3_1_reg was removed.  [/home/eim32828/Desktop/Vitis_HLS_Gens/SampleNeuralNets_1_9_v2/Custom_Edited/SampleNeuralNet_prj/solution1/syn/verilog/SampleNeuralNet_custom_dsp_dense_implementation_ap_int_16_ap_int_48_config2_s.v:528]
WARNING: [Synth 8-6014] Unused sequential element grp_fu_254_p6_1_reg was removed.  [/home/eim32828/Desktop/Vitis_HLS_Gens/SampleNeuralNets_1_9_v2/Custom_Edited/SampleNeuralNet_prj/solution1/syn/verilog/SampleNeuralNet_custom_dsp_dense_implementation_ap_int_16_ap_int_48_config2_s.v:531]
WARNING: [Synth 8-6014] Unused sequential element grp_fu_254_p7_1_reg was removed.  [/home/eim32828/Desktop/Vitis_HLS_Gens/SampleNeuralNets_1_9_v2/Custom_Edited/SampleNeuralNet_prj/solution1/syn/verilog/SampleNeuralNet_custom_dsp_dense_implementation_ap_int_16_ap_int_48_config2_s.v:532]
WARNING: [Synth 8-6014] Unused sequential element grp_fu_272_p3_1_reg was removed.  [/home/eim32828/Desktop/Vitis_HLS_Gens/SampleNeuralNets_1_9_v2/Custom_Edited/SampleNeuralNet_prj/solution1/syn/verilog/SampleNeuralNet_custom_dsp_dense_implementation_ap_int_16_ap_int_48_config2_s.v:549]
WARNING: [Synth 8-6014] Unused sequential element grp_fu_272_p6_1_reg was removed.  [/home/eim32828/Desktop/Vitis_HLS_Gens/SampleNeuralNets_1_9_v2/Custom_Edited/SampleNeuralNet_prj/solution1/syn/verilog/SampleNeuralNet_custom_dsp_dense_implementation_ap_int_16_ap_int_48_config2_s.v:552]
WARNING: [Synth 8-6014] Unused sequential element grp_fu_272_p7_1_reg was removed.  [/home/eim32828/Desktop/Vitis_HLS_Gens/SampleNeuralNets_1_9_v2/Custom_Edited/SampleNeuralNet_prj/solution1/syn/verilog/SampleNeuralNet_custom_dsp_dense_implementation_ap_int_16_ap_int_48_config2_s.v:553]
WARNING: [Synth 8-6014] Unused sequential element grp_fu_290_p3_1_reg was removed.  [/home/eim32828/Desktop/Vitis_HLS_Gens/SampleNeuralNets_1_9_v2/Custom_Edited/SampleNeuralNet_prj/solution1/syn/verilog/SampleNeuralNet_custom_dsp_dense_implementation_ap_int_16_ap_int_48_config2_s.v:570]
WARNING: [Synth 8-6014] Unused sequential element grp_fu_290_p6_1_reg was removed.  [/home/eim32828/Desktop/Vitis_HLS_Gens/SampleNeuralNets_1_9_v2/Custom_Edited/SampleNeuralNet_prj/solution1/syn/verilog/SampleNeuralNet_custom_dsp_dense_implementation_ap_int_16_ap_int_48_config2_s.v:573]
WARNING: [Synth 8-6014] Unused sequential element grp_fu_290_p7_1_reg was removed.  [/home/eim32828/Desktop/Vitis_HLS_Gens/SampleNeuralNets_1_9_v2/Custom_Edited/SampleNeuralNet_prj/solution1/syn/verilog/SampleNeuralNet_custom_dsp_dense_implementation_ap_int_16_ap_int_48_config2_s.v:574]
WARNING: [Synth 8-6014] Unused sequential element grp_fu_308_p3_1_reg was removed.  [/home/eim32828/Desktop/Vitis_HLS_Gens/SampleNeuralNets_1_9_v2/Custom_Edited/SampleNeuralNet_prj/solution1/syn/verilog/SampleNeuralNet_custom_dsp_dense_implementation_ap_int_16_ap_int_48_config2_s.v:591]
WARNING: [Synth 8-6014] Unused sequential element grp_fu_308_p6_1_reg was removed.  [/home/eim32828/Desktop/Vitis_HLS_Gens/SampleNeuralNets_1_9_v2/Custom_Edited/SampleNeuralNet_prj/solution1/syn/verilog/SampleNeuralNet_custom_dsp_dense_implementation_ap_int_16_ap_int_48_config2_s.v:594]
WARNING: [Synth 8-6014] Unused sequential element grp_fu_308_p7_1_reg was removed.  [/home/eim32828/Desktop/Vitis_HLS_Gens/SampleNeuralNets_1_9_v2/Custom_Edited/SampleNeuralNet_prj/solution1/syn/verilog/SampleNeuralNet_custom_dsp_dense_implementation_ap_int_16_ap_int_48_config2_s.v:595]
WARNING: [Synth 8-6014] Unused sequential element grp_fu_445_p3_1_reg was removed.  [/home/eim32828/Desktop/Vitis_HLS_Gens/SampleNeuralNets_1_9_v2/Custom_Edited/SampleNeuralNet_prj/solution1/syn/verilog/SampleNeuralNet_custom_dsp_dense_implementation_ap_int_16_ap_int_48_config2_s.v:628]
WARNING: [Synth 8-6014] Unused sequential element grp_fu_445_p6_1_reg was removed.  [/home/eim32828/Desktop/Vitis_HLS_Gens/SampleNeuralNets_1_9_v2/Custom_Edited/SampleNeuralNet_prj/solution1/syn/verilog/SampleNeuralNet_custom_dsp_dense_implementation_ap_int_16_ap_int_48_config2_s.v:631]
WARNING: [Synth 8-6014] Unused sequential element grp_fu_466_p3_1_reg was removed.  [/home/eim32828/Desktop/Vitis_HLS_Gens/SampleNeuralNets_1_9_v2/Custom_Edited/SampleNeuralNet_prj/solution1/syn/verilog/SampleNeuralNet_custom_dsp_dense_implementation_ap_int_16_ap_int_48_config2_s.v:649]
WARNING: [Synth 8-6014] Unused sequential element grp_fu_466_p6_1_reg was removed.  [/home/eim32828/Desktop/Vitis_HLS_Gens/SampleNeuralNets_1_9_v2/Custom_Edited/SampleNeuralNet_prj/solution1/syn/verilog/SampleNeuralNet_custom_dsp_dense_implementation_ap_int_16_ap_int_48_config2_s.v:652]
WARNING: [Synth 8-6014] Unused sequential element grp_fu_466_p7_1_reg was removed.  [/home/eim32828/Desktop/Vitis_HLS_Gens/SampleNeuralNets_1_9_v2/Custom_Edited/SampleNeuralNet_prj/solution1/syn/verilog/SampleNeuralNet_custom_dsp_dense_implementation_ap_int_16_ap_int_48_config2_s.v:653]
WARNING: [Synth 8-6014] Unused sequential element grp_fu_487_p3_1_reg was removed.  [/home/eim32828/Desktop/Vitis_HLS_Gens/SampleNeuralNets_1_9_v2/Custom_Edited/SampleNeuralNet_prj/solution1/syn/verilog/SampleNeuralNet_custom_dsp_dense_implementation_ap_int_16_ap_int_48_config2_s.v:670]
WARNING: [Synth 8-6014] Unused sequential element grp_fu_487_p6_1_reg was removed.  [/home/eim32828/Desktop/Vitis_HLS_Gens/SampleNeuralNets_1_9_v2/Custom_Edited/SampleNeuralNet_prj/solution1/syn/verilog/SampleNeuralNet_custom_dsp_dense_implementation_ap_int_16_ap_int_48_config2_s.v:673]
WARNING: [Synth 8-6014] Unused sequential element grp_fu_487_p7_1_reg was removed.  [/home/eim32828/Desktop/Vitis_HLS_Gens/SampleNeuralNets_1_9_v2/Custom_Edited/SampleNeuralNet_prj/solution1/syn/verilog/SampleNeuralNet_custom_dsp_dense_implementation_ap_int_16_ap_int_48_config2_s.v:674]
WARNING: [Synth 8-6014] Unused sequential element grp_fu_508_p3_1_reg was removed.  [/home/eim32828/Desktop/Vitis_HLS_Gens/SampleNeuralNets_1_9_v2/Custom_Edited/SampleNeuralNet_prj/solution1/syn/verilog/SampleNeuralNet_custom_dsp_dense_implementation_ap_int_16_ap_int_48_config2_s.v:691]
WARNING: [Synth 8-6014] Unused sequential element grp_fu_508_p6_1_reg was removed.  [/home/eim32828/Desktop/Vitis_HLS_Gens/SampleNeuralNets_1_9_v2/Custom_Edited/SampleNeuralNet_prj/solution1/syn/verilog/SampleNeuralNet_custom_dsp_dense_implementation_ap_int_16_ap_int_48_config2_s.v:694]
WARNING: [Synth 8-6014] Unused sequential element grp_fu_508_p7_1_reg was removed.  [/home/eim32828/Desktop/Vitis_HLS_Gens/SampleNeuralNets_1_9_v2/Custom_Edited/SampleNeuralNet_prj/solution1/syn/verilog/SampleNeuralNet_custom_dsp_dense_implementation_ap_int_16_ap_int_48_config2_s.v:695]
WARNING: [Synth 8-6014] Unused sequential element grp_fu_529_p3_1_reg was removed.  [/home/eim32828/Desktop/Vitis_HLS_Gens/SampleNeuralNets_1_9_v2/Custom_Edited/SampleNeuralNet_prj/solution1/syn/verilog/SampleNeuralNet_custom_dsp_dense_implementation_ap_int_16_ap_int_48_config2_s.v:712]
WARNING: [Synth 8-6014] Unused sequential element grp_fu_529_p6_1_reg was removed.  [/home/eim32828/Desktop/Vitis_HLS_Gens/SampleNeuralNets_1_9_v2/Custom_Edited/SampleNeuralNet_prj/solution1/syn/verilog/SampleNeuralNet_custom_dsp_dense_implementation_ap_int_16_ap_int_48_config2_s.v:715]
WARNING: [Synth 8-6014] Unused sequential element grp_fu_529_p7_1_reg was removed.  [/home/eim32828/Desktop/Vitis_HLS_Gens/SampleNeuralNets_1_9_v2/Custom_Edited/SampleNeuralNet_prj/solution1/syn/verilog/SampleNeuralNet_custom_dsp_dense_implementation_ap_int_16_ap_int_48_config2_s.v:716]
WARNING: [Synth 8-6014] Unused sequential element grp_fu_550_p3_1_reg was removed.  [/home/eim32828/Desktop/Vitis_HLS_Gens/SampleNeuralNets_1_9_v2/Custom_Edited/SampleNeuralNet_prj/solution1/syn/verilog/SampleNeuralNet_custom_dsp_dense_implementation_ap_int_16_ap_int_48_config2_s.v:733]
WARNING: [Synth 8-6014] Unused sequential element grp_fu_550_p6_1_reg was removed.  [/home/eim32828/Desktop/Vitis_HLS_Gens/SampleNeuralNets_1_9_v2/Custom_Edited/SampleNeuralNet_prj/solution1/syn/verilog/SampleNeuralNet_custom_dsp_dense_implementation_ap_int_16_ap_int_48_config2_s.v:736]
WARNING: [Synth 8-6014] Unused sequential element grp_fu_550_p7_1_reg was removed.  [/home/eim32828/Desktop/Vitis_HLS_Gens/SampleNeuralNets_1_9_v2/Custom_Edited/SampleNeuralNet_prj/solution1/syn/verilog/SampleNeuralNet_custom_dsp_dense_implementation_ap_int_16_ap_int_48_config2_s.v:737]
WARNING: [Synth 8-6014] Unused sequential element grp_fu_571_p3_1_reg was removed.  [/home/eim32828/Desktop/Vitis_HLS_Gens/SampleNeuralNets_1_9_v2/Custom_Edited/SampleNeuralNet_prj/solution1/syn/verilog/SampleNeuralNet_custom_dsp_dense_implementation_ap_int_16_ap_int_48_config2_s.v:754]
WARNING: [Synth 8-6014] Unused sequential element grp_fu_571_p6_1_reg was removed.  [/home/eim32828/Desktop/Vitis_HLS_Gens/SampleNeuralNets_1_9_v2/Custom_Edited/SampleNeuralNet_prj/solution1/syn/verilog/SampleNeuralNet_custom_dsp_dense_implementation_ap_int_16_ap_int_48_config2_s.v:757]
WARNING: [Synth 8-6014] Unused sequential element grp_fu_571_p7_1_reg was removed.  [/home/eim32828/Desktop/Vitis_HLS_Gens/SampleNeuralNets_1_9_v2/Custom_Edited/SampleNeuralNet_prj/solution1/syn/verilog/SampleNeuralNet_custom_dsp_dense_implementation_ap_int_16_ap_int_48_config2_s.v:758]
WARNING: [Synth 8-6014] Unused sequential element grp_fu_592_p3_1_reg was removed.  [/home/eim32828/Desktop/Vitis_HLS_Gens/SampleNeuralNets_1_9_v2/Custom_Edited/SampleNeuralNet_prj/solution1/syn/verilog/SampleNeuralNet_custom_dsp_dense_implementation_ap_int_16_ap_int_48_config2_s.v:775]
WARNING: [Synth 8-6014] Unused sequential element grp_fu_592_p6_1_reg was removed.  [/home/eim32828/Desktop/Vitis_HLS_Gens/SampleNeuralNets_1_9_v2/Custom_Edited/SampleNeuralNet_prj/solution1/syn/verilog/SampleNeuralNet_custom_dsp_dense_implementation_ap_int_16_ap_int_48_config2_s.v:778]
WARNING: [Synth 8-6014] Unused sequential element grp_fu_592_p7_1_reg was removed.  [/home/eim32828/Desktop/Vitis_HLS_Gens/SampleNeuralNets_1_9_v2/Custom_Edited/SampleNeuralNet_prj/solution1/syn/verilog/SampleNeuralNet_custom_dsp_dense_implementation_ap_int_16_ap_int_48_config2_s.v:779]
WARNING: [Synth 8-6014] Unused sequential element grp_fu_428_p6_2_reg was removed.  [/home/eim32828/Desktop/Vitis_HLS_Gens/SampleNeuralNets_1_9_v2/Custom_Edited/SampleNeuralNet_prj/solution1/syn/verilog/SampleNeuralNet_custom_dsp_dense_implementation_ap_int_16_ap_int_48_config4_s.v:1731]
WARNING: [Synth 8-6014] Unused sequential element grp_fu_428_p6_3_reg was removed.  [/home/eim32828/Desktop/Vitis_HLS_Gens/SampleNeuralNets_1_9_v2/Custom_Edited/SampleNeuralNet_prj/solution1/syn/verilog/SampleNeuralNet_custom_dsp_dense_implementation_ap_int_16_ap_int_48_config4_s.v:1732]
WARNING: [Synth 8-6014] Unused sequential element grp_fu_428_p7_2_reg was removed.  [/home/eim32828/Desktop/Vitis_HLS_Gens/SampleNeuralNets_1_9_v2/Custom_Edited/SampleNeuralNet_prj/solution1/syn/verilog/SampleNeuralNet_custom_dsp_dense_implementation_ap_int_16_ap_int_48_config4_s.v:1734]
WARNING: [Synth 8-6014] Unused sequential element grp_fu_446_p6_2_reg was removed.  [/home/eim32828/Desktop/Vitis_HLS_Gens/SampleNeuralNets_1_9_v2/Custom_Edited/SampleNeuralNet_prj/solution1/syn/verilog/SampleNeuralNet_custom_dsp_dense_implementation_ap_int_16_ap_int_48_config4_s.v:1737]
WARNING: [Synth 8-6014] Unused sequential element grp_fu_446_p6_3_reg was removed.  [/home/eim32828/Desktop/Vitis_HLS_Gens/SampleNeuralNets_1_9_v2/Custom_Edited/SampleNeuralNet_prj/solution1/syn/verilog/SampleNeuralNet_custom_dsp_dense_implementation_ap_int_16_ap_int_48_config4_s.v:1738]
WARNING: [Synth 8-6014] Unused sequential element grp_fu_446_p7_2_reg was removed.  [/home/eim32828/Desktop/Vitis_HLS_Gens/SampleNeuralNets_1_9_v2/Custom_Edited/SampleNeuralNet_prj/solution1/syn/verilog/SampleNeuralNet_custom_dsp_dense_implementation_ap_int_16_ap_int_48_config4_s.v:1740]
WARNING: [Synth 8-6014] Unused sequential element grp_fu_464_p6_2_reg was removed.  [/home/eim32828/Desktop/Vitis_HLS_Gens/SampleNeuralNets_1_9_v2/Custom_Edited/SampleNeuralNet_prj/solution1/syn/verilog/SampleNeuralNet_custom_dsp_dense_implementation_ap_int_16_ap_int_48_config4_s.v:1743]
WARNING: [Synth 8-6014] Unused sequential element grp_fu_464_p6_3_reg was removed.  [/home/eim32828/Desktop/Vitis_HLS_Gens/SampleNeuralNets_1_9_v2/Custom_Edited/SampleNeuralNet_prj/solution1/syn/verilog/SampleNeuralNet_custom_dsp_dense_implementation_ap_int_16_ap_int_48_config4_s.v:1744]
INFO: [Common 17-14] Message 'Synth 8-6014' appears 100 times and further instances of the messages will be disabled. Use the Tcl command set_msg_config to change the current settings.
WARNING: [Synth 8-7129] Port addr[1] in module SampleNeuralNet_fifo_w48_d2_S_ShiftReg is either unconnected or has no load
WARNING: [Synth 8-7129] Port addr[1] in module SampleNeuralNet_fifo_w16_d2_S_ShiftReg is either unconnected or has no load
WARNING: [Synth 8-7129] Port reset in module SampleNeuralNet_icmp_48s_48s_1_2_1_sub is either unconnected or has no load
WARNING: [Synth 8-7129] Port ap_done_int in module SampleNeuralNet_flow_control_loop_pipe is either unconnected or has no load
WARNING: [Synth 8-7129] Port rst in module SampleNeuralNet_dsp_48ns_32ns_64ns_25ns_30s_18s_48ns_1ns_48_5_1_DSP_Builtin is either unconnected or has no load
WARNING: [Synth 8-7129] Port in3[47] in module SampleNeuralNet_dsp_48ns_32ns_64ns_25ns_30s_18s_48ns_1ns_48_5_1_DSP_Builtin is either unconnected or has no load
WARNING: [Synth 8-7129] Port in3[46] in module SampleNeuralNet_dsp_48ns_32ns_64ns_25ns_30s_18s_48ns_1ns_48_5_1_DSP_Builtin is either unconnected or has no load
WARNING: [Synth 8-7129] Port in3[45] in module SampleNeuralNet_dsp_48ns_32ns_64ns_25ns_30s_18s_48ns_1ns_48_5_1_DSP_Builtin is either unconnected or has no load
WARNING: [Synth 8-7129] Port in3[44] in module SampleNeuralNet_dsp_48ns_32ns_64ns_25ns_30s_18s_48ns_1ns_48_5_1_DSP_Builtin is either unconnected or has no load
WARNING: [Synth 8-7129] Port in3[43] in module SampleNeuralNet_dsp_48ns_32ns_64ns_25ns_30s_18s_48ns_1ns_48_5_1_DSP_Builtin is either unconnected or has no load
WARNING: [Synth 8-7129] Port in3[42] in module SampleNeuralNet_dsp_48ns_32ns_64ns_25ns_30s_18s_48ns_1ns_48_5_1_DSP_Builtin is either unconnected or has no load
WARNING: [Synth 8-7129] Port in3[41] in module SampleNeuralNet_dsp_48ns_32ns_64ns_25ns_30s_18s_48ns_1ns_48_5_1_DSP_Builtin is either unconnected or has no load
WARNING: [Synth 8-7129] Port in3[40] in module SampleNeuralNet_dsp_48ns_32ns_64ns_25ns_30s_18s_48ns_1ns_48_5_1_DSP_Builtin is either unconnected or has no load
WARNING: [Synth 8-7129] Port in3[39] in module SampleNeuralNet_dsp_48ns_32ns_64ns_25ns_30s_18s_48ns_1ns_48_5_1_DSP_Builtin is either unconnected or has no load
WARNING: [Synth 8-7129] Port in3[38] in module SampleNeuralNet_dsp_48ns_32ns_64ns_25ns_30s_18s_48ns_1ns_48_5_1_DSP_Builtin is either unconnected or has no load
WARNING: [Synth 8-7129] Port in3[37] in module SampleNeuralNet_dsp_48ns_32ns_64ns_25ns_30s_18s_48ns_1ns_48_5_1_DSP_Builtin is either unconnected or has no load
WARNING: [Synth 8-7129] Port in3[36] in module SampleNeuralNet_dsp_48ns_32ns_64ns_25ns_30s_18s_48ns_1ns_48_5_1_DSP_Builtin is either unconnected or has no load
WARNING: [Synth 8-7129] Port in3[35] in module SampleNeuralNet_dsp_48ns_32ns_64ns_25ns_30s_18s_48ns_1ns_48_5_1_DSP_Builtin is either unconnected or has no load
WARNING: [Synth 8-7129] Port in3[34] in module SampleNeuralNet_dsp_48ns_32ns_64ns_25ns_30s_18s_48ns_1ns_48_5_1_DSP_Builtin is either unconnected or has no load
WARNING: [Synth 8-7129] Port in3[33] in module SampleNeuralNet_dsp_48ns_32ns_64ns_25ns_30s_18s_48ns_1ns_48_5_1_DSP_Builtin is either unconnected or has no load
WARNING: [Synth 8-7129] Port in3[32] in module SampleNeuralNet_dsp_48ns_32ns_64ns_25ns_30s_18s_48ns_1ns_48_5_1_DSP_Builtin is either unconnected or has no load
WARNING: [Synth 8-7129] Port in3[31] in module SampleNeuralNet_dsp_48ns_32ns_64ns_25ns_30s_18s_48ns_1ns_48_5_1_DSP_Builtin is either unconnected or has no load
WARNING: [Synth 8-7129] Port in3[30] in module SampleNeuralNet_dsp_48ns_32ns_64ns_25ns_30s_18s_48ns_1ns_48_5_1_DSP_Builtin is either unconnected or has no load
WARNING: [Synth 8-7129] Port in3[29] in module SampleNeuralNet_dsp_48ns_32ns_64ns_25ns_30s_18s_48ns_1ns_48_5_1_DSP_Builtin is either unconnected or has no load
WARNING: [Synth 8-7129] Port in3[28] in module SampleNeuralNet_dsp_48ns_32ns_64ns_25ns_30s_18s_48ns_1ns_48_5_1_DSP_Builtin is either unconnected or has no load
WARNING: [Synth 8-7129] Port in3[27] in module SampleNeuralNet_dsp_48ns_32ns_64ns_25ns_30s_18s_48ns_1ns_48_5_1_DSP_Builtin is either unconnected or has no load
WARNING: [Synth 8-7129] Port in3[26] in module SampleNeuralNet_dsp_48ns_32ns_64ns_25ns_30s_18s_48ns_1ns_48_5_1_DSP_Builtin is either unconnected or has no load
WARNING: [Synth 8-7129] Port in3[25] in module SampleNeuralNet_dsp_48ns_32ns_64ns_25ns_30s_18s_48ns_1ns_48_5_1_DSP_Builtin is either unconnected or has no load
WARNING: [Synth 8-7129] Port in3[24] in module SampleNeuralNet_dsp_48ns_32ns_64ns_25ns_30s_18s_48ns_1ns_48_5_1_DSP_Builtin is either unconnected or has no load
WARNING: [Synth 8-7129] Port in3[23] in module SampleNeuralNet_dsp_48ns_32ns_64ns_25ns_30s_18s_48ns_1ns_48_5_1_DSP_Builtin is either unconnected or has no load
WARNING: [Synth 8-7129] Port in3[22] in module SampleNeuralNet_dsp_48ns_32ns_64ns_25ns_30s_18s_48ns_1ns_48_5_1_DSP_Builtin is either unconnected or has no load
WARNING: [Synth 8-7129] Port in3[21] in module SampleNeuralNet_dsp_48ns_32ns_64ns_25ns_30s_18s_48ns_1ns_48_5_1_DSP_Builtin is either unconnected or has no load
WARNING: [Synth 8-7129] Port in3[20] in module SampleNeuralNet_dsp_48ns_32ns_64ns_25ns_30s_18s_48ns_1ns_48_5_1_DSP_Builtin is either unconnected or has no load
WARNING: [Synth 8-7129] Port in3[19] in module SampleNeuralNet_dsp_48ns_32ns_64ns_25ns_30s_18s_48ns_1ns_48_5_1_DSP_Builtin is either unconnected or has no load
WARNING: [Synth 8-7129] Port in3[18] in module SampleNeuralNet_dsp_48ns_32ns_64ns_25ns_30s_18s_48ns_1ns_48_5_1_DSP_Builtin is either unconnected or has no load
WARNING: [Synth 8-7129] Port in3[17] in module SampleNeuralNet_dsp_48ns_32ns_64ns_25ns_30s_18s_48ns_1ns_48_5_1_DSP_Builtin is either unconnected or has no load
WARNING: [Synth 8-7129] Port in3[16] in module SampleNeuralNet_dsp_48ns_32ns_64ns_25ns_30s_18s_48ns_1ns_48_5_1_DSP_Builtin is either unconnected or has no load
WARNING: [Synth 8-7129] Port in3[15] in module SampleNeuralNet_dsp_48ns_32ns_64ns_25ns_30s_18s_48ns_1ns_48_5_1_DSP_Builtin is either unconnected or has no load
WARNING: [Synth 8-7129] Port in3[14] in module SampleNeuralNet_dsp_48ns_32ns_64ns_25ns_30s_18s_48ns_1ns_48_5_1_DSP_Builtin is either unconnected or has no load
WARNING: [Synth 8-7129] Port in3[13] in module SampleNeuralNet_dsp_48ns_32ns_64ns_25ns_30s_18s_48ns_1ns_48_5_1_DSP_Builtin is either unconnected or has no load
WARNING: [Synth 8-7129] Port in3[12] in module SampleNeuralNet_dsp_48ns_32ns_64ns_25ns_30s_18s_48ns_1ns_48_5_1_DSP_Builtin is either unconnected or has no load
WARNING: [Synth 8-7129] Port in3[11] in module SampleNeuralNet_dsp_48ns_32ns_64ns_25ns_30s_18s_48ns_1ns_48_5_1_DSP_Builtin is either unconnected or has no load
WARNING: [Synth 8-7129] Port in3[10] in module SampleNeuralNet_dsp_48ns_32ns_64ns_25ns_30s_18s_48ns_1ns_48_5_1_DSP_Builtin is either unconnected or has no load
WARNING: [Synth 8-7129] Port in3[9] in module SampleNeuralNet_dsp_48ns_32ns_64ns_25ns_30s_18s_48ns_1ns_48_5_1_DSP_Builtin is either unconnected or has no load
WARNING: [Synth 8-7129] Port in3[8] in module SampleNeuralNet_dsp_48ns_32ns_64ns_25ns_30s_18s_48ns_1ns_48_5_1_DSP_Builtin is either unconnected or has no load
WARNING: [Synth 8-7129] Port in3[7] in module SampleNeuralNet_dsp_48ns_32ns_64ns_25ns_30s_18s_48ns_1ns_48_5_1_DSP_Builtin is either unconnected or has no load
WARNING: [Synth 8-7129] Port in3[6] in module SampleNeuralNet_dsp_48ns_32ns_64ns_25ns_30s_18s_48ns_1ns_48_5_1_DSP_Builtin is either unconnected or has no load
WARNING: [Synth 8-7129] Port in3[5] in module SampleNeuralNet_dsp_48ns_32ns_64ns_25ns_30s_18s_48ns_1ns_48_5_1_DSP_Builtin is either unconnected or has no load
WARNING: [Synth 8-7129] Port in3[4] in module SampleNeuralNet_dsp_48ns_32ns_64ns_25ns_30s_18s_48ns_1ns_48_5_1_DSP_Builtin is either unconnected or has no load
WARNING: [Synth 8-7129] Port in3[3] in module SampleNeuralNet_dsp_48ns_32ns_64ns_25ns_30s_18s_48ns_1ns_48_5_1_DSP_Builtin is either unconnected or has no load
WARNING: [Synth 8-7129] Port in3[2] in module SampleNeuralNet_dsp_48ns_32ns_64ns_25ns_30s_18s_48ns_1ns_48_5_1_DSP_Builtin is either unconnected or has no load
WARNING: [Synth 8-7129] Port in3[1] in module SampleNeuralNet_dsp_48ns_32ns_64ns_25ns_30s_18s_48ns_1ns_48_5_1_DSP_Builtin is either unconnected or has no load
WARNING: [Synth 8-7129] Port in3[0] in module SampleNeuralNet_dsp_48ns_32ns_64ns_25ns_30s_18s_48ns_1ns_48_5_1_DSP_Builtin is either unconnected or has no load
WARNING: [Synth 8-7129] Port din1[29] in module SampleNeuralNet_dsp_48ns_32ns_64ns_25ns_30s_18s_48ns_1ns_48_5_1 is either unconnected or has no load
WARNING: [Synth 8-7129] Port din1[28] in module SampleNeuralNet_dsp_48ns_32ns_64ns_25ns_30s_18s_48ns_1ns_48_5_1 is either unconnected or has no load
WARNING: [Synth 8-7129] Port din1[27] in module SampleNeuralNet_dsp_48ns_32ns_64ns_25ns_30s_18s_48ns_1ns_48_5_1 is either unconnected or has no load
WARNING: [Synth 8-7129] Port din1[26] in module SampleNeuralNet_dsp_48ns_32ns_64ns_25ns_30s_18s_48ns_1ns_48_5_1 is either unconnected or has no load
WARNING: [Synth 8-7129] Port din1[25] in module SampleNeuralNet_dsp_48ns_32ns_64ns_25ns_30s_18s_48ns_1ns_48_5_1 is either unconnected or has no load
WARNING: [Synth 8-7129] Port rst in module SampleNeuralNet_dsp_48ns_32ns_64ns_25ns_30ns_18ns_48ns_1s_48_5_1_DSP_Builtin is either unconnected or has no load
WARNING: [Synth 8-7129] Port in3[47] in module SampleNeuralNet_dsp_48ns_32ns_64ns_25ns_30ns_18ns_48ns_1s_48_5_1_DSP_Builtin is either unconnected or has no load
WARNING: [Synth 8-7129] Port in3[46] in module SampleNeuralNet_dsp_48ns_32ns_64ns_25ns_30ns_18ns_48ns_1s_48_5_1_DSP_Builtin is either unconnected or has no load
WARNING: [Synth 8-7129] Port in3[45] in module SampleNeuralNet_dsp_48ns_32ns_64ns_25ns_30ns_18ns_48ns_1s_48_5_1_DSP_Builtin is either unconnected or has no load
WARNING: [Synth 8-7129] Port in3[44] in module SampleNeuralNet_dsp_48ns_32ns_64ns_25ns_30ns_18ns_48ns_1s_48_5_1_DSP_Builtin is either unconnected or has no load
WARNING: [Synth 8-7129] Port in3[43] in module SampleNeuralNet_dsp_48ns_32ns_64ns_25ns_30ns_18ns_48ns_1s_48_5_1_DSP_Builtin is either unconnected or has no load
WARNING: [Synth 8-7129] Port in3[42] in module SampleNeuralNet_dsp_48ns_32ns_64ns_25ns_30ns_18ns_48ns_1s_48_5_1_DSP_Builtin is either unconnected or has no load
WARNING: [Synth 8-7129] Port in3[41] in module SampleNeuralNet_dsp_48ns_32ns_64ns_25ns_30ns_18ns_48ns_1s_48_5_1_DSP_Builtin is either unconnected or has no load
WARNING: [Synth 8-7129] Port in3[40] in module SampleNeuralNet_dsp_48ns_32ns_64ns_25ns_30ns_18ns_48ns_1s_48_5_1_DSP_Builtin is either unconnected or has no load
WARNING: [Synth 8-7129] Port in3[39] in module SampleNeuralNet_dsp_48ns_32ns_64ns_25ns_30ns_18ns_48ns_1s_48_5_1_DSP_Builtin is either unconnected or has no load
WARNING: [Synth 8-7129] Port in3[38] in module SampleNeuralNet_dsp_48ns_32ns_64ns_25ns_30ns_18ns_48ns_1s_48_5_1_DSP_Builtin is either unconnected or has no load
WARNING: [Synth 8-7129] Port in3[37] in module SampleNeuralNet_dsp_48ns_32ns_64ns_25ns_30ns_18ns_48ns_1s_48_5_1_DSP_Builtin is either unconnected or has no load
WARNING: [Synth 8-7129] Port in3[36] in module SampleNeuralNet_dsp_48ns_32ns_64ns_25ns_30ns_18ns_48ns_1s_48_5_1_DSP_Builtin is either unconnected or has no load
WARNING: [Synth 8-7129] Port in3[35] in module SampleNeuralNet_dsp_48ns_32ns_64ns_25ns_30ns_18ns_48ns_1s_48_5_1_DSP_Builtin is either unconnected or has no load
WARNING: [Synth 8-7129] Port in3[34] in module SampleNeuralNet_dsp_48ns_32ns_64ns_25ns_30ns_18ns_48ns_1s_48_5_1_DSP_Builtin is either unconnected or has no load
WARNING: [Synth 8-7129] Port in3[33] in module SampleNeuralNet_dsp_48ns_32ns_64ns_25ns_30ns_18ns_48ns_1s_48_5_1_DSP_Builtin is either unconnected or has no load
WARNING: [Synth 8-7129] Port in3[32] in module SampleNeuralNet_dsp_48ns_32ns_64ns_25ns_30ns_18ns_48ns_1s_48_5_1_DSP_Builtin is either unconnected or has no load
WARNING: [Synth 8-7129] Port in3[31] in module SampleNeuralNet_dsp_48ns_32ns_64ns_25ns_30ns_18ns_48ns_1s_48_5_1_DSP_Builtin is either unconnected or has no load
WARNING: [Synth 8-7129] Port in3[30] in module SampleNeuralNet_dsp_48ns_32ns_64ns_25ns_30ns_18ns_48ns_1s_48_5_1_DSP_Builtin is either unconnected or has no load
WARNING: [Synth 8-7129] Port in3[29] in module SampleNeuralNet_dsp_48ns_32ns_64ns_25ns_30ns_18ns_48ns_1s_48_5_1_DSP_Builtin is either unconnected or has no load
WARNING: [Synth 8-7129] Port in3[28] in module SampleNeuralNet_dsp_48ns_32ns_64ns_25ns_30ns_18ns_48ns_1s_48_5_1_DSP_Builtin is either unconnected or has no load
WARNING: [Synth 8-7129] Port in3[27] in module SampleNeuralNet_dsp_48ns_32ns_64ns_25ns_30ns_18ns_48ns_1s_48_5_1_DSP_Builtin is either unconnected or has no load
WARNING: [Synth 8-7129] Port in3[26] in module SampleNeuralNet_dsp_48ns_32ns_64ns_25ns_30ns_18ns_48ns_1s_48_5_1_DSP_Builtin is either unconnected or has no load
WARNING: [Synth 8-7129] Port in3[25] in module SampleNeuralNet_dsp_48ns_32ns_64ns_25ns_30ns_18ns_48ns_1s_48_5_1_DSP_Builtin is either unconnected or has no load
WARNING: [Synth 8-7129] Port in3[24] in module SampleNeuralNet_dsp_48ns_32ns_64ns_25ns_30ns_18ns_48ns_1s_48_5_1_DSP_Builtin is either unconnected or has no load
WARNING: [Synth 8-7129] Port in3[23] in module SampleNeuralNet_dsp_48ns_32ns_64ns_25ns_30ns_18ns_48ns_1s_48_5_1_DSP_Builtin is either unconnected or has no load
WARNING: [Synth 8-7129] Port in3[22] in module SampleNeuralNet_dsp_48ns_32ns_64ns_25ns_30ns_18ns_48ns_1s_48_5_1_DSP_Builtin is either unconnected or has no load
WARNING: [Synth 8-7129] Port in3[21] in module SampleNeuralNet_dsp_48ns_32ns_64ns_25ns_30ns_18ns_48ns_1s_48_5_1_DSP_Builtin is either unconnected or has no load
WARNING: [Synth 8-7129] Port in3[20] in module SampleNeuralNet_dsp_48ns_32ns_64ns_25ns_30ns_18ns_48ns_1s_48_5_1_DSP_Builtin is either unconnected or has no load
WARNING: [Synth 8-7129] Port in3[19] in module SampleNeuralNet_dsp_48ns_32ns_64ns_25ns_30ns_18ns_48ns_1s_48_5_1_DSP_Builtin is either unconnected or has no load
WARNING: [Synth 8-7129] Port in3[18] in module SampleNeuralNet_dsp_48ns_32ns_64ns_25ns_30ns_18ns_48ns_1s_48_5_1_DSP_Builtin is either unconnected or has no load
WARNING: [Synth 8-7129] Port in3[17] in module SampleNeuralNet_dsp_48ns_32ns_64ns_25ns_30ns_18ns_48ns_1s_48_5_1_DSP_Builtin is either unconnected or has no load
WARNING: [Synth 8-7129] Port in3[16] in module SampleNeuralNet_dsp_48ns_32ns_64ns_25ns_30ns_18ns_48ns_1s_48_5_1_DSP_Builtin is either unconnected or has no load
WARNING: [Synth 8-7129] Port in3[15] in module SampleNeuralNet_dsp_48ns_32ns_64ns_25ns_30ns_18ns_48ns_1s_48_5_1_DSP_Builtin is either unconnected or has no load
WARNING: [Synth 8-7129] Port in3[14] in module SampleNeuralNet_dsp_48ns_32ns_64ns_25ns_30ns_18ns_48ns_1s_48_5_1_DSP_Builtin is either unconnected or has no load
WARNING: [Synth 8-7129] Port in3[13] in module SampleNeuralNet_dsp_48ns_32ns_64ns_25ns_30ns_18ns_48ns_1s_48_5_1_DSP_Builtin is either unconnected or has no load
WARNING: [Synth 8-7129] Port in3[12] in module SampleNeuralNet_dsp_48ns_32ns_64ns_25ns_30ns_18ns_48ns_1s_48_5_1_DSP_Builtin is either unconnected or has no load
WARNING: [Synth 8-7129] Port in3[11] in module SampleNeuralNet_dsp_48ns_32ns_64ns_25ns_30ns_18ns_48ns_1s_48_5_1_DSP_Builtin is either unconnected or has no load
WARNING: [Synth 8-7129] Port in3[10] in module SampleNeuralNet_dsp_48ns_32ns_64ns_25ns_30ns_18ns_48ns_1s_48_5_1_DSP_Builtin is either unconnected or has no load
WARNING: [Synth 8-7129] Port in3[9] in module SampleNeuralNet_dsp_48ns_32ns_64ns_25ns_30ns_18ns_48ns_1s_48_5_1_DSP_Builtin is either unconnected or has no load
WARNING: [Synth 8-7129] Port in3[8] in module SampleNeuralNet_dsp_48ns_32ns_64ns_25ns_30ns_18ns_48ns_1s_48_5_1_DSP_Builtin is either unconnected or has no load
WARNING: [Synth 8-7129] Port in3[7] in module SampleNeuralNet_dsp_48ns_32ns_64ns_25ns_30ns_18ns_48ns_1s_48_5_1_DSP_Builtin is either unconnected or has no load
INFO: [Common 17-14] Message 'Synth 8-7129' appears 100 times and further instances of the messages will be disabled. Use the Tcl command set_msg_config to change the current settings.
---------------------------------------------------------------------------------
Finished Synthesize : Time (s): cpu = 00:00:04 ; elapsed = 00:00:05 . Memory (MB): peak = 2220.113 ; gain = 530.559 ; free physical = 84537 ; free virtual = 123623
---------------------------------------------------------------------------------
---------------------------------------------------------------------------------
Finished Constraint Validation : Time (s): cpu = 00:00:05 ; elapsed = 00:00:06 . Memory (MB): peak = 2237.926 ; gain = 548.371 ; free physical = 84512 ; free virtual = 123605
---------------------------------------------------------------------------------
---------------------------------------------------------------------------------
Start Loading Part and Timing Information
---------------------------------------------------------------------------------
Loading part: xc7z010clg400-1
---------------------------------------------------------------------------------
Finished Loading Part and Timing Information : Time (s): cpu = 00:00:05 ; elapsed = 00:00:06 . Memory (MB): peak = 2245.930 ; gain = 556.375 ; free physical = 84512 ; free virtual = 123605
INFO: [Device 21-403] Loading part xc7z010clg400-1
---------------------------------------------------------------------------------
---------------------------------------------------------------------------------
Finished RTL Optimization Phase 2 : Time (s): cpu = 00:00:07 ; elapsed = 00:00:06 . Memory (MB): peak = 2272.922 ; gain = 583.367 ; free physical = 84461 ; free virtual = 123564
---------------------------------------------------------------------------------
INFO: [Synth 8-223] decloning instance 'custom_dsp_dense_implementation_ap_int_16_ap_int_48_config2_U0/dsp_48ns_32ns_64ns_25ns_30ns_18ns_48ns_1s_48_5_1_U3' (SampleNeuralNet_dsp_48ns_32ns_64ns_25ns_30ns_18ns_48ns_1s_48_5_1) to 'custom_dsp_dense_implementation_ap_int_16_ap_int_48_config2_U0/dsp_48ns_32ns_64ns_25ns_30ns_18ns_48ns_1s_48_5_1_U8'
INFO: [Synth 8-223] decloning instance 'custom_dsp_dense_implementation_ap_int_16_ap_int_48_config4_U0/dsp_48ns_32ns_64ns_25ns_30ns_18ns_48ns_1s_48_5_1_U43' (SampleNeuralNet_dsp_48ns_32ns_64ns_25ns_30ns_18ns_48ns_1s_48_5_1) to 'custom_dsp_dense_implementation_ap_int_16_ap_int_48_config4_U0/dsp_48ns_32ns_64ns_25ns_30ns_18ns_48ns_1s_48_5_1_U46'
INFO: [Synth 8-223] decloning instance 'custom_dsp_dense_implementation_ap_int_16_ap_int_48_config6_U0/dsp_48ns_32ns_64ns_25ns_30ns_18ns_48ns_1s_48_5_1_U86' (SampleNeuralNet_dsp_48ns_32ns_64ns_25ns_30ns_18ns_48ns_1s_48_5_1) to 'custom_dsp_dense_implementation_ap_int_16_ap_int_48_config6_U0/dsp_48ns_32ns_64ns_25ns_30ns_18ns_48ns_1s_48_5_1_U88'
No constraint files found.
---------------------------------------------------------------------------------
Start RTL Component Statistics 
---------------------------------------------------------------------------------
Detailed RTL Component Info : 
+---Adders : 
	   3 Input   26 Bit       Adders := 24    
	   3 Input   25 Bit       Adders := 24    
	   2 Input    3 Bit       Adders := 43    
	   2 Input    2 Bit       Adders := 40    
+---XORs : 
	   2 Input      1 Bit         XORs := 80    
+---Registers : 
	              128 Bit    Registers := 8     
	              117 Bit    Registers := 3     
	               48 Bit    Registers := 99    
	               30 Bit    Registers := 3     
	               25 Bit    Registers := 96    
	               24 Bit    Registers := 24    
	               16 Bit    Registers := 202   
	                5 Bit    Registers := 3     
	                3 Bit    Registers := 54    
	                2 Bit    Registers := 40    
	                1 Bit    Registers := 287   
+---ROMs : 
	                    ROMs := 3     
+---Muxes : 
	   2 Input   48 Bit        Muxes := 117   
	   2 Input   16 Bit        Muxes := 128   
	   2 Input    3 Bit        Muxes := 6     
	   2 Input    2 Bit        Muxes := 80    
	   2 Input    1 Bit        Muxes := 184   
---------------------------------------------------------------------------------
Finished RTL Component Statistics 
---------------------------------------------------------------------------------
---------------------------------------------------------------------------------
Start Part Resource Summary
---------------------------------------------------------------------------------
INFO: [Device 21-9227] Part: xc7z010clg400-1 does not have CEAM library.
Part Resources:
DSPs: 80 (col length:40)
BRAMs: 120 (col length: RAMB18 40 RAMB36 20)
---------------------------------------------------------------------------------
Finished Part Resource Summary
---------------------------------------------------------------------------------
No constraint files found.
---------------------------------------------------------------------------------
Start Cross Boundary and Area Optimization
---------------------------------------------------------------------------------
WARNING: [Synth 8-7080] Parallel synthesis criteria is not met
DSP Report: Generating DSP SampleNeuralNet_dsp_48ns_32ns_64ns_25ns_30ns_18ns_48ns_1s_48_5_1_DSP_Builtin_U/p_reg_reg, operation Mode is: ((C:0x0) or P)+((D+A'')*B'')'.
DSP Report: register SampleNeuralNet_dsp_48ns_32ns_64ns_25ns_30ns_18ns_48ns_1s_48_5_1_DSP_Builtin_U/a1_reg_reg is absorbed into DSP SampleNeuralNet_dsp_48ns_32ns_64ns_25ns_30ns_18ns_48ns_1s_48_5_1_DSP_Builtin_U/p_reg_reg.
DSP Report: register SampleNeuralNet_dsp_48ns_32ns_64ns_25ns_30ns_18ns_48ns_1s_48_5_1_DSP_Builtin_U/a2_reg_reg is absorbed into DSP SampleNeuralNet_dsp_48ns_32ns_64ns_25ns_30ns_18ns_48ns_1s_48_5_1_DSP_Builtin_U/p_reg_reg.
DSP Report: register SampleNeuralNet_dsp_48ns_32ns_64ns_25ns_30ns_18ns_48ns_1s_48_5_1_DSP_Builtin_U/b1_reg_reg is absorbed into DSP SampleNeuralNet_dsp_48ns_32ns_64ns_25ns_30ns_18ns_48ns_1s_48_5_1_DSP_Builtin_U/p_reg_reg.
DSP Report: register SampleNeuralNet_dsp_48ns_32ns_64ns_25ns_30ns_18ns_48ns_1s_48_5_1_DSP_Builtin_U/b2_reg_reg is absorbed into DSP SampleNeuralNet_dsp_48ns_32ns_64ns_25ns_30ns_18ns_48ns_1s_48_5_1_DSP_Builtin_U/p_reg_reg.
DSP Report: register SampleNeuralNet_dsp_48ns_32ns_64ns_25ns_30ns_18ns_48ns_1s_48_5_1_DSP_Builtin_U/p_reg_reg is absorbed into DSP SampleNeuralNet_dsp_48ns_32ns_64ns_25ns_30ns_18ns_48ns_1s_48_5_1_DSP_Builtin_U/p_reg_reg.
DSP Report: register SampleNeuralNet_dsp_48ns_32ns_64ns_25ns_30ns_18ns_48ns_1s_48_5_1_DSP_Builtin_U/m_reg_reg is absorbed into DSP SampleNeuralNet_dsp_48ns_32ns_64ns_25ns_30ns_18ns_48ns_1s_48_5_1_DSP_Builtin_U/p_reg_reg.
DSP Report: operator SampleNeuralNet_dsp_48ns_32ns_64ns_25ns_30ns_18ns_48ns_1s_48_5_1_DSP_Builtin_U/p is absorbed into DSP SampleNeuralNet_dsp_48ns_32ns_64ns_25ns_30ns_18ns_48ns_1s_48_5_1_DSP_Builtin_U/p_reg_reg.
DSP Report: operator SampleNeuralNet_dsp_48ns_32ns_64ns_25ns_30ns_18ns_48ns_1s_48_5_1_DSP_Builtin_U/m is absorbed into DSP SampleNeuralNet_dsp_48ns_32ns_64ns_25ns_30ns_18ns_48ns_1s_48_5_1_DSP_Builtin_U/p_reg_reg.
DSP Report: operator SampleNeuralNet_dsp_48ns_32ns_64ns_25ns_30ns_18ns_48ns_1s_48_5_1_DSP_Builtin_U/ad is absorbed into DSP SampleNeuralNet_dsp_48ns_32ns_64ns_25ns_30ns_18ns_48ns_1s_48_5_1_DSP_Builtin_U/p_reg_reg.
DSP Report: Generating DSP SampleNeuralNet_dsp_48ns_32ns_64ns_25ns_30s_18ns_48ns_1s_48_5_1_DSP_Builtin_U/p_reg_reg, operation Mode is: ((C:0x0) or P)+((D+A'')*B'')'.
DSP Report: register SampleNeuralNet_dsp_48ns_32ns_64ns_25ns_30s_18ns_48ns_1s_48_5_1_DSP_Builtin_U/a1_reg_reg is absorbed into DSP SampleNeuralNet_dsp_48ns_32ns_64ns_25ns_30s_18ns_48ns_1s_48_5_1_DSP_Builtin_U/p_reg_reg.
DSP Report: register SampleNeuralNet_dsp_48ns_32ns_64ns_25ns_30s_18ns_48ns_1s_48_5_1_DSP_Builtin_U/a2_reg_reg is absorbed into DSP SampleNeuralNet_dsp_48ns_32ns_64ns_25ns_30s_18ns_48ns_1s_48_5_1_DSP_Builtin_U/p_reg_reg.
DSP Report: register SampleNeuralNet_dsp_48ns_32ns_64ns_25ns_30s_18ns_48ns_1s_48_5_1_DSP_Builtin_U/b1_reg_reg is absorbed into DSP SampleNeuralNet_dsp_48ns_32ns_64ns_25ns_30s_18ns_48ns_1s_48_5_1_DSP_Builtin_U/p_reg_reg.
DSP Report: register SampleNeuralNet_dsp_48ns_32ns_64ns_25ns_30s_18ns_48ns_1s_48_5_1_DSP_Builtin_U/b2_reg_reg is absorbed into DSP SampleNeuralNet_dsp_48ns_32ns_64ns_25ns_30s_18ns_48ns_1s_48_5_1_DSP_Builtin_U/p_reg_reg.
DSP Report: register SampleNeuralNet_dsp_48ns_32ns_64ns_25ns_30s_18ns_48ns_1s_48_5_1_DSP_Builtin_U/p_reg_reg is absorbed into DSP SampleNeuralNet_dsp_48ns_32ns_64ns_25ns_30s_18ns_48ns_1s_48_5_1_DSP_Builtin_U/p_reg_reg.
DSP Report: register SampleNeuralNet_dsp_48ns_32ns_64ns_25ns_30s_18ns_48ns_1s_48_5_1_DSP_Builtin_U/m_reg_reg is absorbed into DSP SampleNeuralNet_dsp_48ns_32ns_64ns_25ns_30s_18ns_48ns_1s_48_5_1_DSP_Builtin_U/p_reg_reg.
DSP Report: operator SampleNeuralNet_dsp_48ns_32ns_64ns_25ns_30s_18ns_48ns_1s_48_5_1_DSP_Builtin_U/p is absorbed into DSP SampleNeuralNet_dsp_48ns_32ns_64ns_25ns_30s_18ns_48ns_1s_48_5_1_DSP_Builtin_U/p_reg_reg.
DSP Report: operator SampleNeuralNet_dsp_48ns_32ns_64ns_25ns_30s_18ns_48ns_1s_48_5_1_DSP_Builtin_U/m is absorbed into DSP SampleNeuralNet_dsp_48ns_32ns_64ns_25ns_30s_18ns_48ns_1s_48_5_1_DSP_Builtin_U/p_reg_reg.
DSP Report: operator SampleNeuralNet_dsp_48ns_32ns_64ns_25ns_30s_18ns_48ns_1s_48_5_1_DSP_Builtin_U/ad is absorbed into DSP SampleNeuralNet_dsp_48ns_32ns_64ns_25ns_30s_18ns_48ns_1s_48_5_1_DSP_Builtin_U/p_reg_reg.
DSP Report: Generating DSP SampleNeuralNet_dsp_48ns_32ns_64ns_25ns_30ns_18ns_48ns_1s_48_5_1_DSP_Builtin_U/p_reg_reg, operation Mode is: ((C:0x0) or P)+((D+A'')*B'')'.
DSP Report: register SampleNeuralNet_dsp_48ns_32ns_64ns_25ns_30ns_18ns_48ns_1s_48_5_1_DSP_Builtin_U/a1_reg_reg is absorbed into DSP SampleNeuralNet_dsp_48ns_32ns_64ns_25ns_30ns_18ns_48ns_1s_48_5_1_DSP_Builtin_U/p_reg_reg.
DSP Report: register SampleNeuralNet_dsp_48ns_32ns_64ns_25ns_30ns_18ns_48ns_1s_48_5_1_DSP_Builtin_U/a2_reg_reg is absorbed into DSP SampleNeuralNet_dsp_48ns_32ns_64ns_25ns_30ns_18ns_48ns_1s_48_5_1_DSP_Builtin_U/p_reg_reg.
DSP Report: register SampleNeuralNet_dsp_48ns_32ns_64ns_25ns_30ns_18ns_48ns_1s_48_5_1_DSP_Builtin_U/b1_reg_reg is absorbed into DSP SampleNeuralNet_dsp_48ns_32ns_64ns_25ns_30ns_18ns_48ns_1s_48_5_1_DSP_Builtin_U/p_reg_reg.
DSP Report: register SampleNeuralNet_dsp_48ns_32ns_64ns_25ns_30ns_18ns_48ns_1s_48_5_1_DSP_Builtin_U/b2_reg_reg is absorbed into DSP SampleNeuralNet_dsp_48ns_32ns_64ns_25ns_30ns_18ns_48ns_1s_48_5_1_DSP_Builtin_U/p_reg_reg.
DSP Report: register SampleNeuralNet_dsp_48ns_32ns_64ns_25ns_30ns_18ns_48ns_1s_48_5_1_DSP_Builtin_U/p_reg_reg is absorbed into DSP SampleNeuralNet_dsp_48ns_32ns_64ns_25ns_30ns_18ns_48ns_1s_48_5_1_DSP_Builtin_U/p_reg_reg.
DSP Report: register SampleNeuralNet_dsp_48ns_32ns_64ns_25ns_30ns_18ns_48ns_1s_48_5_1_DSP_Builtin_U/m_reg_reg is absorbed into DSP SampleNeuralNet_dsp_48ns_32ns_64ns_25ns_30ns_18ns_48ns_1s_48_5_1_DSP_Builtin_U/p_reg_reg.
DSP Report: operator SampleNeuralNet_dsp_48ns_32ns_64ns_25ns_30ns_18ns_48ns_1s_48_5_1_DSP_Builtin_U/p is absorbed into DSP SampleNeuralNet_dsp_48ns_32ns_64ns_25ns_30ns_18ns_48ns_1s_48_5_1_DSP_Builtin_U/p_reg_reg.
DSP Report: operator SampleNeuralNet_dsp_48ns_32ns_64ns_25ns_30ns_18ns_48ns_1s_48_5_1_DSP_Builtin_U/m is absorbed into DSP SampleNeuralNet_dsp_48ns_32ns_64ns_25ns_30ns_18ns_48ns_1s_48_5_1_DSP_Builtin_U/p_reg_reg.
DSP Report: operator SampleNeuralNet_dsp_48ns_32ns_64ns_25ns_30ns_18ns_48ns_1s_48_5_1_DSP_Builtin_U/ad is absorbed into DSP SampleNeuralNet_dsp_48ns_32ns_64ns_25ns_30ns_18ns_48ns_1s_48_5_1_DSP_Builtin_U/p_reg_reg.
DSP Report: Generating DSP SampleNeuralNet_dsp_48ns_32ns_64ns_25ns_30ns_18ns_48ns_1s_48_5_1_DSP_Builtin_U/p_reg_reg, operation Mode is: ((C:0x0) or P)+((D+A'')*B'')'.
DSP Report: register SampleNeuralNet_dsp_48ns_32ns_64ns_25ns_30ns_18ns_48ns_1s_48_5_1_DSP_Builtin_U/a1_reg_reg is absorbed into DSP SampleNeuralNet_dsp_48ns_32ns_64ns_25ns_30ns_18ns_48ns_1s_48_5_1_DSP_Builtin_U/p_reg_reg.
DSP Report: register SampleNeuralNet_dsp_48ns_32ns_64ns_25ns_30ns_18ns_48ns_1s_48_5_1_DSP_Builtin_U/a2_reg_reg is absorbed into DSP SampleNeuralNet_dsp_48ns_32ns_64ns_25ns_30ns_18ns_48ns_1s_48_5_1_DSP_Builtin_U/p_reg_reg.
DSP Report: register SampleNeuralNet_dsp_48ns_32ns_64ns_25ns_30ns_18ns_48ns_1s_48_5_1_DSP_Builtin_U/b1_reg_reg is absorbed into DSP SampleNeuralNet_dsp_48ns_32ns_64ns_25ns_30ns_18ns_48ns_1s_48_5_1_DSP_Builtin_U/p_reg_reg.
DSP Report: register SampleNeuralNet_dsp_48ns_32ns_64ns_25ns_30ns_18ns_48ns_1s_48_5_1_DSP_Builtin_U/b2_reg_reg is absorbed into DSP SampleNeuralNet_dsp_48ns_32ns_64ns_25ns_30ns_18ns_48ns_1s_48_5_1_DSP_Builtin_U/p_reg_reg.
DSP Report: register SampleNeuralNet_dsp_48ns_32ns_64ns_25ns_30ns_18ns_48ns_1s_48_5_1_DSP_Builtin_U/p_reg_reg is absorbed into DSP SampleNeuralNet_dsp_48ns_32ns_64ns_25ns_30ns_18ns_48ns_1s_48_5_1_DSP_Builtin_U/p_reg_reg.
DSP Report: register SampleNeuralNet_dsp_48ns_32ns_64ns_25ns_30ns_18ns_48ns_1s_48_5_1_DSP_Builtin_U/m_reg_reg is absorbed into DSP SampleNeuralNet_dsp_48ns_32ns_64ns_25ns_30ns_18ns_48ns_1s_48_5_1_DSP_Builtin_U/p_reg_reg.
DSP Report: operator SampleNeuralNet_dsp_48ns_32ns_64ns_25ns_30ns_18ns_48ns_1s_48_5_1_DSP_Builtin_U/p is absorbed into DSP SampleNeuralNet_dsp_48ns_32ns_64ns_25ns_30ns_18ns_48ns_1s_48_5_1_DSP_Builtin_U/p_reg_reg.
DSP Report: operator SampleNeuralNet_dsp_48ns_32ns_64ns_25ns_30ns_18ns_48ns_1s_48_5_1_DSP_Builtin_U/m is absorbed into DSP SampleNeuralNet_dsp_48ns_32ns_64ns_25ns_30ns_18ns_48ns_1s_48_5_1_DSP_Builtin_U/p_reg_reg.
DSP Report: operator SampleNeuralNet_dsp_48ns_32ns_64ns_25ns_30ns_18ns_48ns_1s_48_5_1_DSP_Builtin_U/ad is absorbed into DSP SampleNeuralNet_dsp_48ns_32ns_64ns_25ns_30ns_18ns_48ns_1s_48_5_1_DSP_Builtin_U/p_reg_reg.
DSP Report: Generating DSP SampleNeuralNet_dsp_48ns_32ns_64ns_25ns_30ns_18ns_48ns_1s_48_5_1_DSP_Builtin_U/p_reg_reg, operation Mode is: ((C:0x0) or P)+((D+A'')*B'')'.
DSP Report: register SampleNeuralNet_dsp_48ns_32ns_64ns_25ns_30ns_18ns_48ns_1s_48_5_1_DSP_Builtin_U/a1_reg_reg is absorbed into DSP SampleNeuralNet_dsp_48ns_32ns_64ns_25ns_30ns_18ns_48ns_1s_48_5_1_DSP_Builtin_U/p_reg_reg.
DSP Report: register SampleNeuralNet_dsp_48ns_32ns_64ns_25ns_30ns_18ns_48ns_1s_48_5_1_DSP_Builtin_U/a2_reg_reg is absorbed into DSP SampleNeuralNet_dsp_48ns_32ns_64ns_25ns_30ns_18ns_48ns_1s_48_5_1_DSP_Builtin_U/p_reg_reg.
DSP Report: register SampleNeuralNet_dsp_48ns_32ns_64ns_25ns_30ns_18ns_48ns_1s_48_5_1_DSP_Builtin_U/b1_reg_reg is absorbed into DSP SampleNeuralNet_dsp_48ns_32ns_64ns_25ns_30ns_18ns_48ns_1s_48_5_1_DSP_Builtin_U/p_reg_reg.
DSP Report: register SampleNeuralNet_dsp_48ns_32ns_64ns_25ns_30ns_18ns_48ns_1s_48_5_1_DSP_Builtin_U/b2_reg_reg is absorbed into DSP SampleNeuralNet_dsp_48ns_32ns_64ns_25ns_30ns_18ns_48ns_1s_48_5_1_DSP_Builtin_U/p_reg_reg.
DSP Report: register SampleNeuralNet_dsp_48ns_32ns_64ns_25ns_30ns_18ns_48ns_1s_48_5_1_DSP_Builtin_U/p_reg_reg is absorbed into DSP SampleNeuralNet_dsp_48ns_32ns_64ns_25ns_30ns_18ns_48ns_1s_48_5_1_DSP_Builtin_U/p_reg_reg.
DSP Report: register SampleNeuralNet_dsp_48ns_32ns_64ns_25ns_30ns_18ns_48ns_1s_48_5_1_DSP_Builtin_U/m_reg_reg is absorbed into DSP SampleNeuralNet_dsp_48ns_32ns_64ns_25ns_30ns_18ns_48ns_1s_48_5_1_DSP_Builtin_U/p_reg_reg.
DSP Report: operator SampleNeuralNet_dsp_48ns_32ns_64ns_25ns_30ns_18ns_48ns_1s_48_5_1_DSP_Builtin_U/p is absorbed into DSP SampleNeuralNet_dsp_48ns_32ns_64ns_25ns_30ns_18ns_48ns_1s_48_5_1_DSP_Builtin_U/p_reg_reg.
DSP Report: operator SampleNeuralNet_dsp_48ns_32ns_64ns_25ns_30ns_18ns_48ns_1s_48_5_1_DSP_Builtin_U/m is absorbed into DSP SampleNeuralNet_dsp_48ns_32ns_64ns_25ns_30ns_18ns_48ns_1s_48_5_1_DSP_Builtin_U/p_reg_reg.
DSP Report: operator SampleNeuralNet_dsp_48ns_32ns_64ns_25ns_30ns_18ns_48ns_1s_48_5_1_DSP_Builtin_U/ad is absorbed into DSP SampleNeuralNet_dsp_48ns_32ns_64ns_25ns_30ns_18ns_48ns_1s_48_5_1_DSP_Builtin_U/p_reg_reg.
DSP Report: Generating DSP SampleNeuralNet_dsp_48ns_32ns_64ns_25ns_30ns_18ns_48ns_1s_48_5_1_DSP_Builtin_U/p_reg_reg, operation Mode is: ((C:0x0) or P)+((D+A'')*B'')'.
DSP Report: register SampleNeuralNet_dsp_48ns_32ns_64ns_25ns_30ns_18ns_48ns_1s_48_5_1_DSP_Builtin_U/a1_reg_reg is absorbed into DSP SampleNeuralNet_dsp_48ns_32ns_64ns_25ns_30ns_18ns_48ns_1s_48_5_1_DSP_Builtin_U/p_reg_reg.
DSP Report: register SampleNeuralNet_dsp_48ns_32ns_64ns_25ns_30ns_18ns_48ns_1s_48_5_1_DSP_Builtin_U/a2_reg_reg is absorbed into DSP SampleNeuralNet_dsp_48ns_32ns_64ns_25ns_30ns_18ns_48ns_1s_48_5_1_DSP_Builtin_U/p_reg_reg.
DSP Report: register SampleNeuralNet_dsp_48ns_32ns_64ns_25ns_30ns_18ns_48ns_1s_48_5_1_DSP_Builtin_U/b1_reg_reg is absorbed into DSP SampleNeuralNet_dsp_48ns_32ns_64ns_25ns_30ns_18ns_48ns_1s_48_5_1_DSP_Builtin_U/p_reg_reg.
DSP Report: register SampleNeuralNet_dsp_48ns_32ns_64ns_25ns_30ns_18ns_48ns_1s_48_5_1_DSP_Builtin_U/b2_reg_reg is absorbed into DSP SampleNeuralNet_dsp_48ns_32ns_64ns_25ns_30ns_18ns_48ns_1s_48_5_1_DSP_Builtin_U/p_reg_reg.
DSP Report: register SampleNeuralNet_dsp_48ns_32ns_64ns_25ns_30ns_18ns_48ns_1s_48_5_1_DSP_Builtin_U/p_reg_reg is absorbed into DSP SampleNeuralNet_dsp_48ns_32ns_64ns_25ns_30ns_18ns_48ns_1s_48_5_1_DSP_Builtin_U/p_reg_reg.
DSP Report: register SampleNeuralNet_dsp_48ns_32ns_64ns_25ns_30ns_18ns_48ns_1s_48_5_1_DSP_Builtin_U/m_reg_reg is absorbed into DSP SampleNeuralNet_dsp_48ns_32ns_64ns_25ns_30ns_18ns_48ns_1s_48_5_1_DSP_Builtin_U/p_reg_reg.
DSP Report: operator SampleNeuralNet_dsp_48ns_32ns_64ns_25ns_30ns_18ns_48ns_1s_48_5_1_DSP_Builtin_U/p is absorbed into DSP SampleNeuralNet_dsp_48ns_32ns_64ns_25ns_30ns_18ns_48ns_1s_48_5_1_DSP_Builtin_U/p_reg_reg.
DSP Report: operator SampleNeuralNet_dsp_48ns_32ns_64ns_25ns_30ns_18ns_48ns_1s_48_5_1_DSP_Builtin_U/m is absorbed into DSP SampleNeuralNet_dsp_48ns_32ns_64ns_25ns_30ns_18ns_48ns_1s_48_5_1_DSP_Builtin_U/p_reg_reg.
DSP Report: operator SampleNeuralNet_dsp_48ns_32ns_64ns_25ns_30ns_18ns_48ns_1s_48_5_1_DSP_Builtin_U/ad is absorbed into DSP SampleNeuralNet_dsp_48ns_32ns_64ns_25ns_30ns_18ns_48ns_1s_48_5_1_DSP_Builtin_U/p_reg_reg.
DSP Report: Generating DSP SampleNeuralNet_dsp_48ns_32ns_64ns_25ns_30s_18ns_48ns_1s_48_5_1_DSP_Builtin_U/p_reg_reg, operation Mode is: ((C:0x0) or P)+((D+A'')*B'')'.
DSP Report: register SampleNeuralNet_dsp_48ns_32ns_64ns_25ns_30s_18ns_48ns_1s_48_5_1_DSP_Builtin_U/a1_reg_reg is absorbed into DSP SampleNeuralNet_dsp_48ns_32ns_64ns_25ns_30s_18ns_48ns_1s_48_5_1_DSP_Builtin_U/p_reg_reg.
DSP Report: register SampleNeuralNet_dsp_48ns_32ns_64ns_25ns_30s_18ns_48ns_1s_48_5_1_DSP_Builtin_U/a2_reg_reg is absorbed into DSP SampleNeuralNet_dsp_48ns_32ns_64ns_25ns_30s_18ns_48ns_1s_48_5_1_DSP_Builtin_U/p_reg_reg.
DSP Report: register SampleNeuralNet_dsp_48ns_32ns_64ns_25ns_30s_18ns_48ns_1s_48_5_1_DSP_Builtin_U/b1_reg_reg is absorbed into DSP SampleNeuralNet_dsp_48ns_32ns_64ns_25ns_30s_18ns_48ns_1s_48_5_1_DSP_Builtin_U/p_reg_reg.
DSP Report: register SampleNeuralNet_dsp_48ns_32ns_64ns_25ns_30s_18ns_48ns_1s_48_5_1_DSP_Builtin_U/b2_reg_reg is absorbed into DSP SampleNeuralNet_dsp_48ns_32ns_64ns_25ns_30s_18ns_48ns_1s_48_5_1_DSP_Builtin_U/p_reg_reg.
DSP Report: register SampleNeuralNet_dsp_48ns_32ns_64ns_25ns_30s_18ns_48ns_1s_48_5_1_DSP_Builtin_U/p_reg_reg is absorbed into DSP SampleNeuralNet_dsp_48ns_32ns_64ns_25ns_30s_18ns_48ns_1s_48_5_1_DSP_Builtin_U/p_reg_reg.
DSP Report: register SampleNeuralNet_dsp_48ns_32ns_64ns_25ns_30s_18ns_48ns_1s_48_5_1_DSP_Builtin_U/m_reg_reg is absorbed into DSP SampleNeuralNet_dsp_48ns_32ns_64ns_25ns_30s_18ns_48ns_1s_48_5_1_DSP_Builtin_U/p_reg_reg.
DSP Report: operator SampleNeuralNet_dsp_48ns_32ns_64ns_25ns_30s_18ns_48ns_1s_48_5_1_DSP_Builtin_U/p is absorbed into DSP SampleNeuralNet_dsp_48ns_32ns_64ns_25ns_30s_18ns_48ns_1s_48_5_1_DSP_Builtin_U/p_reg_reg.
DSP Report: operator SampleNeuralNet_dsp_48ns_32ns_64ns_25ns_30s_18ns_48ns_1s_48_5_1_DSP_Builtin_U/m is absorbed into DSP SampleNeuralNet_dsp_48ns_32ns_64ns_25ns_30s_18ns_48ns_1s_48_5_1_DSP_Builtin_U/p_reg_reg.
DSP Report: operator SampleNeuralNet_dsp_48ns_32ns_64ns_25ns_30s_18ns_48ns_1s_48_5_1_DSP_Builtin_U/ad is absorbed into DSP SampleNeuralNet_dsp_48ns_32ns_64ns_25ns_30s_18ns_48ns_1s_48_5_1_DSP_Builtin_U/p_reg_reg.
DSP Report: Generating DSP SampleNeuralNet_dsp_48ns_32ns_64ns_25ns_30s_18s_48ns_1ns_48_5_1_DSP_Builtin_U/p_reg_reg, operation Mode is: ((C:0x0) or P)+((D+A'')*B'')'.
DSP Report: register SampleNeuralNet_dsp_48ns_32ns_64ns_25ns_30s_18s_48ns_1ns_48_5_1_DSP_Builtin_U/a1_reg_reg is absorbed into DSP SampleNeuralNet_dsp_48ns_32ns_64ns_25ns_30s_18s_48ns_1ns_48_5_1_DSP_Builtin_U/p_reg_reg.
DSP Report: register SampleNeuralNet_dsp_48ns_32ns_64ns_25ns_30s_18s_48ns_1ns_48_5_1_DSP_Builtin_U/a2_reg_reg is absorbed into DSP SampleNeuralNet_dsp_48ns_32ns_64ns_25ns_30s_18s_48ns_1ns_48_5_1_DSP_Builtin_U/p_reg_reg.
DSP Report: register SampleNeuralNet_dsp_48ns_32ns_64ns_25ns_30s_18s_48ns_1ns_48_5_1_DSP_Builtin_U/b1_reg_reg is absorbed into DSP SampleNeuralNet_dsp_48ns_32ns_64ns_25ns_30s_18s_48ns_1ns_48_5_1_DSP_Builtin_U/p_reg_reg.
DSP Report: register SampleNeuralNet_dsp_48ns_32ns_64ns_25ns_30s_18s_48ns_1ns_48_5_1_DSP_Builtin_U/b2_reg_reg is absorbed into DSP SampleNeuralNet_dsp_48ns_32ns_64ns_25ns_30s_18s_48ns_1ns_48_5_1_DSP_Builtin_U/p_reg_reg.
DSP Report: register SampleNeuralNet_dsp_48ns_32ns_64ns_25ns_30s_18s_48ns_1ns_48_5_1_DSP_Builtin_U/p_reg_reg is absorbed into DSP SampleNeuralNet_dsp_48ns_32ns_64ns_25ns_30s_18s_48ns_1ns_48_5_1_DSP_Builtin_U/p_reg_reg.
DSP Report: register SampleNeuralNet_dsp_48ns_32ns_64ns_25ns_30s_18s_48ns_1ns_48_5_1_DSP_Builtin_U/m_reg_reg is absorbed into DSP SampleNeuralNet_dsp_48ns_32ns_64ns_25ns_30s_18s_48ns_1ns_48_5_1_DSP_Builtin_U/p_reg_reg.
DSP Report: operator SampleNeuralNet_dsp_48ns_32ns_64ns_25ns_30s_18s_48ns_1ns_48_5_1_DSP_Builtin_U/p is absorbed into DSP SampleNeuralNet_dsp_48ns_32ns_64ns_25ns_30s_18s_48ns_1ns_48_5_1_DSP_Builtin_U/p_reg_reg.
DSP Report: operator SampleNeuralNet_dsp_48ns_32ns_64ns_25ns_30s_18s_48ns_1ns_48_5_1_DSP_Builtin_U/m is absorbed into DSP SampleNeuralNet_dsp_48ns_32ns_64ns_25ns_30s_18s_48ns_1ns_48_5_1_DSP_Builtin_U/p_reg_reg.
DSP Report: operator SampleNeuralNet_dsp_48ns_32ns_64ns_25ns_30s_18s_48ns_1ns_48_5_1_DSP_Builtin_U/ad is absorbed into DSP SampleNeuralNet_dsp_48ns_32ns_64ns_25ns_30s_18s_48ns_1ns_48_5_1_DSP_Builtin_U/p_reg_reg.
DSP Report: Generating DSP SampleNeuralNet_dsp_48ns_32ns_64ns_25ns_30s_18s_48ns_1ns_48_5_1_DSP_Builtin_U/p_reg_reg, operation Mode is: ((C:0x0) or P)+((D+A'')*B'')'.
DSP Report: register SampleNeuralNet_dsp_48ns_32ns_64ns_25ns_30s_18s_48ns_1ns_48_5_1_DSP_Builtin_U/a1_reg_reg is absorbed into DSP SampleNeuralNet_dsp_48ns_32ns_64ns_25ns_30s_18s_48ns_1ns_48_5_1_DSP_Builtin_U/p_reg_reg.
DSP Report: register SampleNeuralNet_dsp_48ns_32ns_64ns_25ns_30s_18s_48ns_1ns_48_5_1_DSP_Builtin_U/a2_reg_reg is absorbed into DSP SampleNeuralNet_dsp_48ns_32ns_64ns_25ns_30s_18s_48ns_1ns_48_5_1_DSP_Builtin_U/p_reg_reg.
DSP Report: register SampleNeuralNet_dsp_48ns_32ns_64ns_25ns_30s_18s_48ns_1ns_48_5_1_DSP_Builtin_U/b1_reg_reg is absorbed into DSP SampleNeuralNet_dsp_48ns_32ns_64ns_25ns_30s_18s_48ns_1ns_48_5_1_DSP_Builtin_U/p_reg_reg.
DSP Report: register SampleNeuralNet_dsp_48ns_32ns_64ns_25ns_30s_18s_48ns_1ns_48_5_1_DSP_Builtin_U/b2_reg_reg is absorbed into DSP SampleNeuralNet_dsp_48ns_32ns_64ns_25ns_30s_18s_48ns_1ns_48_5_1_DSP_Builtin_U/p_reg_reg.
DSP Report: register SampleNeuralNet_dsp_48ns_32ns_64ns_25ns_30s_18s_48ns_1ns_48_5_1_DSP_Builtin_U/p_reg_reg is absorbed into DSP SampleNeuralNet_dsp_48ns_32ns_64ns_25ns_30s_18s_48ns_1ns_48_5_1_DSP_Builtin_U/p_reg_reg.
DSP Report: register SampleNeuralNet_dsp_48ns_32ns_64ns_25ns_30s_18s_48ns_1ns_48_5_1_DSP_Builtin_U/m_reg_reg is absorbed into DSP SampleNeuralNet_dsp_48ns_32ns_64ns_25ns_30s_18s_48ns_1ns_48_5_1_DSP_Builtin_U/p_reg_reg.
DSP Report: operator SampleNeuralNet_dsp_48ns_32ns_64ns_25ns_30s_18s_48ns_1ns_48_5_1_DSP_Builtin_U/p is absorbed into DSP SampleNeuralNet_dsp_48ns_32ns_64ns_25ns_30s_18s_48ns_1ns_48_5_1_DSP_Builtin_U/p_reg_reg.
DSP Report: operator SampleNeuralNet_dsp_48ns_32ns_64ns_25ns_30s_18s_48ns_1ns_48_5_1_DSP_Builtin_U/m is absorbed into DSP SampleNeuralNet_dsp_48ns_32ns_64ns_25ns_30s_18s_48ns_1ns_48_5_1_DSP_Builtin_U/p_reg_reg.
DSP Report: operator SampleNeuralNet_dsp_48ns_32ns_64ns_25ns_30s_18s_48ns_1ns_48_5_1_DSP_Builtin_U/ad is absorbed into DSP SampleNeuralNet_dsp_48ns_32ns_64ns_25ns_30s_18s_48ns_1ns_48_5_1_DSP_Builtin_U/p_reg_reg.
DSP Report: Generating DSP SampleNeuralNet_dsp_48ns_32ns_64ns_25ns_30s_18s_48ns_1ns_48_5_1_DSP_Builtin_U/p_reg_reg, operation Mode is: ((C:0x0) or P)+((D+A'')*B'')'.
DSP Report: register SampleNeuralNet_dsp_48ns_32ns_64ns_25ns_30s_18s_48ns_1ns_48_5_1_DSP_Builtin_U/a1_reg_reg is absorbed into DSP SampleNeuralNet_dsp_48ns_32ns_64ns_25ns_30s_18s_48ns_1ns_48_5_1_DSP_Builtin_U/p_reg_reg.
DSP Report: register SampleNeuralNet_dsp_48ns_32ns_64ns_25ns_30s_18s_48ns_1ns_48_5_1_DSP_Builtin_U/a2_reg_reg is absorbed into DSP SampleNeuralNet_dsp_48ns_32ns_64ns_25ns_30s_18s_48ns_1ns_48_5_1_DSP_Builtin_U/p_reg_reg.
DSP Report: register SampleNeuralNet_dsp_48ns_32ns_64ns_25ns_30s_18s_48ns_1ns_48_5_1_DSP_Builtin_U/b1_reg_reg is absorbed into DSP SampleNeuralNet_dsp_48ns_32ns_64ns_25ns_30s_18s_48ns_1ns_48_5_1_DSP_Builtin_U/p_reg_reg.
DSP Report: register SampleNeuralNet_dsp_48ns_32ns_64ns_25ns_30s_18s_48ns_1ns_48_5_1_DSP_Builtin_U/b2_reg_reg is absorbed into DSP SampleNeuralNet_dsp_48ns_32ns_64ns_25ns_30s_18s_48ns_1ns_48_5_1_DSP_Builtin_U/p_reg_reg.
DSP Report: register SampleNeuralNet_dsp_48ns_32ns_64ns_25ns_30s_18s_48ns_1ns_48_5_1_DSP_Builtin_U/p_reg_reg is absorbed into DSP SampleNeuralNet_dsp_48ns_32ns_64ns_25ns_30s_18s_48ns_1ns_48_5_1_DSP_Builtin_U/p_reg_reg.
DSP Report: register SampleNeuralNet_dsp_48ns_32ns_64ns_25ns_30s_18s_48ns_1ns_48_5_1_DSP_Builtin_U/m_reg_reg is absorbed into DSP SampleNeuralNet_dsp_48ns_32ns_64ns_25ns_30s_18s_48ns_1ns_48_5_1_DSP_Builtin_U/p_reg_reg.
DSP Report: operator SampleNeuralNet_dsp_48ns_32ns_64ns_25ns_30s_18s_48ns_1ns_48_5_1_DSP_Builtin_U/p is absorbed into DSP SampleNeuralNet_dsp_48ns_32ns_64ns_25ns_30s_18s_48ns_1ns_48_5_1_DSP_Builtin_U/p_reg_reg.
DSP Report: operator SampleNeuralNet_dsp_48ns_32ns_64ns_25ns_30s_18s_48ns_1ns_48_5_1_DSP_Builtin_U/m is absorbed into DSP SampleNeuralNet_dsp_48ns_32ns_64ns_25ns_30s_18s_48ns_1ns_48_5_1_DSP_Builtin_U/p_reg_reg.
DSP Report: operator SampleNeuralNet_dsp_48ns_32ns_64ns_25ns_30s_18s_48ns_1ns_48_5_1_DSP_Builtin_U/ad is absorbed into DSP SampleNeuralNet_dsp_48ns_32ns_64ns_25ns_30s_18s_48ns_1ns_48_5_1_DSP_Builtin_U/p_reg_reg.
DSP Report: Generating DSP SampleNeuralNet_dsp_48ns_32ns_64ns_25ns_30s_18s_48ns_1ns_48_5_1_DSP_Builtin_U/p_reg_reg, operation Mode is: ((C:0x0) or P)+((D+A'')*B'')'.
DSP Report: register SampleNeuralNet_dsp_48ns_32ns_64ns_25ns_30s_18s_48ns_1ns_48_5_1_DSP_Builtin_U/a1_reg_reg is absorbed into DSP SampleNeuralNet_dsp_48ns_32ns_64ns_25ns_30s_18s_48ns_1ns_48_5_1_DSP_Builtin_U/p_reg_reg.
DSP Report: register SampleNeuralNet_dsp_48ns_32ns_64ns_25ns_30s_18s_48ns_1ns_48_5_1_DSP_Builtin_U/a2_reg_reg is absorbed into DSP SampleNeuralNet_dsp_48ns_32ns_64ns_25ns_30s_18s_48ns_1ns_48_5_1_DSP_Builtin_U/p_reg_reg.
DSP Report: register SampleNeuralNet_dsp_48ns_32ns_64ns_25ns_30s_18s_48ns_1ns_48_5_1_DSP_Builtin_U/b1_reg_reg is absorbed into DSP SampleNeuralNet_dsp_48ns_32ns_64ns_25ns_30s_18s_48ns_1ns_48_5_1_DSP_Builtin_U/p_reg_reg.
DSP Report: register SampleNeuralNet_dsp_48ns_32ns_64ns_25ns_30s_18s_48ns_1ns_48_5_1_DSP_Builtin_U/b2_reg_reg is absorbed into DSP SampleNeuralNet_dsp_48ns_32ns_64ns_25ns_30s_18s_48ns_1ns_48_5_1_DSP_Builtin_U/p_reg_reg.
DSP Report: register SampleNeuralNet_dsp_48ns_32ns_64ns_25ns_30s_18s_48ns_1ns_48_5_1_DSP_Builtin_U/p_reg_reg is absorbed into DSP SampleNeuralNet_dsp_48ns_32ns_64ns_25ns_30s_18s_48ns_1ns_48_5_1_DSP_Builtin_U/p_reg_reg.
DSP Report: register SampleNeuralNet_dsp_48ns_32ns_64ns_25ns_30s_18s_48ns_1ns_48_5_1_DSP_Builtin_U/m_reg_reg is absorbed into DSP SampleNeuralNet_dsp_48ns_32ns_64ns_25ns_30s_18s_48ns_1ns_48_5_1_DSP_Builtin_U/p_reg_reg.
DSP Report: operator SampleNeuralNet_dsp_48ns_32ns_64ns_25ns_30s_18s_48ns_1ns_48_5_1_DSP_Builtin_U/p is absorbed into DSP SampleNeuralNet_dsp_48ns_32ns_64ns_25ns_30s_18s_48ns_1ns_48_5_1_DSP_Builtin_U/p_reg_reg.
DSP Report: operator SampleNeuralNet_dsp_48ns_32ns_64ns_25ns_30s_18s_48ns_1ns_48_5_1_DSP_Builtin_U/m is absorbed into DSP SampleNeuralNet_dsp_48ns_32ns_64ns_25ns_30s_18s_48ns_1ns_48_5_1_DSP_Builtin_U/p_reg_reg.
DSP Report: operator SampleNeuralNet_dsp_48ns_32ns_64ns_25ns_30s_18s_48ns_1ns_48_5_1_DSP_Builtin_U/ad is absorbed into DSP SampleNeuralNet_dsp_48ns_32ns_64ns_25ns_30s_18s_48ns_1ns_48_5_1_DSP_Builtin_U/p_reg_reg.
DSP Report: Generating DSP SampleNeuralNet_dsp_48ns_32ns_64ns_25ns_30s_18s_48ns_1ns_48_5_1_DSP_Builtin_U/p_reg_reg, operation Mode is: ((C:0x0) or P)+((D+A'')*B'')'.
DSP Report: register SampleNeuralNet_dsp_48ns_32ns_64ns_25ns_30s_18s_48ns_1ns_48_5_1_DSP_Builtin_U/a1_reg_reg is absorbed into DSP SampleNeuralNet_dsp_48ns_32ns_64ns_25ns_30s_18s_48ns_1ns_48_5_1_DSP_Builtin_U/p_reg_reg.
DSP Report: register SampleNeuralNet_dsp_48ns_32ns_64ns_25ns_30s_18s_48ns_1ns_48_5_1_DSP_Builtin_U/a2_reg_reg is absorbed into DSP SampleNeuralNet_dsp_48ns_32ns_64ns_25ns_30s_18s_48ns_1ns_48_5_1_DSP_Builtin_U/p_reg_reg.
DSP Report: register SampleNeuralNet_dsp_48ns_32ns_64ns_25ns_30s_18s_48ns_1ns_48_5_1_DSP_Builtin_U/b1_reg_reg is absorbed into DSP SampleNeuralNet_dsp_48ns_32ns_64ns_25ns_30s_18s_48ns_1ns_48_5_1_DSP_Builtin_U/p_reg_reg.
DSP Report: register SampleNeuralNet_dsp_48ns_32ns_64ns_25ns_30s_18s_48ns_1ns_48_5_1_DSP_Builtin_U/b2_reg_reg is absorbed into DSP SampleNeuralNet_dsp_48ns_32ns_64ns_25ns_30s_18s_48ns_1ns_48_5_1_DSP_Builtin_U/p_reg_reg.
DSP Report: register SampleNeuralNet_dsp_48ns_32ns_64ns_25ns_30s_18s_48ns_1ns_48_5_1_DSP_Builtin_U/p_reg_reg is absorbed into DSP SampleNeuralNet_dsp_48ns_32ns_64ns_25ns_30s_18s_48ns_1ns_48_5_1_DSP_Builtin_U/p_reg_reg.
DSP Report: register SampleNeuralNet_dsp_48ns_32ns_64ns_25ns_30s_18s_48ns_1ns_48_5_1_DSP_Builtin_U/m_reg_reg is absorbed into DSP SampleNeuralNet_dsp_48ns_32ns_64ns_25ns_30s_18s_48ns_1ns_48_5_1_DSP_Builtin_U/p_reg_reg.
DSP Report: operator SampleNeuralNet_dsp_48ns_32ns_64ns_25ns_30s_18s_48ns_1ns_48_5_1_DSP_Builtin_U/p is absorbed into DSP SampleNeuralNet_dsp_48ns_32ns_64ns_25ns_30s_18s_48ns_1ns_48_5_1_DSP_Builtin_U/p_reg_reg.
DSP Report: operator SampleNeuralNet_dsp_48ns_32ns_64ns_25ns_30s_18s_48ns_1ns_48_5_1_DSP_Builtin_U/m is absorbed into DSP SampleNeuralNet_dsp_48ns_32ns_64ns_25ns_30s_18s_48ns_1ns_48_5_1_DSP_Builtin_U/p_reg_reg.
DSP Report: operator SampleNeuralNet_dsp_48ns_32ns_64ns_25ns_30s_18s_48ns_1ns_48_5_1_DSP_Builtin_U/ad is absorbed into DSP SampleNeuralNet_dsp_48ns_32ns_64ns_25ns_30s_18s_48ns_1ns_48_5_1_DSP_Builtin_U/p_reg_reg.
DSP Report: Generating DSP SampleNeuralNet_dsp_48ns_32ns_64ns_25ns_30s_18s_48ns_1ns_48_5_1_DSP_Builtin_U/p_reg_reg, operation Mode is: ((C:0x0) or P)+((D+A'')*B'')'.
DSP Report: register SampleNeuralNet_dsp_48ns_32ns_64ns_25ns_30s_18s_48ns_1ns_48_5_1_DSP_Builtin_U/a1_reg_reg is absorbed into DSP SampleNeuralNet_dsp_48ns_32ns_64ns_25ns_30s_18s_48ns_1ns_48_5_1_DSP_Builtin_U/p_reg_reg.
DSP Report: register SampleNeuralNet_dsp_48ns_32ns_64ns_25ns_30s_18s_48ns_1ns_48_5_1_DSP_Builtin_U/a2_reg_reg is absorbed into DSP SampleNeuralNet_dsp_48ns_32ns_64ns_25ns_30s_18s_48ns_1ns_48_5_1_DSP_Builtin_U/p_reg_reg.
DSP Report: register SampleNeuralNet_dsp_48ns_32ns_64ns_25ns_30s_18s_48ns_1ns_48_5_1_DSP_Builtin_U/b1_reg_reg is absorbed into DSP SampleNeuralNet_dsp_48ns_32ns_64ns_25ns_30s_18s_48ns_1ns_48_5_1_DSP_Builtin_U/p_reg_reg.
DSP Report: register SampleNeuralNet_dsp_48ns_32ns_64ns_25ns_30s_18s_48ns_1ns_48_5_1_DSP_Builtin_U/b2_reg_reg is absorbed into DSP SampleNeuralNet_dsp_48ns_32ns_64ns_25ns_30s_18s_48ns_1ns_48_5_1_DSP_Builtin_U/p_reg_reg.
DSP Report: register SampleNeuralNet_dsp_48ns_32ns_64ns_25ns_30s_18s_48ns_1ns_48_5_1_DSP_Builtin_U/p_reg_reg is absorbed into DSP SampleNeuralNet_dsp_48ns_32ns_64ns_25ns_30s_18s_48ns_1ns_48_5_1_DSP_Builtin_U/p_reg_reg.
DSP Report: register SampleNeuralNet_dsp_48ns_32ns_64ns_25ns_30s_18s_48ns_1ns_48_5_1_DSP_Builtin_U/m_reg_reg is absorbed into DSP SampleNeuralNet_dsp_48ns_32ns_64ns_25ns_30s_18s_48ns_1ns_48_5_1_DSP_Builtin_U/p_reg_reg.
DSP Report: operator SampleNeuralNet_dsp_48ns_32ns_64ns_25ns_30s_18s_48ns_1ns_48_5_1_DSP_Builtin_U/p is absorbed into DSP SampleNeuralNet_dsp_48ns_32ns_64ns_25ns_30s_18s_48ns_1ns_48_5_1_DSP_Builtin_U/p_reg_reg.
DSP Report: operator SampleNeuralNet_dsp_48ns_32ns_64ns_25ns_30s_18s_48ns_1ns_48_5_1_DSP_Builtin_U/m is absorbed into DSP SampleNeuralNet_dsp_48ns_32ns_64ns_25ns_30s_18s_48ns_1ns_48_5_1_DSP_Builtin_U/p_reg_reg.
DSP Report: operator SampleNeuralNet_dsp_48ns_32ns_64ns_25ns_30s_18s_48ns_1ns_48_5_1_DSP_Builtin_U/ad is absorbed into DSP SampleNeuralNet_dsp_48ns_32ns_64ns_25ns_30s_18s_48ns_1ns_48_5_1_DSP_Builtin_U/p_reg_reg.
DSP Report: Generating DSP SampleNeuralNet_dsp_48ns_32ns_64ns_25ns_30s_18s_48ns_1ns_48_5_1_DSP_Builtin_U/p_reg_reg, operation Mode is: ((C:0x0) or P)+((D+A'')*B'')'.
DSP Report: register SampleNeuralNet_dsp_48ns_32ns_64ns_25ns_30s_18s_48ns_1ns_48_5_1_DSP_Builtin_U/a1_reg_reg is absorbed into DSP SampleNeuralNet_dsp_48ns_32ns_64ns_25ns_30s_18s_48ns_1ns_48_5_1_DSP_Builtin_U/p_reg_reg.
DSP Report: register SampleNeuralNet_dsp_48ns_32ns_64ns_25ns_30s_18s_48ns_1ns_48_5_1_DSP_Builtin_U/a2_reg_reg is absorbed into DSP SampleNeuralNet_dsp_48ns_32ns_64ns_25ns_30s_18s_48ns_1ns_48_5_1_DSP_Builtin_U/p_reg_reg.
DSP Report: register SampleNeuralNet_dsp_48ns_32ns_64ns_25ns_30s_18s_48ns_1ns_48_5_1_DSP_Builtin_U/b1_reg_reg is absorbed into DSP SampleNeuralNet_dsp_48ns_32ns_64ns_25ns_30s_18s_48ns_1ns_48_5_1_DSP_Builtin_U/p_reg_reg.
DSP Report: register SampleNeuralNet_dsp_48ns_32ns_64ns_25ns_30s_18s_48ns_1ns_48_5_1_DSP_Builtin_U/b2_reg_reg is absorbed into DSP SampleNeuralNet_dsp_48ns_32ns_64ns_25ns_30s_18s_48ns_1ns_48_5_1_DSP_Builtin_U/p_reg_reg.
DSP Report: register SampleNeuralNet_dsp_48ns_32ns_64ns_25ns_30s_18s_48ns_1ns_48_5_1_DSP_Builtin_U/p_reg_reg is absorbed into DSP SampleNeuralNet_dsp_48ns_32ns_64ns_25ns_30s_18s_48ns_1ns_48_5_1_DSP_Builtin_U/p_reg_reg.
DSP Report: register SampleNeuralNet_dsp_48ns_32ns_64ns_25ns_30s_18s_48ns_1ns_48_5_1_DSP_Builtin_U/m_reg_reg is absorbed into DSP SampleNeuralNet_dsp_48ns_32ns_64ns_25ns_30s_18s_48ns_1ns_48_5_1_DSP_Builtin_U/p_reg_reg.
DSP Report: operator SampleNeuralNet_dsp_48ns_32ns_64ns_25ns_30s_18s_48ns_1ns_48_5_1_DSP_Builtin_U/p is absorbed into DSP SampleNeuralNet_dsp_48ns_32ns_64ns_25ns_30s_18s_48ns_1ns_48_5_1_DSP_Builtin_U/p_reg_reg.
DSP Report: operator SampleNeuralNet_dsp_48ns_32ns_64ns_25ns_30s_18s_48ns_1ns_48_5_1_DSP_Builtin_U/m is absorbed into DSP SampleNeuralNet_dsp_48ns_32ns_64ns_25ns_30s_18s_48ns_1ns_48_5_1_DSP_Builtin_U/p_reg_reg.
DSP Report: operator SampleNeuralNet_dsp_48ns_32ns_64ns_25ns_30s_18s_48ns_1ns_48_5_1_DSP_Builtin_U/ad is absorbed into DSP SampleNeuralNet_dsp_48ns_32ns_64ns_25ns_30s_18s_48ns_1ns_48_5_1_DSP_Builtin_U/p_reg_reg.
DSP Report: Generating DSP SampleNeuralNet_dsp_48ns_32ns_64ns_25ns_30s_18s_48ns_1ns_48_5_1_DSP_Builtin_U/p_reg_reg, operation Mode is: ((C:0x0) or P)+((D+A'')*B'')'.
DSP Report: register SampleNeuralNet_dsp_48ns_32ns_64ns_25ns_30s_18s_48ns_1ns_48_5_1_DSP_Builtin_U/a1_reg_reg is absorbed into DSP SampleNeuralNet_dsp_48ns_32ns_64ns_25ns_30s_18s_48ns_1ns_48_5_1_DSP_Builtin_U/p_reg_reg.
DSP Report: register SampleNeuralNet_dsp_48ns_32ns_64ns_25ns_30s_18s_48ns_1ns_48_5_1_DSP_Builtin_U/a2_reg_reg is absorbed into DSP SampleNeuralNet_dsp_48ns_32ns_64ns_25ns_30s_18s_48ns_1ns_48_5_1_DSP_Builtin_U/p_reg_reg.
DSP Report: register SampleNeuralNet_dsp_48ns_32ns_64ns_25ns_30s_18s_48ns_1ns_48_5_1_DSP_Builtin_U/b1_reg_reg is absorbed into DSP SampleNeuralNet_dsp_48ns_32ns_64ns_25ns_30s_18s_48ns_1ns_48_5_1_DSP_Builtin_U/p_reg_reg.
DSP Report: register SampleNeuralNet_dsp_48ns_32ns_64ns_25ns_30s_18s_48ns_1ns_48_5_1_DSP_Builtin_U/b2_reg_reg is absorbed into DSP SampleNeuralNet_dsp_48ns_32ns_64ns_25ns_30s_18s_48ns_1ns_48_5_1_DSP_Builtin_U/p_reg_reg.
DSP Report: register SampleNeuralNet_dsp_48ns_32ns_64ns_25ns_30s_18s_48ns_1ns_48_5_1_DSP_Builtin_U/p_reg_reg is absorbed into DSP SampleNeuralNet_dsp_48ns_32ns_64ns_25ns_30s_18s_48ns_1ns_48_5_1_DSP_Builtin_U/p_reg_reg.
DSP Report: register SampleNeuralNet_dsp_48ns_32ns_64ns_25ns_30s_18s_48ns_1ns_48_5_1_DSP_Builtin_U/m_reg_reg is absorbed into DSP SampleNeuralNet_dsp_48ns_32ns_64ns_25ns_30s_18s_48ns_1ns_48_5_1_DSP_Builtin_U/p_reg_reg.
DSP Report: operator SampleNeuralNet_dsp_48ns_32ns_64ns_25ns_30s_18s_48ns_1ns_48_5_1_DSP_Builtin_U/p is absorbed into DSP SampleNeuralNet_dsp_48ns_32ns_64ns_25ns_30s_18s_48ns_1ns_48_5_1_DSP_Builtin_U/p_reg_reg.
DSP Report: operator SampleNeuralNet_dsp_48ns_32ns_64ns_25ns_30s_18s_48ns_1ns_48_5_1_DSP_Builtin_U/m is absorbed into DSP SampleNeuralNet_dsp_48ns_32ns_64ns_25ns_30s_18s_48ns_1ns_48_5_1_DSP_Builtin_U/p_reg_reg.
DSP Report: operator SampleNeuralNet_dsp_48ns_32ns_64ns_25ns_30s_18s_48ns_1ns_48_5_1_DSP_Builtin_U/ad is absorbed into DSP SampleNeuralNet_dsp_48ns_32ns_64ns_25ns_30s_18s_48ns_1ns_48_5_1_DSP_Builtin_U/p_reg_reg.
DSP Report: Generating DSP dsp_48ns_32ns_64ns_25ns_30s_18s_48ns_1ns_48_5_1_U50/SampleNeuralNet_dsp_48ns_32ns_64ns_25ns_30s_18s_48ns_1ns_48_5_1_DSP_Builtin_U/p_reg_reg, operation Mode is: ((C:0x0) or P)+(A*B'')'.
DSP Report: register dsp_48ns_32ns_64ns_25ns_30s_18s_48ns_1ns_48_5_1_U50/SampleNeuralNet_dsp_48ns_32ns_64ns_25ns_30s_18s_48ns_1ns_48_5_1_DSP_Builtin_U/p_reg_reg is absorbed into DSP dsp_48ns_32ns_64ns_25ns_30s_18s_48ns_1ns_48_5_1_U50/SampleNeuralNet_dsp_48ns_32ns_64ns_25ns_30s_18s_48ns_1ns_48_5_1_DSP_Builtin_U/p_reg_reg.
DSP Report: register dsp_48ns_32ns_64ns_25ns_30s_18s_48ns_1ns_48_5_1_U50/SampleNeuralNet_dsp_48ns_32ns_64ns_25ns_30s_18s_48ns_1ns_48_5_1_DSP_Builtin_U/p_reg_reg is absorbed into DSP dsp_48ns_32ns_64ns_25ns_30s_18s_48ns_1ns_48_5_1_U50/SampleNeuralNet_dsp_48ns_32ns_64ns_25ns_30s_18s_48ns_1ns_48_5_1_DSP_Builtin_U/p_reg_reg.
DSP Report: register dsp_48ns_32ns_64ns_25ns_30s_18s_48ns_1ns_48_5_1_U50/SampleNeuralNet_dsp_48ns_32ns_64ns_25ns_30s_18s_48ns_1ns_48_5_1_DSP_Builtin_U/p_reg_reg is absorbed into DSP dsp_48ns_32ns_64ns_25ns_30s_18s_48ns_1ns_48_5_1_U50/SampleNeuralNet_dsp_48ns_32ns_64ns_25ns_30s_18s_48ns_1ns_48_5_1_DSP_Builtin_U/p_reg_reg.
DSP Report: register dsp_48ns_32ns_64ns_25ns_30s_18s_48ns_1ns_48_5_1_U50/SampleNeuralNet_dsp_48ns_32ns_64ns_25ns_30s_18s_48ns_1ns_48_5_1_DSP_Builtin_U/m_reg_reg is absorbed into DSP dsp_48ns_32ns_64ns_25ns_30s_18s_48ns_1ns_48_5_1_U50/SampleNeuralNet_dsp_48ns_32ns_64ns_25ns_30s_18s_48ns_1ns_48_5_1_DSP_Builtin_U/p_reg_reg.
DSP Report: operator dsp_48ns_32ns_64ns_25ns_30s_18s_48ns_1ns_48_5_1_U50/SampleNeuralNet_dsp_48ns_32ns_64ns_25ns_30s_18s_48ns_1ns_48_5_1_DSP_Builtin_U/p is absorbed into DSP dsp_48ns_32ns_64ns_25ns_30s_18s_48ns_1ns_48_5_1_U50/SampleNeuralNet_dsp_48ns_32ns_64ns_25ns_30s_18s_48ns_1ns_48_5_1_DSP_Builtin_U/p_reg_reg.
DSP Report: operator dsp_48ns_32ns_64ns_25ns_30s_18s_48ns_1ns_48_5_1_U50/SampleNeuralNet_dsp_48ns_32ns_64ns_25ns_30s_18s_48ns_1ns_48_5_1_DSP_Builtin_U/m is absorbed into DSP dsp_48ns_32ns_64ns_25ns_30s_18s_48ns_1ns_48_5_1_U50/SampleNeuralNet_dsp_48ns_32ns_64ns_25ns_30s_18s_48ns_1ns_48_5_1_DSP_Builtin_U/p_reg_reg.
DSP Report: Generating DSP dsp_48ns_32ns_64ns_25ns_30s_18s_48ns_1ns_48_5_1_U51/SampleNeuralNet_dsp_48ns_32ns_64ns_25ns_30s_18s_48ns_1ns_48_5_1_DSP_Builtin_U/p_reg_reg, operation Mode is: ((C:0x0) or P)+(A*B'')'.
DSP Report: register dsp_48ns_32ns_64ns_25ns_30s_18s_48ns_1ns_48_5_1_U51/SampleNeuralNet_dsp_48ns_32ns_64ns_25ns_30s_18s_48ns_1ns_48_5_1_DSP_Builtin_U/p_reg_reg is absorbed into DSP dsp_48ns_32ns_64ns_25ns_30s_18s_48ns_1ns_48_5_1_U51/SampleNeuralNet_dsp_48ns_32ns_64ns_25ns_30s_18s_48ns_1ns_48_5_1_DSP_Builtin_U/p_reg_reg.
DSP Report: register dsp_48ns_32ns_64ns_25ns_30s_18s_48ns_1ns_48_5_1_U51/SampleNeuralNet_dsp_48ns_32ns_64ns_25ns_30s_18s_48ns_1ns_48_5_1_DSP_Builtin_U/p_reg_reg is absorbed into DSP dsp_48ns_32ns_64ns_25ns_30s_18s_48ns_1ns_48_5_1_U51/SampleNeuralNet_dsp_48ns_32ns_64ns_25ns_30s_18s_48ns_1ns_48_5_1_DSP_Builtin_U/p_reg_reg.
DSP Report: register dsp_48ns_32ns_64ns_25ns_30s_18s_48ns_1ns_48_5_1_U51/SampleNeuralNet_dsp_48ns_32ns_64ns_25ns_30s_18s_48ns_1ns_48_5_1_DSP_Builtin_U/p_reg_reg is absorbed into DSP dsp_48ns_32ns_64ns_25ns_30s_18s_48ns_1ns_48_5_1_U51/SampleNeuralNet_dsp_48ns_32ns_64ns_25ns_30s_18s_48ns_1ns_48_5_1_DSP_Builtin_U/p_reg_reg.
DSP Report: register dsp_48ns_32ns_64ns_25ns_30s_18s_48ns_1ns_48_5_1_U51/SampleNeuralNet_dsp_48ns_32ns_64ns_25ns_30s_18s_48ns_1ns_48_5_1_DSP_Builtin_U/m_reg_reg is absorbed into DSP dsp_48ns_32ns_64ns_25ns_30s_18s_48ns_1ns_48_5_1_U51/SampleNeuralNet_dsp_48ns_32ns_64ns_25ns_30s_18s_48ns_1ns_48_5_1_DSP_Builtin_U/p_reg_reg.
DSP Report: operator dsp_48ns_32ns_64ns_25ns_30s_18s_48ns_1ns_48_5_1_U51/SampleNeuralNet_dsp_48ns_32ns_64ns_25ns_30s_18s_48ns_1ns_48_5_1_DSP_Builtin_U/p is absorbed into DSP dsp_48ns_32ns_64ns_25ns_30s_18s_48ns_1ns_48_5_1_U51/SampleNeuralNet_dsp_48ns_32ns_64ns_25ns_30s_18s_48ns_1ns_48_5_1_DSP_Builtin_U/p_reg_reg.
DSP Report: operator dsp_48ns_32ns_64ns_25ns_30s_18s_48ns_1ns_48_5_1_U51/SampleNeuralNet_dsp_48ns_32ns_64ns_25ns_30s_18s_48ns_1ns_48_5_1_DSP_Builtin_U/m is absorbed into DSP dsp_48ns_32ns_64ns_25ns_30s_18s_48ns_1ns_48_5_1_U51/SampleNeuralNet_dsp_48ns_32ns_64ns_25ns_30s_18s_48ns_1ns_48_5_1_DSP_Builtin_U/p_reg_reg.
DSP Report: Generating DSP dsp_48ns_32ns_64ns_25ns_30s_18s_48ns_1ns_48_5_1_U52/SampleNeuralNet_dsp_48ns_32ns_64ns_25ns_30s_18s_48ns_1ns_48_5_1_DSP_Builtin_U/p_reg_reg, operation Mode is: ((C:0x0) or P)+(A*B'')'.
DSP Report: register dsp_48ns_32ns_64ns_25ns_30s_18s_48ns_1ns_48_5_1_U52/SampleNeuralNet_dsp_48ns_32ns_64ns_25ns_30s_18s_48ns_1ns_48_5_1_DSP_Builtin_U/p_reg_reg is absorbed into DSP dsp_48ns_32ns_64ns_25ns_30s_18s_48ns_1ns_48_5_1_U52/SampleNeuralNet_dsp_48ns_32ns_64ns_25ns_30s_18s_48ns_1ns_48_5_1_DSP_Builtin_U/p_reg_reg.
DSP Report: register dsp_48ns_32ns_64ns_25ns_30s_18s_48ns_1ns_48_5_1_U52/SampleNeuralNet_dsp_48ns_32ns_64ns_25ns_30s_18s_48ns_1ns_48_5_1_DSP_Builtin_U/p_reg_reg is absorbed into DSP dsp_48ns_32ns_64ns_25ns_30s_18s_48ns_1ns_48_5_1_U52/SampleNeuralNet_dsp_48ns_32ns_64ns_25ns_30s_18s_48ns_1ns_48_5_1_DSP_Builtin_U/p_reg_reg.
DSP Report: register dsp_48ns_32ns_64ns_25ns_30s_18s_48ns_1ns_48_5_1_U52/SampleNeuralNet_dsp_48ns_32ns_64ns_25ns_30s_18s_48ns_1ns_48_5_1_DSP_Builtin_U/p_reg_reg is absorbed into DSP dsp_48ns_32ns_64ns_25ns_30s_18s_48ns_1ns_48_5_1_U52/SampleNeuralNet_dsp_48ns_32ns_64ns_25ns_30s_18s_48ns_1ns_48_5_1_DSP_Builtin_U/p_reg_reg.
DSP Report: register dsp_48ns_32ns_64ns_25ns_30s_18s_48ns_1ns_48_5_1_U52/SampleNeuralNet_dsp_48ns_32ns_64ns_25ns_30s_18s_48ns_1ns_48_5_1_DSP_Builtin_U/m_reg_reg is absorbed into DSP dsp_48ns_32ns_64ns_25ns_30s_18s_48ns_1ns_48_5_1_U52/SampleNeuralNet_dsp_48ns_32ns_64ns_25ns_30s_18s_48ns_1ns_48_5_1_DSP_Builtin_U/p_reg_reg.
DSP Report: operator dsp_48ns_32ns_64ns_25ns_30s_18s_48ns_1ns_48_5_1_U52/SampleNeuralNet_dsp_48ns_32ns_64ns_25ns_30s_18s_48ns_1ns_48_5_1_DSP_Builtin_U/p is absorbed into DSP dsp_48ns_32ns_64ns_25ns_30s_18s_48ns_1ns_48_5_1_U52/SampleNeuralNet_dsp_48ns_32ns_64ns_25ns_30s_18s_48ns_1ns_48_5_1_DSP_Builtin_U/p_reg_reg.
DSP Report: operator dsp_48ns_32ns_64ns_25ns_30s_18s_48ns_1ns_48_5_1_U52/SampleNeuralNet_dsp_48ns_32ns_64ns_25ns_30s_18s_48ns_1ns_48_5_1_DSP_Builtin_U/m is absorbed into DSP dsp_48ns_32ns_64ns_25ns_30s_18s_48ns_1ns_48_5_1_U52/SampleNeuralNet_dsp_48ns_32ns_64ns_25ns_30s_18s_48ns_1ns_48_5_1_DSP_Builtin_U/p_reg_reg.
DSP Report: Generating DSP dsp_48ns_32ns_64ns_25ns_30s_18s_48ns_1ns_48_5_1_U53/SampleNeuralNet_dsp_48ns_32ns_64ns_25ns_30s_18s_48ns_1ns_48_5_1_DSP_Builtin_U/p_reg_reg, operation Mode is: ((C:0x0) or P)+(A*B'')'.
DSP Report: register dsp_48ns_32ns_64ns_25ns_30s_18s_48ns_1ns_48_5_1_U53/SampleNeuralNet_dsp_48ns_32ns_64ns_25ns_30s_18s_48ns_1ns_48_5_1_DSP_Builtin_U/p_reg_reg is absorbed into DSP dsp_48ns_32ns_64ns_25ns_30s_18s_48ns_1ns_48_5_1_U53/SampleNeuralNet_dsp_48ns_32ns_64ns_25ns_30s_18s_48ns_1ns_48_5_1_DSP_Builtin_U/p_reg_reg.
DSP Report: register dsp_48ns_32ns_64ns_25ns_30s_18s_48ns_1ns_48_5_1_U53/SampleNeuralNet_dsp_48ns_32ns_64ns_25ns_30s_18s_48ns_1ns_48_5_1_DSP_Builtin_U/p_reg_reg is absorbed into DSP dsp_48ns_32ns_64ns_25ns_30s_18s_48ns_1ns_48_5_1_U53/SampleNeuralNet_dsp_48ns_32ns_64ns_25ns_30s_18s_48ns_1ns_48_5_1_DSP_Builtin_U/p_reg_reg.
DSP Report: register dsp_48ns_32ns_64ns_25ns_30s_18s_48ns_1ns_48_5_1_U53/SampleNeuralNet_dsp_48ns_32ns_64ns_25ns_30s_18s_48ns_1ns_48_5_1_DSP_Builtin_U/p_reg_reg is absorbed into DSP dsp_48ns_32ns_64ns_25ns_30s_18s_48ns_1ns_48_5_1_U53/SampleNeuralNet_dsp_48ns_32ns_64ns_25ns_30s_18s_48ns_1ns_48_5_1_DSP_Builtin_U/p_reg_reg.
DSP Report: register dsp_48ns_32ns_64ns_25ns_30s_18s_48ns_1ns_48_5_1_U53/SampleNeuralNet_dsp_48ns_32ns_64ns_25ns_30s_18s_48ns_1ns_48_5_1_DSP_Builtin_U/m_reg_reg is absorbed into DSP dsp_48ns_32ns_64ns_25ns_30s_18s_48ns_1ns_48_5_1_U53/SampleNeuralNet_dsp_48ns_32ns_64ns_25ns_30s_18s_48ns_1ns_48_5_1_DSP_Builtin_U/p_reg_reg.
DSP Report: operator dsp_48ns_32ns_64ns_25ns_30s_18s_48ns_1ns_48_5_1_U53/SampleNeuralNet_dsp_48ns_32ns_64ns_25ns_30s_18s_48ns_1ns_48_5_1_DSP_Builtin_U/p is absorbed into DSP dsp_48ns_32ns_64ns_25ns_30s_18s_48ns_1ns_48_5_1_U53/SampleNeuralNet_dsp_48ns_32ns_64ns_25ns_30s_18s_48ns_1ns_48_5_1_DSP_Builtin_U/p_reg_reg.
DSP Report: operator dsp_48ns_32ns_64ns_25ns_30s_18s_48ns_1ns_48_5_1_U53/SampleNeuralNet_dsp_48ns_32ns_64ns_25ns_30s_18s_48ns_1ns_48_5_1_DSP_Builtin_U/m is absorbed into DSP dsp_48ns_32ns_64ns_25ns_30s_18s_48ns_1ns_48_5_1_U53/SampleNeuralNet_dsp_48ns_32ns_64ns_25ns_30s_18s_48ns_1ns_48_5_1_DSP_Builtin_U/p_reg_reg.
DSP Report: Generating DSP dsp_48ns_32ns_64ns_25ns_30s_18s_48ns_1ns_48_5_1_U54/SampleNeuralNet_dsp_48ns_32ns_64ns_25ns_30s_18s_48ns_1ns_48_5_1_DSP_Builtin_U/p_reg_reg, operation Mode is: ((C:0x0) or P)+(A*B'')'.
DSP Report: register dsp_48ns_32ns_64ns_25ns_30s_18s_48ns_1ns_48_5_1_U54/SampleNeuralNet_dsp_48ns_32ns_64ns_25ns_30s_18s_48ns_1ns_48_5_1_DSP_Builtin_U/p_reg_reg is absorbed into DSP dsp_48ns_32ns_64ns_25ns_30s_18s_48ns_1ns_48_5_1_U54/SampleNeuralNet_dsp_48ns_32ns_64ns_25ns_30s_18s_48ns_1ns_48_5_1_DSP_Builtin_U/p_reg_reg.
DSP Report: register dsp_48ns_32ns_64ns_25ns_30s_18s_48ns_1ns_48_5_1_U54/SampleNeuralNet_dsp_48ns_32ns_64ns_25ns_30s_18s_48ns_1ns_48_5_1_DSP_Builtin_U/p_reg_reg is absorbed into DSP dsp_48ns_32ns_64ns_25ns_30s_18s_48ns_1ns_48_5_1_U54/SampleNeuralNet_dsp_48ns_32ns_64ns_25ns_30s_18s_48ns_1ns_48_5_1_DSP_Builtin_U/p_reg_reg.
DSP Report: register dsp_48ns_32ns_64ns_25ns_30s_18s_48ns_1ns_48_5_1_U54/SampleNeuralNet_dsp_48ns_32ns_64ns_25ns_30s_18s_48ns_1ns_48_5_1_DSP_Builtin_U/p_reg_reg is absorbed into DSP dsp_48ns_32ns_64ns_25ns_30s_18s_48ns_1ns_48_5_1_U54/SampleNeuralNet_dsp_48ns_32ns_64ns_25ns_30s_18s_48ns_1ns_48_5_1_DSP_Builtin_U/p_reg_reg.
DSP Report: register dsp_48ns_32ns_64ns_25ns_30s_18s_48ns_1ns_48_5_1_U54/SampleNeuralNet_dsp_48ns_32ns_64ns_25ns_30s_18s_48ns_1ns_48_5_1_DSP_Builtin_U/m_reg_reg is absorbed into DSP dsp_48ns_32ns_64ns_25ns_30s_18s_48ns_1ns_48_5_1_U54/SampleNeuralNet_dsp_48ns_32ns_64ns_25ns_30s_18s_48ns_1ns_48_5_1_DSP_Builtin_U/p_reg_reg.
DSP Report: operator dsp_48ns_32ns_64ns_25ns_30s_18s_48ns_1ns_48_5_1_U54/SampleNeuralNet_dsp_48ns_32ns_64ns_25ns_30s_18s_48ns_1ns_48_5_1_DSP_Builtin_U/p is absorbed into DSP dsp_48ns_32ns_64ns_25ns_30s_18s_48ns_1ns_48_5_1_U54/SampleNeuralNet_dsp_48ns_32ns_64ns_25ns_30s_18s_48ns_1ns_48_5_1_DSP_Builtin_U/p_reg_reg.
DSP Report: operator dsp_48ns_32ns_64ns_25ns_30s_18s_48ns_1ns_48_5_1_U54/SampleNeuralNet_dsp_48ns_32ns_64ns_25ns_30s_18s_48ns_1ns_48_5_1_DSP_Builtin_U/m is absorbed into DSP dsp_48ns_32ns_64ns_25ns_30s_18s_48ns_1ns_48_5_1_U54/SampleNeuralNet_dsp_48ns_32ns_64ns_25ns_30s_18s_48ns_1ns_48_5_1_DSP_Builtin_U/p_reg_reg.
DSP Report: Generating DSP dsp_48ns_32ns_64ns_25ns_30s_18s_48ns_1ns_48_5_1_U55/SampleNeuralNet_dsp_48ns_32ns_64ns_25ns_30s_18s_48ns_1ns_48_5_1_DSP_Builtin_U/p_reg_reg, operation Mode is: ((C:0x0) or P)+(A*B'')'.
DSP Report: register dsp_48ns_32ns_64ns_25ns_30s_18s_48ns_1ns_48_5_1_U55/SampleNeuralNet_dsp_48ns_32ns_64ns_25ns_30s_18s_48ns_1ns_48_5_1_DSP_Builtin_U/p_reg_reg is absorbed into DSP dsp_48ns_32ns_64ns_25ns_30s_18s_48ns_1ns_48_5_1_U55/SampleNeuralNet_dsp_48ns_32ns_64ns_25ns_30s_18s_48ns_1ns_48_5_1_DSP_Builtin_U/p_reg_reg.
DSP Report: register dsp_48ns_32ns_64ns_25ns_30s_18s_48ns_1ns_48_5_1_U55/SampleNeuralNet_dsp_48ns_32ns_64ns_25ns_30s_18s_48ns_1ns_48_5_1_DSP_Builtin_U/p_reg_reg is absorbed into DSP dsp_48ns_32ns_64ns_25ns_30s_18s_48ns_1ns_48_5_1_U55/SampleNeuralNet_dsp_48ns_32ns_64ns_25ns_30s_18s_48ns_1ns_48_5_1_DSP_Builtin_U/p_reg_reg.
DSP Report: register dsp_48ns_32ns_64ns_25ns_30s_18s_48ns_1ns_48_5_1_U55/SampleNeuralNet_dsp_48ns_32ns_64ns_25ns_30s_18s_48ns_1ns_48_5_1_DSP_Builtin_U/p_reg_reg is absorbed into DSP dsp_48ns_32ns_64ns_25ns_30s_18s_48ns_1ns_48_5_1_U55/SampleNeuralNet_dsp_48ns_32ns_64ns_25ns_30s_18s_48ns_1ns_48_5_1_DSP_Builtin_U/p_reg_reg.
DSP Report: register dsp_48ns_32ns_64ns_25ns_30s_18s_48ns_1ns_48_5_1_U55/SampleNeuralNet_dsp_48ns_32ns_64ns_25ns_30s_18s_48ns_1ns_48_5_1_DSP_Builtin_U/m_reg_reg is absorbed into DSP dsp_48ns_32ns_64ns_25ns_30s_18s_48ns_1ns_48_5_1_U55/SampleNeuralNet_dsp_48ns_32ns_64ns_25ns_30s_18s_48ns_1ns_48_5_1_DSP_Builtin_U/p_reg_reg.
DSP Report: operator dsp_48ns_32ns_64ns_25ns_30s_18s_48ns_1ns_48_5_1_U55/SampleNeuralNet_dsp_48ns_32ns_64ns_25ns_30s_18s_48ns_1ns_48_5_1_DSP_Builtin_U/p is absorbed into DSP dsp_48ns_32ns_64ns_25ns_30s_18s_48ns_1ns_48_5_1_U55/SampleNeuralNet_dsp_48ns_32ns_64ns_25ns_30s_18s_48ns_1ns_48_5_1_DSP_Builtin_U/p_reg_reg.
DSP Report: operator dsp_48ns_32ns_64ns_25ns_30s_18s_48ns_1ns_48_5_1_U55/SampleNeuralNet_dsp_48ns_32ns_64ns_25ns_30s_18s_48ns_1ns_48_5_1_DSP_Builtin_U/m is absorbed into DSP dsp_48ns_32ns_64ns_25ns_30s_18s_48ns_1ns_48_5_1_U55/SampleNeuralNet_dsp_48ns_32ns_64ns_25ns_30s_18s_48ns_1ns_48_5_1_DSP_Builtin_U/p_reg_reg.
DSP Report: Generating DSP dsp_48ns_32ns_64ns_25ns_30s_18s_48ns_1ns_48_5_1_U56/SampleNeuralNet_dsp_48ns_32ns_64ns_25ns_30s_18s_48ns_1ns_48_5_1_DSP_Builtin_U/p_reg_reg, operation Mode is: ((C:0x0) or P)+(A*B'')'.
DSP Report: register dsp_48ns_32ns_64ns_25ns_30s_18s_48ns_1ns_48_5_1_U56/SampleNeuralNet_dsp_48ns_32ns_64ns_25ns_30s_18s_48ns_1ns_48_5_1_DSP_Builtin_U/p_reg_reg is absorbed into DSP dsp_48ns_32ns_64ns_25ns_30s_18s_48ns_1ns_48_5_1_U56/SampleNeuralNet_dsp_48ns_32ns_64ns_25ns_30s_18s_48ns_1ns_48_5_1_DSP_Builtin_U/p_reg_reg.
DSP Report: register dsp_48ns_32ns_64ns_25ns_30s_18s_48ns_1ns_48_5_1_U56/SampleNeuralNet_dsp_48ns_32ns_64ns_25ns_30s_18s_48ns_1ns_48_5_1_DSP_Builtin_U/p_reg_reg is absorbed into DSP dsp_48ns_32ns_64ns_25ns_30s_18s_48ns_1ns_48_5_1_U56/SampleNeuralNet_dsp_48ns_32ns_64ns_25ns_30s_18s_48ns_1ns_48_5_1_DSP_Builtin_U/p_reg_reg.
DSP Report: register dsp_48ns_32ns_64ns_25ns_30s_18s_48ns_1ns_48_5_1_U56/SampleNeuralNet_dsp_48ns_32ns_64ns_25ns_30s_18s_48ns_1ns_48_5_1_DSP_Builtin_U/p_reg_reg is absorbed into DSP dsp_48ns_32ns_64ns_25ns_30s_18s_48ns_1ns_48_5_1_U56/SampleNeuralNet_dsp_48ns_32ns_64ns_25ns_30s_18s_48ns_1ns_48_5_1_DSP_Builtin_U/p_reg_reg.
DSP Report: register dsp_48ns_32ns_64ns_25ns_30s_18s_48ns_1ns_48_5_1_U56/SampleNeuralNet_dsp_48ns_32ns_64ns_25ns_30s_18s_48ns_1ns_48_5_1_DSP_Builtin_U/m_reg_reg is absorbed into DSP dsp_48ns_32ns_64ns_25ns_30s_18s_48ns_1ns_48_5_1_U56/SampleNeuralNet_dsp_48ns_32ns_64ns_25ns_30s_18s_48ns_1ns_48_5_1_DSP_Builtin_U/p_reg_reg.
DSP Report: operator dsp_48ns_32ns_64ns_25ns_30s_18s_48ns_1ns_48_5_1_U56/SampleNeuralNet_dsp_48ns_32ns_64ns_25ns_30s_18s_48ns_1ns_48_5_1_DSP_Builtin_U/p is absorbed into DSP dsp_48ns_32ns_64ns_25ns_30s_18s_48ns_1ns_48_5_1_U56/SampleNeuralNet_dsp_48ns_32ns_64ns_25ns_30s_18s_48ns_1ns_48_5_1_DSP_Builtin_U/p_reg_reg.
DSP Report: operator dsp_48ns_32ns_64ns_25ns_30s_18s_48ns_1ns_48_5_1_U56/SampleNeuralNet_dsp_48ns_32ns_64ns_25ns_30s_18s_48ns_1ns_48_5_1_DSP_Builtin_U/m is absorbed into DSP dsp_48ns_32ns_64ns_25ns_30s_18s_48ns_1ns_48_5_1_U56/SampleNeuralNet_dsp_48ns_32ns_64ns_25ns_30s_18s_48ns_1ns_48_5_1_DSP_Builtin_U/p_reg_reg.
DSP Report: Generating DSP dsp_48ns_32ns_64ns_25ns_30s_18s_48ns_1ns_48_5_1_U57/SampleNeuralNet_dsp_48ns_32ns_64ns_25ns_30s_18s_48ns_1ns_48_5_1_DSP_Builtin_U/p_reg_reg, operation Mode is: ((C:0x0) or P)+(A*B'')'.
DSP Report: register dsp_48ns_32ns_64ns_25ns_30s_18s_48ns_1ns_48_5_1_U57/SampleNeuralNet_dsp_48ns_32ns_64ns_25ns_30s_18s_48ns_1ns_48_5_1_DSP_Builtin_U/p_reg_reg is absorbed into DSP dsp_48ns_32ns_64ns_25ns_30s_18s_48ns_1ns_48_5_1_U57/SampleNeuralNet_dsp_48ns_32ns_64ns_25ns_30s_18s_48ns_1ns_48_5_1_DSP_Builtin_U/p_reg_reg.
DSP Report: register dsp_48ns_32ns_64ns_25ns_30s_18s_48ns_1ns_48_5_1_U57/SampleNeuralNet_dsp_48ns_32ns_64ns_25ns_30s_18s_48ns_1ns_48_5_1_DSP_Builtin_U/p_reg_reg is absorbed into DSP dsp_48ns_32ns_64ns_25ns_30s_18s_48ns_1ns_48_5_1_U57/SampleNeuralNet_dsp_48ns_32ns_64ns_25ns_30s_18s_48ns_1ns_48_5_1_DSP_Builtin_U/p_reg_reg.
DSP Report: register dsp_48ns_32ns_64ns_25ns_30s_18s_48ns_1ns_48_5_1_U57/SampleNeuralNet_dsp_48ns_32ns_64ns_25ns_30s_18s_48ns_1ns_48_5_1_DSP_Builtin_U/p_reg_reg is absorbed into DSP dsp_48ns_32ns_64ns_25ns_30s_18s_48ns_1ns_48_5_1_U57/SampleNeuralNet_dsp_48ns_32ns_64ns_25ns_30s_18s_48ns_1ns_48_5_1_DSP_Builtin_U/p_reg_reg.
DSP Report: register dsp_48ns_32ns_64ns_25ns_30s_18s_48ns_1ns_48_5_1_U57/SampleNeuralNet_dsp_48ns_32ns_64ns_25ns_30s_18s_48ns_1ns_48_5_1_DSP_Builtin_U/m_reg_reg is absorbed into DSP dsp_48ns_32ns_64ns_25ns_30s_18s_48ns_1ns_48_5_1_U57/SampleNeuralNet_dsp_48ns_32ns_64ns_25ns_30s_18s_48ns_1ns_48_5_1_DSP_Builtin_U/p_reg_reg.
DSP Report: operator dsp_48ns_32ns_64ns_25ns_30s_18s_48ns_1ns_48_5_1_U57/SampleNeuralNet_dsp_48ns_32ns_64ns_25ns_30s_18s_48ns_1ns_48_5_1_DSP_Builtin_U/p is absorbed into DSP dsp_48ns_32ns_64ns_25ns_30s_18s_48ns_1ns_48_5_1_U57/SampleNeuralNet_dsp_48ns_32ns_64ns_25ns_30s_18s_48ns_1ns_48_5_1_DSP_Builtin_U/p_reg_reg.
DSP Report: operator dsp_48ns_32ns_64ns_25ns_30s_18s_48ns_1ns_48_5_1_U57/SampleNeuralNet_dsp_48ns_32ns_64ns_25ns_30s_18s_48ns_1ns_48_5_1_DSP_Builtin_U/m is absorbed into DSP dsp_48ns_32ns_64ns_25ns_30s_18s_48ns_1ns_48_5_1_U57/SampleNeuralNet_dsp_48ns_32ns_64ns_25ns_30s_18s_48ns_1ns_48_5_1_DSP_Builtin_U/p_reg_reg.
DSP Report: Generating DSP dsp_48ns_32ns_64ns_25ns_30s_18s_48ns_1ns_48_5_1_U93/SampleNeuralNet_dsp_48ns_32ns_64ns_25ns_30s_18s_48ns_1ns_48_5_1_DSP_Builtin_U/p_reg_reg, operation Mode is: ((C:0x0) or P)+(A*B'')'.
DSP Report: register dsp_48ns_32ns_64ns_25ns_30s_18s_48ns_1ns_48_5_1_U93/SampleNeuralNet_dsp_48ns_32ns_64ns_25ns_30s_18s_48ns_1ns_48_5_1_DSP_Builtin_U/p_reg_reg is absorbed into DSP dsp_48ns_32ns_64ns_25ns_30s_18s_48ns_1ns_48_5_1_U93/SampleNeuralNet_dsp_48ns_32ns_64ns_25ns_30s_18s_48ns_1ns_48_5_1_DSP_Builtin_U/p_reg_reg.
DSP Report: register dsp_48ns_32ns_64ns_25ns_30s_18s_48ns_1ns_48_5_1_U93/SampleNeuralNet_dsp_48ns_32ns_64ns_25ns_30s_18s_48ns_1ns_48_5_1_DSP_Builtin_U/p_reg_reg is absorbed into DSP dsp_48ns_32ns_64ns_25ns_30s_18s_48ns_1ns_48_5_1_U93/SampleNeuralNet_dsp_48ns_32ns_64ns_25ns_30s_18s_48ns_1ns_48_5_1_DSP_Builtin_U/p_reg_reg.
DSP Report: register dsp_48ns_32ns_64ns_25ns_30s_18s_48ns_1ns_48_5_1_U93/SampleNeuralNet_dsp_48ns_32ns_64ns_25ns_30s_18s_48ns_1ns_48_5_1_DSP_Builtin_U/p_reg_reg is absorbed into DSP dsp_48ns_32ns_64ns_25ns_30s_18s_48ns_1ns_48_5_1_U93/SampleNeuralNet_dsp_48ns_32ns_64ns_25ns_30s_18s_48ns_1ns_48_5_1_DSP_Builtin_U/p_reg_reg.
DSP Report: register dsp_48ns_32ns_64ns_25ns_30s_18s_48ns_1ns_48_5_1_U93/SampleNeuralNet_dsp_48ns_32ns_64ns_25ns_30s_18s_48ns_1ns_48_5_1_DSP_Builtin_U/m_reg_reg is absorbed into DSP dsp_48ns_32ns_64ns_25ns_30s_18s_48ns_1ns_48_5_1_U93/SampleNeuralNet_dsp_48ns_32ns_64ns_25ns_30s_18s_48ns_1ns_48_5_1_DSP_Builtin_U/p_reg_reg.
DSP Report: operator dsp_48ns_32ns_64ns_25ns_30s_18s_48ns_1ns_48_5_1_U93/SampleNeuralNet_dsp_48ns_32ns_64ns_25ns_30s_18s_48ns_1ns_48_5_1_DSP_Builtin_U/p is absorbed into DSP dsp_48ns_32ns_64ns_25ns_30s_18s_48ns_1ns_48_5_1_U93/SampleNeuralNet_dsp_48ns_32ns_64ns_25ns_30s_18s_48ns_1ns_48_5_1_DSP_Builtin_U/p_reg_reg.
DSP Report: operator dsp_48ns_32ns_64ns_25ns_30s_18s_48ns_1ns_48_5_1_U93/SampleNeuralNet_dsp_48ns_32ns_64ns_25ns_30s_18s_48ns_1ns_48_5_1_DSP_Builtin_U/m is absorbed into DSP dsp_48ns_32ns_64ns_25ns_30s_18s_48ns_1ns_48_5_1_U93/SampleNeuralNet_dsp_48ns_32ns_64ns_25ns_30s_18s_48ns_1ns_48_5_1_DSP_Builtin_U/p_reg_reg.
DSP Report: Generating DSP dsp_48ns_32ns_64ns_25ns_30s_18s_48ns_1ns_48_5_1_U94/SampleNeuralNet_dsp_48ns_32ns_64ns_25ns_30s_18s_48ns_1ns_48_5_1_DSP_Builtin_U/p_reg_reg, operation Mode is: ((C:0x0) or P)+(A*B'')'.
DSP Report: register dsp_48ns_32ns_64ns_25ns_30s_18s_48ns_1ns_48_5_1_U94/SampleNeuralNet_dsp_48ns_32ns_64ns_25ns_30s_18s_48ns_1ns_48_5_1_DSP_Builtin_U/p_reg_reg is absorbed into DSP dsp_48ns_32ns_64ns_25ns_30s_18s_48ns_1ns_48_5_1_U94/SampleNeuralNet_dsp_48ns_32ns_64ns_25ns_30s_18s_48ns_1ns_48_5_1_DSP_Builtin_U/p_reg_reg.
DSP Report: register dsp_48ns_32ns_64ns_25ns_30s_18s_48ns_1ns_48_5_1_U94/SampleNeuralNet_dsp_48ns_32ns_64ns_25ns_30s_18s_48ns_1ns_48_5_1_DSP_Builtin_U/p_reg_reg is absorbed into DSP dsp_48ns_32ns_64ns_25ns_30s_18s_48ns_1ns_48_5_1_U94/SampleNeuralNet_dsp_48ns_32ns_64ns_25ns_30s_18s_48ns_1ns_48_5_1_DSP_Builtin_U/p_reg_reg.
DSP Report: register dsp_48ns_32ns_64ns_25ns_30s_18s_48ns_1ns_48_5_1_U94/SampleNeuralNet_dsp_48ns_32ns_64ns_25ns_30s_18s_48ns_1ns_48_5_1_DSP_Builtin_U/p_reg_reg is absorbed into DSP dsp_48ns_32ns_64ns_25ns_30s_18s_48ns_1ns_48_5_1_U94/SampleNeuralNet_dsp_48ns_32ns_64ns_25ns_30s_18s_48ns_1ns_48_5_1_DSP_Builtin_U/p_reg_reg.
DSP Report: register dsp_48ns_32ns_64ns_25ns_30s_18s_48ns_1ns_48_5_1_U94/SampleNeuralNet_dsp_48ns_32ns_64ns_25ns_30s_18s_48ns_1ns_48_5_1_DSP_Builtin_U/m_reg_reg is absorbed into DSP dsp_48ns_32ns_64ns_25ns_30s_18s_48ns_1ns_48_5_1_U94/SampleNeuralNet_dsp_48ns_32ns_64ns_25ns_30s_18s_48ns_1ns_48_5_1_DSP_Builtin_U/p_reg_reg.
DSP Report: operator dsp_48ns_32ns_64ns_25ns_30s_18s_48ns_1ns_48_5_1_U94/SampleNeuralNet_dsp_48ns_32ns_64ns_25ns_30s_18s_48ns_1ns_48_5_1_DSP_Builtin_U/p is absorbed into DSP dsp_48ns_32ns_64ns_25ns_30s_18s_48ns_1ns_48_5_1_U94/SampleNeuralNet_dsp_48ns_32ns_64ns_25ns_30s_18s_48ns_1ns_48_5_1_DSP_Builtin_U/p_reg_reg.
DSP Report: operator dsp_48ns_32ns_64ns_25ns_30s_18s_48ns_1ns_48_5_1_U94/SampleNeuralNet_dsp_48ns_32ns_64ns_25ns_30s_18s_48ns_1ns_48_5_1_DSP_Builtin_U/m is absorbed into DSP dsp_48ns_32ns_64ns_25ns_30s_18s_48ns_1ns_48_5_1_U94/SampleNeuralNet_dsp_48ns_32ns_64ns_25ns_30s_18s_48ns_1ns_48_5_1_DSP_Builtin_U/p_reg_reg.
DSP Report: Generating DSP dsp_48ns_32ns_64ns_25ns_30s_18s_48ns_1ns_48_5_1_U95/SampleNeuralNet_dsp_48ns_32ns_64ns_25ns_30s_18s_48ns_1ns_48_5_1_DSP_Builtin_U/p_reg_reg, operation Mode is: ((C:0x0) or P)+(A*B'')'.
DSP Report: register dsp_48ns_32ns_64ns_25ns_30s_18s_48ns_1ns_48_5_1_U95/SampleNeuralNet_dsp_48ns_32ns_64ns_25ns_30s_18s_48ns_1ns_48_5_1_DSP_Builtin_U/p_reg_reg is absorbed into DSP dsp_48ns_32ns_64ns_25ns_30s_18s_48ns_1ns_48_5_1_U95/SampleNeuralNet_dsp_48ns_32ns_64ns_25ns_30s_18s_48ns_1ns_48_5_1_DSP_Builtin_U/p_reg_reg.
DSP Report: register dsp_48ns_32ns_64ns_25ns_30s_18s_48ns_1ns_48_5_1_U95/SampleNeuralNet_dsp_48ns_32ns_64ns_25ns_30s_18s_48ns_1ns_48_5_1_DSP_Builtin_U/p_reg_reg is absorbed into DSP dsp_48ns_32ns_64ns_25ns_30s_18s_48ns_1ns_48_5_1_U95/SampleNeuralNet_dsp_48ns_32ns_64ns_25ns_30s_18s_48ns_1ns_48_5_1_DSP_Builtin_U/p_reg_reg.
DSP Report: register dsp_48ns_32ns_64ns_25ns_30s_18s_48ns_1ns_48_5_1_U95/SampleNeuralNet_dsp_48ns_32ns_64ns_25ns_30s_18s_48ns_1ns_48_5_1_DSP_Builtin_U/p_reg_reg is absorbed into DSP dsp_48ns_32ns_64ns_25ns_30s_18s_48ns_1ns_48_5_1_U95/SampleNeuralNet_dsp_48ns_32ns_64ns_25ns_30s_18s_48ns_1ns_48_5_1_DSP_Builtin_U/p_reg_reg.
DSP Report: register dsp_48ns_32ns_64ns_25ns_30s_18s_48ns_1ns_48_5_1_U95/SampleNeuralNet_dsp_48ns_32ns_64ns_25ns_30s_18s_48ns_1ns_48_5_1_DSP_Builtin_U/m_reg_reg is absorbed into DSP dsp_48ns_32ns_64ns_25ns_30s_18s_48ns_1ns_48_5_1_U95/SampleNeuralNet_dsp_48ns_32ns_64ns_25ns_30s_18s_48ns_1ns_48_5_1_DSP_Builtin_U/p_reg_reg.
DSP Report: operator dsp_48ns_32ns_64ns_25ns_30s_18s_48ns_1ns_48_5_1_U95/SampleNeuralNet_dsp_48ns_32ns_64ns_25ns_30s_18s_48ns_1ns_48_5_1_DSP_Builtin_U/p is absorbed into DSP dsp_48ns_32ns_64ns_25ns_30s_18s_48ns_1ns_48_5_1_U95/SampleNeuralNet_dsp_48ns_32ns_64ns_25ns_30s_18s_48ns_1ns_48_5_1_DSP_Builtin_U/p_reg_reg.
DSP Report: operator dsp_48ns_32ns_64ns_25ns_30s_18s_48ns_1ns_48_5_1_U95/SampleNeuralNet_dsp_48ns_32ns_64ns_25ns_30s_18s_48ns_1ns_48_5_1_DSP_Builtin_U/m is absorbed into DSP dsp_48ns_32ns_64ns_25ns_30s_18s_48ns_1ns_48_5_1_U95/SampleNeuralNet_dsp_48ns_32ns_64ns_25ns_30s_18s_48ns_1ns_48_5_1_DSP_Builtin_U/p_reg_reg.
DSP Report: Generating DSP dsp_48ns_32ns_64ns_25ns_30s_18s_48ns_1ns_48_5_1_U96/SampleNeuralNet_dsp_48ns_32ns_64ns_25ns_30s_18s_48ns_1ns_48_5_1_DSP_Builtin_U/p_reg_reg, operation Mode is: ((C:0x0) or P)+(A*B'')'.
DSP Report: register dsp_48ns_32ns_64ns_25ns_30s_18s_48ns_1ns_48_5_1_U96/SampleNeuralNet_dsp_48ns_32ns_64ns_25ns_30s_18s_48ns_1ns_48_5_1_DSP_Builtin_U/p_reg_reg is absorbed into DSP dsp_48ns_32ns_64ns_25ns_30s_18s_48ns_1ns_48_5_1_U96/SampleNeuralNet_dsp_48ns_32ns_64ns_25ns_30s_18s_48ns_1ns_48_5_1_DSP_Builtin_U/p_reg_reg.
DSP Report: register dsp_48ns_32ns_64ns_25ns_30s_18s_48ns_1ns_48_5_1_U96/SampleNeuralNet_dsp_48ns_32ns_64ns_25ns_30s_18s_48ns_1ns_48_5_1_DSP_Builtin_U/p_reg_reg is absorbed into DSP dsp_48ns_32ns_64ns_25ns_30s_18s_48ns_1ns_48_5_1_U96/SampleNeuralNet_dsp_48ns_32ns_64ns_25ns_30s_18s_48ns_1ns_48_5_1_DSP_Builtin_U/p_reg_reg.
DSP Report: register dsp_48ns_32ns_64ns_25ns_30s_18s_48ns_1ns_48_5_1_U96/SampleNeuralNet_dsp_48ns_32ns_64ns_25ns_30s_18s_48ns_1ns_48_5_1_DSP_Builtin_U/p_reg_reg is absorbed into DSP dsp_48ns_32ns_64ns_25ns_30s_18s_48ns_1ns_48_5_1_U96/SampleNeuralNet_dsp_48ns_32ns_64ns_25ns_30s_18s_48ns_1ns_48_5_1_DSP_Builtin_U/p_reg_reg.
DSP Report: register dsp_48ns_32ns_64ns_25ns_30s_18s_48ns_1ns_48_5_1_U96/SampleNeuralNet_dsp_48ns_32ns_64ns_25ns_30s_18s_48ns_1ns_48_5_1_DSP_Builtin_U/m_reg_reg is absorbed into DSP dsp_48ns_32ns_64ns_25ns_30s_18s_48ns_1ns_48_5_1_U96/SampleNeuralNet_dsp_48ns_32ns_64ns_25ns_30s_18s_48ns_1ns_48_5_1_DSP_Builtin_U/p_reg_reg.
DSP Report: operator dsp_48ns_32ns_64ns_25ns_30s_18s_48ns_1ns_48_5_1_U96/SampleNeuralNet_dsp_48ns_32ns_64ns_25ns_30s_18s_48ns_1ns_48_5_1_DSP_Builtin_U/p is absorbed into DSP dsp_48ns_32ns_64ns_25ns_30s_18s_48ns_1ns_48_5_1_U96/SampleNeuralNet_dsp_48ns_32ns_64ns_25ns_30s_18s_48ns_1ns_48_5_1_DSP_Builtin_U/p_reg_reg.
DSP Report: operator dsp_48ns_32ns_64ns_25ns_30s_18s_48ns_1ns_48_5_1_U96/SampleNeuralNet_dsp_48ns_32ns_64ns_25ns_30s_18s_48ns_1ns_48_5_1_DSP_Builtin_U/m is absorbed into DSP dsp_48ns_32ns_64ns_25ns_30s_18s_48ns_1ns_48_5_1_U96/SampleNeuralNet_dsp_48ns_32ns_64ns_25ns_30s_18s_48ns_1ns_48_5_1_DSP_Builtin_U/p_reg_reg.
DSP Report: Generating DSP dsp_48ns_32ns_64ns_25ns_30s_18s_48ns_1ns_48_5_1_U97/SampleNeuralNet_dsp_48ns_32ns_64ns_25ns_30s_18s_48ns_1ns_48_5_1_DSP_Builtin_U/p_reg_reg, operation Mode is: ((C:0x0) or P)+(A*B'')'.
DSP Report: register dsp_48ns_32ns_64ns_25ns_30s_18s_48ns_1ns_48_5_1_U97/SampleNeuralNet_dsp_48ns_32ns_64ns_25ns_30s_18s_48ns_1ns_48_5_1_DSP_Builtin_U/p_reg_reg is absorbed into DSP dsp_48ns_32ns_64ns_25ns_30s_18s_48ns_1ns_48_5_1_U97/SampleNeuralNet_dsp_48ns_32ns_64ns_25ns_30s_18s_48ns_1ns_48_5_1_DSP_Builtin_U/p_reg_reg.
DSP Report: register dsp_48ns_32ns_64ns_25ns_30s_18s_48ns_1ns_48_5_1_U97/SampleNeuralNet_dsp_48ns_32ns_64ns_25ns_30s_18s_48ns_1ns_48_5_1_DSP_Builtin_U/p_reg_reg is absorbed into DSP dsp_48ns_32ns_64ns_25ns_30s_18s_48ns_1ns_48_5_1_U97/SampleNeuralNet_dsp_48ns_32ns_64ns_25ns_30s_18s_48ns_1ns_48_5_1_DSP_Builtin_U/p_reg_reg.
DSP Report: register dsp_48ns_32ns_64ns_25ns_30s_18s_48ns_1ns_48_5_1_U97/SampleNeuralNet_dsp_48ns_32ns_64ns_25ns_30s_18s_48ns_1ns_48_5_1_DSP_Builtin_U/p_reg_reg is absorbed into DSP dsp_48ns_32ns_64ns_25ns_30s_18s_48ns_1ns_48_5_1_U97/SampleNeuralNet_dsp_48ns_32ns_64ns_25ns_30s_18s_48ns_1ns_48_5_1_DSP_Builtin_U/p_reg_reg.
DSP Report: register dsp_48ns_32ns_64ns_25ns_30s_18s_48ns_1ns_48_5_1_U97/SampleNeuralNet_dsp_48ns_32ns_64ns_25ns_30s_18s_48ns_1ns_48_5_1_DSP_Builtin_U/m_reg_reg is absorbed into DSP dsp_48ns_32ns_64ns_25ns_30s_18s_48ns_1ns_48_5_1_U97/SampleNeuralNet_dsp_48ns_32ns_64ns_25ns_30s_18s_48ns_1ns_48_5_1_DSP_Builtin_U/p_reg_reg.
DSP Report: operator dsp_48ns_32ns_64ns_25ns_30s_18s_48ns_1ns_48_5_1_U97/SampleNeuralNet_dsp_48ns_32ns_64ns_25ns_30s_18s_48ns_1ns_48_5_1_DSP_Builtin_U/p is absorbed into DSP dsp_48ns_32ns_64ns_25ns_30s_18s_48ns_1ns_48_5_1_U97/SampleNeuralNet_dsp_48ns_32ns_64ns_25ns_30s_18s_48ns_1ns_48_5_1_DSP_Builtin_U/p_reg_reg.
DSP Report: operator dsp_48ns_32ns_64ns_25ns_30s_18s_48ns_1ns_48_5_1_U97/SampleNeuralNet_dsp_48ns_32ns_64ns_25ns_30s_18s_48ns_1ns_48_5_1_DSP_Builtin_U/m is absorbed into DSP dsp_48ns_32ns_64ns_25ns_30s_18s_48ns_1ns_48_5_1_U97/SampleNeuralNet_dsp_48ns_32ns_64ns_25ns_30s_18s_48ns_1ns_48_5_1_DSP_Builtin_U/p_reg_reg.
DSP Report: Generating DSP dsp_48ns_32ns_64ns_25ns_30s_18s_48ns_1ns_48_5_1_U98/SampleNeuralNet_dsp_48ns_32ns_64ns_25ns_30s_18s_48ns_1ns_48_5_1_DSP_Builtin_U/p_reg_reg, operation Mode is: ((C:0x0) or P)+(A*B'')'.
DSP Report: register dsp_48ns_32ns_64ns_25ns_30s_18s_48ns_1ns_48_5_1_U98/SampleNeuralNet_dsp_48ns_32ns_64ns_25ns_30s_18s_48ns_1ns_48_5_1_DSP_Builtin_U/p_reg_reg is absorbed into DSP dsp_48ns_32ns_64ns_25ns_30s_18s_48ns_1ns_48_5_1_U98/SampleNeuralNet_dsp_48ns_32ns_64ns_25ns_30s_18s_48ns_1ns_48_5_1_DSP_Builtin_U/p_reg_reg.
DSP Report: register dsp_48ns_32ns_64ns_25ns_30s_18s_48ns_1ns_48_5_1_U98/SampleNeuralNet_dsp_48ns_32ns_64ns_25ns_30s_18s_48ns_1ns_48_5_1_DSP_Builtin_U/p_reg_reg is absorbed into DSP dsp_48ns_32ns_64ns_25ns_30s_18s_48ns_1ns_48_5_1_U98/SampleNeuralNet_dsp_48ns_32ns_64ns_25ns_30s_18s_48ns_1ns_48_5_1_DSP_Builtin_U/p_reg_reg.
DSP Report: register dsp_48ns_32ns_64ns_25ns_30s_18s_48ns_1ns_48_5_1_U98/SampleNeuralNet_dsp_48ns_32ns_64ns_25ns_30s_18s_48ns_1ns_48_5_1_DSP_Builtin_U/p_reg_reg is absorbed into DSP dsp_48ns_32ns_64ns_25ns_30s_18s_48ns_1ns_48_5_1_U98/SampleNeuralNet_dsp_48ns_32ns_64ns_25ns_30s_18s_48ns_1ns_48_5_1_DSP_Builtin_U/p_reg_reg.
DSP Report: register dsp_48ns_32ns_64ns_25ns_30s_18s_48ns_1ns_48_5_1_U98/SampleNeuralNet_dsp_48ns_32ns_64ns_25ns_30s_18s_48ns_1ns_48_5_1_DSP_Builtin_U/m_reg_reg is absorbed into DSP dsp_48ns_32ns_64ns_25ns_30s_18s_48ns_1ns_48_5_1_U98/SampleNeuralNet_dsp_48ns_32ns_64ns_25ns_30s_18s_48ns_1ns_48_5_1_DSP_Builtin_U/p_reg_reg.
DSP Report: operator dsp_48ns_32ns_64ns_25ns_30s_18s_48ns_1ns_48_5_1_U98/SampleNeuralNet_dsp_48ns_32ns_64ns_25ns_30s_18s_48ns_1ns_48_5_1_DSP_Builtin_U/p is absorbed into DSP dsp_48ns_32ns_64ns_25ns_30s_18s_48ns_1ns_48_5_1_U98/SampleNeuralNet_dsp_48ns_32ns_64ns_25ns_30s_18s_48ns_1ns_48_5_1_DSP_Builtin_U/p_reg_reg.
DSP Report: operator dsp_48ns_32ns_64ns_25ns_30s_18s_48ns_1ns_48_5_1_U98/SampleNeuralNet_dsp_48ns_32ns_64ns_25ns_30s_18s_48ns_1ns_48_5_1_DSP_Builtin_U/m is absorbed into DSP dsp_48ns_32ns_64ns_25ns_30s_18s_48ns_1ns_48_5_1_U98/SampleNeuralNet_dsp_48ns_32ns_64ns_25ns_30s_18s_48ns_1ns_48_5_1_DSP_Builtin_U/p_reg_reg.
DSP Report: Generating DSP dsp_48ns_32ns_64ns_25ns_30s_18s_48ns_1ns_48_5_1_U99/SampleNeuralNet_dsp_48ns_32ns_64ns_25ns_30s_18s_48ns_1ns_48_5_1_DSP_Builtin_U/p_reg_reg, operation Mode is: ((C:0x0) or P)+(A*B'')'.
DSP Report: register dsp_48ns_32ns_64ns_25ns_30s_18s_48ns_1ns_48_5_1_U99/SampleNeuralNet_dsp_48ns_32ns_64ns_25ns_30s_18s_48ns_1ns_48_5_1_DSP_Builtin_U/p_reg_reg is absorbed into DSP dsp_48ns_32ns_64ns_25ns_30s_18s_48ns_1ns_48_5_1_U99/SampleNeuralNet_dsp_48ns_32ns_64ns_25ns_30s_18s_48ns_1ns_48_5_1_DSP_Builtin_U/p_reg_reg.
DSP Report: register dsp_48ns_32ns_64ns_25ns_30s_18s_48ns_1ns_48_5_1_U99/SampleNeuralNet_dsp_48ns_32ns_64ns_25ns_30s_18s_48ns_1ns_48_5_1_DSP_Builtin_U/p_reg_reg is absorbed into DSP dsp_48ns_32ns_64ns_25ns_30s_18s_48ns_1ns_48_5_1_U99/SampleNeuralNet_dsp_48ns_32ns_64ns_25ns_30s_18s_48ns_1ns_48_5_1_DSP_Builtin_U/p_reg_reg.
DSP Report: register dsp_48ns_32ns_64ns_25ns_30s_18s_48ns_1ns_48_5_1_U99/SampleNeuralNet_dsp_48ns_32ns_64ns_25ns_30s_18s_48ns_1ns_48_5_1_DSP_Builtin_U/p_reg_reg is absorbed into DSP dsp_48ns_32ns_64ns_25ns_30s_18s_48ns_1ns_48_5_1_U99/SampleNeuralNet_dsp_48ns_32ns_64ns_25ns_30s_18s_48ns_1ns_48_5_1_DSP_Builtin_U/p_reg_reg.
DSP Report: register dsp_48ns_32ns_64ns_25ns_30s_18s_48ns_1ns_48_5_1_U99/SampleNeuralNet_dsp_48ns_32ns_64ns_25ns_30s_18s_48ns_1ns_48_5_1_DSP_Builtin_U/m_reg_reg is absorbed into DSP dsp_48ns_32ns_64ns_25ns_30s_18s_48ns_1ns_48_5_1_U99/SampleNeuralNet_dsp_48ns_32ns_64ns_25ns_30s_18s_48ns_1ns_48_5_1_DSP_Builtin_U/p_reg_reg.
DSP Report: operator dsp_48ns_32ns_64ns_25ns_30s_18s_48ns_1ns_48_5_1_U99/SampleNeuralNet_dsp_48ns_32ns_64ns_25ns_30s_18s_48ns_1ns_48_5_1_DSP_Builtin_U/p is absorbed into DSP dsp_48ns_32ns_64ns_25ns_30s_18s_48ns_1ns_48_5_1_U99/SampleNeuralNet_dsp_48ns_32ns_64ns_25ns_30s_18s_48ns_1ns_48_5_1_DSP_Builtin_U/p_reg_reg.
DSP Report: operator dsp_48ns_32ns_64ns_25ns_30s_18s_48ns_1ns_48_5_1_U99/SampleNeuralNet_dsp_48ns_32ns_64ns_25ns_30s_18s_48ns_1ns_48_5_1_DSP_Builtin_U/m is absorbed into DSP dsp_48ns_32ns_64ns_25ns_30s_18s_48ns_1ns_48_5_1_U99/SampleNeuralNet_dsp_48ns_32ns_64ns_25ns_30s_18s_48ns_1ns_48_5_1_DSP_Builtin_U/p_reg_reg.
DSP Report: Generating DSP dsp_48ns_32ns_64ns_25ns_30s_18s_48ns_1ns_48_5_1_U100/SampleNeuralNet_dsp_48ns_32ns_64ns_25ns_30s_18s_48ns_1ns_48_5_1_DSP_Builtin_U/p_reg_reg, operation Mode is: ((C:0x0) or P)+(A*B'')'.
DSP Report: register dsp_48ns_32ns_64ns_25ns_30s_18s_48ns_1ns_48_5_1_U100/SampleNeuralNet_dsp_48ns_32ns_64ns_25ns_30s_18s_48ns_1ns_48_5_1_DSP_Builtin_U/p_reg_reg is absorbed into DSP dsp_48ns_32ns_64ns_25ns_30s_18s_48ns_1ns_48_5_1_U100/SampleNeuralNet_dsp_48ns_32ns_64ns_25ns_30s_18s_48ns_1ns_48_5_1_DSP_Builtin_U/p_reg_reg.
DSP Report: register dsp_48ns_32ns_64ns_25ns_30s_18s_48ns_1ns_48_5_1_U100/SampleNeuralNet_dsp_48ns_32ns_64ns_25ns_30s_18s_48ns_1ns_48_5_1_DSP_Builtin_U/p_reg_reg is absorbed into DSP dsp_48ns_32ns_64ns_25ns_30s_18s_48ns_1ns_48_5_1_U100/SampleNeuralNet_dsp_48ns_32ns_64ns_25ns_30s_18s_48ns_1ns_48_5_1_DSP_Builtin_U/p_reg_reg.
DSP Report: register dsp_48ns_32ns_64ns_25ns_30s_18s_48ns_1ns_48_5_1_U100/SampleNeuralNet_dsp_48ns_32ns_64ns_25ns_30s_18s_48ns_1ns_48_5_1_DSP_Builtin_U/p_reg_reg is absorbed into DSP dsp_48ns_32ns_64ns_25ns_30s_18s_48ns_1ns_48_5_1_U100/SampleNeuralNet_dsp_48ns_32ns_64ns_25ns_30s_18s_48ns_1ns_48_5_1_DSP_Builtin_U/p_reg_reg.
DSP Report: register dsp_48ns_32ns_64ns_25ns_30s_18s_48ns_1ns_48_5_1_U100/SampleNeuralNet_dsp_48ns_32ns_64ns_25ns_30s_18s_48ns_1ns_48_5_1_DSP_Builtin_U/m_reg_reg is absorbed into DSP dsp_48ns_32ns_64ns_25ns_30s_18s_48ns_1ns_48_5_1_U100/SampleNeuralNet_dsp_48ns_32ns_64ns_25ns_30s_18s_48ns_1ns_48_5_1_DSP_Builtin_U/p_reg_reg.
DSP Report: operator dsp_48ns_32ns_64ns_25ns_30s_18s_48ns_1ns_48_5_1_U100/SampleNeuralNet_dsp_48ns_32ns_64ns_25ns_30s_18s_48ns_1ns_48_5_1_DSP_Builtin_U/p is absorbed into DSP dsp_48ns_32ns_64ns_25ns_30s_18s_48ns_1ns_48_5_1_U100/SampleNeuralNet_dsp_48ns_32ns_64ns_25ns_30s_18s_48ns_1ns_48_5_1_DSP_Builtin_U/p_reg_reg.
DSP Report: operator dsp_48ns_32ns_64ns_25ns_30s_18s_48ns_1ns_48_5_1_U100/SampleNeuralNet_dsp_48ns_32ns_64ns_25ns_30s_18s_48ns_1ns_48_5_1_DSP_Builtin_U/m is absorbed into DSP dsp_48ns_32ns_64ns_25ns_30s_18s_48ns_1ns_48_5_1_U100/SampleNeuralNet_dsp_48ns_32ns_64ns_25ns_30s_18s_48ns_1ns_48_5_1_DSP_Builtin_U/p_reg_reg.
---------------------------------------------------------------------------------
Finished Cross Boundary and Area Optimization : Time (s): cpu = 00:00:16 ; elapsed = 00:00:18 . Memory (MB): peak = 2455.500 ; gain = 765.945 ; free physical = 84255 ; free virtual = 123368
---------------------------------------------------------------------------------
 Sort Area is  SampleNeuralNet_dsp_48ns_32ns_64ns_25ns_30ns_18ns_48ns_1s_48_5_1_DSP_Builtin_U/p_reg_reg_0 : 0 0 : 3672 3672 : Used 1 time 0
 Sort Area is  SampleNeuralNet_dsp_48ns_32ns_64ns_25ns_30ns_18ns_48ns_1s_48_5_1_DSP_Builtin_U/p_reg_reg_3 : 0 0 : 3672 3672 : Used 1 time 0
 Sort Area is  SampleNeuralNet_dsp_48ns_32ns_64ns_25ns_30ns_18ns_48ns_1s_48_5_1_DSP_Builtin_U/p_reg_reg_4 : 0 0 : 3672 3672 : Used 1 time 0
 Sort Area is  SampleNeuralNet_dsp_48ns_32ns_64ns_25ns_30ns_18ns_48ns_1s_48_5_1_DSP_Builtin_U/p_reg_reg_5 : 0 0 : 3672 3672 : Used 1 time 0
 Sort Area is  SampleNeuralNet_dsp_48ns_32ns_64ns_25ns_30ns_18ns_48ns_1s_48_5_1_DSP_Builtin_U/p_reg_reg_6 : 0 0 : 3672 3672 : Used 1 time 0
 Sort Area is  SampleNeuralNet_dsp_48ns_32ns_64ns_25ns_30s_18ns_48ns_1s_48_5_1_DSP_Builtin_U/p_reg_reg_2 : 0 0 : 3672 3672 : Used 1 time 0
 Sort Area is  SampleNeuralNet_dsp_48ns_32ns_64ns_25ns_30s_18ns_48ns_1s_48_5_1_DSP_Builtin_U/p_reg_reg_7 : 0 0 : 3672 3672 : Used 1 time 0
 Sort Area is  SampleNeuralNet_dsp_48ns_32ns_64ns_25ns_30s_18s_48ns_1ns_48_5_1_DSP_Builtin_U/p_reg_reg_8 : 0 0 : 3672 3672 : Used 1 time 0
 Sort Area is  SampleNeuralNet_dsp_48ns_32ns_64ns_25ns_30s_18s_48ns_1ns_48_5_1_DSP_Builtin_U/p_reg_reg_9 : 0 0 : 3672 3672 : Used 1 time 0
 Sort Area is  SampleNeuralNet_dsp_48ns_32ns_64ns_25ns_30s_18s_48ns_1ns_48_5_1_DSP_Builtin_U/p_reg_reg_a : 0 0 : 3672 3672 : Used 1 time 0
 Sort Area is  SampleNeuralNet_dsp_48ns_32ns_64ns_25ns_30s_18s_48ns_1ns_48_5_1_DSP_Builtin_U/p_reg_reg_b : 0 0 : 3672 3672 : Used 1 time 0
 Sort Area is  SampleNeuralNet_dsp_48ns_32ns_64ns_25ns_30s_18s_48ns_1ns_48_5_1_DSP_Builtin_U/p_reg_reg_c : 0 0 : 3672 3672 : Used 1 time 0
 Sort Area is  SampleNeuralNet_dsp_48ns_32ns_64ns_25ns_30s_18s_48ns_1ns_48_5_1_DSP_Builtin_U/p_reg_reg_d : 0 0 : 3672 3672 : Used 1 time 0
 Sort Area is  SampleNeuralNet_dsp_48ns_32ns_64ns_25ns_30s_18s_48ns_1ns_48_5_1_DSP_Builtin_U/p_reg_reg_e : 0 0 : 3672 3672 : Used 1 time 0
 Sort Area is  SampleNeuralNet_dsp_48ns_32ns_64ns_25ns_30s_18s_48ns_1ns_48_5_1_DSP_Builtin_U/p_reg_reg_f : 0 0 : 3672 3672 : Used 1 time 0
 Sort Area is  dsp_48ns_32ns_64ns_25ns_30s_18s_48ns_1ns_48_5_1_U50/SampleNeuralNet_dsp_48ns_32ns_64ns_25ns_30s_18s_48ns_1ns_48_5_1_DSP_Builtin_U/p_reg_reg_10 : 0 0 : 3548 3548 : Used 1 time 0
 Sort Area is  dsp_48ns_32ns_64ns_25ns_30s_18s_48ns_1ns_48_5_1_U51/SampleNeuralNet_dsp_48ns_32ns_64ns_25ns_30s_18s_48ns_1ns_48_5_1_DSP_Builtin_U/p_reg_reg_12 : 0 0 : 3548 3548 : Used 1 time 0
 Sort Area is  dsp_48ns_32ns_64ns_25ns_30s_18s_48ns_1ns_48_5_1_U52/SampleNeuralNet_dsp_48ns_32ns_64ns_25ns_30s_18s_48ns_1ns_48_5_1_DSP_Builtin_U/p_reg_reg_13 : 0 0 : 3548 3548 : Used 1 time 0
 Sort Area is  dsp_48ns_32ns_64ns_25ns_30s_18s_48ns_1ns_48_5_1_U53/SampleNeuralNet_dsp_48ns_32ns_64ns_25ns_30s_18s_48ns_1ns_48_5_1_DSP_Builtin_U/p_reg_reg_14 : 0 0 : 3548 3548 : Used 1 time 0
 Sort Area is  dsp_48ns_32ns_64ns_25ns_30s_18s_48ns_1ns_48_5_1_U54/SampleNeuralNet_dsp_48ns_32ns_64ns_25ns_30s_18s_48ns_1ns_48_5_1_DSP_Builtin_U/p_reg_reg_15 : 0 0 : 3548 3548 : Used 1 time 0
 Sort Area is  dsp_48ns_32ns_64ns_25ns_30s_18s_48ns_1ns_48_5_1_U55/SampleNeuralNet_dsp_48ns_32ns_64ns_25ns_30s_18s_48ns_1ns_48_5_1_DSP_Builtin_U/p_reg_reg_16 : 0 0 : 3548 3548 : Used 1 time 0
 Sort Area is  dsp_48ns_32ns_64ns_25ns_30s_18s_48ns_1ns_48_5_1_U56/SampleNeuralNet_dsp_48ns_32ns_64ns_25ns_30s_18s_48ns_1ns_48_5_1_DSP_Builtin_U/p_reg_reg_17 : 0 0 : 3548 3548 : Used 1 time 0
 Sort Area is  dsp_48ns_32ns_64ns_25ns_30s_18s_48ns_1ns_48_5_1_U93/SampleNeuralNet_dsp_48ns_32ns_64ns_25ns_30s_18s_48ns_1ns_48_5_1_DSP_Builtin_U/p_reg_reg_1a : 0 0 : 3548 3548 : Used 1 time 0
 Sort Area is  dsp_48ns_32ns_64ns_25ns_30s_18s_48ns_1ns_48_5_1_U94/SampleNeuralNet_dsp_48ns_32ns_64ns_25ns_30s_18s_48ns_1ns_48_5_1_DSP_Builtin_U/p_reg_reg_1b : 0 0 : 3548 3548 : Used 1 time 0
 Sort Area is  dsp_48ns_32ns_64ns_25ns_30s_18s_48ns_1ns_48_5_1_U95/SampleNeuralNet_dsp_48ns_32ns_64ns_25ns_30s_18s_48ns_1ns_48_5_1_DSP_Builtin_U/p_reg_reg_1c : 0 0 : 3548 3548 : Used 1 time 0
 Sort Area is  dsp_48ns_32ns_64ns_25ns_30s_18s_48ns_1ns_48_5_1_U96/SampleNeuralNet_dsp_48ns_32ns_64ns_25ns_30s_18s_48ns_1ns_48_5_1_DSP_Builtin_U/p_reg_reg_1d : 0 0 : 3548 3548 : Used 1 time 0
 Sort Area is  dsp_48ns_32ns_64ns_25ns_30s_18s_48ns_1ns_48_5_1_U97/SampleNeuralNet_dsp_48ns_32ns_64ns_25ns_30s_18s_48ns_1ns_48_5_1_DSP_Builtin_U/p_reg_reg_1e : 0 0 : 3548 3548 : Used 1 time 0
 Sort Area is  dsp_48ns_32ns_64ns_25ns_30s_18s_48ns_1ns_48_5_1_U98/SampleNeuralNet_dsp_48ns_32ns_64ns_25ns_30s_18s_48ns_1ns_48_5_1_DSP_Builtin_U/p_reg_reg_1f : 0 0 : 3548 3548 : Used 1 time 0
 Sort Area is  dsp_48ns_32ns_64ns_25ns_30s_18s_48ns_1ns_48_5_1_U99/SampleNeuralNet_dsp_48ns_32ns_64ns_25ns_30s_18s_48ns_1ns_48_5_1_DSP_Builtin_U/p_reg_reg_20 : 0 0 : 3548 3548 : Used 1 time 0
 Sort Area is  dsp_48ns_32ns_64ns_25ns_30s_18s_48ns_1ns_48_5_1_U100/SampleNeuralNet_dsp_48ns_32ns_64ns_25ns_30s_18s_48ns_1ns_48_5_1_DSP_Builtin_U/p_reg_reg_21 : 0 0 : 1280 1280 : Used 1 time 0
 Sort Area is  dsp_48ns_32ns_64ns_25ns_30s_18s_48ns_1ns_48_5_1_U57/SampleNeuralNet_dsp_48ns_32ns_64ns_25ns_30s_18s_48ns_1ns_48_5_1_DSP_Builtin_U/p_reg_reg_18 : 0 0 : 1280 1280 : Used 1 time 0
---------------------------------------------------------------------------------
Start ROM, RAM, DSP, Shift Register and Retiming Reporting
---------------------------------------------------------------------------------

DSP: Preliminary Mapping Report (see note below. The ' indicates corresponding REG is set)
+------------------------------------------------------------------------------+-------------------------------+--------+--------+--------+--------+--------+------+------+------+------+-------+------+------+
|Module Name                                                                   | DSP Mapping                   | A Size | B Size | C Size | D Size | P Size | AREG | BREG | CREG | DREG | ADREG | MREG | PREG | 
+------------------------------------------------------------------------------+-------------------------------+--------+--------+--------+--------+--------+------+------+------+------+-------+------+------+
|SampleNeuralNet_dsp_48ns_32ns_64ns_25ns_30ns_18ns_48ns_1s_48_5_1_DSP_Builtin  | ((C:0x0) or P)+((D+A'')*B'')' | 25     | 18     | 48     | 25     | 48     | 2    | 2    | 0    | 0    | 0     | 1    | 1    | 
|SampleNeuralNet_dsp_48ns_32ns_64ns_25ns_30s_18ns_48ns_1s_48_5_1_DSP_Builtin   | ((C:0x0) or P)+((D+A'')*B'')' | 25     | 18     | 48     | 25     | 48     | 2    | 2    | 0    | 0    | 0     | 1    | 1    | 
|SampleNeuralNet_dsp_48ns_32ns_64ns_25ns_30ns_18ns_48ns_1s_48_5_1_DSP_Builtin  | ((C:0x0) or P)+((D+A'')*B'')' | 25     | 18     | 48     | 25     | 48     | 2    | 2    | 0    | 0    | 0     | 1    | 1    | 
|SampleNeuralNet_dsp_48ns_32ns_64ns_25ns_30ns_18ns_48ns_1s_48_5_1_DSP_Builtin  | ((C:0x0) or P)+((D+A'')*B'')' | 25     | 18     | 48     | 25     | 48     | 2    | 2    | 0    | 0    | 0     | 1    | 1    | 
|SampleNeuralNet_dsp_48ns_32ns_64ns_25ns_30ns_18ns_48ns_1s_48_5_1_DSP_Builtin  | ((C:0x0) or P)+((D+A'')*B'')' | 25     | 18     | 48     | 25     | 48     | 2    | 2    | 0    | 0    | 0     | 1    | 1    | 
|SampleNeuralNet_dsp_48ns_32ns_64ns_25ns_30ns_18ns_48ns_1s_48_5_1_DSP_Builtin  | ((C:0x0) or P)+((D+A'')*B'')' | 25     | 18     | 48     | 25     | 48     | 2    | 2    | 0    | 0    | 0     | 1    | 1    | 
|SampleNeuralNet_dsp_48ns_32ns_64ns_25ns_30s_18ns_48ns_1s_48_5_1_DSP_Builtin   | ((C:0x0) or P)+((D+A'')*B'')' | 25     | 18     | 48     | 25     | 48     | 2    | 2    | 0    | 0    | 0     | 1    | 1    | 
|SampleNeuralNet_dsp_48ns_32ns_64ns_25ns_30s_18s_48ns_1ns_48_5_1_DSP_Builtin   | ((C:0x0) or P)+((D+A'')*B'')' | 25     | 18     | 48     | 25     | 48     | 2    | 2    | 0    | 0    | 0     | 1    | 1    | 
|SampleNeuralNet_dsp_48ns_32ns_64ns_25ns_30s_18s_48ns_1ns_48_5_1_DSP_Builtin   | ((C:0x0) or P)+((D+A'')*B'')' | 25     | 18     | 48     | 25     | 48     | 2    | 2    | 0    | 0    | 0     | 1    | 1    | 
|SampleNeuralNet_dsp_48ns_32ns_64ns_25ns_30s_18s_48ns_1ns_48_5_1_DSP_Builtin   | ((C:0x0) or P)+((D+A'')*B'')' | 25     | 18     | 48     | 25     | 48     | 2    | 2    | 0    | 0    | 0     | 1    | 1    | 
|SampleNeuralNet_dsp_48ns_32ns_64ns_25ns_30s_18s_48ns_1ns_48_5_1_DSP_Builtin   | ((C:0x0) or P)+((D+A'')*B'')' | 25     | 18     | 48     | 25     | 48     | 2    | 2    | 0    | 0    | 0     | 1    | 1    | 
|SampleNeuralNet_dsp_48ns_32ns_64ns_25ns_30s_18s_48ns_1ns_48_5_1_DSP_Builtin   | ((C:0x0) or P)+((D+A'')*B'')' | 25     | 18     | 48     | 25     | 48     | 2    | 2    | 0    | 0    | 0     | 1    | 1    | 
|SampleNeuralNet_dsp_48ns_32ns_64ns_25ns_30s_18s_48ns_1ns_48_5_1_DSP_Builtin   | ((C:0x0) or P)+((D+A'')*B'')' | 25     | 18     | 48     | 25     | 48     | 2    | 2    | 0    | 0    | 0     | 1    | 1    | 
|SampleNeuralNet_dsp_48ns_32ns_64ns_25ns_30s_18s_48ns_1ns_48_5_1_DSP_Builtin   | ((C:0x0) or P)+((D+A'')*B'')' | 25     | 18     | 48     | 25     | 48     | 2    | 2    | 0    | 0    | 0     | 1    | 1    | 
|SampleNeuralNet_dsp_48ns_32ns_64ns_25ns_30s_18s_48ns_1ns_48_5_1_DSP_Builtin   | ((C:0x0) or P)+((D+A'')*B'')' | 25     | 18     | 48     | 25     | 48     | 2    | 2    | 0    | 0    | 0     | 1    | 1    | 
|SampleNeuralNet_custom_dsp_dense_implementation_ap_int_16_ap_int_48_config4_s | ((C:0x0) or P)+(A*B'')'       | 25     | 18     | 48     | -      | 48     | 0    | 2    | 0    | -    | -     | 1    | 1    | 
|SampleNeuralNet_custom_dsp_dense_implementation_ap_int_16_ap_int_48_config4_s | ((C:0x0) or P)+(A*B'')'       | 25     | 18     | 48     | -      | 48     | 0    | 2    | 0    | -    | -     | 1    | 1    | 
|SampleNeuralNet_custom_dsp_dense_implementation_ap_int_16_ap_int_48_config4_s | ((C:0x0) or P)+(A*B'')'       | 25     | 18     | 48     | -      | 48     | 0    | 2    | 0    | -    | -     | 1    | 1    | 
|SampleNeuralNet_custom_dsp_dense_implementation_ap_int_16_ap_int_48_config4_s | ((C:0x0) or P)+(A*B'')'       | 25     | 18     | 48     | -      | 48     | 0    | 2    | 0    | -    | -     | 1    | 1    | 
|SampleNeuralNet_custom_dsp_dense_implementation_ap_int_16_ap_int_48_config4_s | ((C:0x0) or P)+(A*B'')'       | 25     | 18     | 48     | -      | 48     | 0    | 2    | 0    | -    | -     | 1    | 1    | 
|SampleNeuralNet_custom_dsp_dense_implementation_ap_int_16_ap_int_48_config4_s | ((C:0x0) or P)+(A*B'')'       | 25     | 18     | 48     | -      | 48     | 0    | 2    | 0    | -    | -     | 1    | 1    | 
|SampleNeuralNet_custom_dsp_dense_implementation_ap_int_16_ap_int_48_config4_s | ((C:0x0) or P)+(A*B'')'       | 25     | 18     | 48     | -      | 48     | 0    | 2    | 0    | -    | -     | 1    | 1    | 
|SampleNeuralNet_custom_dsp_dense_implementation_ap_int_16_ap_int_48_config4_s | ((C:0x0) or P)+(A*B'')'       | 25     | 7      | 48     | -      | 48     | 0    | 2    | 0    | -    | -     | 1    | 1    | 
|SampleNeuralNet_custom_dsp_dense_implementation_ap_int_16_ap_int_48_config6_s | ((C:0x0) or P)+(A*B'')'       | 25     | 18     | 48     | -      | 48     | 0    | 2    | 0    | -    | -     | 1    | 1    | 
|SampleNeuralNet_custom_dsp_dense_implementation_ap_int_16_ap_int_48_config6_s | ((C:0x0) or P)+(A*B'')'       | 25     | 18     | 48     | -      | 48     | 0    | 2    | 0    | -    | -     | 1    | 1    | 
|SampleNeuralNet_custom_dsp_dense_implementation_ap_int_16_ap_int_48_config6_s | ((C:0x0) or P)+(A*B'')'       | 25     | 18     | 48     | -      | 48     | 0    | 2    | 0    | -    | -     | 1    | 1    | 
|SampleNeuralNet_custom_dsp_dense_implementation_ap_int_16_ap_int_48_config6_s | ((C:0x0) or P)+(A*B'')'       | 25     | 18     | 48     | -      | 48     | 0    | 2    | 0    | -    | -     | 1    | 1    | 
|SampleNeuralNet_custom_dsp_dense_implementation_ap_int_16_ap_int_48_config6_s | ((C:0x0) or P)+(A*B'')'       | 25     | 18     | 48     | -      | 48     | 0    | 2    | 0    | -    | -     | 1    | 1    | 
|SampleNeuralNet_custom_dsp_dense_implementation_ap_int_16_ap_int_48_config6_s | ((C:0x0) or P)+(A*B'')'       | 25     | 18     | 48     | -      | 48     | 0    | 2    | 0    | -    | -     | 1    | 1    | 
|SampleNeuralNet_custom_dsp_dense_implementation_ap_int_16_ap_int_48_config6_s | ((C:0x0) or P)+(A*B'')'       | 25     | 18     | 48     | -      | 48     | 0    | 2    | 0    | -    | -     | 1    | 1    | 
|SampleNeuralNet_custom_dsp_dense_implementation_ap_int_16_ap_int_48_config6_s | ((C:0x0) or P)+(A*B'')'       | 25     | 7      | 48     | -      | 48     | 0    | 2    | 0    | -    | -     | 1    | 1    | 
+------------------------------------------------------------------------------+-------------------------------+--------+--------+--------+--------+--------+------+------+------+------+-------+------+------+

Note: The table above is a preliminary report that shows the DSPs inferred at the current stage of the synthesis flow. Some DSP may be reimplemented as non DSP primitives later in the synthesis flow. Multiple instantiated DSPs are reported only once.
---------------------------------------------------------------------------------
Finished ROM, RAM, DSP, Shift Register and Retiming Reporting
---------------------------------------------------------------------------------
No constraint files found.
---------------------------------------------------------------------------------
Start Timing Optimization
---------------------------------------------------------------------------------
---------------------------------------------------------------------------------
Finished Timing Optimization : Time (s): cpu = 00:00:17 ; elapsed = 00:00:18 . Memory (MB): peak = 2455.500 ; gain = 765.945 ; free physical = 84279 ; free virtual = 123392
---------------------------------------------------------------------------------
---------------------------------------------------------------------------------
Start Technology Mapping
---------------------------------------------------------------------------------
---------------------------------------------------------------------------------
Finished Technology Mapping : Time (s): cpu = 00:00:18 ; elapsed = 00:00:20 . Memory (MB): peak = 2455.500 ; gain = 765.945 ; free physical = 84279 ; free virtual = 123392
---------------------------------------------------------------------------------
---------------------------------------------------------------------------------
Start IO Insertion
---------------------------------------------------------------------------------
---------------------------------------------------------------------------------
Start Flattening Before IO Insertion
---------------------------------------------------------------------------------
---------------------------------------------------------------------------------
Finished Flattening Before IO Insertion
---------------------------------------------------------------------------------
---------------------------------------------------------------------------------
Start Final Netlist Cleanup
---------------------------------------------------------------------------------
---------------------------------------------------------------------------------
Finished Final Netlist Cleanup
---------------------------------------------------------------------------------
---------------------------------------------------------------------------------
Finished IO Insertion : Time (s): cpu = 00:00:21 ; elapsed = 00:00:23 . Memory (MB): peak = 2455.500 ; gain = 765.945 ; free physical = 84278 ; free virtual = 123391
---------------------------------------------------------------------------------
---------------------------------------------------------------------------------
Start Renaming Generated Instances
---------------------------------------------------------------------------------
---------------------------------------------------------------------------------
Finished Renaming Generated Instances : Time (s): cpu = 00:00:21 ; elapsed = 00:00:23 . Memory (MB): peak = 2455.500 ; gain = 765.945 ; free physical = 84278 ; free virtual = 123391
---------------------------------------------------------------------------------
---------------------------------------------------------------------------------
Start Rebuilding User Hierarchy
---------------------------------------------------------------------------------
---------------------------------------------------------------------------------
Finished Rebuilding User Hierarchy : Time (s): cpu = 00:00:21 ; elapsed = 00:00:23 . Memory (MB): peak = 2455.500 ; gain = 765.945 ; free physical = 84278 ; free virtual = 123391
---------------------------------------------------------------------------------
---------------------------------------------------------------------------------
Start Renaming Generated Ports
---------------------------------------------------------------------------------
---------------------------------------------------------------------------------
Finished Renaming Generated Ports : Time (s): cpu = 00:00:21 ; elapsed = 00:00:23 . Memory (MB): peak = 2455.500 ; gain = 765.945 ; free physical = 84278 ; free virtual = 123391
---------------------------------------------------------------------------------
---------------------------------------------------------------------------------
Start Handling Custom Attributes
---------------------------------------------------------------------------------
---------------------------------------------------------------------------------
Finished Handling Custom Attributes : Time (s): cpu = 00:00:22 ; elapsed = 00:00:23 . Memory (MB): peak = 2455.500 ; gain = 765.945 ; free physical = 84278 ; free virtual = 123391
---------------------------------------------------------------------------------
---------------------------------------------------------------------------------
Start Renaming Generated Nets
---------------------------------------------------------------------------------
---------------------------------------------------------------------------------
Finished Renaming Generated Nets : Time (s): cpu = 00:00:22 ; elapsed = 00:00:23 . Memory (MB): peak = 2455.500 ; gain = 765.945 ; free physical = 84278 ; free virtual = 123391
---------------------------------------------------------------------------------
---------------------------------------------------------------------------------
Start ROM, RAM, DSP, Shift Register and Retiming Reporting
---------------------------------------------------------------------------------

Static Shift Register Report:
+----------------+--------------------------------------------------------------------------------------------------------------+--------+-------+--------------+--------------------+-------------------+--------+---------+
|Module Name     | RTL Name                                                                                                     | Length | Width | Reset Signal | Pull out first Reg | Pull out last Reg | SRL16E | SRLC32E | 
+----------------+--------------------------------------------------------------------------------------------------------------+--------+-------+--------------+--------------------+-------------------+--------+---------+
|SampleNeuralNet | custom_dsp_dense_implementation_ap_int_16_ap_int_48_config2_U0/lshr_128ns_7ns_128_7_1_U9/buff3_reg[15]       | 4      | 16    | NO           | YES                | NO                | 16     | 0       | 
|SampleNeuralNet | custom_dsp_dense_implementation_ap_int_16_ap_int_48_config2_U0/ap_loop_exit_ready_pp0_iter11_reg_reg         | 11     | 1     | NO           | NO                 | YES               | 1      | 0       | 
|SampleNeuralNet | custom_dsp_dense_implementation_ap_int_16_ap_int_48_config2_U0/icmp_ln62_reg_667_pp0_iter11_reg_reg[0]       | 11     | 1     | NO           | NO                 | YES               | 1      | 0       | 
|SampleNeuralNet | custom_dsp_dense_implementation_ap_int_16_ap_int_48_config2_U0/weightLoopIndex3_reg_155_pp0_iter4_reg_reg[2] | 4      | 3     | NO           | NO                 | YES               | 3      | 0       | 
|SampleNeuralNet | custom_dsp_dense_implementation_ap_int_16_ap_int_48_config4_U0/ap_loop_exit_ready_pp0_iter7_reg_reg          | 7      | 1     | NO           | NO                 | YES               | 1      | 0       | 
|SampleNeuralNet | custom_dsp_dense_implementation_ap_int_16_ap_int_48_config4_U0/icmp_ln62_reg_971_pp0_iter7_reg_reg[0]        | 7      | 1     | NO           | NO                 | YES               | 1      | 0       | 
|SampleNeuralNet | custom_dsp_dense_implementation_ap_int_16_ap_int_48_config6_U0/ap_loop_exit_ready_pp0_iter7_reg_reg          | 7      | 1     | NO           | NO                 | YES               | 1      | 0       | 
|SampleNeuralNet | custom_dsp_dense_implementation_ap_int_16_ap_int_48_config6_U0/icmp_ln62_reg_971_pp0_iter7_reg_reg[0]        | 7      | 1     | NO           | NO                 | YES               | 1      | 0       | 
+----------------+--------------------------------------------------------------------------------------------------------------+--------+-------+--------------+--------------------+-------------------+--------+---------+

---------------------------------------------------------------------------------
Finished ROM, RAM, DSP, Shift Register and Retiming Reporting
---------------------------------------------------------------------------------
---------------------------------------------------------------------------------
Start Writing Synthesis Report
---------------------------------------------------------------------------------

DSP Final Report (the ' indicates corresponding REG is set)
+------------------------------------------------------------------------------+-------------------+--------+--------+--------+--------+--------+------+------+------+------+-------+------+------+
|Module Name                                                                   | DSP Mapping       | A Size | B Size | C Size | D Size | P Size | AREG | BREG | CREG | DREG | ADREG | MREG | PREG | 
+------------------------------------------------------------------------------+-------------------+--------+--------+--------+--------+--------+------+------+------+------+-------+------+------+
|SampleNeuralNet_dsp_48ns_32ns_64ns_25ns_30s_18s_48ns_1ns_48_5_1_DSP_Builtin   | (P+(D+A''*B'')')' | 30     | 18     | -      | 0      | 48     | 2    | 2    | -    | 2    | 0     | 1    | 1    | 
|SampleNeuralNet_dsp_48ns_32ns_64ns_25ns_30s_18s_48ns_1ns_48_5_1_DSP_Builtin   | (P+(D+A''*B'')')' | 30     | 18     | -      | 0      | 48     | 2    | 2    | -    | 2    | 0     | 1    | 1    | 
|SampleNeuralNet_dsp_48ns_32ns_64ns_25ns_30s_18s_48ns_1ns_48_5_1_DSP_Builtin   | (P+(D+A''*B'')')' | 30     | 18     | -      | 0      | 48     | 2    | 2    | -    | 2    | 0     | 1    | 1    | 
|SampleNeuralNet_dsp_48ns_32ns_64ns_25ns_30s_18s_48ns_1ns_48_5_1_DSP_Builtin   | (P+(D+A''*B'')')' | 30     | 18     | -      | 0      | 48     | 2    | 2    | -    | 2    | 0     | 1    | 1    | 
|SampleNeuralNet_dsp_48ns_32ns_64ns_25ns_30s_18s_48ns_1ns_48_5_1_DSP_Builtin   | (P+(D+A''*B'')')' | 30     | 18     | -      | 0      | 48     | 2    | 2    | -    | 2    | 0     | 1    | 1    | 
|SampleNeuralNet_dsp_48ns_32ns_64ns_25ns_30s_18s_48ns_1ns_48_5_1_DSP_Builtin   | (P+(D+A''*B'')')' | 30     | 18     | -      | 0      | 48     | 2    | 2    | -    | 2    | 0     | 1    | 1    | 
|SampleNeuralNet_dsp_48ns_32ns_64ns_25ns_30s_18s_48ns_1ns_48_5_1_DSP_Builtin   | (P+(D+A''*B'')')' | 30     | 18     | -      | 0      | 48     | 2    | 2    | -    | 2    | 0     | 1    | 1    | 
|SampleNeuralNet_dsp_48ns_32ns_64ns_25ns_30s_18s_48ns_1ns_48_5_1_DSP_Builtin   | (P+(D+A''*B'')')' | 30     | 18     | -      | 0      | 48     | 2    | 2    | -    | 2    | 0     | 1    | 1    | 
|SampleNeuralNet_custom_dsp_dense_implementation_ap_int_16_ap_int_48_config4_s | (P+(A''*B'')')'   | 30     | 18     | -      | -      | 48     | 2    | 2    | -    | -    | -     | 1    | 1    | 
|SampleNeuralNet_custom_dsp_dense_implementation_ap_int_16_ap_int_48_config4_s | (P+(A''*B'')')'   | 30     | 18     | -      | -      | 48     | 2    | 2    | -    | -    | -     | 1    | 1    | 
|SampleNeuralNet_custom_dsp_dense_implementation_ap_int_16_ap_int_48_config4_s | (P+(A''*B'')')'   | 30     | 18     | -      | -      | 48     | 2    | 2    | -    | -    | -     | 1    | 1    | 
|SampleNeuralNet_custom_dsp_dense_implementation_ap_int_16_ap_int_48_config4_s | (P+(A''*B'')')'   | 30     | 18     | -      | -      | 48     | 2    | 2    | -    | -    | -     | 1    | 1    | 
|SampleNeuralNet_custom_dsp_dense_implementation_ap_int_16_ap_int_48_config4_s | (P+(A''*B'')')'   | 30     | 18     | -      | -      | 48     | 2    | 2    | -    | -    | -     | 1    | 1    | 
|SampleNeuralNet_custom_dsp_dense_implementation_ap_int_16_ap_int_48_config4_s | (P+(A''*B'')')'   | 30     | 18     | -      | -      | 48     | 2    | 2    | -    | -    | -     | 1    | 1    | 
|SampleNeuralNet_custom_dsp_dense_implementation_ap_int_16_ap_int_48_config4_s | (P+(A''*B'')')'   | 30     | 18     | -      | -      | 48     | 2    | 2    | -    | -    | -     | 1    | 1    | 
|SampleNeuralNet_custom_dsp_dense_implementation_ap_int_16_ap_int_48_config4_s | (P+(A''*B'')')'   | 30     | 18     | -      | -      | 48     | 2    | 2    | -    | -    | -     | 1    | 1    | 
|SampleNeuralNet_custom_dsp_dense_implementation_ap_int_16_ap_int_48_config6_s | (P+(A''*B'')')'   | 30     | 18     | -      | -      | 48     | 2    | 2    | -    | -    | -     | 1    | 1    | 
|SampleNeuralNet_custom_dsp_dense_implementation_ap_int_16_ap_int_48_config6_s | (P+(A''*B'')')'   | 30     | 18     | -      | -      | 48     | 2    | 2    | -    | -    | -     | 1    | 1    | 
|SampleNeuralNet_custom_dsp_dense_implementation_ap_int_16_ap_int_48_config6_s | (P+(A''*B'')')'   | 30     | 18     | -      | -      | 48     | 2    | 2    | -    | -    | -     | 1    | 1    | 
|SampleNeuralNet_custom_dsp_dense_implementation_ap_int_16_ap_int_48_config6_s | (P+(A''*B'')')'   | 30     | 18     | -      | -      | 48     | 2    | 2    | -    | -    | -     | 1    | 1    | 
|SampleNeuralNet_custom_dsp_dense_implementation_ap_int_16_ap_int_48_config6_s | (P+(A''*B'')')'   | 30     | 18     | -      | -      | 48     | 2    | 2    | -    | -    | -     | 1    | 1    | 
|SampleNeuralNet_custom_dsp_dense_implementation_ap_int_16_ap_int_48_config6_s | (P+(A''*B'')')'   | 30     | 18     | -      | -      | 48     | 2    | 2    | -    | -    | -     | 1    | 1    | 
|SampleNeuralNet_custom_dsp_dense_implementation_ap_int_16_ap_int_48_config6_s | (P+(A''*B'')')'   | 30     | 18     | -      | -      | 48     | 2    | 2    | -    | -    | -     | 1    | 1    | 
|SampleNeuralNet_custom_dsp_dense_implementation_ap_int_16_ap_int_48_config6_s | (P+(A''*B'')')'   | 30     | 18     | -      | -      | 48     | 2    | 2    | -    | -    | -     | 1    | 1    | 
+------------------------------------------------------------------------------+-------------------+--------+--------+--------+--------+--------+------+------+------+------+-------+------+------+


Report BlackBoxes: 
+-+--------------+----------+
| |BlackBox name |Instances |
+-+--------------+----------+
+-+--------------+----------+

Report Cell Usage: 
+------+---------+------+
|      |Cell     |Count |
+------+---------+------+
|1     |CARRY4   |   312|
|2     |DSP48E1  |    24|
|3     |LUT1     |   385|
|4     |LUT2     |   401|
|5     |LUT3     |  1491|
|6     |LUT4     |  1669|
|7     |LUT5     |   131|
|8     |LUT6     |   276|
|9     |MUXF7    |    48|
|10    |RAMB18E1 |     3|
|11    |SRL16E   |    25|
|12    |FDRE     |  8461|
|13    |FDSE     |    40|
+------+---------+------+

Report Instance Areas: 
+------+------------------------------------------------------------------------------------+------------------------------------------------------------------------------------------------+------+
|      |Instance                                                                            |Module                                                                                          |Cells |
+------+------------------------------------------------------------------------------------+------------------------------------------------------------------------------------------------+------+
|1     |top                                                                                 |                                                                                                | 13266|
|2     |  custom_dsp_dense_implementation_ap_int_16_ap_int_48_config2_U0                    |SampleNeuralNet_custom_dsp_dense_implementation_ap_int_16_ap_int_48_config2_s                   |  1272|
|3     |    dsp_48ns_32ns_64ns_25ns_30s_18s_48ns_1ns_48_5_1_U10                             |SampleNeuralNet_dsp_48ns_32ns_64ns_25ns_30s_18s_48ns_1ns_48_5_1_176                             |     1|
|4     |      SampleNeuralNet_dsp_48ns_32ns_64ns_25ns_30s_18s_48ns_1ns_48_5_1_DSP_Builtin_U |SampleNeuralNet_dsp_48ns_32ns_64ns_25ns_30s_18s_48ns_1ns_48_5_1_DSP_Builtin_192                 |     1|
|5     |    dsp_48ns_32ns_64ns_25ns_30s_18s_48ns_1ns_48_5_1_U11                             |SampleNeuralNet_dsp_48ns_32ns_64ns_25ns_30s_18s_48ns_1ns_48_5_1_177                             |     1|
|6     |      SampleNeuralNet_dsp_48ns_32ns_64ns_25ns_30s_18s_48ns_1ns_48_5_1_DSP_Builtin_U |SampleNeuralNet_dsp_48ns_32ns_64ns_25ns_30s_18s_48ns_1ns_48_5_1_DSP_Builtin_191                 |     1|
|7     |    dsp_48ns_32ns_64ns_25ns_30s_18s_48ns_1ns_48_5_1_U12                             |SampleNeuralNet_dsp_48ns_32ns_64ns_25ns_30s_18s_48ns_1ns_48_5_1_178                             |     1|
|8     |      SampleNeuralNet_dsp_48ns_32ns_64ns_25ns_30s_18s_48ns_1ns_48_5_1_DSP_Builtin_U |SampleNeuralNet_dsp_48ns_32ns_64ns_25ns_30s_18s_48ns_1ns_48_5_1_DSP_Builtin_190                 |     1|
|9     |    dsp_48ns_32ns_64ns_25ns_30s_18s_48ns_1ns_48_5_1_U13                             |SampleNeuralNet_dsp_48ns_32ns_64ns_25ns_30s_18s_48ns_1ns_48_5_1_179                             |     1|
|10    |      SampleNeuralNet_dsp_48ns_32ns_64ns_25ns_30s_18s_48ns_1ns_48_5_1_DSP_Builtin_U |SampleNeuralNet_dsp_48ns_32ns_64ns_25ns_30s_18s_48ns_1ns_48_5_1_DSP_Builtin_189                 |     1|
|11    |    dsp_48ns_32ns_64ns_25ns_30s_18s_48ns_1ns_48_5_1_U14                             |SampleNeuralNet_dsp_48ns_32ns_64ns_25ns_30s_18s_48ns_1ns_48_5_1_180                             |     1|
|12    |      SampleNeuralNet_dsp_48ns_32ns_64ns_25ns_30s_18s_48ns_1ns_48_5_1_DSP_Builtin_U |SampleNeuralNet_dsp_48ns_32ns_64ns_25ns_30s_18s_48ns_1ns_48_5_1_DSP_Builtin_188                 |     1|
|13    |    dsp_48ns_32ns_64ns_25ns_30s_18s_48ns_1ns_48_5_1_U15                             |SampleNeuralNet_dsp_48ns_32ns_64ns_25ns_30s_18s_48ns_1ns_48_5_1_181                             |     1|
|14    |      SampleNeuralNet_dsp_48ns_32ns_64ns_25ns_30s_18s_48ns_1ns_48_5_1_DSP_Builtin_U |SampleNeuralNet_dsp_48ns_32ns_64ns_25ns_30s_18s_48ns_1ns_48_5_1_DSP_Builtin_187                 |     1|
|15    |    dsp_48ns_32ns_64ns_25ns_30s_18s_48ns_1ns_48_5_1_U16                             |SampleNeuralNet_dsp_48ns_32ns_64ns_25ns_30s_18s_48ns_1ns_48_5_1_182                             |     1|
|16    |      SampleNeuralNet_dsp_48ns_32ns_64ns_25ns_30s_18s_48ns_1ns_48_5_1_DSP_Builtin_U |SampleNeuralNet_dsp_48ns_32ns_64ns_25ns_30s_18s_48ns_1ns_48_5_1_DSP_Builtin_186                 |     1|
|17    |    dsp_48ns_32ns_64ns_25ns_30s_18s_48ns_1ns_48_5_1_U17                             |SampleNeuralNet_dsp_48ns_32ns_64ns_25ns_30s_18s_48ns_1ns_48_5_1_183                             |     1|
|18    |      SampleNeuralNet_dsp_48ns_32ns_64ns_25ns_30s_18s_48ns_1ns_48_5_1_DSP_Builtin_U |SampleNeuralNet_dsp_48ns_32ns_64ns_25ns_30s_18s_48ns_1ns_48_5_1_DSP_Builtin_185                 |     1|
|19    |    flow_control_loop_pipe_U                                                        |SampleNeuralNet_flow_control_loop_pipe_184                                                      |   431|
|20    |    lshr_128ns_7ns_128_7_1_U9                                                       |SampleNeuralNet_lshr_128ns_7ns_128_7_1                                                          |   227|
|21    |    w2_U                                                                            |SampleNeuralNet_custom_dsp_dense_implementation_ap_int_16_ap_int_48_config2_s_w2_ROM_NP_BRAM_2R |     1|
|22    |  custom_dsp_dense_implementation_ap_int_16_ap_int_48_config4_U0                    |SampleNeuralNet_custom_dsp_dense_implementation_ap_int_16_ap_int_48_config4_s                   |  1466|
|23    |    dsp_48ns_32ns_64ns_25ns_30s_18s_48ns_1ns_48_5_1_U50                             |SampleNeuralNet_dsp_48ns_32ns_64ns_25ns_30s_18s_48ns_1ns_48_5_1_159                             |    49|
|24    |      SampleNeuralNet_dsp_48ns_32ns_64ns_25ns_30s_18s_48ns_1ns_48_5_1_DSP_Builtin_U |SampleNeuralNet_dsp_48ns_32ns_64ns_25ns_30s_18s_48ns_1ns_48_5_1_DSP_Builtin_175                 |    49|
|25    |    dsp_48ns_32ns_64ns_25ns_30s_18s_48ns_1ns_48_5_1_U51                             |SampleNeuralNet_dsp_48ns_32ns_64ns_25ns_30s_18s_48ns_1ns_48_5_1_160                             |    49|
|26    |      SampleNeuralNet_dsp_48ns_32ns_64ns_25ns_30s_18s_48ns_1ns_48_5_1_DSP_Builtin_U |SampleNeuralNet_dsp_48ns_32ns_64ns_25ns_30s_18s_48ns_1ns_48_5_1_DSP_Builtin_174                 |    49|
|27    |    dsp_48ns_32ns_64ns_25ns_30s_18s_48ns_1ns_48_5_1_U52                             |SampleNeuralNet_dsp_48ns_32ns_64ns_25ns_30s_18s_48ns_1ns_48_5_1_161                             |    49|
|28    |      SampleNeuralNet_dsp_48ns_32ns_64ns_25ns_30s_18s_48ns_1ns_48_5_1_DSP_Builtin_U |SampleNeuralNet_dsp_48ns_32ns_64ns_25ns_30s_18s_48ns_1ns_48_5_1_DSP_Builtin_173                 |    49|
|29    |    dsp_48ns_32ns_64ns_25ns_30s_18s_48ns_1ns_48_5_1_U53                             |SampleNeuralNet_dsp_48ns_32ns_64ns_25ns_30s_18s_48ns_1ns_48_5_1_162                             |    49|
|30    |      SampleNeuralNet_dsp_48ns_32ns_64ns_25ns_30s_18s_48ns_1ns_48_5_1_DSP_Builtin_U |SampleNeuralNet_dsp_48ns_32ns_64ns_25ns_30s_18s_48ns_1ns_48_5_1_DSP_Builtin_172                 |    49|
|31    |    dsp_48ns_32ns_64ns_25ns_30s_18s_48ns_1ns_48_5_1_U54                             |SampleNeuralNet_dsp_48ns_32ns_64ns_25ns_30s_18s_48ns_1ns_48_5_1_163                             |    49|
|32    |      SampleNeuralNet_dsp_48ns_32ns_64ns_25ns_30s_18s_48ns_1ns_48_5_1_DSP_Builtin_U |SampleNeuralNet_dsp_48ns_32ns_64ns_25ns_30s_18s_48ns_1ns_48_5_1_DSP_Builtin_171                 |    49|
|33    |    dsp_48ns_32ns_64ns_25ns_30s_18s_48ns_1ns_48_5_1_U55                             |SampleNeuralNet_dsp_48ns_32ns_64ns_25ns_30s_18s_48ns_1ns_48_5_1_164                             |    49|
|34    |      SampleNeuralNet_dsp_48ns_32ns_64ns_25ns_30s_18s_48ns_1ns_48_5_1_DSP_Builtin_U |SampleNeuralNet_dsp_48ns_32ns_64ns_25ns_30s_18s_48ns_1ns_48_5_1_DSP_Builtin_170                 |    49|
|35    |    dsp_48ns_32ns_64ns_25ns_30s_18s_48ns_1ns_48_5_1_U56                             |SampleNeuralNet_dsp_48ns_32ns_64ns_25ns_30s_18s_48ns_1ns_48_5_1_165                             |    49|
|36    |      SampleNeuralNet_dsp_48ns_32ns_64ns_25ns_30s_18s_48ns_1ns_48_5_1_DSP_Builtin_U |SampleNeuralNet_dsp_48ns_32ns_64ns_25ns_30s_18s_48ns_1ns_48_5_1_DSP_Builtin_169                 |    49|
|37    |    dsp_48ns_32ns_64ns_25ns_30s_18s_48ns_1ns_48_5_1_U57                             |SampleNeuralNet_dsp_48ns_32ns_64ns_25ns_30s_18s_48ns_1ns_48_5_1_166                             |    49|
|38    |      SampleNeuralNet_dsp_48ns_32ns_64ns_25ns_30s_18s_48ns_1ns_48_5_1_DSP_Builtin_U |SampleNeuralNet_dsp_48ns_32ns_64ns_25ns_30s_18s_48ns_1ns_48_5_1_DSP_Builtin_168                 |    49|
|39    |    flow_control_loop_pipe_U                                                        |SampleNeuralNet_flow_control_loop_pipe_167                                                      |    13|
|40    |    w4_U                                                                            |SampleNeuralNet_custom_dsp_dense_implementation_ap_int_16_ap_int_48_config4_s_w4_ROM_NP_BRAM_2R |     2|
|41    |  custom_dsp_dense_implementation_ap_int_16_ap_int_48_config6_U0                    |SampleNeuralNet_custom_dsp_dense_implementation_ap_int_16_ap_int_48_config6_s                   |  1473|
|42    |    dsp_48ns_32ns_64ns_25ns_30s_18s_48ns_1ns_48_5_1_U100                            |SampleNeuralNet_dsp_48ns_32ns_64ns_25ns_30s_18s_48ns_1ns_48_5_1                                 |    49|
|43    |      SampleNeuralNet_dsp_48ns_32ns_64ns_25ns_30s_18s_48ns_1ns_48_5_1_DSP_Builtin_U |SampleNeuralNet_dsp_48ns_32ns_64ns_25ns_30s_18s_48ns_1ns_48_5_1_DSP_Builtin_158                 |    49|
|44    |    dsp_48ns_32ns_64ns_25ns_30s_18s_48ns_1ns_48_5_1_U93                             |SampleNeuralNet_dsp_48ns_32ns_64ns_25ns_30s_18s_48ns_1ns_48_5_1_145                             |    49|
|45    |      SampleNeuralNet_dsp_48ns_32ns_64ns_25ns_30s_18s_48ns_1ns_48_5_1_DSP_Builtin_U |SampleNeuralNet_dsp_48ns_32ns_64ns_25ns_30s_18s_48ns_1ns_48_5_1_DSP_Builtin_157                 |    49|
|46    |    dsp_48ns_32ns_64ns_25ns_30s_18s_48ns_1ns_48_5_1_U94                             |SampleNeuralNet_dsp_48ns_32ns_64ns_25ns_30s_18s_48ns_1ns_48_5_1_146                             |    49|
|47    |      SampleNeuralNet_dsp_48ns_32ns_64ns_25ns_30s_18s_48ns_1ns_48_5_1_DSP_Builtin_U |SampleNeuralNet_dsp_48ns_32ns_64ns_25ns_30s_18s_48ns_1ns_48_5_1_DSP_Builtin_156                 |    49|
|48    |    dsp_48ns_32ns_64ns_25ns_30s_18s_48ns_1ns_48_5_1_U95                             |SampleNeuralNet_dsp_48ns_32ns_64ns_25ns_30s_18s_48ns_1ns_48_5_1_147                             |    49|
|49    |      SampleNeuralNet_dsp_48ns_32ns_64ns_25ns_30s_18s_48ns_1ns_48_5_1_DSP_Builtin_U |SampleNeuralNet_dsp_48ns_32ns_64ns_25ns_30s_18s_48ns_1ns_48_5_1_DSP_Builtin_155                 |    49|
|50    |    dsp_48ns_32ns_64ns_25ns_30s_18s_48ns_1ns_48_5_1_U96                             |SampleNeuralNet_dsp_48ns_32ns_64ns_25ns_30s_18s_48ns_1ns_48_5_1_148                             |    49|
|51    |      SampleNeuralNet_dsp_48ns_32ns_64ns_25ns_30s_18s_48ns_1ns_48_5_1_DSP_Builtin_U |SampleNeuralNet_dsp_48ns_32ns_64ns_25ns_30s_18s_48ns_1ns_48_5_1_DSP_Builtin_154                 |    49|
|52    |    dsp_48ns_32ns_64ns_25ns_30s_18s_48ns_1ns_48_5_1_U97                             |SampleNeuralNet_dsp_48ns_32ns_64ns_25ns_30s_18s_48ns_1ns_48_5_1_149                             |    49|
|53    |      SampleNeuralNet_dsp_48ns_32ns_64ns_25ns_30s_18s_48ns_1ns_48_5_1_DSP_Builtin_U |SampleNeuralNet_dsp_48ns_32ns_64ns_25ns_30s_18s_48ns_1ns_48_5_1_DSP_Builtin_153                 |    49|
|54    |    dsp_48ns_32ns_64ns_25ns_30s_18s_48ns_1ns_48_5_1_U98                             |SampleNeuralNet_dsp_48ns_32ns_64ns_25ns_30s_18s_48ns_1ns_48_5_1_150                             |    49|
|55    |      SampleNeuralNet_dsp_48ns_32ns_64ns_25ns_30s_18s_48ns_1ns_48_5_1_DSP_Builtin_U |SampleNeuralNet_dsp_48ns_32ns_64ns_25ns_30s_18s_48ns_1ns_48_5_1_DSP_Builtin_152                 |    49|
|56    |    dsp_48ns_32ns_64ns_25ns_30s_18s_48ns_1ns_48_5_1_U99                             |SampleNeuralNet_dsp_48ns_32ns_64ns_25ns_30s_18s_48ns_1ns_48_5_1_151                             |    49|
|57    |      SampleNeuralNet_dsp_48ns_32ns_64ns_25ns_30s_18s_48ns_1ns_48_5_1_DSP_Builtin_U |SampleNeuralNet_dsp_48ns_32ns_64ns_25ns_30s_18s_48ns_1ns_48_5_1_DSP_Builtin                     |    49|
|58    |    flow_control_loop_pipe_U                                                        |SampleNeuralNet_flow_control_loop_pipe                                                          |    13|
|59    |    w6_U                                                                            |SampleNeuralNet_custom_dsp_dense_implementation_ap_int_16_ap_int_48_config6_s_w6_ROM_NP_BRAM_2R |     2|
|60    |  layer2_out_1_U                                                                    |SampleNeuralNet_fifo_w48_d2_S                                                                   |   160|
|61    |    U_SampleNeuralNet_fifo_w48_d2_S_ShiftReg                                        |SampleNeuralNet_fifo_w48_d2_S_ShiftReg_144                                                      |   144|
|62    |  layer2_out_2_U                                                                    |SampleNeuralNet_fifo_w48_d2_S_0                                                                 |   160|
|63    |    U_SampleNeuralNet_fifo_w48_d2_S_ShiftReg                                        |SampleNeuralNet_fifo_w48_d2_S_ShiftReg_143                                                      |   144|
|64    |  layer2_out_3_U                                                                    |SampleNeuralNet_fifo_w48_d2_S_1                                                                 |   158|
|65    |    U_SampleNeuralNet_fifo_w48_d2_S_ShiftReg                                        |SampleNeuralNet_fifo_w48_d2_S_ShiftReg_142                                                      |   144|
|66    |  layer2_out_4_U                                                                    |SampleNeuralNet_fifo_w48_d2_S_2                                                                 |   159|
|67    |    U_SampleNeuralNet_fifo_w48_d2_S_ShiftReg                                        |SampleNeuralNet_fifo_w48_d2_S_ShiftReg_141                                                      |   144|
|68    |  layer2_out_5_U                                                                    |SampleNeuralNet_fifo_w48_d2_S_3                                                                 |   158|
|69    |    U_SampleNeuralNet_fifo_w48_d2_S_ShiftReg                                        |SampleNeuralNet_fifo_w48_d2_S_ShiftReg_140                                                      |   144|
|70    |  layer2_out_6_U                                                                    |SampleNeuralNet_fifo_w48_d2_S_4                                                                 |   158|
|71    |    U_SampleNeuralNet_fifo_w48_d2_S_ShiftReg                                        |SampleNeuralNet_fifo_w48_d2_S_ShiftReg_139                                                      |   144|
|72    |  layer2_out_7_U                                                                    |SampleNeuralNet_fifo_w48_d2_S_5                                                                 |   158|
|73    |    U_SampleNeuralNet_fifo_w48_d2_S_ShiftReg                                        |SampleNeuralNet_fifo_w48_d2_S_ShiftReg_138                                                      |   144|
|74    |  layer2_out_U                                                                      |SampleNeuralNet_fifo_w48_d2_S_6                                                                 |   158|
|75    |    U_SampleNeuralNet_fifo_w48_d2_S_ShiftReg                                        |SampleNeuralNet_fifo_w48_d2_S_ShiftReg_137                                                      |   144|
|76    |  layer3_out_1_U                                                                    |SampleNeuralNet_fifo_w16_d2_S                                                                   |    64|
|77    |    U_SampleNeuralNet_fifo_w16_d2_S_ShiftReg                                        |SampleNeuralNet_fifo_w16_d2_S_ShiftReg_136                                                      |    48|
|78    |  layer3_out_2_U                                                                    |SampleNeuralNet_fifo_w16_d2_S_7                                                                 |    62|
|79    |    U_SampleNeuralNet_fifo_w16_d2_S_ShiftReg                                        |SampleNeuralNet_fifo_w16_d2_S_ShiftReg_135                                                      |    48|
|80    |  layer3_out_3_U                                                                    |SampleNeuralNet_fifo_w16_d2_S_8                                                                 |    62|
|81    |    U_SampleNeuralNet_fifo_w16_d2_S_ShiftReg                                        |SampleNeuralNet_fifo_w16_d2_S_ShiftReg_134                                                      |    48|
|82    |  layer3_out_4_U                                                                    |SampleNeuralNet_fifo_w16_d2_S_9                                                                 |    63|
|83    |    U_SampleNeuralNet_fifo_w16_d2_S_ShiftReg                                        |SampleNeuralNet_fifo_w16_d2_S_ShiftReg_133                                                      |    48|
|84    |  layer3_out_5_U                                                                    |SampleNeuralNet_fifo_w16_d2_S_10                                                                |    62|
|85    |    U_SampleNeuralNet_fifo_w16_d2_S_ShiftReg                                        |SampleNeuralNet_fifo_w16_d2_S_ShiftReg_132                                                      |    48|
|86    |  layer3_out_6_U                                                                    |SampleNeuralNet_fifo_w16_d2_S_11                                                                |    63|
|87    |    U_SampleNeuralNet_fifo_w16_d2_S_ShiftReg                                        |SampleNeuralNet_fifo_w16_d2_S_ShiftReg_131                                                      |    48|
|88    |  layer3_out_7_U                                                                    |SampleNeuralNet_fifo_w16_d2_S_12                                                                |    62|
|89    |    U_SampleNeuralNet_fifo_w16_d2_S_ShiftReg                                        |SampleNeuralNet_fifo_w16_d2_S_ShiftReg_130                                                      |    48|
|90    |  layer3_out_U                                                                      |SampleNeuralNet_fifo_w16_d2_S_13                                                                |    63|
|91    |    U_SampleNeuralNet_fifo_w16_d2_S_ShiftReg                                        |SampleNeuralNet_fifo_w16_d2_S_ShiftReg_129                                                      |    48|
|92    |  layer4_out_1_U                                                                    |SampleNeuralNet_fifo_w48_d2_S_14                                                                |   172|
|93    |    U_SampleNeuralNet_fifo_w48_d2_S_ShiftReg                                        |SampleNeuralNet_fifo_w48_d2_S_ShiftReg_128                                                      |   144|
|94    |  layer4_out_2_U                                                                    |SampleNeuralNet_fifo_w48_d2_S_15                                                                |   157|
|95    |    U_SampleNeuralNet_fifo_w48_d2_S_ShiftReg                                        |SampleNeuralNet_fifo_w48_d2_S_ShiftReg_127                                                      |   144|
|96    |  layer4_out_3_U                                                                    |SampleNeuralNet_fifo_w48_d2_S_16                                                                |   157|
|97    |    U_SampleNeuralNet_fifo_w48_d2_S_ShiftReg                                        |SampleNeuralNet_fifo_w48_d2_S_ShiftReg_126                                                      |   144|
|98    |  layer4_out_4_U                                                                    |SampleNeuralNet_fifo_w48_d2_S_17                                                                |   163|
|99    |    U_SampleNeuralNet_fifo_w48_d2_S_ShiftReg                                        |SampleNeuralNet_fifo_w48_d2_S_ShiftReg_125                                                      |   144|
|100   |  layer4_out_5_U                                                                    |SampleNeuralNet_fifo_w48_d2_S_18                                                                |   157|
|101   |    U_SampleNeuralNet_fifo_w48_d2_S_ShiftReg                                        |SampleNeuralNet_fifo_w48_d2_S_ShiftReg_124                                                      |   144|
|102   |  layer4_out_6_U                                                                    |SampleNeuralNet_fifo_w48_d2_S_19                                                                |   157|
|103   |    U_SampleNeuralNet_fifo_w48_d2_S_ShiftReg                                        |SampleNeuralNet_fifo_w48_d2_S_ShiftReg_123                                                      |   144|
|104   |  layer4_out_7_U                                                                    |SampleNeuralNet_fifo_w48_d2_S_20                                                                |   157|
|105   |    U_SampleNeuralNet_fifo_w48_d2_S_ShiftReg                                        |SampleNeuralNet_fifo_w48_d2_S_ShiftReg_122                                                      |   144|
|106   |  layer4_out_U                                                                      |SampleNeuralNet_fifo_w48_d2_S_21                                                                |   157|
|107   |    U_SampleNeuralNet_fifo_w48_d2_S_ShiftReg                                        |SampleNeuralNet_fifo_w48_d2_S_ShiftReg_121                                                      |   144|
|108   |  layer5_out_1_U                                                                    |SampleNeuralNet_fifo_w16_d2_S_22                                                                |    64|
|109   |    U_SampleNeuralNet_fifo_w16_d2_S_ShiftReg                                        |SampleNeuralNet_fifo_w16_d2_S_ShiftReg_120                                                      |    48|
|110   |  layer5_out_2_U                                                                    |SampleNeuralNet_fifo_w16_d2_S_23                                                                |    63|
|111   |    U_SampleNeuralNet_fifo_w16_d2_S_ShiftReg                                        |SampleNeuralNet_fifo_w16_d2_S_ShiftReg_119                                                      |    48|
|112   |  layer5_out_3_U                                                                    |SampleNeuralNet_fifo_w16_d2_S_24                                                                |    62|
|113   |    U_SampleNeuralNet_fifo_w16_d2_S_ShiftReg                                        |SampleNeuralNet_fifo_w16_d2_S_ShiftReg_118                                                      |    48|
|114   |  layer5_out_4_U                                                                    |SampleNeuralNet_fifo_w16_d2_S_25                                                                |    63|
|115   |    U_SampleNeuralNet_fifo_w16_d2_S_ShiftReg                                        |SampleNeuralNet_fifo_w16_d2_S_ShiftReg_117                                                      |    48|
|116   |  layer5_out_5_U                                                                    |SampleNeuralNet_fifo_w16_d2_S_26                                                                |    62|
|117   |    U_SampleNeuralNet_fifo_w16_d2_S_ShiftReg                                        |SampleNeuralNet_fifo_w16_d2_S_ShiftReg_116                                                      |    48|
|118   |  layer5_out_6_U                                                                    |SampleNeuralNet_fifo_w16_d2_S_27                                                                |    62|
|119   |    U_SampleNeuralNet_fifo_w16_d2_S_ShiftReg                                        |SampleNeuralNet_fifo_w16_d2_S_ShiftReg_115                                                      |    48|
|120   |  layer5_out_7_U                                                                    |SampleNeuralNet_fifo_w16_d2_S_28                                                                |    62|
|121   |    U_SampleNeuralNet_fifo_w16_d2_S_ShiftReg                                        |SampleNeuralNet_fifo_w16_d2_S_ShiftReg_114                                                      |    48|
|122   |  layer5_out_U                                                                      |SampleNeuralNet_fifo_w16_d2_S_29                                                                |    62|
|123   |    U_SampleNeuralNet_fifo_w16_d2_S_ShiftReg                                        |SampleNeuralNet_fifo_w16_d2_S_ShiftReg                                                          |    48|
|124   |  layer6_out_1_U                                                                    |SampleNeuralNet_fifo_w48_d2_S_30                                                                |   158|
|125   |    U_SampleNeuralNet_fifo_w48_d2_S_ShiftReg                                        |SampleNeuralNet_fifo_w48_d2_S_ShiftReg_113                                                      |   144|
|126   |  layer6_out_2_U                                                                    |SampleNeuralNet_fifo_w48_d2_S_31                                                                |   158|
|127   |    U_SampleNeuralNet_fifo_w48_d2_S_ShiftReg                                        |SampleNeuralNet_fifo_w48_d2_S_ShiftReg_112                                                      |   144|
|128   |  layer6_out_3_U                                                                    |SampleNeuralNet_fifo_w48_d2_S_32                                                                |   158|
|129   |    U_SampleNeuralNet_fifo_w48_d2_S_ShiftReg                                        |SampleNeuralNet_fifo_w48_d2_S_ShiftReg_111                                                      |   144|
|130   |  layer6_out_4_U                                                                    |SampleNeuralNet_fifo_w48_d2_S_33                                                                |   158|
|131   |    U_SampleNeuralNet_fifo_w48_d2_S_ShiftReg                                        |SampleNeuralNet_fifo_w48_d2_S_ShiftReg_110                                                      |   144|
|132   |  layer6_out_5_U                                                                    |SampleNeuralNet_fifo_w48_d2_S_34                                                                |   160|
|133   |    U_SampleNeuralNet_fifo_w48_d2_S_ShiftReg                                        |SampleNeuralNet_fifo_w48_d2_S_ShiftReg_109                                                      |   144|
|134   |  layer6_out_6_U                                                                    |SampleNeuralNet_fifo_w48_d2_S_35                                                                |   158|
|135   |    U_SampleNeuralNet_fifo_w48_d2_S_ShiftReg                                        |SampleNeuralNet_fifo_w48_d2_S_ShiftReg_108                                                      |   144|
|136   |  layer6_out_7_U                                                                    |SampleNeuralNet_fifo_w48_d2_S_36                                                                |   158|
|137   |    U_SampleNeuralNet_fifo_w48_d2_S_ShiftReg                                        |SampleNeuralNet_fifo_w48_d2_S_ShiftReg_107                                                      |   144|
|138   |  layer6_out_U                                                                      |SampleNeuralNet_fifo_w48_d2_S_37                                                                |   160|
|139   |    U_SampleNeuralNet_fifo_w48_d2_S_ShiftReg                                        |SampleNeuralNet_fifo_w48_d2_S_ShiftReg                                                          |   144|
|140   |  thresholded_relu_ap_int_48_ap_int_48_ap_int_16_thresholdedrelu_config3_U0         |SampleNeuralNet_thresholded_relu_ap_int_48_ap_int_48_ap_int_16_thresholdedrelu_config3_s        |  1366|
|141   |    icmp_48s_48s_1_2_1_U24                                                          |SampleNeuralNet_icmp_48s_48s_1_2_1_83                                                           |    54|
|142   |      base                                                                          |SampleNeuralNet_icmp_48s_48s_1_2_1_sub_105                                                      |    54|
|143   |        u2                                                                          |SampleNeuralNet_icmp_48s_48s_1_2_1_sub_comb_adder__parameterized0_106                           |     7|
|144   |    icmp_48s_48s_1_2_1_U25                                                          |SampleNeuralNet_icmp_48s_48s_1_2_1_84                                                           |    54|
|145   |      base                                                                          |SampleNeuralNet_icmp_48s_48s_1_2_1_sub_103                                                      |    54|
|146   |        u2                                                                          |SampleNeuralNet_icmp_48s_48s_1_2_1_sub_comb_adder__parameterized0_104                           |     7|
|147   |    icmp_48s_48s_1_2_1_U26                                                          |SampleNeuralNet_icmp_48s_48s_1_2_1_85                                                           |    54|
|148   |      base                                                                          |SampleNeuralNet_icmp_48s_48s_1_2_1_sub_101                                                      |    54|
|149   |        u2                                                                          |SampleNeuralNet_icmp_48s_48s_1_2_1_sub_comb_adder__parameterized0_102                           |     7|
|150   |    icmp_48s_48s_1_2_1_U27                                                          |SampleNeuralNet_icmp_48s_48s_1_2_1_86                                                           |    54|
|151   |      base                                                                          |SampleNeuralNet_icmp_48s_48s_1_2_1_sub_99                                                       |    54|
|152   |        u2                                                                          |SampleNeuralNet_icmp_48s_48s_1_2_1_sub_comb_adder__parameterized0_100                           |     7|
|153   |    icmp_48s_48s_1_2_1_U28                                                          |SampleNeuralNet_icmp_48s_48s_1_2_1_87                                                           |    54|
|154   |      base                                                                          |SampleNeuralNet_icmp_48s_48s_1_2_1_sub_97                                                       |    54|
|155   |        u2                                                                          |SampleNeuralNet_icmp_48s_48s_1_2_1_sub_comb_adder__parameterized0_98                            |     7|
|156   |    icmp_48s_48s_1_2_1_U29                                                          |SampleNeuralNet_icmp_48s_48s_1_2_1_88                                                           |    54|
|157   |      base                                                                          |SampleNeuralNet_icmp_48s_48s_1_2_1_sub_95                                                       |    54|
|158   |        u2                                                                          |SampleNeuralNet_icmp_48s_48s_1_2_1_sub_comb_adder__parameterized0_96                            |     7|
|159   |    icmp_48s_48s_1_2_1_U30                                                          |SampleNeuralNet_icmp_48s_48s_1_2_1_89                                                           |    54|
|160   |      base                                                                          |SampleNeuralNet_icmp_48s_48s_1_2_1_sub_93                                                       |    54|
|161   |        u2                                                                          |SampleNeuralNet_icmp_48s_48s_1_2_1_sub_comb_adder__parameterized0_94                            |     7|
|162   |    icmp_48s_48s_1_2_1_U31                                                          |SampleNeuralNet_icmp_48s_48s_1_2_1_90                                                           |    54|
|163   |      base                                                                          |SampleNeuralNet_icmp_48s_48s_1_2_1_sub_91                                                       |    54|
|164   |        u2                                                                          |SampleNeuralNet_icmp_48s_48s_1_2_1_sub_comb_adder__parameterized0_92                            |     7|
|165   |  thresholded_relu_ap_int_48_ap_int_48_ap_int_16_thresholdedrelu_config5_U0         |SampleNeuralNet_thresholded_relu_ap_int_48_ap_int_48_ap_int_16_thresholdedrelu_config5_s        |  1366|
|166   |    icmp_48s_48s_1_2_1_U68                                                          |SampleNeuralNet_icmp_48s_48s_1_2_1_59                                                           |    54|
|167   |      base                                                                          |SampleNeuralNet_icmp_48s_48s_1_2_1_sub_81                                                       |    54|
|168   |        u2                                                                          |SampleNeuralNet_icmp_48s_48s_1_2_1_sub_comb_adder__parameterized0_82                            |     7|
|169   |    icmp_48s_48s_1_2_1_U69                                                          |SampleNeuralNet_icmp_48s_48s_1_2_1_60                                                           |    54|
|170   |      base                                                                          |SampleNeuralNet_icmp_48s_48s_1_2_1_sub_79                                                       |    54|
|171   |        u2                                                                          |SampleNeuralNet_icmp_48s_48s_1_2_1_sub_comb_adder__parameterized0_80                            |     7|
|172   |    icmp_48s_48s_1_2_1_U70                                                          |SampleNeuralNet_icmp_48s_48s_1_2_1_61                                                           |    54|
|173   |      base                                                                          |SampleNeuralNet_icmp_48s_48s_1_2_1_sub_77                                                       |    54|
|174   |        u2                                                                          |SampleNeuralNet_icmp_48s_48s_1_2_1_sub_comb_adder__parameterized0_78                            |     7|
|175   |    icmp_48s_48s_1_2_1_U71                                                          |SampleNeuralNet_icmp_48s_48s_1_2_1_62                                                           |    54|
|176   |      base                                                                          |SampleNeuralNet_icmp_48s_48s_1_2_1_sub_75                                                       |    54|
|177   |        u2                                                                          |SampleNeuralNet_icmp_48s_48s_1_2_1_sub_comb_adder__parameterized0_76                            |     7|
|178   |    icmp_48s_48s_1_2_1_U72                                                          |SampleNeuralNet_icmp_48s_48s_1_2_1_63                                                           |    54|
|179   |      base                                                                          |SampleNeuralNet_icmp_48s_48s_1_2_1_sub_73                                                       |    54|
|180   |        u2                                                                          |SampleNeuralNet_icmp_48s_48s_1_2_1_sub_comb_adder__parameterized0_74                            |     7|
|181   |    icmp_48s_48s_1_2_1_U73                                                          |SampleNeuralNet_icmp_48s_48s_1_2_1_64                                                           |    54|
|182   |      base                                                                          |SampleNeuralNet_icmp_48s_48s_1_2_1_sub_71                                                       |    54|
|183   |        u2                                                                          |SampleNeuralNet_icmp_48s_48s_1_2_1_sub_comb_adder__parameterized0_72                            |     7|
|184   |    icmp_48s_48s_1_2_1_U74                                                          |SampleNeuralNet_icmp_48s_48s_1_2_1_65                                                           |    54|
|185   |      base                                                                          |SampleNeuralNet_icmp_48s_48s_1_2_1_sub_69                                                       |    54|
|186   |        u2                                                                          |SampleNeuralNet_icmp_48s_48s_1_2_1_sub_comb_adder__parameterized0_70                            |     7|
|187   |    icmp_48s_48s_1_2_1_U75                                                          |SampleNeuralNet_icmp_48s_48s_1_2_1_66                                                           |    54|
|188   |      base                                                                          |SampleNeuralNet_icmp_48s_48s_1_2_1_sub_67                                                       |    54|
|189   |        u2                                                                          |SampleNeuralNet_icmp_48s_48s_1_2_1_sub_comb_adder__parameterized0_68                            |     7|
|190   |  thresholded_relu_ap_int_48_ap_int_48_ap_int_16_thresholdedrelu_config7_U0         |SampleNeuralNet_thresholded_relu_ap_int_48_ap_int_48_ap_int_16_thresholdedrelu_config7_s        |  1468|
|191   |    icmp_48s_48s_1_2_1_U110                                                         |SampleNeuralNet_icmp_48s_48s_1_2_1                                                              |    54|
|192   |      base                                                                          |SampleNeuralNet_icmp_48s_48s_1_2_1_sub_57                                                       |    54|
|193   |        u2                                                                          |SampleNeuralNet_icmp_48s_48s_1_2_1_sub_comb_adder__parameterized0_58                            |     7|
|194   |    icmp_48s_48s_1_2_1_U111                                                         |SampleNeuralNet_icmp_48s_48s_1_2_1_38                                                           |    54|
|195   |      base                                                                          |SampleNeuralNet_icmp_48s_48s_1_2_1_sub_55                                                       |    54|
|196   |        u2                                                                          |SampleNeuralNet_icmp_48s_48s_1_2_1_sub_comb_adder__parameterized0_56                            |     7|
|197   |    icmp_48s_48s_1_2_1_U112                                                         |SampleNeuralNet_icmp_48s_48s_1_2_1_39                                                           |    54|
|198   |      base                                                                          |SampleNeuralNet_icmp_48s_48s_1_2_1_sub_53                                                       |    54|
|199   |        u2                                                                          |SampleNeuralNet_icmp_48s_48s_1_2_1_sub_comb_adder__parameterized0_54                            |     7|
|200   |    icmp_48s_48s_1_2_1_U113                                                         |SampleNeuralNet_icmp_48s_48s_1_2_1_40                                                           |    54|
|201   |      base                                                                          |SampleNeuralNet_icmp_48s_48s_1_2_1_sub_51                                                       |    54|
|202   |        u2                                                                          |SampleNeuralNet_icmp_48s_48s_1_2_1_sub_comb_adder__parameterized0_52                            |     7|
|203   |    icmp_48s_48s_1_2_1_U114                                                         |SampleNeuralNet_icmp_48s_48s_1_2_1_41                                                           |    54|
|204   |      base                                                                          |SampleNeuralNet_icmp_48s_48s_1_2_1_sub_49                                                       |    54|
|205   |        u2                                                                          |SampleNeuralNet_icmp_48s_48s_1_2_1_sub_comb_adder__parameterized0_50                            |     7|
|206   |    icmp_48s_48s_1_2_1_U115                                                         |SampleNeuralNet_icmp_48s_48s_1_2_1_42                                                           |    54|
|207   |      base                                                                          |SampleNeuralNet_icmp_48s_48s_1_2_1_sub_47                                                       |    54|
|208   |        u2                                                                          |SampleNeuralNet_icmp_48s_48s_1_2_1_sub_comb_adder__parameterized0_48                            |     7|
|209   |    icmp_48s_48s_1_2_1_U116                                                         |SampleNeuralNet_icmp_48s_48s_1_2_1_43                                                           |    54|
|210   |      base                                                                          |SampleNeuralNet_icmp_48s_48s_1_2_1_sub_45                                                       |    54|
|211   |        u2                                                                          |SampleNeuralNet_icmp_48s_48s_1_2_1_sub_comb_adder__parameterized0_46                            |     7|
|212   |    icmp_48s_48s_1_2_1_U117                                                         |SampleNeuralNet_icmp_48s_48s_1_2_1_44                                                           |    54|
|213   |      base                                                                          |SampleNeuralNet_icmp_48s_48s_1_2_1_sub                                                          |    54|
|214   |        u2                                                                          |SampleNeuralNet_icmp_48s_48s_1_2_1_sub_comb_adder__parameterized0                               |     7|
+------+------------------------------------------------------------------------------------+------------------------------------------------------------------------------------------------+------+
---------------------------------------------------------------------------------
Finished Writing Synthesis Report : Time (s): cpu = 00:00:22 ; elapsed = 00:00:23 . Memory (MB): peak = 2455.500 ; gain = 765.945 ; free physical = 84278 ; free virtual = 123391
---------------------------------------------------------------------------------
Synthesis finished with 0 errors, 0 critical warnings and 611 warnings.
Synthesis Optimization Runtime : Time (s): cpu = 00:00:22 ; elapsed = 00:00:23 . Memory (MB): peak = 2455.500 ; gain = 765.945 ; free physical = 84278 ; free virtual = 123391
Synthesis Optimization Complete : Time (s): cpu = 00:00:22 ; elapsed = 00:00:23 . Memory (MB): peak = 2455.508 ; gain = 765.945 ; free physical = 84278 ; free virtual = 123391
INFO: [Project 1-571] Translating synthesized netlist
Netlist sorting complete. Time (s): cpu = 00:00:00.1 ; elapsed = 00:00:00.09 . Memory (MB): peak = 2455.508 ; gain = 0.000 ; free physical = 84632 ; free virtual = 123745
INFO: [Netlist 29-17] Analyzing 387 Unisim elements for replacement
INFO: [Netlist 29-28] Unisim Transformation completed in 0 CPU seconds
INFO: [Project 1-570] Preparing netlist for logic optimization
INFO: [Opt 31-138] Pushed 0 inverter(s) to 0 load pin(s).
Netlist sorting complete. Time (s): cpu = 00:00:00 ; elapsed = 00:00:00 . Memory (MB): peak = 2550.340 ; gain = 0.000 ; free physical = 84599 ; free virtual = 123712
INFO: [Project 1-111] Unisim Transformation Summary:
No Unisim elements were transformed.

Synth Design complete | Checksum: bd495ac1
INFO: [Common 17-83] Releasing license: Synthesis
76 Infos, 204 Warnings, 0 Critical Warnings and 0 Errors encountered.
synth_design completed successfully
synth_design: Time (s): cpu = 00:00:28 ; elapsed = 00:00:27 . Memory (MB): peak = 2550.340 ; gain = 866.754 ; free physical = 84599 ; free virtual = 123712
INFO: [Common 17-2834] synth_design peak Physical Memory [PSS] (MB): overall = 2344.804; main = 2028.564; forked = 500.157
INFO: [Common 17-2834] synth_design peak Virtual Memory [VSS] (MB): overall = 3544.715; main = 2550.340; forked = 1089.215
# create_clock -name ap_clk -period 4.000 [get_ports ap_clk]
# file mkdir ./Analysis_Verilog
# report_timing_summary -file ./Analysis_Verilog/Timing_Report_Synthesis.rpt
INFO: [Timing 38-35] Done setting XDC timing constraints.
INFO: [Timing 38-91] UpdateTimingParams: Speed grade: -1, Delay Type: min_max.
INFO: [Timing 38-191] Multithreading enabled for timing update using a maximum of 8 CPUs
WARNING: [Timing 38-242] The property HD.CLK_SRC of clock port "ap_clk" is not set. In out-of-context mode, this prevents timing estimation for clock delay/skew
Resolution: Set the HD.CLK_SRC property of the out-of-context port to the location of the clock buffer instance in the top-level design
report_timing_summary: Time (s): cpu = 00:00:07 ; elapsed = 00:00:05 . Memory (MB): peak = 2845.324 ; gain = 294.984 ; free physical = 84377 ; free virtual = 123490
# report_timing -max_paths 20 -file ./Analysis_Verilog/Timing_Paths_Synthesis.rpt
INFO: [Timing 38-91] UpdateTimingParams: Speed grade: -1, Delay Type: max.
INFO: [Timing 38-191] Multithreading enabled for timing update using a maximum of 8 CPUs
INFO: [Timing 38-78] ReportTimingParams: -max_paths 20 -nworst 1 -delay_type max -sort_by slack.
# report_utilization -hierarchical -file ./Analysis_Verilog/Utilization_Report_Synthesis.rpt
# set dsps [get_cells -hierarchical -filter {REF_NAME == DSP48E1}]
# set fh [open "./Analysis_Verilog/DSP_Properties.rpt" w]
# puts $fh "DSP48E1 count: [llength $dsps]"
# puts $fh ""
# foreach dsp $dsps {
#     puts $fh "--------------------------------------------------"
#     puts $fh "DSP: $dsp"
# 
#     foreach prop {
#         AREG
#         BREG
#         MREG
#         PREG
#         CREG
#         OPMODEREG
#         ALUMODEREG
#         USE_MULT
#         PRIMITIVE_TYPE
#     } {
#         puts $fh "$prop = [get_property $prop $dsp]"
#     }
# 
#     puts $fh ""
# }
# close $fh
# write_checkpoint -force ./Analysis_Verilog/Post_Synthesis.dcp
INFO: [Timing 38-480] Writing timing data to binary archive.
Write ShapeDB Complete: Time (s): cpu = 00:00:00.01 ; elapsed = 00:00:00.01 . Memory (MB): peak = 2898.121 ; gain = 0.000 ; free physical = 84362 ; free virtual = 123475
INFO: [Common 17-1381] The checkpoint '/home/eim32828/Desktop/Vitis_HLS_Gens/SampleNeuralNets_1_9_v2/Custom_Edited/Analysis_Verilog/Post_Synthesis.dcp' has been generated.
# opt_design
Command: opt_design
Attempting to get a license for feature 'Implementation' and/or device 'xc7z010'
INFO: [Common 17-349] Got license for feature 'Implementation' and/or device 'xc7z010'
Running DRC as a precondition to command opt_design

Starting DRC Task
INFO: [DRC 23-27] Running DRC with 8 threads
INFO: [Project 1-461] DRC finished with 0 Errors
INFO: [Project 1-462] Please refer to the DRC report (report_drc) for more information.

Time (s): cpu = 00:00:00.95 ; elapsed = 00:00:00.66 . Memory (MB): peak = 2958.887 ; gain = 60.766 ; free physical = 84325 ; free virtual = 123457

Starting Cache Timing Information Task
Ending Cache Timing Information Task | Checksum: 212344741

Time (s): cpu = 00:00:00 ; elapsed = 00:00:00 . Memory (MB): peak = 2958.887 ; gain = 0.000 ; free physical = 84325 ; free virtual = 123457

Starting Logic Optimization Task

Phase 1 Initialization

Phase 1.1 Core Generation And Design Setup
Phase 1.1 Core Generation And Design Setup | Checksum: 212344741

Time (s): cpu = 00:00:00 ; elapsed = 00:00:00.01 . Memory (MB): peak = 3153.871 ; gain = 0.000 ; free physical = 84094 ; free virtual = 123226

Phase 1.2 Setup Constraints And Sort Netlist
Phase 1.2 Setup Constraints And Sort Netlist | Checksum: 212344741

Time (s): cpu = 00:00:00.01 ; elapsed = 00:00:00.01 . Memory (MB): peak = 3153.871 ; gain = 0.000 ; free physical = 84094 ; free virtual = 123226
Phase 1 Initialization | Checksum: 212344741

Time (s): cpu = 00:00:00.01 ; elapsed = 00:00:00.01 . Memory (MB): peak = 3153.871 ; gain = 0.000 ; free physical = 84094 ; free virtual = 123226

Phase 2 Timer Update And Timing Data Collection

Phase 2.1 Timer Update
Phase 2.1 Timer Update | Checksum: 212344741

Time (s): cpu = 00:00:00.23 ; elapsed = 00:00:00.08 . Memory (MB): peak = 3153.871 ; gain = 0.000 ; free physical = 84093 ; free virtual = 123226

Phase 2.2 Timing Data Collection
Phase 2.2 Timing Data Collection | Checksum: 212344741

Time (s): cpu = 00:00:00.25 ; elapsed = 00:00:00.1 . Memory (MB): peak = 3153.871 ; gain = 0.000 ; free physical = 84093 ; free virtual = 123226
Phase 2 Timer Update And Timing Data Collection | Checksum: 212344741

Time (s): cpu = 00:00:00.25 ; elapsed = 00:00:00.1 . Memory (MB): peak = 3153.871 ; gain = 0.000 ; free physical = 84093 ; free virtual = 123226

Phase 3 Retarget
INFO: [Opt 31-1834] Total Chains To Be Transformed Were: 0 AND Number of Transformed insts Created are: 0
INFO: [Opt 31-1566] Pulled 1 inverters resulting in an inversion of 399 pins
INFO: [Opt 31-138] Pushed 0 inverter(s) to 0 load pin(s).
INFO: [Opt 31-49] Retargeted 0 cell(s).
Phase 3 Retarget | Checksum: 1a45c5565

Time (s): cpu = 00:00:00.42 ; elapsed = 00:00:00.19 . Memory (MB): peak = 3153.871 ; gain = 0.000 ; free physical = 84093 ; free virtual = 123226
Retarget | Checksum: 1a45c5565
INFO: [Opt 31-389] Phase Retarget created 0 cells and removed 1 cells

Phase 4 Constant propagation
INFO: [Opt 31-138] Pushed 0 inverter(s) to 0 load pin(s).
Phase 4 Constant propagation | Checksum: 1a45c5565

Time (s): cpu = 00:00:00.47 ; elapsed = 00:00:00.25 . Memory (MB): peak = 3153.871 ; gain = 0.000 ; free physical = 84093 ; free virtual = 123226
Constant propagation | Checksum: 1a45c5565
INFO: [Opt 31-389] Phase Constant propagation created 0 cells and removed 0 cells

Phase 5 Sweep
Phase 5 Sweep | Checksum: 1331d5e0c

Time (s): cpu = 00:00:00.56 ; elapsed = 00:00:00.34 . Memory (MB): peak = 3153.871 ; gain = 0.000 ; free physical = 84093 ; free virtual = 123226
Sweep | Checksum: 1331d5e0c
INFO: [Opt 31-389] Phase Sweep created 0 cells and removed 0 cells

Phase 6 BUFG optimization
Phase 6 BUFG optimization | Checksum: 1331d5e0c

Time (s): cpu = 00:00:00.59 ; elapsed = 00:00:00.37 . Memory (MB): peak = 3153.871 ; gain = 0.000 ; free physical = 84093 ; free virtual = 123226
BUFG optimization | Checksum: 1331d5e0c
INFO: [Opt 31-662] Phase BUFG optimization created 0 cells of which 0 are BUFGs and removed 0 cells.

Phase 7 Shift Register Optimization
INFO: [Opt 31-1064] SRL Remap converted 0 SRLs to 0 registers and converted 0 registers of register chains to 0 SRLs
Phase 7 Shift Register Optimization | Checksum: 130a883d0

Time (s): cpu = 00:00:00.6 ; elapsed = 00:00:00.38 . Memory (MB): peak = 3153.871 ; gain = 0.000 ; free physical = 84093 ; free virtual = 123226
Shift Register Optimization | Checksum: 130a883d0
INFO: [Opt 31-389] Phase Shift Register Optimization created 3 cells and removed 0 cells

Phase 8 Post Processing Netlist
Phase 8 Post Processing Netlist | Checksum: 130a883d0

Time (s): cpu = 00:00:00.63 ; elapsed = 00:00:00.4 . Memory (MB): peak = 3153.871 ; gain = 0.000 ; free physical = 84093 ; free virtual = 123226
Post Processing Netlist | Checksum: 130a883d0
INFO: [Opt 31-389] Phase Post Processing Netlist created 0 cells and removed 0 cells

Phase 9 Finalization

Phase 9.1 Finalizing Design Cores and Updating Shapes
Phase 9.1 Finalizing Design Cores and Updating Shapes | Checksum: 16813d083

Time (s): cpu = 00:00:00.76 ; elapsed = 00:00:00.47 . Memory (MB): peak = 3153.871 ; gain = 0.000 ; free physical = 84093 ; free virtual = 123225

Phase 9.2 Verifying Netlist Connectivity

Starting Connectivity Check Task

Time (s): cpu = 00:00:00 ; elapsed = 00:00:00.01 . Memory (MB): peak = 3153.871 ; gain = 0.000 ; free physical = 84093 ; free virtual = 123225
Phase 9.2 Verifying Netlist Connectivity | Checksum: 16813d083

Time (s): cpu = 00:00:00.77 ; elapsed = 00:00:00.48 . Memory (MB): peak = 3153.871 ; gain = 0.000 ; free physical = 84093 ; free virtual = 123225
Phase 9 Finalization | Checksum: 16813d083

Time (s): cpu = 00:00:00.78 ; elapsed = 00:00:00.48 . Memory (MB): peak = 3153.871 ; gain = 0.000 ; free physical = 84093 ; free virtual = 123225
Opt_design Change Summary
=========================


-------------------------------------------------------------------------------------------------------------------------
|  Phase                        |  #Cells created  |  #Cells Removed  |  #Constrained objects preventing optimizations  |
-------------------------------------------------------------------------------------------------------------------------
|  Retarget                     |               0  |               1  |                                              0  |
|  Constant propagation         |               0  |               0  |                                              0  |
|  Sweep                        |               0  |               0  |                                              0  |
|  BUFG optimization            |               0  |               0  |                                              0  |
|  Shift Register Optimization  |               3  |               0  |                                              0  |
|  Post Processing Netlist      |               0  |               0  |                                              0  |
-------------------------------------------------------------------------------------------------------------------------


Ending Logic Optimization Task | Checksum: 16813d083

Time (s): cpu = 00:00:00.78 ; elapsed = 00:00:00.48 . Memory (MB): peak = 3153.871 ; gain = 0.000 ; free physical = 84093 ; free virtual = 123225

Starting Power Optimization Task
INFO: [Pwropt 34-132] Skipping clock gating for clocks with a period < 2.00 ns.
INFO: [Pwropt 34-9] Applying IDT optimizations ...
INFO: [Pwropt 34-10] Applying ODC optimizations ...
INFO: [Timing 38-35] Done setting XDC timing constraints.
Running Vector-less Activity Propagation...

Finished Running Vector-less Activity Propagation


Starting PowerOpt Patch Enables Task
INFO: [Pwropt 34-162] WRITE_MODE attribute of 0 BRAM(s) out of a total of 3 has been updated to save power. Run report_power_opt to get a complete listing of the BRAMs updated.
INFO: [Pwropt 34-201] Structural ODC has moved 0 WE to EN ports
Number of BRAM Ports augmented: 6 newly gated: 0 Total Ports: 6
Number of Flops added for Enable Generation: 8

Ending PowerOpt Patch Enables Task | Checksum: 14f16e198

Time (s): cpu = 00:00:00.05 ; elapsed = 00:00:00.03 . Memory (MB): peak = 3329.926 ; gain = 0.000 ; free physical = 84071 ; free virtual = 123203
Ending Power Optimization Task | Checksum: 14f16e198

Time (s): cpu = 00:00:02 ; elapsed = 00:00:00.94 . Memory (MB): peak = 3329.926 ; gain = 176.055 ; free physical = 84071 ; free virtual = 123203

Starting Final Cleanup Task

Starting Logic Optimization Task
INFO: [Timing 38-35] Done setting XDC timing constraints.
Ending Logic Optimization Task | Checksum: 855fd9bc

Time (s): cpu = 00:00:00.82 ; elapsed = 00:00:00.4 . Memory (MB): peak = 3329.926 ; gain = 0.000 ; free physical = 84069 ; free virtual = 123201
Ending Final Cleanup Task | Checksum: 855fd9bc

Time (s): cpu = 00:00:02 ; elapsed = 00:00:02 . Memory (MB): peak = 3329.926 ; gain = 0.000 ; free physical = 84068 ; free virtual = 123201

Starting Netlist Obfuscation Task
Netlist sorting complete. Time (s): cpu = 00:00:00 ; elapsed = 00:00:00 . Memory (MB): peak = 3329.926 ; gain = 0.000 ; free physical = 84068 ; free virtual = 123201
Ending Netlist Obfuscation Task | Checksum: 855fd9bc

Time (s): cpu = 00:00:00 ; elapsed = 00:00:00 . Memory (MB): peak = 3329.926 ; gain = 0.000 ; free physical = 84068 ; free virtual = 123201
INFO: [Common 17-83] Releasing license: Implementation
24 Infos, 0 Warnings, 0 Critical Warnings and 0 Errors encountered.
opt_design completed successfully
opt_design: Time (s): cpu = 00:00:08 ; elapsed = 00:00:06 . Memory (MB): peak = 3329.926 ; gain = 431.805 ; free physical = 84068 ; free virtual = 123201
# place_design
Command: place_design
Attempting to get a license for feature 'Implementation' and/or device 'xc7z010'
INFO: [Common 17-349] Got license for feature 'Implementation' and/or device 'xc7z010'
INFO: [Common 17-83] Releasing license: Implementation
INFO: [DRC 23-27] Running DRC with 8 threads
INFO: [Vivado_Tcl 4-198] DRC finished with 0 Errors
INFO: [Vivado_Tcl 4-199] Please refer to the DRC report (report_drc) for more information.
Running DRC as a precondition to command place_design
INFO: [DRC 23-27] Running DRC with 8 threads
INFO: [Vivado_Tcl 4-198] DRC finished with 0 Errors
INFO: [Vivado_Tcl 4-199] Please refer to the DRC report (report_drc) for more information.
INFO: [Place 30-611] Multithreading enabled for place_design using a maximum of 8 CPUs

Starting Placer Task

Phase 1 Placer Initialization

Phase 1.1 Placer Initialization Netlist Sorting
Netlist sorting complete. Time (s): cpu = 00:00:00 ; elapsed = 00:00:00 . Memory (MB): peak = 3329.926 ; gain = 0.000 ; free physical = 84066 ; free virtual = 123199
Phase 1.1 Placer Initialization Netlist Sorting | Checksum: 746badd7

Time (s): cpu = 00:00:00 ; elapsed = 00:00:00 . Memory (MB): peak = 3329.926 ; gain = 0.000 ; free physical = 84066 ; free virtual = 123199
Netlist sorting complete. Time (s): cpu = 00:00:00 ; elapsed = 00:00:00.01 . Memory (MB): peak = 3329.926 ; gain = 0.000 ; free physical = 84066 ; free virtual = 123199

Phase 1.2 IO Placement/ Clock Placement/ Build Placer Device
INFO: [Timing 38-35] Done setting XDC timing constraints.
Phase 1.2 IO Placement/ Clock Placement/ Build Placer Device | Checksum: a3dca937

Time (s): cpu = 00:00:01 ; elapsed = 00:00:00.55 . Memory (MB): peak = 3329.926 ; gain = 0.000 ; free physical = 84066 ; free virtual = 123199

Phase 1.3 Build Placer Netlist Model
Phase 1.3 Build Placer Netlist Model | Checksum: 143a36afb

Time (s): cpu = 00:00:03 ; elapsed = 00:00:01 . Memory (MB): peak = 3329.926 ; gain = 0.000 ; free physical = 84066 ; free virtual = 123199

Phase 1.4 Constrain Clocks/Macros
Phase 1.4 Constrain Clocks/Macros | Checksum: 143a36afb

Time (s): cpu = 00:00:03 ; elapsed = 00:00:01 . Memory (MB): peak = 3329.926 ; gain = 0.000 ; free physical = 84066 ; free virtual = 123199
Phase 1 Placer Initialization | Checksum: 143a36afb

Time (s): cpu = 00:00:03 ; elapsed = 00:00:01 . Memory (MB): peak = 3329.926 ; gain = 0.000 ; free physical = 84066 ; free virtual = 123199

Phase 2 Global Placement

Phase 2.1 Floorplanning
Phase 2.1 Floorplanning | Checksum: 170536469

Time (s): cpu = 00:00:04 ; elapsed = 00:00:01 . Memory (MB): peak = 3329.926 ; gain = 0.000 ; free physical = 84064 ; free virtual = 123197

Phase 2.2 Update Timing before SLR Path Opt
Phase 2.2 Update Timing before SLR Path Opt | Checksum: 18f552b10

Time (s): cpu = 00:00:04 ; elapsed = 00:00:02 . Memory (MB): peak = 3329.926 ; gain = 0.000 ; free physical = 84064 ; free virtual = 123196

Phase 2.3 Post-Processing in Floorplanning
Phase 2.3 Post-Processing in Floorplanning | Checksum: 18f552b10

Time (s): cpu = 00:00:05 ; elapsed = 00:00:02 . Memory (MB): peak = 3329.926 ; gain = 0.000 ; free physical = 84064 ; free virtual = 123196

Phase 2.4 Global Placement Core

Phase 2.4.1 UpdateTiming Before Physical Synthesis
Phase 2.4.1 UpdateTiming Before Physical Synthesis | Checksum: 137251529

Time (s): cpu = 00:00:15 ; elapsed = 00:00:04 . Memory (MB): peak = 3329.926 ; gain = 0.000 ; free physical = 84055 ; free virtual = 123188

Phase 2.4.2 Physical Synthesis In Placer
INFO: [Physopt 32-1035] Found 25 LUTNM shape to break, 26 LUT instances to create LUTNM shape
INFO: [Physopt 32-1044] Break lutnm for timing: one critical 21, two critical 4, total 25, new lutff created 2
INFO: [Physopt 32-1138] End 1 Pass. Optimized 31 nets or LUTs. Breaked 25 LUTs, combined 6 existing LUTs and moved 0 existing LUT
INFO: [Physopt 32-1408] Pass 1. Identified 2 candidate nets for high-fanout optimization.
INFO: [Physopt 32-81] Processed net thresholded_relu_ap_int_48_ap_int_48_ap_int_16_thresholdedrelu_config5_U0/p_0_in. Replicated 6 times.
INFO: [Physopt 32-81] Processed net thresholded_relu_ap_int_48_ap_int_48_ap_int_16_thresholdedrelu_config3_U0/p_0_in. Replicated 6 times.
INFO: [Physopt 32-232] Optimized 2 nets. Created 12 new instances.
INFO: [Physopt 32-775] End 1 Pass. Optimized 2 nets or cells. Created 12 new cells, deleted 0 existing cell and moved 0 existing cell
Netlist sorting complete. Time (s): cpu = 00:00:00.02 ; elapsed = 00:00:00.02 . Memory (MB): peak = 3329.926 ; gain = 0.000 ; free physical = 84055 ; free virtual = 123187
INFO: [Physopt 32-76] Pass 1. Identified 2 candidate nets for fanout optimization.
INFO: [Physopt 32-81] Processed net custom_dsp_dense_implementation_ap_int_16_ap_int_48_config6_U0/ap_block_pp0_stage0_subdone. Replicated 10 times.
INFO: [Physopt 32-81] Processed net custom_dsp_dense_implementation_ap_int_16_ap_int_48_config4_U0/ap_block_pp0_stage0_subdone. Replicated 10 times.
INFO: [Physopt 32-232] Optimized 2 nets. Created 20 new instances.
INFO: [Physopt 32-775] End 1 Pass. Optimized 2 nets or cells. Created 20 new cells, deleted 0 existing cell and moved 0 existing cell
Netlist sorting complete. Time (s): cpu = 00:00:00.03 ; elapsed = 00:00:00.03 . Memory (MB): peak = 3329.926 ; gain = 0.000 ; free physical = 84055 ; free virtual = 123187
INFO: [Physopt 32-456] No candidate cells for DSP register optimization found in the design.
INFO: [Physopt 32-775] End 2 Pass. Optimized 0 net or cell. Created 0 new cell, deleted 0 existing cell and moved 0 existing cell
INFO: [Physopt 32-1123] No candidate cells found for Shift Register to Pipeline optimization
INFO: [Physopt 32-775] End 2 Pass. Optimized 0 net or cell. Created 0 new cell, deleted 0 existing cell and moved 0 existing cell
INFO: [Physopt 32-1402] Pass 1: Identified 1 candidate cell for Shift Register optimization.
INFO: [Physopt 32-775] End 1 Pass. Optimized 1 net or cell. Created 1 new cell, deleted 0 existing cell and moved 0 existing cell
Netlist sorting complete. Time (s): cpu = 00:00:00.01 ; elapsed = 00:00:00.01 . Memory (MB): peak = 3329.926 ; gain = 0.000 ; free physical = 84055 ; free virtual = 123187
INFO: [Physopt 32-526] No candidate cells for BRAM register optimization found in the design
INFO: [Physopt 32-775] End 1 Pass. Optimized 0 net or cell. Created 0 new cell, deleted 0 existing cell and moved 0 existing cell
INFO: [Physopt 32-846] No candidate cells for URAM register optimization found in the design
INFO: [Physopt 32-775] End 1 Pass. Optimized 0 net or cell. Created 0 new cell, deleted 0 existing cell and moved 0 existing cell
INFO: [Physopt 32-846] No candidate cells for URAM register optimization found in the design
INFO: [Physopt 32-775] End 1 Pass. Optimized 0 net or cell. Created 0 new cell, deleted 0 existing cell and moved 0 existing cell
INFO: [Physopt 32-949] No candidate nets found for dynamic/static region interface net replication
INFO: [Physopt 32-775] End 1 Pass. Optimized 0 net or cell. Created 0 new cell, deleted 0 existing cell and moved 0 existing cell
Netlist sorting complete. Time (s): cpu = 00:00:00 ; elapsed = 00:00:00 . Memory (MB): peak = 3329.926 ; gain = 0.000 ; free physical = 84055 ; free virtual = 123187
INFO: [Physopt 32-68] No nets found for critical-cell optimization.
INFO: [Physopt 32-232] Optimized 0 net. Created 0 new instance.
INFO: [Physopt 32-775] End 1 Pass. Optimized 0 net or cell. Created 0 new cell, deleted 0 existing cell and moved 0 existing cell
Netlist sorting complete. Time (s): cpu = 00:00:00 ; elapsed = 00:00:00 . Memory (MB): peak = 3329.926 ; gain = 0.000 ; free physical = 84055 ; free virtual = 123187

Summary of Physical Synthesis Optimizations
============================================


-----------------------------------------------------------------------------------------------------------------------------------------------------------
|  Optimization                                     |  Added Cells  |  Removed Cells  |  Optimized Cells/Nets  |  Dont Touch  |  Iterations  |  Elapsed   |
-----------------------------------------------------------------------------------------------------------------------------------------------------------
|  LUT Combining                                    |           25  |              6  |                    31  |           0  |           1  |  00:00:00  |
|  Retime                                           |            0  |              0  |                     0  |           0  |           1  |  00:00:00  |
|  Very High Fanout                                 |           12  |              0  |                     2  |           0  |           1  |  00:00:00  |
|  Fanout                                           |           20  |              0  |                     2  |           0  |           1  |  00:00:00  |
|  DSP Register                                     |            0  |              0  |                     0  |           0  |           1  |  00:00:00  |
|  Shift Register to Pipeline                       |            0  |              0  |                     0  |           0  |           1  |  00:00:00  |
|  Shift Register                                   |            1  |              0  |                     1  |           0  |           1  |  00:00:00  |
|  BRAM Register                                    |            0  |              0  |                     0  |           0  |           1  |  00:00:00  |
|  URAM Register                                    |            0  |              0  |                     0  |           0  |           1  |  00:00:00  |
|  Dynamic/Static Region Interface Net Replication  |            0  |              0  |                     0  |           0  |           1  |  00:00:00  |
|  Critical Cell                                    |            0  |              0  |                     0  |           0  |           1  |  00:00:00  |
|  Total                                            |           58  |              6  |                    36  |           0  |          11  |  00:00:00  |
-----------------------------------------------------------------------------------------------------------------------------------------------------------


Phase 2.4.2 Physical Synthesis In Placer | Checksum: 22286901e

Time (s): cpu = 00:00:17 ; elapsed = 00:00:05 . Memory (MB): peak = 3329.926 ; gain = 0.000 ; free physical = 84055 ; free virtual = 123187
Phase 2.4 Global Placement Core | Checksum: 188eac99d

Time (s): cpu = 00:00:17 ; elapsed = 00:00:05 . Memory (MB): peak = 3329.926 ; gain = 0.000 ; free physical = 84055 ; free virtual = 123187
Phase 2 Global Placement | Checksum: 188eac99d

Time (s): cpu = 00:00:17 ; elapsed = 00:00:05 . Memory (MB): peak = 3329.926 ; gain = 0.000 ; free physical = 84055 ; free virtual = 123187

Phase 3 Detail Placement

Phase 3.1 Commit Multi Column Macros
Phase 3.1 Commit Multi Column Macros | Checksum: 172980982

Time (s): cpu = 00:00:18 ; elapsed = 00:00:06 . Memory (MB): peak = 3329.926 ; gain = 0.000 ; free physical = 84055 ; free virtual = 123187

Phase 3.2 Commit Most Macros & LUTRAMs
Phase 3.2 Commit Most Macros & LUTRAMs | Checksum: 224350daa

Time (s): cpu = 00:00:19 ; elapsed = 00:00:06 . Memory (MB): peak = 3329.926 ; gain = 0.000 ; free physical = 84055 ; free virtual = 123187

Phase 3.3 Area Swap Optimization
Phase 3.3 Area Swap Optimization | Checksum: 16fb7eceb

Time (s): cpu = 00:00:19 ; elapsed = 00:00:06 . Memory (MB): peak = 3329.926 ; gain = 0.000 ; free physical = 84055 ; free virtual = 123187

Phase 3.4 Pipeline Register Optimization
Phase 3.4 Pipeline Register Optimization | Checksum: 1d4cfdd6c

Time (s): cpu = 00:00:19 ; elapsed = 00:00:06 . Memory (MB): peak = 3329.926 ; gain = 0.000 ; free physical = 84055 ; free virtual = 123187

Phase 3.5 Fast Optimization
Phase 3.5 Fast Optimization | Checksum: 16f2b2bff

Time (s): cpu = 00:00:21 ; elapsed = 00:00:07 . Memory (MB): peak = 3329.926 ; gain = 0.000 ; free physical = 84049 ; free virtual = 123182

Phase 3.6 Small Shape Detail Placement
Phase 3.6 Small Shape Detail Placement | Checksum: 1cb8c8266

Time (s): cpu = 00:00:23 ; elapsed = 00:00:08 . Memory (MB): peak = 3329.926 ; gain = 0.000 ; free physical = 84049 ; free virtual = 123182

Phase 3.7 Re-assign LUT pins
Phase 3.7 Re-assign LUT pins | Checksum: 221b8e382

Time (s): cpu = 00:00:23 ; elapsed = 00:00:09 . Memory (MB): peak = 3329.926 ; gain = 0.000 ; free physical = 84049 ; free virtual = 123182

Phase 3.8 Pipeline Register Optimization
Phase 3.8 Pipeline Register Optimization | Checksum: 2cf4901ff

Time (s): cpu = 00:00:23 ; elapsed = 00:00:09 . Memory (MB): peak = 3329.926 ; gain = 0.000 ; free physical = 84049 ; free virtual = 123182

Phase 3.9 Fast Optimization
Phase 3.9 Fast Optimization | Checksum: 1b1cfe9a9

Time (s): cpu = 00:00:26 ; elapsed = 00:00:10 . Memory (MB): peak = 3329.926 ; gain = 0.000 ; free physical = 84049 ; free virtual = 123182
Phase 3 Detail Placement | Checksum: 1b1cfe9a9

Time (s): cpu = 00:00:26 ; elapsed = 00:00:10 . Memory (MB): peak = 3329.926 ; gain = 0.000 ; free physical = 84049 ; free virtual = 123182

Phase 4 Post Placement Optimization and Clean-Up

Phase 4.1 Post Commit Optimization
INFO: [Timing 38-35] Done setting XDC timing constraints.

Phase 4.1.1 Post Placement Optimization
Post Placement Optimization Initialization | Checksum: 148eb60c7

Phase 4.1.1.1 BUFG Insertion

Starting Physical Synthesis Task

Phase 1 Physical Synthesis Initialization
INFO: [Physopt 32-721] Multithreading enabled for phys_opt_design using a maximum of 8 CPUs
INFO: [Physopt 32-619] Estimated Timing Summary | WNS=-1.017 | TNS=-68.582 |
Phase 1 Physical Synthesis Initialization | Checksum: f231904a

Time (s): cpu = 00:00:00.76 ; elapsed = 00:00:00.3 . Memory (MB): peak = 3329.926 ; gain = 0.000 ; free physical = 84049 ; free virtual = 123182
INFO: [Place 46-56] BUFG insertion identified 0 candidate nets. Inserted BUFG: 0, Replicated BUFG Driver: 0, Skipped due to Placement/Routing Conflicts: 0, Skipped due to Timing Degradation: 0, Skipped due to netlist editing failed: 0.
Ending Physical Synthesis Task | Checksum: 1223fc38b

Time (s): cpu = 00:00:00.81 ; elapsed = 00:00:00.35 . Memory (MB): peak = 3329.926 ; gain = 0.000 ; free physical = 84049 ; free virtual = 123182
Phase 4.1.1.1 BUFG Insertion | Checksum: 148eb60c7

Time (s): cpu = 00:00:30 ; elapsed = 00:00:11 . Memory (MB): peak = 3329.926 ; gain = 0.000 ; free physical = 84049 ; free virtual = 123182

Phase 4.1.1.2 Post Placement Timing Optimization
INFO: [Place 30-746] Post Placement Timing Summary WNS=-0.409. For the most accurate timing information please run report_timing.
Phase 4.1.1.2 Post Placement Timing Optimization | Checksum: 1d64af318

Time (s): cpu = 00:00:44 ; elapsed = 00:00:26 . Memory (MB): peak = 3329.926 ; gain = 0.000 ; free physical = 84041 ; free virtual = 123174

Time (s): cpu = 00:00:44 ; elapsed = 00:00:26 . Memory (MB): peak = 3329.926 ; gain = 0.000 ; free physical = 84041 ; free virtual = 123174
Phase 4.1 Post Commit Optimization | Checksum: 1d64af318

Time (s): cpu = 00:00:44 ; elapsed = 00:00:26 . Memory (MB): peak = 3329.926 ; gain = 0.000 ; free physical = 84041 ; free virtual = 123174

Phase 4.2 Post Placement Cleanup
Phase 4.2 Post Placement Cleanup | Checksum: 1d64af318

Time (s): cpu = 00:00:44 ; elapsed = 00:00:26 . Memory (MB): peak = 3329.926 ; gain = 0.000 ; free physical = 84041 ; free virtual = 123174

Phase 4.3 Placer Reporting

Phase 4.3.1 Print Estimated Congestion
INFO: [Place 30-612] Post-Placement Estimated Congestion 
 ____________________________________________________
|           | Global Congestion | Short Congestion  |
| Direction | Region Size       | Region Size       |
|___________|___________________|___________________|
|      North|                1x1|                1x1|
|___________|___________________|___________________|
|      South|                1x1|                1x1|
|___________|___________________|___________________|
|       East|                1x1|                1x1|
|___________|___________________|___________________|
|       West|                1x1|                1x1|
|___________|___________________|___________________|

Phase 4.3.1 Print Estimated Congestion | Checksum: 1d64af318

Time (s): cpu = 00:00:45 ; elapsed = 00:00:26 . Memory (MB): peak = 3329.926 ; gain = 0.000 ; free physical = 84041 ; free virtual = 123174
Phase 4.3 Placer Reporting | Checksum: 1d64af318

Time (s): cpu = 00:00:45 ; elapsed = 00:00:26 . Memory (MB): peak = 3329.926 ; gain = 0.000 ; free physical = 84041 ; free virtual = 123174

Phase 4.4 Final Placement Cleanup
Netlist sorting complete. Time (s): cpu = 00:00:00 ; elapsed = 00:00:00 . Memory (MB): peak = 3329.926 ; gain = 0.000 ; free physical = 84041 ; free virtual = 123174

Time (s): cpu = 00:00:45 ; elapsed = 00:00:26 . Memory (MB): peak = 3329.926 ; gain = 0.000 ; free physical = 84041 ; free virtual = 123174
Phase 4 Post Placement Optimization and Clean-Up | Checksum: 25ddba753

Time (s): cpu = 00:00:45 ; elapsed = 00:00:26 . Memory (MB): peak = 3329.926 ; gain = 0.000 ; free physical = 84041 ; free virtual = 123174
Ending Placer Task | Checksum: 186aab10f

Time (s): cpu = 00:00:45 ; elapsed = 00:00:26 . Memory (MB): peak = 3329.926 ; gain = 0.000 ; free physical = 84041 ; free virtual = 123174
46 Infos, 0 Warnings, 0 Critical Warnings and 0 Errors encountered.
place_design completed successfully
place_design: Time (s): cpu = 00:00:47 ; elapsed = 00:00:27 . Memory (MB): peak = 3329.926 ; gain = 0.000 ; free physical = 84041 ; free virtual = 123174
# route_design
Command: route_design
Attempting to get a license for feature 'Implementation' and/or device 'xc7z010'
INFO: [Common 17-349] Got license for feature 'Implementation' and/or device 'xc7z010'
Running DRC as a precondition to command route_design
INFO: [DRC 23-27] Running DRC with 8 threads
INFO: [Vivado_Tcl 4-198] DRC finished with 0 Errors
INFO: [Vivado_Tcl 4-199] Please refer to the DRC report (report_drc) for more information.


Starting Routing Task
INFO: [Route 35-254] Multithreading enabled for route_design using a maximum of 8 CPUs

Phase 1 Build RT Design
Checksum: PlaceDB: 8a817283 ConstDB: 0 ShapeSum: 9290e761 RouteDB: 6998572b
WARNING: [Route 35-197] Clock port "ap_clk" does not have an associated HD.CLK_SRC. Without this constraint, timing analysis may not be accurate and upstream checks cannot be done to ensure correct clock placement.
WARNING: [Route 35-198] Port "input_layer[126]" does not have an associated HD.PARTPIN_LOCS, which will prevent the partial routing of the signal "input_layer[126]". Without this partial route, timing analysis to/from this port will not be accurate, and no routing information for this port can be exported.
WARNING: [Route 35-198] Port "input_layer[124]" does not have an associated HD.PARTPIN_LOCS, which will prevent the partial routing of the signal "input_layer[124]". Without this partial route, timing analysis to/from this port will not be accurate, and no routing information for this port can be exported.
WARNING: [Route 35-198] Port "input_layer[120]" does not have an associated HD.PARTPIN_LOCS, which will prevent the partial routing of the signal "input_layer[120]". Without this partial route, timing analysis to/from this port will not be accurate, and no routing information for this port can be exported.
WARNING: [Route 35-198] Port "input_layer[76]" does not have an associated HD.PARTPIN_LOCS, which will prevent the partial routing of the signal "input_layer[76]". Without this partial route, timing analysis to/from this port will not be accurate, and no routing information for this port can be exported.
WARNING: [Route 35-198] Port "input_layer[40]" does not have an associated HD.PARTPIN_LOCS, which will prevent the partial routing of the signal "input_layer[40]". Without this partial route, timing analysis to/from this port will not be accurate, and no routing information for this port can be exported.
WARNING: [Route 35-198] Port "input_layer[107]" does not have an associated HD.PARTPIN_LOCS, which will prevent the partial routing of the signal "input_layer[107]". Without this partial route, timing analysis to/from this port will not be accurate, and no routing information for this port can be exported.
WARNING: [Route 35-198] Port "input_layer[106]" does not have an associated HD.PARTPIN_LOCS, which will prevent the partial routing of the signal "input_layer[106]". Without this partial route, timing analysis to/from this port will not be accurate, and no routing information for this port can be exported.
WARNING: [Route 35-198] Port "input_layer[104]" does not have an associated HD.PARTPIN_LOCS, which will prevent the partial routing of the signal "input_layer[104]". Without this partial route, timing analysis to/from this port will not be accurate, and no routing information for this port can be exported.
WARNING: [Route 35-198] Port "input_layer[98]" does not have an associated HD.PARTPIN_LOCS, which will prevent the partial routing of the signal "input_layer[98]". Without this partial route, timing analysis to/from this port will not be accurate, and no routing information for this port can be exported.
WARNING: [Route 35-198] Port "input_layer[93]" does not have an associated HD.PARTPIN_LOCS, which will prevent the partial routing of the signal "input_layer[93]". Without this partial route, timing analysis to/from this port will not be accurate, and no routing information for this port can be exported.
WARNING: [Route 35-198] Port "input_layer[83]" does not have an associated HD.PARTPIN_LOCS, which will prevent the partial routing of the signal "input_layer[83]". Without this partial route, timing analysis to/from this port will not be accurate, and no routing information for this port can be exported.
WARNING: [Route 35-198] Port "input_layer[82]" does not have an associated HD.PARTPIN_LOCS, which will prevent the partial routing of the signal "input_layer[82]". Without this partial route, timing analysis to/from this port will not be accurate, and no routing information for this port can be exported.
WARNING: [Route 35-198] Port "input_layer[88]" does not have an associated HD.PARTPIN_LOCS, which will prevent the partial routing of the signal "input_layer[88]". Without this partial route, timing analysis to/from this port will not be accurate, and no routing information for this port can be exported.
WARNING: [Route 35-198] Port "input_layer[16]" does not have an associated HD.PARTPIN_LOCS, which will prevent the partial routing of the signal "input_layer[16]". Without this partial route, timing analysis to/from this port will not be accurate, and no routing information for this port can be exported.
WARNING: [Route 35-198] Port "input_layer[30]" does not have an associated HD.PARTPIN_LOCS, which will prevent the partial routing of the signal "input_layer[30]". Without this partial route, timing analysis to/from this port will not be accurate, and no routing information for this port can be exported.
WARNING: [Route 35-198] Port "input_layer[26]" does not have an associated HD.PARTPIN_LOCS, which will prevent the partial routing of the signal "input_layer[26]". Without this partial route, timing analysis to/from this port will not be accurate, and no routing information for this port can be exported.
WARNING: [Route 35-198] Port "input_layer[14]" does not have an associated HD.PARTPIN_LOCS, which will prevent the partial routing of the signal "input_layer[14]". Without this partial route, timing analysis to/from this port will not be accurate, and no routing information for this port can be exported.
WARNING: [Route 35-198] Port "input_layer[10]" does not have an associated HD.PARTPIN_LOCS, which will prevent the partial routing of the signal "input_layer[10]". Without this partial route, timing analysis to/from this port will not be accurate, and no routing information for this port can be exported.
WARNING: [Route 35-198] Port "input_layer[86]" does not have an associated HD.PARTPIN_LOCS, which will prevent the partial routing of the signal "input_layer[86]". Without this partial route, timing analysis to/from this port will not be accurate, and no routing information for this port can be exported.
WARNING: [Route 35-198] Port "input_layer[69]" does not have an associated HD.PARTPIN_LOCS, which will prevent the partial routing of the signal "input_layer[69]". Without this partial route, timing analysis to/from this port will not be accurate, and no routing information for this port can be exported.
WARNING: [Route 35-198] Port "input_layer[62]" does not have an associated HD.PARTPIN_LOCS, which will prevent the partial routing of the signal "input_layer[62]". Without this partial route, timing analysis to/from this port will not be accurate, and no routing information for this port can be exported.
WARNING: [Route 35-198] Port "input_layer[41]" does not have an associated HD.PARTPIN_LOCS, which will prevent the partial routing of the signal "input_layer[41]". Without this partial route, timing analysis to/from this port will not be accurate, and no routing information for this port can be exported.
WARNING: [Route 35-198] Port "input_layer[123]" does not have an associated HD.PARTPIN_LOCS, which will prevent the partial routing of the signal "input_layer[123]". Without this partial route, timing analysis to/from this port will not be accurate, and no routing information for this port can be exported.
WARNING: [Route 35-198] Port "input_layer[112]" does not have an associated HD.PARTPIN_LOCS, which will prevent the partial routing of the signal "input_layer[112]". Without this partial route, timing analysis to/from this port will not be accurate, and no routing information for this port can be exported.
WARNING: [Route 35-198] Port "input_layer[95]" does not have an associated HD.PARTPIN_LOCS, which will prevent the partial routing of the signal "input_layer[95]". Without this partial route, timing analysis to/from this port will not be accurate, and no routing information for this port can be exported.
WARNING: [Route 35-198] Port "input_layer[79]" does not have an associated HD.PARTPIN_LOCS, which will prevent the partial routing of the signal "input_layer[79]". Without this partial route, timing analysis to/from this port will not be accurate, and no routing information for this port can be exported.
WARNING: [Route 35-198] Port "input_layer[72]" does not have an associated HD.PARTPIN_LOCS, which will prevent the partial routing of the signal "input_layer[72]". Without this partial route, timing analysis to/from this port will not be accurate, and no routing information for this port can be exported.
WARNING: [Route 35-198] Port "input_layer[59]" does not have an associated HD.PARTPIN_LOCS, which will prevent the partial routing of the signal "input_layer[59]". Without this partial route, timing analysis to/from this port will not be accurate, and no routing information for this port can be exported.
WARNING: [Route 35-198] Port "input_layer[43]" does not have an associated HD.PARTPIN_LOCS, which will prevent the partial routing of the signal "input_layer[43]". Without this partial route, timing analysis to/from this port will not be accurate, and no routing information for this port can be exported.
WARNING: [Route 35-198] Port "input_layer[27]" does not have an associated HD.PARTPIN_LOCS, which will prevent the partial routing of the signal "input_layer[27]". Without this partial route, timing analysis to/from this port will not be accurate, and no routing information for this port can be exported.
WARNING: [Route 35-198] Port "input_layer[127]" does not have an associated HD.PARTPIN_LOCS, which will prevent the partial routing of the signal "input_layer[127]". Without this partial route, timing analysis to/from this port will not be accurate, and no routing information for this port can be exported.
WARNING: [Route 35-198] Port "input_layer[113]" does not have an associated HD.PARTPIN_LOCS, which will prevent the partial routing of the signal "input_layer[113]". Without this partial route, timing analysis to/from this port will not be accurate, and no routing information for this port can be exported.
WARNING: [Route 35-198] Port "input_layer[99]" does not have an associated HD.PARTPIN_LOCS, which will prevent the partial routing of the signal "input_layer[99]". Without this partial route, timing analysis to/from this port will not be accurate, and no routing information for this port can be exported.
WARNING: [Route 35-198] Port "input_layer[96]" does not have an associated HD.PARTPIN_LOCS, which will prevent the partial routing of the signal "input_layer[96]". Without this partial route, timing analysis to/from this port will not be accurate, and no routing information for this port can be exported.
WARNING: [Route 35-198] Port "input_layer[89]" does not have an associated HD.PARTPIN_LOCS, which will prevent the partial routing of the signal "input_layer[89]". Without this partial route, timing analysis to/from this port will not be accurate, and no routing information for this port can be exported.
WARNING: [Route 35-198] Port "input_layer[75]" does not have an associated HD.PARTPIN_LOCS, which will prevent the partial routing of the signal "input_layer[75]". Without this partial route, timing analysis to/from this port will not be accurate, and no routing information for this port can be exported.
WARNING: [Route 35-198] Port "input_layer[53]" does not have an associated HD.PARTPIN_LOCS, which will prevent the partial routing of the signal "input_layer[53]". Without this partial route, timing analysis to/from this port will not be accurate, and no routing information for this port can be exported.
WARNING: [Route 35-198] Port "input_layer[49]" does not have an associated HD.PARTPIN_LOCS, which will prevent the partial routing of the signal "input_layer[49]". Without this partial route, timing analysis to/from this port will not be accurate, and no routing information for this port can be exported.
WARNING: [Route 35-198] Port "input_layer[121]" does not have an associated HD.PARTPIN_LOCS, which will prevent the partial routing of the signal "input_layer[121]". Without this partial route, timing analysis to/from this port will not be accurate, and no routing information for this port can be exported.
WARNING: [Route 35-198] Port "input_layer[101]" does not have an associated HD.PARTPIN_LOCS, which will prevent the partial routing of the signal "input_layer[101]". Without this partial route, timing analysis to/from this port will not be accurate, and no routing information for this port can be exported.
WARNING: [Route 35-198] Port "input_layer[44]" does not have an associated HD.PARTPIN_LOCS, which will prevent the partial routing of the signal "input_layer[44]". Without this partial route, timing analysis to/from this port will not be accurate, and no routing information for this port can be exported.
WARNING: [Route 35-198] Port "input_layer[9]" does not have an associated HD.PARTPIN_LOCS, which will prevent the partial routing of the signal "input_layer[9]". Without this partial route, timing analysis to/from this port will not be accurate, and no routing information for this port can be exported.
WARNING: [Route 35-198] Port "input_layer[119]" does not have an associated HD.PARTPIN_LOCS, which will prevent the partial routing of the signal "input_layer[119]". Without this partial route, timing analysis to/from this port will not be accurate, and no routing information for this port can be exported.
WARNING: [Route 35-198] Port "input_layer[91]" does not have an associated HD.PARTPIN_LOCS, which will prevent the partial routing of the signal "input_layer[91]". Without this partial route, timing analysis to/from this port will not be accurate, and no routing information for this port can be exported.
WARNING: [Route 35-198] Port "input_layer[84]" does not have an associated HD.PARTPIN_LOCS, which will prevent the partial routing of the signal "input_layer[84]". Without this partial route, timing analysis to/from this port will not be accurate, and no routing information for this port can be exported.
WARNING: [Route 35-198] Port "input_layer[74]" does not have an associated HD.PARTPIN_LOCS, which will prevent the partial routing of the signal "input_layer[74]". Without this partial route, timing analysis to/from this port will not be accurate, and no routing information for this port can be exported.
WARNING: [Route 35-198] Port "input_layer[60]" does not have an associated HD.PARTPIN_LOCS, which will prevent the partial routing of the signal "input_layer[60]". Without this partial route, timing analysis to/from this port will not be accurate, and no routing information for this port can be exported.
WARNING: [Route 35-198] Port "input_layer[58]" does not have an associated HD.PARTPIN_LOCS, which will prevent the partial routing of the signal "input_layer[58]". Without this partial route, timing analysis to/from this port will not be accurate, and no routing information for this port can be exported.
WARNING: [Route 35-198] Port "input_layer[29]" does not have an associated HD.PARTPIN_LOCS, which will prevent the partial routing of the signal "input_layer[29]". Without this partial route, timing analysis to/from this port will not be accurate, and no routing information for this port can be exported.
WARNING: [Route 35-198] Port "input_layer[125]" does not have an associated HD.PARTPIN_LOCS, which will prevent the partial routing of the signal "input_layer[125]". Without this partial route, timing analysis to/from this port will not be accurate, and no routing information for this port can be exported.
WARNING: [Route 35-198] Port "input_layer[67]" does not have an associated HD.PARTPIN_LOCS, which will prevent the partial routing of the signal "input_layer[67]". Without this partial route, timing analysis to/from this port will not be accurate, and no routing information for this port can be exported.
WARNING: [Route 35-198] Port "input_layer[61]" does not have an associated HD.PARTPIN_LOCS, which will prevent the partial routing of the signal "input_layer[61]". Without this partial route, timing analysis to/from this port will not be accurate, and no routing information for this port can be exported.
WARNING: [Route 35-198] Port "input_layer[32]" does not have an associated HD.PARTPIN_LOCS, which will prevent the partial routing of the signal "input_layer[32]". Without this partial route, timing analysis to/from this port will not be accurate, and no routing information for this port can be exported.
WARNING: [Route 35-198] Port "input_layer[17]" does not have an associated HD.PARTPIN_LOCS, which will prevent the partial routing of the signal "input_layer[17]". Without this partial route, timing analysis to/from this port will not be accurate, and no routing information for this port can be exported.
WARNING: [Route 35-198] Port "input_layer[13]" does not have an associated HD.PARTPIN_LOCS, which will prevent the partial routing of the signal "input_layer[13]". Without this partial route, timing analysis to/from this port will not be accurate, and no routing information for this port can be exported.
WARNING: [Route 35-198] Port "input_layer[11]" does not have an associated HD.PARTPIN_LOCS, which will prevent the partial routing of the signal "input_layer[11]". Without this partial route, timing analysis to/from this port will not be accurate, and no routing information for this port can be exported.
WARNING: [Route 35-198] Port "input_layer[4]" does not have an associated HD.PARTPIN_LOCS, which will prevent the partial routing of the signal "input_layer[4]". Without this partial route, timing analysis to/from this port will not be accurate, and no routing information for this port can be exported.
WARNING: [Route 35-198] Port "input_layer[78]" does not have an associated HD.PARTPIN_LOCS, which will prevent the partial routing of the signal "input_layer[78]". Without this partial route, timing analysis to/from this port will not be accurate, and no routing information for this port can be exported.
WARNING: [Route 35-198] Port "input_layer[66]" does not have an associated HD.PARTPIN_LOCS, which will prevent the partial routing of the signal "input_layer[66]". Without this partial route, timing analysis to/from this port will not be accurate, and no routing information for this port can be exported.
WARNING: [Route 35-198] Port "input_layer[63]" does not have an associated HD.PARTPIN_LOCS, which will prevent the partial routing of the signal "input_layer[63]". Without this partial route, timing analysis to/from this port will not be accurate, and no routing information for this port can be exported.
WARNING: [Route 35-198] Port "input_layer[38]" does not have an associated HD.PARTPIN_LOCS, which will prevent the partial routing of the signal "input_layer[38]". Without this partial route, timing analysis to/from this port will not be accurate, and no routing information for this port can be exported.
WARNING: [Route 35-198] Port "input_layer[34]" does not have an associated HD.PARTPIN_LOCS, which will prevent the partial routing of the signal "input_layer[34]". Without this partial route, timing analysis to/from this port will not be accurate, and no routing information for this port can be exported.
WARNING: [Route 35-198] Port "input_layer[21]" does not have an associated HD.PARTPIN_LOCS, which will prevent the partial routing of the signal "input_layer[21]". Without this partial route, timing analysis to/from this port will not be accurate, and no routing information for this port can be exported.
WARNING: [Route 35-198] Port "input_layer[8]" does not have an associated HD.PARTPIN_LOCS, which will prevent the partial routing of the signal "input_layer[8]". Without this partial route, timing analysis to/from this port will not be accurate, and no routing information for this port can be exported.
WARNING: [Route 35-198] Port "input_layer[2]" does not have an associated HD.PARTPIN_LOCS, which will prevent the partial routing of the signal "input_layer[2]". Without this partial route, timing analysis to/from this port will not be accurate, and no routing information for this port can be exported.
WARNING: [Route 35-198] Port "input_layer[90]" does not have an associated HD.PARTPIN_LOCS, which will prevent the partial routing of the signal "input_layer[90]". Without this partial route, timing analysis to/from this port will not be accurate, and no routing information for this port can be exported.
WARNING: [Route 35-198] Port "input_layer[87]" does not have an associated HD.PARTPIN_LOCS, which will prevent the partial routing of the signal "input_layer[87]". Without this partial route, timing analysis to/from this port will not be accurate, and no routing information for this port can be exported.
WARNING: [Route 35-198] Port "input_layer[71]" does not have an associated HD.PARTPIN_LOCS, which will prevent the partial routing of the signal "input_layer[71]". Without this partial route, timing analysis to/from this port will not be accurate, and no routing information for this port can be exported.
WARNING: [Route 35-198] Port "input_layer[65]" does not have an associated HD.PARTPIN_LOCS, which will prevent the partial routing of the signal "input_layer[65]". Without this partial route, timing analysis to/from this port will not be accurate, and no routing information for this port can be exported.
WARNING: [Route 35-198] Port "input_layer[50]" does not have an associated HD.PARTPIN_LOCS, which will prevent the partial routing of the signal "input_layer[50]". Without this partial route, timing analysis to/from this port will not be accurate, and no routing information for this port can be exported.
WARNING: [Route 35-198] Port "input_layer[42]" does not have an associated HD.PARTPIN_LOCS, which will prevent the partial routing of the signal "input_layer[42]". Without this partial route, timing analysis to/from this port will not be accurate, and no routing information for this port can be exported.
WARNING: [Route 35-198] Port "input_layer[36]" does not have an associated HD.PARTPIN_LOCS, which will prevent the partial routing of the signal "input_layer[36]". Without this partial route, timing analysis to/from this port will not be accurate, and no routing information for this port can be exported.
WARNING: [Route 35-198] Port "input_layer[35]" does not have an associated HD.PARTPIN_LOCS, which will prevent the partial routing of the signal "input_layer[35]". Without this partial route, timing analysis to/from this port will not be accurate, and no routing information for this port can be exported.
WARNING: [Route 35-198] Port "input_layer[115]" does not have an associated HD.PARTPIN_LOCS, which will prevent the partial routing of the signal "input_layer[115]". Without this partial route, timing analysis to/from this port will not be accurate, and no routing information for this port can be exported.
WARNING: [Route 35-198] Port "input_layer[110]" does not have an associated HD.PARTPIN_LOCS, which will prevent the partial routing of the signal "input_layer[110]". Without this partial route, timing analysis to/from this port will not be accurate, and no routing information for this port can be exported.
WARNING: [Route 35-198] Port "input_layer[51]" does not have an associated HD.PARTPIN_LOCS, which will prevent the partial routing of the signal "input_layer[51]". Without this partial route, timing analysis to/from this port will not be accurate, and no routing information for this port can be exported.
WARNING: [Route 35-198] Port "input_layer[31]" does not have an associated HD.PARTPIN_LOCS, which will prevent the partial routing of the signal "input_layer[31]". Without this partial route, timing analysis to/from this port will not be accurate, and no routing information for this port can be exported.
WARNING: [Route 35-198] Port "input_layer[22]" does not have an associated HD.PARTPIN_LOCS, which will prevent the partial routing of the signal "input_layer[22]". Without this partial route, timing analysis to/from this port will not be accurate, and no routing information for this port can be exported.
WARNING: [Route 35-198] Port "input_layer[18]" does not have an associated HD.PARTPIN_LOCS, which will prevent the partial routing of the signal "input_layer[18]". Without this partial route, timing analysis to/from this port will not be accurate, and no routing information for this port can be exported.
WARNING: [Route 35-198] Port "input_layer[15]" does not have an associated HD.PARTPIN_LOCS, which will prevent the partial routing of the signal "input_layer[15]". Without this partial route, timing analysis to/from this port will not be accurate, and no routing information for this port can be exported.
WARNING: [Route 35-198] Port "input_layer[12]" does not have an associated HD.PARTPIN_LOCS, which will prevent the partial routing of the signal "input_layer[12]". Without this partial route, timing analysis to/from this port will not be accurate, and no routing information for this port can be exported.
WARNING: [Route 35-198] Port "input_layer[122]" does not have an associated HD.PARTPIN_LOCS, which will prevent the partial routing of the signal "input_layer[122]". Without this partial route, timing analysis to/from this port will not be accurate, and no routing information for this port can be exported.
WARNING: [Route 35-198] Port "input_layer[117]" does not have an associated HD.PARTPIN_LOCS, which will prevent the partial routing of the signal "input_layer[117]". Without this partial route, timing analysis to/from this port will not be accurate, and no routing information for this port can be exported.
WARNING: [Route 35-198] Port "input_layer[48]" does not have an associated HD.PARTPIN_LOCS, which will prevent the partial routing of the signal "input_layer[48]". Without this partial route, timing analysis to/from this port will not be accurate, and no routing information for this port can be exported.
WARNING: [Route 35-198] Port "ap_rst" does not have an associated HD.PARTPIN_LOCS, which will prevent the partial routing of the signal "ap_rst". Without this partial route, timing analysis to/from this port will not be accurate, and no routing information for this port can be exported.
WARNING: [Route 35-198] Port "input_layer[114]" does not have an associated HD.PARTPIN_LOCS, which will prevent the partial routing of the signal "input_layer[114]". Without this partial route, timing analysis to/from this port will not be accurate, and no routing information for this port can be exported.
WARNING: [Route 35-198] Port "input_layer[108]" does not have an associated HD.PARTPIN_LOCS, which will prevent the partial routing of the signal "input_layer[108]". Without this partial route, timing analysis to/from this port will not be accurate, and no routing information for this port can be exported.
WARNING: [Route 35-198] Port "input_layer[94]" does not have an associated HD.PARTPIN_LOCS, which will prevent the partial routing of the signal "input_layer[94]". Without this partial route, timing analysis to/from this port will not be accurate, and no routing information for this port can be exported.
WARNING: [Route 35-198] Port "input_layer[85]" does not have an associated HD.PARTPIN_LOCS, which will prevent the partial routing of the signal "input_layer[85]". Without this partial route, timing analysis to/from this port will not be accurate, and no routing information for this port can be exported.
WARNING: [Route 35-198] Port "input_layer[47]" does not have an associated HD.PARTPIN_LOCS, which will prevent the partial routing of the signal "input_layer[47]". Without this partial route, timing analysis to/from this port will not be accurate, and no routing information for this port can be exported.
WARNING: [Route 35-198] Port "input_layer[46]" does not have an associated HD.PARTPIN_LOCS, which will prevent the partial routing of the signal "input_layer[46]". Without this partial route, timing analysis to/from this port will not be accurate, and no routing information for this port can be exported.
WARNING: [Route 35-198] Port "input_layer[37]" does not have an associated HD.PARTPIN_LOCS, which will prevent the partial routing of the signal "input_layer[37]". Without this partial route, timing analysis to/from this port will not be accurate, and no routing information for this port can be exported.
WARNING: [Route 35-198] Port "input_layer[28]" does not have an associated HD.PARTPIN_LOCS, which will prevent the partial routing of the signal "input_layer[28]". Without this partial route, timing analysis to/from this port will not be accurate, and no routing information for this port can be exported.
WARNING: [Route 35-198] Port "input_layer[55]" does not have an associated HD.PARTPIN_LOCS, which will prevent the partial routing of the signal "input_layer[55]". Without this partial route, timing analysis to/from this port will not be accurate, and no routing information for this port can be exported.
WARNING: [Route 35-198] Port "input_layer[54]" does not have an associated HD.PARTPIN_LOCS, which will prevent the partial routing of the signal "input_layer[54]". Without this partial route, timing analysis to/from this port will not be accurate, and no routing information for this port can be exported.
WARNING: [Route 35-198] Port "input_layer[52]" does not have an associated HD.PARTPIN_LOCS, which will prevent the partial routing of the signal "input_layer[52]". Without this partial route, timing analysis to/from this port will not be accurate, and no routing information for this port can be exported.
WARNING: [Route 35-198] Port "input_layer[24]" does not have an associated HD.PARTPIN_LOCS, which will prevent the partial routing of the signal "input_layer[24]". Without this partial route, timing analysis to/from this port will not be accurate, and no routing information for this port can be exported.
WARNING: [Route 35-198] Port "input_layer[20]" does not have an associated HD.PARTPIN_LOCS, which will prevent the partial routing of the signal "input_layer[20]". Without this partial route, timing analysis to/from this port will not be accurate, and no routing information for this port can be exported.
WARNING: [Route 35-198] Port "input_layer[7]" does not have an associated HD.PARTPIN_LOCS, which will prevent the partial routing of the signal "input_layer[7]". Without this partial route, timing analysis to/from this port will not be accurate, and no routing information for this port can be exported.
WARNING: [Route 35-198] Port "input_layer[5]" does not have an associated HD.PARTPIN_LOCS, which will prevent the partial routing of the signal "input_layer[5]". Without this partial route, timing analysis to/from this port will not be accurate, and no routing information for this port can be exported.
INFO: [Common 17-14] Message 'Route 35-198' appears 100 times and further instances of the messages will be disabled. Use the Tcl command set_msg_config to change the current settings.
WARNING: [Constraints 18-8777] Unable to split tiles. All required files are not available.
Post Restoration Checksum: NetGraph: 4b27dddd | NumContArr: 9512c93b | Constraints: c2a8fa9d | Timing: c2a8fa9d
Phase 1 Build RT Design | Checksum: 2658c9c52

Time (s): cpu = 00:00:08 ; elapsed = 00:00:06 . Memory (MB): peak = 3329.926 ; gain = 0.000 ; free physical = 84041 ; free virtual = 123174

Phase 2 Router Initialization

Phase 2.1 Fix Topology Constraints
Phase 2.1 Fix Topology Constraints | Checksum: 2658c9c52

Time (s): cpu = 00:00:08 ; elapsed = 00:00:06 . Memory (MB): peak = 3329.926 ; gain = 0.000 ; free physical = 84041 ; free virtual = 123174

Phase 2.2 Pre Route Cleanup
Phase 2.2 Pre Route Cleanup | Checksum: 2658c9c52

Time (s): cpu = 00:00:08 ; elapsed = 00:00:06 . Memory (MB): peak = 3329.926 ; gain = 0.000 ; free physical = 84041 ; free virtual = 123174
 Number of Nodes with overlaps = 0

Phase 2.3 Update Timing
Phase 2.3 Update Timing | Checksum: 1912f5fcd

Time (s): cpu = 00:00:10 ; elapsed = 00:00:07 . Memory (MB): peak = 3329.926 ; gain = 0.000 ; free physical = 84041 ; free virtual = 123174
INFO: [Route 35-416] Intermediate Timing Summary | WNS=-0.205 | TNS=-2.874 | WHS=0.103  | THS=0.000  |


Router Utilization Summary
  Global Vertical Routing Utilization    = 0 %
  Global Horizontal Routing Utilization  = 0 %
  Routable Net Status*
  *Does not include unroutable nets such as driverless and loadless.
  Run report_route_status for detailed report.
  Number of Failed Nets               = 10609
    (Failed Nets is the sum of unrouted and partially routed nets)
  Number of Unrouted Nets             = 10609
  Number of Partially Routed Nets     = 0
  Number of Node Overlaps             = 0

Phase 2 Router Initialization | Checksum: 12342d4c2

Time (s): cpu = 00:00:11 ; elapsed = 00:00:07 . Memory (MB): peak = 3329.926 ; gain = 0.000 ; free physical = 84041 ; free virtual = 123174

Phase 3 Global Routing
Phase 3 Global Routing | Checksum: 12342d4c2

Time (s): cpu = 00:00:11 ; elapsed = 00:00:07 . Memory (MB): peak = 3329.926 ; gain = 0.000 ; free physical = 84041 ; free virtual = 123174

Phase 4 Initial Routing

Phase 4.1 Initial Net Routing Pass
Phase 4.1 Initial Net Routing Pass | Checksum: 255b82d55

Time (s): cpu = 00:00:13 ; elapsed = 00:00:07 . Memory (MB): peak = 3329.926 ; gain = 0.000 ; free physical = 84041 ; free virtual = 123174
Phase 4 Initial Routing | Checksum: 255b82d55

Time (s): cpu = 00:00:13 ; elapsed = 00:00:07 . Memory (MB): peak = 3329.926 ; gain = 0.000 ; free physical = 84041 ; free virtual = 123174

Phase 5 Rip-up And Reroute

Phase 5.1 Global Iteration 0
 Number of Nodes with overlaps = 422
 Number of Nodes with overlaps = 101
 Number of Nodes with overlaps = 56
 Number of Nodes with overlaps = 34
 Number of Nodes with overlaps = 19
 Number of Nodes with overlaps = 14
 Number of Nodes with overlaps = 9
 Number of Nodes with overlaps = 1
 Number of Nodes with overlaps = 0
INFO: [Route 35-416] Intermediate Timing Summary | WNS=-0.556 | TNS=-43.386| WHS=N/A    | THS=N/A    |

Phase 5.1 Global Iteration 0 | Checksum: 2b61ca36e

Time (s): cpu = 00:00:17 ; elapsed = 00:00:10 . Memory (MB): peak = 3329.926 ; gain = 0.000 ; free physical = 84041 ; free virtual = 123174

Phase 5.2 Global Iteration 1
 Number of Nodes with overlaps = 44
 Number of Nodes with overlaps = 27
 Number of Nodes with overlaps = 3
 Number of Nodes with overlaps = 2
 Number of Nodes with overlaps = 1
 Number of Nodes with overlaps = 2
 Number of Nodes with overlaps = 1
 Number of Nodes with overlaps = 0
INFO: [Route 35-416] Intermediate Timing Summary | WNS=-0.481 | TNS=-47.250| WHS=N/A    | THS=N/A    |

Phase 5.2 Global Iteration 1 | Checksum: 1f675d5ea

Time (s): cpu = 00:00:19 ; elapsed = 00:00:12 . Memory (MB): peak = 3329.926 ; gain = 0.000 ; free physical = 84041 ; free virtual = 123174

Phase 5.3 Global Iteration 2
 Number of Nodes with overlaps = 82
 Number of Nodes with overlaps = 38
 Number of Nodes with overlaps = 14
 Number of Nodes with overlaps = 6
 Number of Nodes with overlaps = 5
 Number of Nodes with overlaps = 8
 Number of Nodes with overlaps = 6
 Number of Nodes with overlaps = 4
 Number of Nodes with overlaps = 4
 Number of Nodes with overlaps = 0
INFO: [Route 35-416] Intermediate Timing Summary | WNS=-0.517 | TNS=-57.974| WHS=N/A    | THS=N/A    |

Phase 5.3 Global Iteration 2 | Checksum: 311ad14b6

Time (s): cpu = 00:00:23 ; elapsed = 00:00:15 . Memory (MB): peak = 3329.926 ; gain = 0.000 ; free physical = 84041 ; free virtual = 123174
Phase 5 Rip-up And Reroute | Checksum: 311ad14b6

Time (s): cpu = 00:00:23 ; elapsed = 00:00:15 . Memory (MB): peak = 3329.926 ; gain = 0.000 ; free physical = 84041 ; free virtual = 123174

Phase 6 Delay and Skew Optimization

Phase 6.1 Delay CleanUp

Phase 6.1.1 Update Timing
Phase 6.1.1 Update Timing | Checksum: 311ad14b6

Time (s): cpu = 00:00:24 ; elapsed = 00:00:15 . Memory (MB): peak = 3329.926 ; gain = 0.000 ; free physical = 84041 ; free virtual = 123174
INFO: [Route 35-416] Intermediate Timing Summary | WNS=-0.481 | TNS=-47.250| WHS=N/A    | THS=N/A    |

 Number of Nodes with overlaps = 0
Phase 6.1 Delay CleanUp | Checksum: 2ab636319

Time (s): cpu = 00:00:24 ; elapsed = 00:00:15 . Memory (MB): peak = 3329.926 ; gain = 0.000 ; free physical = 84041 ; free virtual = 123174

Phase 6.2 Clock Skew Optimization
Phase 6.2 Clock Skew Optimization | Checksum: 2ab636319

Time (s): cpu = 00:00:24 ; elapsed = 00:00:15 . Memory (MB): peak = 3329.926 ; gain = 0.000 ; free physical = 84041 ; free virtual = 123174
Phase 6 Delay and Skew Optimization | Checksum: 2ab636319

Time (s): cpu = 00:00:24 ; elapsed = 00:00:15 . Memory (MB): peak = 3329.926 ; gain = 0.000 ; free physical = 84041 ; free virtual = 123174

Phase 7 Post Hold Fix

Phase 7.1 Hold Fix Iter
INFO: [Route 35-416] Intermediate Timing Summary | WNS=-0.442 | TNS=-39.181| WHS=0.092  | THS=0.000  |

Phase 7.1 Hold Fix Iter | Checksum: 299b15902

Time (s): cpu = 00:00:25 ; elapsed = 00:00:15 . Memory (MB): peak = 3329.926 ; gain = 0.000 ; free physical = 84041 ; free virtual = 123174
Phase 7 Post Hold Fix | Checksum: 299b15902

Time (s): cpu = 00:00:25 ; elapsed = 00:00:15 . Memory (MB): peak = 3329.926 ; gain = 0.000 ; free physical = 84041 ; free virtual = 123174

Phase 8 Route finalize

Router Utilization Summary
  Global Vertical Routing Utilization    = 3.69313 %
  Global Horizontal Routing Utilization  = 5.13304 %
  Routable Net Status*
  *Does not include unroutable nets such as driverless and loadless.
  Run report_route_status for detailed report.
  Number of Failed Nets               = 0
    (Failed Nets is the sum of unrouted and partially routed nets)
  Number of Unrouted Nets             = 0
  Number of Partially Routed Nets     = 0
  Number of Node Overlaps             = 0


--GLOBAL Congestion:
Utilization threshold used for congestion level computation: 0.85
Congestion Report
North Dir 1x1 Area, Max Cong = 51.3514%, No Congested Regions.
South Dir 1x1 Area, Max Cong = 53.1532%, No Congested Regions.
East Dir 1x1 Area, Max Cong = 52.9412%, No Congested Regions.
West Dir 1x1 Area, Max Cong = 61.7647%, No Congested Regions.

------------------------------
Reporting congestion hotspots
------------------------------
Direction: North
----------------
Congested clusters found at Level 0
Effective congestion level: 0 Aspect Ratio: 1 Sparse Ratio: 0
Direction: South
----------------
Congested clusters found at Level 0
Effective congestion level: 0 Aspect Ratio: 1 Sparse Ratio: 0
Direction: East
----------------
Congested clusters found at Level 0
Effective congestion level: 0 Aspect Ratio: 1 Sparse Ratio: 0
Direction: West
----------------
Congested clusters found at Level 0
Effective congestion level: 0 Aspect Ratio: 1 Sparse Ratio: 0

Phase 8 Route finalize | Checksum: 299b15902

Time (s): cpu = 00:00:25 ; elapsed = 00:00:15 . Memory (MB): peak = 3329.926 ; gain = 0.000 ; free physical = 84041 ; free virtual = 123174

Phase 9 Verifying routed nets

 Verification completed successfully
Phase 9 Verifying routed nets | Checksum: 299b15902

Time (s): cpu = 00:00:25 ; elapsed = 00:00:15 . Memory (MB): peak = 3329.926 ; gain = 0.000 ; free physical = 84040 ; free virtual = 123173

Phase 10 Depositing Routes
Phase 10 Depositing Routes | Checksum: 2038d2ee1

Time (s): cpu = 00:00:25 ; elapsed = 00:00:16 . Memory (MB): peak = 3329.926 ; gain = 0.000 ; free physical = 84040 ; free virtual = 123173

Phase 11 Post Process Routing
Phase 11 Post Process Routing | Checksum: 2038d2ee1

Time (s): cpu = 00:00:25 ; elapsed = 00:00:16 . Memory (MB): peak = 3329.926 ; gain = 0.000 ; free physical = 84040 ; free virtual = 123173

Phase 12 Post Router Timing
INFO: [Route 35-57] Estimated Timing Summary | WNS=-0.442 | TNS=-39.181| WHS=0.092  | THS=0.000  |

WARNING: [Route 35-328] Router estimated timing not met.
Resolution: For a complete and accurate timing signoff, report_timing_summary must be run after route_design. Alternatively, route_design can be run with the -timing_summary option to enable a complete timing signoff at the end of route_design.
Phase 12 Post Router Timing | Checksum: 2038d2ee1

Time (s): cpu = 00:00:25 ; elapsed = 00:00:16 . Memory (MB): peak = 3329.926 ; gain = 0.000 ; free physical = 84040 ; free virtual = 123173
Total Elapsed time in route_design: 15.74 secs

Phase 13 Post-Route Event Processing
Phase 13 Post-Route Event Processing | Checksum: efbff764

Time (s): cpu = 00:00:25 ; elapsed = 00:00:16 . Memory (MB): peak = 3329.926 ; gain = 0.000 ; free physical = 84040 ; free virtual = 123173
INFO: [Route 35-16] Router Completed Successfully
Ending Routing Task | Checksum: efbff764

Time (s): cpu = 00:00:26 ; elapsed = 00:00:16 . Memory (MB): peak = 3329.926 ; gain = 0.000 ; free physical = 84040 ; free virtual = 123173

Routing Is Done.
INFO: [Common 17-83] Releasing license: Implementation
15 Infos, 103 Warnings, 0 Critical Warnings and 0 Errors encountered.
route_design completed successfully
route_design: Time (s): cpu = 00:00:27 ; elapsed = 00:00:16 . Memory (MB): peak = 3329.926 ; gain = 0.000 ; free physical = 84040 ; free virtual = 123173
# report_timing_summary -file ./Analysis_Verilog/Timing_Report_Implementation.rpt
INFO: [Timing 38-91] UpdateTimingParams: Speed grade: -1, Delay Type: min_max.
INFO: [Timing 38-191] Multithreading enabled for timing update using a maximum of 8 CPUs
WARNING: [Timing 38-242] The property HD.CLK_SRC of clock port "ap_clk" is not set. In out-of-context mode, this prevents timing estimation for clock delay/skew
Resolution: Set the HD.CLK_SRC property of the out-of-context port to the location of the clock buffer instance in the top-level design
# report_timing -max_paths 20 -file ./Analysis_Verilog/Timing_Paths_Implementation.rpt
INFO: [Timing 38-91] UpdateTimingParams: Speed grade: -1, Delay Type: max.
INFO: [Timing 38-191] Multithreading enabled for timing update using a maximum of 8 CPUs
INFO: [Timing 38-78] ReportTimingParams: -max_paths 20 -nworst 1 -delay_type max -sort_by slack.
# report_utilization -hierarchical -file ./Analysis_Verilog/Utilization_Report_Implementation.rpt
# write_checkpoint -force ./Analysis_Verilog/Post_Implementation.dcp
INFO: [Timing 38-480] Writing timing data to binary archive.
Write ShapeDB Complete: Time (s): cpu = 00:00:00.05 ; elapsed = 00:00:00.01 . Memory (MB): peak = 3329.926 ; gain = 0.000 ; free physical = 84025 ; free virtual = 123159
Wrote PlaceDB: Time (s): cpu = 00:00:00.85 ; elapsed = 00:00:00.34 . Memory (MB): peak = 3329.926 ; gain = 0.000 ; free physical = 84014 ; free virtual = 123158
Wrote PulsedLatchDB: Time (s): cpu = 00:00:00 ; elapsed = 00:00:00 . Memory (MB): peak = 3329.926 ; gain = 0.000 ; free physical = 84013 ; free virtual = 123158
Writing XDEF routing.
Writing XDEF routing logical nets.
Writing XDEF routing special nets.
Wrote RouteStorage: Time (s): cpu = 00:00:00.12 ; elapsed = 00:00:00.12 . Memory (MB): peak = 3329.926 ; gain = 0.000 ; free physical = 84012 ; free virtual = 123158
Wrote Netlist Cache: Time (s): cpu = 00:00:00.01 ; elapsed = 00:00:00.01 . Memory (MB): peak = 3329.926 ; gain = 0.000 ; free physical = 84011 ; free virtual = 123157
Wrote Device Cache: Time (s): cpu = 00:00:00 ; elapsed = 00:00:00 . Memory (MB): peak = 3329.926 ; gain = 0.000 ; free physical = 84010 ; free virtual = 123157
Write Physdb Complete: Time (s): cpu = 00:00:00.99 ; elapsed = 00:00:00.57 . Memory (MB): peak = 3329.926 ; gain = 0.000 ; free physical = 84009 ; free virtual = 123156
INFO: [Common 17-1381] The checkpoint '/home/eim32828/Desktop/Vitis_HLS_Gens/SampleNeuralNets_1_9_v2/Custom_Edited/Analysis_Verilog/Post_Implementation.dcp' has been generated.
INFO: [Common 17-206] Exiting Vivado at Tue Sep  1 23:41:28 2026...
